fixture_id,season,matchday,reference_date,scheduled_date,kickoff_time,home_team_id,home_team,away_team_id,away_team,expected_home_goals,expected_away_goals,predicted_score,predicted_score_probability,goal_model_source,promoted_adjustment_applied,model,probability_home,probability_draw,probability_away,predicted_ftr,probability_edge,confidence,market_odds_available,feature_snapshot,requires_dynamic_update
laliga_102249,2026/27,1,2026-08-16,,,alaves,Deportivo Alavés,getafe,Getafe CF,0.9990786164516888,0.7913159643737561,0-0,0.1668943051970106,production_2025_26,0,ensemble_sports,0.4466881683869863,0.3084738646701273,0.2448379669428863,H,0.1382143037168589,medium,False,preseason_static,True
laliga_102250,2026/27,1,2026-08-16,,,atletico_madrid,Atlético de Madrid,malaga,Málaga CF,2.6480570433598976,0.8499889266114916,2-0,0.1060930013558822,production_2025_26,1,ensemble_sports,0.6338321868781168,0.2181663188824476,0.1480014942394354,H,0.4156658679956692,low,False,preseason_static,True
laliga_102251,2026/27,1,2026-08-16,,,celta,RC Celta,osasuna,CA Osasuna,1.628287356319991,1.0347828849543863,1-1,0.1174962779161848,production_2025_26,0,ensemble_sports,0.4858050626344938,0.2936842067802097,0.2205107305852965,H,0.1921208558542841,medium,False,preseason_static,True
laliga_102252,2026/27,1,2026-08-16,,,deportivo,RC Deportivo,elche,Elche CF,1.5519627578085795,1.631226446833939,1-1,0.1049433468474114,production_2025_26,1,ensemble_sports,0.4207285367325597,0.288568131307733,0.2907033319597072,H,0.1300252047728524,low,False,preseason_static,True
laliga_102253,2026/27,1,2026-08-16,,,espanyol,RCD Espanyol de Barcelona,levante,Levante UD,1.5424496604972615,1.180708026785829,1-1,0.1195918253020421,production_2025_26,0,ensemble_sports,0.4319058908410688,0.3013696036564961,0.2667245055024351,H,0.1305362871845726,medium,False,preseason_static,True
laliga_102254,2026/27,1,2026-08-16,,,barcelona,FC Barcelona,athletic_bilbao,Athletic Club,2.478408963320735,0.8189077531059327,2-0,0.1135884827402379,production_2025_26,0,ensemble_sports,0.6788343676122321,0.2072617844398425,0.1139038479479253,H,0.4715725831723896,high,False,preseason_static,True
laliga_102255,2026/27,1,2026-08-16,,,racing_santander,R. Racing Club,villarreal,Villarreal CF,1.4752739277546296,2.573612315520647,1-2,0.0852225737894612,production_2025_26,1,ensemble_sports,0.2851644649261949,0.2802472623015307,0.4345882727722743,A,0.1494238078460794,low,False,preseason_static,True
laliga_102256,2026/27,1,2026-08-16,,,real_madrid,Real Madrid,real_sociedad,Real Sociedad,2.4059277664583303,0.824169623261781,2-0,0.1144829479395064,production_2025_26,0,ensemble_sports,0.6746609306483183,0.2077562652200812,0.1175828041316003,H,0.4669046654282371,high,False,preseason_static,True
laliga_102257,2026/27,1,2026-08-16,,,sevilla,Sevilla FC,vallecano,Rayo Vallecano,1.2356830516975954,0.9814451739304608,1-0,0.1345924118846495,production_2025_26,0,ensemble_sports,0.4043557509255183,0.314474981194312,0.2811692678801695,H,0.0898807697312062,medium,False,preseason_static,True
laliga_102258,2026/27,1,2026-08-16,,,valencia,Valencia CF,betis,Real Betis,1.3216317467123997,1.3015813043734925,1-1,0.1248345906181725,production_2025_26,0,ensemble_sports,0.3819921045543573,0.3014681843854743,0.3165397110601684,H,0.0654523934941888,low,False,preseason_static,True
laliga_102259,2026/27,2,2026-08-23,,,athletic_bilbao,Athletic Club,sevilla,Sevilla FC,1.5872760531793848,0.9420956545771624,1-0,0.1265204429317716,production_2025_26,0,ensemble_sports,0.484225079811399,0.2936666344192192,0.2221082857693815,H,0.1905584453921798,medium,False,preseason_static,True
laliga_102260,2026/27,2,2026-08-23,,,atletico_madrid,Atlético de Madrid,villarreal,Villarreal CF,1.932397164057796,1.2763434787881545,1-1,0.0996616968996586,production_2025_26,0,ensemble_sports,0.4512354384119069,0.2966038816136481,0.2521606799744449,H,0.1546315567982588,medium,False,preseason_static,True
laliga_102261,2026/27,2,2026-08-23,,,betis,Real Betis,real_sociedad,Real Sociedad,1.7776664045505874,1.1115128447286844,1-1,0.1099034599360199,production_2025_26,0,ensemble_sports,0.5388743409714901,0.2706801224481198,0.1904455365803899,H,0.2681942185233703,medium,False,preseason_static,True
laliga_102262,2026/27,2,2026-08-23,,,elche,Elche CF,barcelona,FC Barcelona,1.07760958400559,2.2979147000702773,1-2,0.0973061743968051,production_2025_26,0,ensemble_sports,0.2400465728816701,0.254557688607709,0.5053957385106208,A,0.2508380499029118,medium,False,preseason_static,True
laliga_102263,2026/27,2,2026-08-23,,,espanyol,RCD Espanyol de Barcelona,real_madrid,Real Madrid,0.9188534408589166,1.8513318181938947,0-1,0.1159871453721281,production_2025_26,0,ensemble_sports,0.2503669736085162,0.285859569008894,0.4637734573825898,A,0.1779138883736958,medium,False,preseason_static,True
laliga_102264,2026/27,2,2026-08-23,,,getafe,Getafe CF,racing_santander,R. Racing Club,1.6684755030324676,0.8781082833319991,1-0,0.1307233632882357,production_2025_26,1,ensemble_sports,0.5310015124342788,0.2651381514139604,0.2038603361517607,H,0.2658633610203184,low,False,preseason_static,True
laliga_102265,2026/27,2,2026-08-23,,,malaga,Málaga CF,deportivo,RC Deportivo,2.1596398957162783,1.3841023881983927,2-1,0.0932997687133061,production_2025_26,1,ensemble_sports,0.5587375069230055,0.2307183722962544,0.21054412078074,H,0.328019134626751,low,False,preseason_static,True
laliga_102266,2026/27,2,2026-08-23,,,osasuna,CA Osasuna,levante,Levante UD,1.619070667542188,1.1085737507619775,1-1,0.1173356509406917,production_2025_26,0,ensemble_sports,0.4454281770793398,0.3015163024312397,0.2530555204894205,H,0.1439118746481001,medium,False,preseason_static,True
laliga_102267,2026/27,2,2026-08-23,,,vallecano,Rayo Vallecano,alaves,Deportivo Alavés,1.25118465652296,0.8412730546273299,1-0,0.1543755841504502,production_2025_26,0,ensemble_sports,0.4864223666606749,0.2917835813295799,0.2217940520097452,H,0.194638785331095,medium,False,preseason_static,True
laliga_102268,2026/27,2,2026-08-23,,,valencia,Valencia CF,celta,RC Celta,1.4099290438190342,1.2305289620062867,1-1,0.1237521979956357,production_2025_26,0,ensemble_sports,0.4432832380762607,0.2956247925017869,0.2610919694219524,H,0.1476584455744737,medium,False,preseason_static,True
laliga_102269,2026/27,3,2026-08-30,,,alaves,Deportivo Alavés,villarreal,Villarreal CF,1.2516640122540736,1.6368531196742258,1-1,0.1140331231089383,production_2025_26,0,ensemble_sports,0.3098623816434837,0.3030036374664333,0.387133980890083,A,0.0772715992465993,low,False,preseason_static,True
laliga_102270,2026/27,3,2026-08-30,,,celta,RC Celta,athletic_bilbao,Athletic Club,1.479911811040663,1.105780432656076,1-1,0.1232971635882636,production_2025_26,0,ensemble_sports,0.4619571611296882,0.2947214971366881,0.2433213417336238,H,0.1672356639930001,medium,False,preseason_static,True
laliga_102271,2026/27,3,2026-08-30,,,deportivo,RC Deportivo,valencia,Valencia CF,1.391798507973515,1.580578783007642,1-1,0.1125915948527651,production_2025_26,1,ensemble_sports,0.380531533745401,0.3039767993831717,0.3154916668714274,H,0.0650398668739736,low,False,preseason_static,True
laliga_102272,2026/27,3,2026-08-30,,,barcelona,FC Barcelona,vallecano,Rayo Vallecano,2.4240890457762814,0.6790238894638013,2-0,0.1319540522548976,production_2025_26,0,ensemble_sports,0.6885397697106121,0.2031992138890587,0.1082610164003289,H,0.4853405558215534,high,False,preseason_static,True
laliga_102273,2026/27,3,2026-08-30,,,levante,Levante UD,betis,Real Betis,1.4112537003128802,1.5175566192874617,1-1,0.114494397877823,production_2025_26,0,ensemble_sports,0.3522014883412293,0.3007620845562626,0.347036427102508,H,0.0051650612387212,low,False,preseason_static,True
laliga_102274,2026/27,3,2026-08-30,,,osasuna,CA Osasuna,getafe,Getafe CF,1.0787020386857156,0.7678796793117729,1-0,0.1701928295213773,production_2025_26,0,ensemble_sports,0.4508090231515252,0.3069469890619469,0.2422439877865277,H,0.1438620340895783,medium,False,preseason_static,True
laliga_102275,2026/27,3,2026-08-30,,,racing_santander,R. Racing Club,elche,Elche CF,1.690363856270744,1.7360340297562844,1-1,0.0953837633233538,production_2025_26,1,ensemble_sports,0.451251857796261,0.273930925235773,0.2748172169679659,H,0.176434640828295,low,False,preseason_static,True
laliga_102276,2026/27,3,2026-08-30,,,real_madrid,Real Madrid,malaga,Málaga CF,3.150419998136892,0.7445687263406039,3-0,0.1060650078983844,production_2025_26,1,ensemble_sports,0.7393116783381821,0.1611006491249395,0.0995876725368783,H,0.5782110292132425,low,False,preseason_static,True
laliga_102277,2026/27,3,2026-08-30,,,real_sociedad,Real Sociedad,espanyol,RCD Espanyol de Barcelona,1.6723412060632723,1.004716137595394,1-1,0.1155414249265938,production_2025_26,0,ensemble_sports,0.4918991290373009,0.2841801782941698,0.2239206926685292,H,0.2077189507431311,medium,False,preseason_static,True
laliga_102278,2026/27,3,2026-08-30,,,sevilla,Sevilla FC,atletico_madrid,Atlético de Madrid,1.1169694947094502,1.583810067305736,1-1,0.1187985577067606,production_2025_26,0,ensemble_sports,0.317004413734702,0.2953508975989805,0.3876446886663176,A,0.0706402749316156,low,False,preseason_static,True
laliga_102279,2026/27,4,2026-09-06,,,alaves,Deportivo Alavés,osasuna,CA Osasuna,1.2690919426836396,1.0529680259772232,1-1,0.131054064265055,production_2025_26,0,ensemble_sports,0.4365666720374234,0.3143013861657975,0.249131941796779,H,0.1222652858716258,medium,False,preseason_static,True
laliga_102280,2026/27,4,2026-09-06,,,athletic_bilbao,Athletic Club,atletico_madrid,Atlético de Madrid,1.1766009431817188,1.3279141750496122,1-1,0.1276739217949611,production_2025_26,0,ensemble_sports,0.3446170355360105,0.3001270572747635,0.3552559071892259,A,0.0106388716532154,low,False,preseason_static,True
laliga_102281,2026/27,4,2026-09-06,,,betis,Real Betis,real_madrid,Real Madrid,1.2123182459749713,1.650100332260157,1-1,0.114286524772472,production_2025_26,0,ensemble_sports,0.3161554696198084,0.2937705879476333,0.3900739424325584,A,0.0739184728127499,low,False,preseason_static,True
laliga_102282,2026/27,4,2026-09-06,,,elche,Elche CF,real_sociedad,Real Sociedad,1.483010785139762,1.3231609769979498,1-1,0.1185911737281206,production_2025_26,0,ensemble_sports,0.4370315217383141,0.2929106530649947,0.2700578251966912,H,0.1441208686733194,medium,False,preseason_static,True
laliga_102283,2026/27,4,2026-09-06,,,espanyol,RCD Espanyol de Barcelona,sevilla,Sevilla FC,1.4150702319455664,1.1039976263964169,1-1,0.1258140122574343,production_2025_26,0,ensemble_sports,0.4517058712395809,0.3013459218712713,0.2469482068891478,H,0.1503599493683096,medium,False,preseason_static,True
laliga_102284,2026/27,4,2026-09-06,,,getafe,Getafe CF,celta,RC Celta,1.042846702339322,0.9558750722577254,1-0,0.1413144732503459,production_2025_26,0,ensemble_sports,0.4028704557778447,0.3145134812673384,0.282616062954817,H,0.0883569745105062,medium,False,preseason_static,True
laliga_102285,2026/27,4,2026-09-06,,,malaga,Málaga CF,levante,Levante UD,1.6761235790965758,1.4982704515343108,1-1,0.1050208113132301,production_2025_26,1,ensemble_sports,0.4233677679569934,0.2954467765700982,0.2811854554729083,H,0.1279209913868952,low,False,preseason_static,True
laliga_102286,2026/27,4,2026-09-06,,,vallecano,Rayo Vallecano,racing_santander,R. Racing Club,1.967228581669462,0.9915665797398232,1-0,0.1020632790234317,production_2025_26,1,ensemble_sports,0.5625468688826855,0.2415571770361548,0.1958959540811597,H,0.3209896918465306,low,False,preseason_static,True
laliga_102287,2026/27,4,2026-09-06,,,valencia,Valencia CF,barcelona,FC Barcelona,1.0441510730473829,2.0607673959420434,1-2,0.0993910065814106,production_2025_26,0,ensemble_sports,0.2547381396856614,0.2642819264186239,0.4809799338957146,A,0.2166980074770906,medium,False,preseason_static,True
laliga_102288,2026/27,4,2026-09-06,,,villarreal,Villarreal CF,deportivo,RC Deportivo,3.242915538225713,1.0100369765171582,3-1,0.0816958109241227,production_2025_26,1,ensemble_sports,0.6971460742371769,0.1824866935934957,0.1203672321693274,H,0.5146593806436812,low,False,preseason_static,True
laliga_102289,2026/27,5,2026-09-13,,,athletic_bilbao,Athletic Club,elche,Elche CF,1.6546905845445032,0.9738069087147616,1-0,0.1194470573453684,production_2025_26,0,ensemble_sports,0.510967135724364,0.2759000963814216,0.2131327678942144,H,0.2350670393429423,medium,False,preseason_static,True
laliga_102290,2026/27,5,2026-09-13,,,celta,RC Celta,malaga,Málaga CF,2.2006788731054603,1.071246627764895,2-1,0.0984016220342118,production_2025_26,1,ensemble_sports,0.5722869128163077,0.2392842833043277,0.1884288038793644,H,0.3330026295119799,low,False,preseason_static,True
laliga_102291,2026/27,5,2026-09-13,,,getafe,Getafe CF,deportivo,RC Deportivo,1.567746553230414,0.8062118389475372,1-0,0.145975237818539,production_2025_26,1,ensemble_sports,0.547646354234414,0.2558256718655176,0.1965279739000685,H,0.2918206823688964,low,False,preseason_static,True
laliga_102292,2026/27,5,2026-09-13,,,levante,Levante UD,barcelona,FC Barcelona,1.1149566202456285,2.402716750782583,1-2,0.095487359645375,production_2025_26,0,ensemble_sports,0.2519911787312448,0.2645717992165686,0.4834370220521867,A,0.2188652228356181,medium,False,preseason_static,True
laliga_102293,2026/27,5,2026-09-13,,,osasuna,CA Osasuna,espanyol,RCD Espanyol de Barcelona,1.459394977611569,0.9734275322676172,1-0,0.1281184403080199,production_2025_26,0,ensemble_sports,0.4690431691681849,0.2997588089847938,0.2311980218470213,H,0.169284360183391,medium,False,preseason_static,True
laliga_102294,2026/27,5,2026-09-13,,,racing_santander,R. Racing Club,alaves,Deportivo Alavés,1.5414688081156425,1.533369299229848,1-1,0.1091935258819409,production_2025_26,1,ensemble_sports,0.4412368739145768,0.2789064323047074,0.2798566937807157,H,0.161380180133861,low,False,preseason_static,True
laliga_102295,2026/27,5,2026-09-13,,,real_madrid,Real Madrid,vallecano,Rayo Vallecano,2.0721596642176574,0.637285877917522,2-0,0.1429302588514111,production_2025_26,0,ensemble_sports,0.6590641420410728,0.2210369682363087,0.1198988897226185,H,0.4380271738047639,high,False,preseason_static,True
laliga_102296,2026/27,5,2026-09-13,,,real_sociedad,Real Sociedad,atletico_madrid,Atlético de Madrid,1.2617158884091044,1.5080126113020147,1-1,0.1192584164480579,production_2025_26,0,ensemble_sports,0.3398282139126271,0.2883713667322251,0.3718004193551479,A,0.0319722054425208,low,False,preseason_static,True
laliga_102297,2026/27,5,2026-09-13,,,sevilla,Sevilla FC,valencia,Valencia CF,1.4087177510259294,1.1254024014147277,1-1,0.1257701476365689,production_2025_26,0,ensemble_sports,0.4278531945873215,0.3037162460272811,0.2684305593853975,H,0.1241369485600404,medium,False,preseason_static,True
laliga_102298,2026/27,5,2026-09-13,,,villarreal,Villarreal CF,betis,Real Betis,2.0220573105240027,1.266685210718132,2-1,0.096593284238091,production_2025_26,0,ensemble_sports,0.5097862278730774,0.2675065727228736,0.2227071994040491,H,0.2422796551502037,medium,False,preseason_static,True
laliga_102299,2026/27,6,2026-09-16,,,alaves,Deportivo Alavés,valencia,Valencia CF,1.2861462847453575,1.069859413186503,1-1,0.1304418254833274,production_2025_26,0,ensemble_sports,0.4287868923595733,0.3030631632779738,0.2681499443624529,H,0.1257237290815995,medium,False,preseason_static,True
laliga_102300,2026/27,6,2026-09-16,,,atletico_madrid,Atlético de Madrid,osasuna,CA Osasuna,1.9593034927592503,0.8210564877048612,1-0,0.1215093511528288,production_2025_26,0,ensemble_sports,0.5627272013187048,0.2715558760450066,0.1657169226362886,H,0.2911713252736981,medium,False,preseason_static,True
laliga_102301,2026/27,6,2026-09-16,,,betis,Real Betis,getafe,Getafe CF,1.355866996380367,0.7289490697011375,1-0,0.1685749604022406,production_2025_26,0,ensemble_sports,0.5505072305512129,0.2684470464551162,0.181045722993671,H,0.2820601840960967,medium,False,preseason_static,True
laliga_102302,2026/27,6,2026-09-16,,,deportivo,RC Deportivo,sevilla,Sevilla FC,1.4887335093974134,1.57810684381141,1-1,0.1094062513592989,production_2025_26,1,ensemble_sports,0.4077179301847372,0.3006593137185239,0.2916227560967388,H,0.1070586164662132,low,False,preseason_static,True
laliga_102303,2026/27,6,2026-09-16,,,elche,Elche CF,real_madrid,Real Madrid,1.0113714413459507,1.964303316990401,1-1,0.1013451967747847,production_2025_26,0,ensemble_sports,0.254552013071181,0.2735134585958713,0.4719345283329477,A,0.1984210697370764,medium,False,preseason_static,True
laliga_102304,2026/27,6,2026-09-16,,,barcelona,FC Barcelona,racing_santander,R. Racing Club,4.418332075356089,0.8365624850951854,4-0,0.0834069877993784,production_2025_26,1,ensemble_sports,0.7566841625106551,0.1461239533087618,0.0971918841805828,H,0.6105602092018931,low,False,preseason_static,True
laliga_102305,2026/27,6,2026-09-16,,,levante,Levante UD,athletic_bilbao,Athletic Club,1.3511571636151534,1.2901760538405256,1-1,0.1242334500439562,production_2025_26,0,ensemble_sports,0.4191293257736149,0.301166312821264,0.279704361405121,H,0.1179630129523509,medium,False,preseason_static,True
laliga_102306,2026/27,6,2026-09-16,,,malaga,Málaga CF,villarreal,Villarreal CF,1.3990390355085696,2.1467357137808607,1-2,0.0929937155374889,production_2025_26,1,ensemble_sports,0.2945326448660089,0.2902567603703251,0.415210594763666,A,0.120677949897657,low,False,preseason_static,True
laliga_102307,2026/27,6,2026-09-16,,,vallecano,Rayo Vallecano,espanyol,RCD Espanyol de Barcelona,1.2931311754317876,0.8653344806683295,1-0,0.1493595222252654,production_2025_26,0,ensemble_sports,0.4840255902556323,0.3014867864937607,0.2144876232506069,H,0.1825388037618716,medium,False,preseason_static,True
laliga_102308,2026/27,6,2026-09-16,,,real_sociedad,Real Sociedad,celta,RC Celta,1.5901488223427505,1.2532401831715003,1-1,0.116039110072955,production_2025_26,0,ensemble_sports,0.4299979068527241,0.2920035790237627,0.2779985141235132,H,0.1379943278289613,medium,False,preseason_static,True
laliga_102309,2026/27,7,2026-09-20,,,athletic_bilbao,Athletic Club,alaves,Deportivo Alavés,1.5089378027670364,0.8601246240609491,1-0,0.1411889974114787,production_2025_26,0,ensemble_sports,0.4875535138666086,0.2863492562589131,0.2260972298744783,H,0.2012042576076955,medium,False,preseason_static,True
laliga_102310,2026/27,7,2026-09-20,,,atletico_madrid,Atlético de Madrid,real_madrid,Real Madrid,1.3791383704354354,1.3967572892802211,1-1,0.1199976792711139,production_2025_26,0,ensemble_sports,0.3422199215240932,0.3023195071496986,0.3554605713262082,A,0.013240649802115,low,False,preseason_static,True
laliga_102311,2026/27,7,2026-09-20,,,celta,RC Celta,racing_santander,R. Racing Club,2.6382820269735654,1.1296198176215493,2-1,0.0908256501470467,production_2025_26,1,ensemble_sports,0.5835857542241989,0.2316264690445371,0.184787776731264,H,0.3519592851796617,low,False,preseason_static,True
laliga_102312,2026/27,7,2026-09-20,,,deportivo,RC Deportivo,betis,Real Betis,1.303716304994582,1.955330656936414,1-1,0.097953551375907,production_2025_26,1,ensemble_sports,0.2919001488528815,0.3027025010428695,0.4053973501042489,A,0.1026948490613793,low,False,preseason_static,True
laliga_102313,2026/27,7,2026-09-20,,,espanyol,RCD Espanyol de Barcelona,elche,Elche CF,1.475170865571492,1.1411585549368168,1-1,0.1230073626666798,production_2025_26,0,ensemble_sports,0.4697782052369404,0.2834770403763356,0.246744754386724,H,0.1863011648606048,medium,False,preseason_static,True
laliga_102314,2026/27,7,2026-09-20,,,getafe,Getafe CF,malaga,Málaga CF,1.3917309644221547,0.8327319711090384,1-0,0.1504816097790016,production_2025_26,1,ensemble_sports,0.5175122902202149,0.2720484520631718,0.2104392577166132,H,0.2454638381570431,low,False,preseason_static,True
laliga_102315,2026/27,7,2026-09-20,,,osasuna,CA Osasuna,vallecano,Rayo Vallecano,1.2180785802399363,0.9053743070724036,1-0,0.1457039976706809,production_2025_26,0,ensemble_sports,0.4091654807059179,0.3212287652830397,0.2696057540110423,H,0.0879367154228781,medium,False,preseason_static,True
laliga_102316,2026/27,7,2026-09-20,,,sevilla,Sevilla FC,barcelona,FC Barcelona,1.042518077595336,2.204294270928295,1-2,0.0985209995561175,production_2025_26,0,ensemble_sports,0.2376513843444405,0.2710412579029553,0.4913073577526042,A,0.2202660998496489,medium,False,preseason_static,True
laliga_102317,2026/27,7,2026-09-20,,,valencia,Valencia CF,real_sociedad,Real Sociedad,1.4369650433959869,1.186609320570865,1-1,0.1236944665267714,production_2025_26,0,ensemble_sports,0.4672383811224422,0.2926274624046163,0.2401341564729414,H,0.1746109187178259,medium,False,preseason_static,True
laliga_102318,2026/27,7,2026-09-20,,,villarreal,Villarreal CF,levante,Levante UD,2.5168673765567773,1.0933501522546325,2-1,0.093665743008887,production_2025_26,0,ensemble_sports,0.6084057449527669,0.2357028226952024,0.1558914323520306,H,0.3727029222575645,high,False,preseason_static,True
laliga_102319,2026/27,8,2026-10-11,,,alaves,Deportivo Alavés,atletico_madrid,Atlético de Madrid,1.0197828235984343,1.5056428767847982,1-1,0.1228715888764688,production_2025_26,0,ensemble_sports,0.3158726456867901,0.3019078432961254,0.3822195110170845,A,0.0663468653302944,low,False,preseason_static,True
laliga_102320,2026/27,8,2026-10-11,,,betis,Real Betis,osasuna,CA Osasuna,1.7223067855943823,0.9699792466193748,1-0,0.1166450850815375,production_2025_26,0,ensemble_sports,0.5388846930278892,0.2778588316992978,0.183256475272813,H,0.2610258613285914,medium,False,preseason_static,True
laliga_102321,2026/27,8,2026-10-11,,,elche,Elche CF,celta,RC Celta,1.455108450880538,1.3721347669923976,1-1,0.1181506955642774,production_2025_26,0,ensemble_sports,0.4080520328874539,0.2981378514952381,0.2938101156173079,H,0.1099141813922158,medium,False,preseason_static,True
laliga_102322,2026/27,8,2026-10-11,,,barcelona,FC Barcelona,getafe,Getafe CF,2.146716835887147,0.5759039575272584,2-0,0.1513934995289823,production_2025_26,0,ensemble_sports,0.7034045218443836,0.1937744764725916,0.1028210016830247,H,0.5096300453717919,high,False,preseason_static,True
laliga_102323,2026/27,8,2026-10-11,,,levante,Levante UD,sevilla,Sevilla FC,1.611532099328627,1.224788492050288,1-1,0.1157449857016454,production_2025_26,0,ensemble_sports,0.4740725740144973,0.2921341582703252,0.2337932677151776,H,0.181938415744172,medium,False,preseason_static,True
laliga_102324,2026/27,8,2026-10-11,,,malaga,Málaga CF,espanyol,RCD Espanyol de Barcelona,1.5108212274039805,1.3156163108715706,1-1,0.1177162516520277,production_2025_26,1,ensemble_sports,0.4400743213643914,0.2959183224772296,0.264007356158379,H,0.1441559988871618,low,False,preseason_static,True
laliga_102325,2026/27,8,2026-10-11,,,racing_santander,R. Racing Club,valencia,Valencia CF,1.51591646207541,1.68213221367136,1-1,0.1041457342553895,production_2025_26,1,ensemble_sports,0.4036236715887447,0.2874370173832141,0.3089393110280412,H,0.0946843605607035,low,False,preseason_static,True
laliga_102326,2026/27,8,2026-10-11,,,vallecano,Rayo Vallecano,athletic_bilbao,Athletic Club,1.1034926453139875,0.9706406566597142,1-0,0.1386707326670317,production_2025_26,0,ensemble_sports,0.4482295271965801,0.3113798315715274,0.2403906412318924,H,0.1368496956250526,medium,False,preseason_static,True
laliga_102327,2026/27,8,2026-10-11,,,real_madrid,Real Madrid,villarreal,Villarreal CF,2.298992268786747,1.11804449284173,2-1,0.0969430484541211,production_2025_26,0,ensemble_sports,0.5897890234566813,0.2419661617697043,0.1682448147736144,H,0.3478228616869769,medium,False,preseason_static,True
laliga_102328,2026/27,8,2026-10-11,,,real_sociedad,Real Sociedad,deportivo,RC Deportivo,2.3905242541967517,1.0570179116934053,2-1,0.0961187638684897,production_2025_26,1,ensemble_sports,0.5802063909267507,0.2368886217962151,0.1829049872770342,H,0.3433177691305356,low,False,preseason_static,True
laliga_102329,2026/27,9,2026-10-18,,,betis,Real Betis,barcelona,FC Barcelona,1.2917170757648526,1.9303484229212824,1-1,0.0994215425997671,production_2025_26,0,ensemble_sports,0.298665186080405,0.273515236440244,0.4278195774793509,A,0.1291543913989459,medium,False,preseason_static,True
laliga_102330,2026/27,9,2026-10-18,,,celta,RC Celta,alaves,Deportivo Alavés,1.6779839529010347,0.9584013156104978,1-0,0.1201768819471532,production_2025_26,0,ensemble_sports,0.4994908543083263,0.2782561501624603,0.2222529955292133,H,0.221234704145866,medium,False,preseason_static,True
laliga_102331,2026/27,9,2026-10-18,,,deportivo,RC Deportivo,levante,Levante UD,1.6227438358192168,1.6877603475432887,1-1,0.0999604717783651,production_2025_26,1,ensemble_sports,0.3922684552193596,0.2999745856650647,0.3077569591155757,H,0.0845114961037838,low,False,preseason_static,True
laliga_102332,2026/27,9,2026-10-18,,,espanyol,RCD Espanyol de Barcelona,atletico_madrid,Atlético de Madrid,1.0489498447611,1.556120220054421,1-1,0.1206231492726725,production_2025_26,0,ensemble_sports,0.314815836536843,0.2944289415356244,0.3907552219275326,A,0.0759393853906896,low,False,preseason_static,True
laliga_102333,2026/27,9,2026-10-18,,,getafe,Getafe CF,vallecano,Rayo Vallecano,0.915398191232856,0.7127459245923904,0-0,0.1962935352198896,production_2025_26,0,ensemble_sports,0.4063359474145379,0.32641055078372,0.267253501801742,H,0.0799253966308179,low,False,preseason_static,True
laliga_102334,2026/27,9,2026-10-18,,,malaga,Málaga CF,real_sociedad,Real Sociedad,1.4641140414384648,1.5824722323638694,1-1,0.1101021974547443,production_2025_26,1,ensemble_sports,0.4092570931918862,0.2944777517609498,0.2962651550471639,H,0.1129919381447222,low,False,preseason_static,True
laliga_102335,2026/27,9,2026-10-18,,,osasuna,CA Osasuna,racing_santander,R. Racing Club,2.2201641770361804,1.115427884082123,2-1,0.0978502187210076,production_2025_26,1,ensemble_sports,0.5394447250278439,0.2580462059725235,0.2025090689996325,H,0.2813985190553204,low,False,preseason_static,True
laliga_102336,2026/27,9,2026-10-18,,,real_madrid,Real Madrid,sevilla,Sevilla FC,2.52685726178185,0.7296193510017043,2-0,0.122995999540462,production_2025_26,0,ensemble_sports,0.6823897908560991,0.2065147242391306,0.1110954849047702,H,0.4758750666169684,high,False,preseason_static,True
laliga_102337,2026/27,9,2026-10-18,,,valencia,Valencia CF,athletic_bilbao,Athletic Club,1.265351652814631,1.1065610400867043,1-1,0.1306405727600342,production_2025_26,0,ensemble_sports,0.4429006128883384,0.3001380191925381,0.2569613679191236,H,0.1427625936958003,medium,False,preseason_static,True
laliga_102338,2026/27,9,2026-10-18,,,villarreal,Villarreal CF,elche,Elche CF,2.407086287151154,1.056726854973067,2-1,0.0958562255521531,production_2025_26,0,ensemble_sports,0.644173272603473,0.2120320301971183,0.1437946971994087,H,0.4321412424063547,high,False,preseason_static,True
laliga_102339,2026/27,10,2026-10-25,,,alaves,Deportivo Alavés,malaga,Málaga CF,1.7152155701830545,1.0900725779032197,1-1,0.1130977159191879,production_2025_26,1,ensemble_sports,0.5175488510310173,0.2651150256597159,0.2173361233092668,H,0.2524338253713014,low,False,preseason_static,True
laliga_102340,2026/27,10,2026-10-25,,,athletic_bilbao,Athletic Club,getafe,Getafe CF,1.1527129259559226,0.6979076527621733,1-0,0.1811368770856865,production_2025_26,0,ensemble_sports,0.483456742190153,0.2990363438288116,0.2175069139810352,H,0.1844203983613413,medium,False,preseason_static,True
laliga_102341,2026/27,10,2026-10-25,,,atletico_madrid,Atlético de Madrid,deportivo,RC Deportivo,2.98296323687006,0.8229192097618696,2-0,0.0989721859431563,production_2025_26,1,ensemble_sports,0.6605774952010773,0.2025071792482037,0.1369153255507189,H,0.4580703159528736,low,False,preseason_static,True
laliga_102342,2026/27,10,2026-10-25,,,celta,RC Celta,betis,Real Betis,1.5457350748744891,1.3006631227269732,1-1,0.1167146139796807,production_2025_26,0,ensemble_sports,0.4008924764585865,0.2983617172177437,0.3007458063236699,H,0.1001466701349166,medium,False,preseason_static,True
laliga_102343,2026/27,10,2026-10-25,,,barcelona,FC Barcelona,real_madrid,Real Madrid,1.9194389980988635,1.3036566629480475,1-1,0.0996706780623972,production_2025_26,0,ensemble_sports,0.5308996973686332,0.2562485525868855,0.2128517500444811,H,0.2746511447817477,medium,False,preseason_static,True
laliga_102344,2026/27,10,2026-10-25,,,racing_santander,R. Racing Club,espanyol,RCD Espanyol de Barcelona,1.5931472315760755,1.577225514264932,1-1,0.1055055081062448,production_2025_26,1,ensemble_sports,0.4475515891182264,0.2890214255101451,0.2634269853716284,H,0.1585301636080813,low,False,preseason_static,True
laliga_102345,2026/27,10,2026-10-25,,,vallecano,Rayo Vallecano,elche,Elche CF,1.3720402967429173,0.9524637358290688,1-0,0.1342294145049287,production_2025_26,0,ensemble_sports,0.5000882344993899,0.2808675610918534,0.2190442044087568,H,0.2192206734075364,medium,False,preseason_static,True
laliga_102346,2026/27,10,2026-10-25,,,real_sociedad,Real Sociedad,levante,Levante UD,1.855315822239202,1.1442063226941928,1-1,0.105742139388392,production_2025_26,0,ensemble_sports,0.4844915315082566,0.2881128658708803,0.2273956026208631,H,0.1963786656373762,medium,False,preseason_static,True
laliga_102347,2026/27,10,2026-10-25,,,sevilla,Sevilla FC,osasuna,CA Osasuna,1.390038107287607,1.1076340783114789,1-1,0.126677036387185,production_2025_26,0,ensemble_sports,0.4387708123854196,0.3100762727942274,0.251152914820353,H,0.1286945395911922,medium,False,preseason_static,True
laliga_102348,2026/27,10,2026-10-25,,,valencia,Valencia CF,villarreal,Villarreal CF,1.373096720250767,1.6097196239390257,1-1,0.1119518469405785,production_2025_26,0,ensemble_sports,0.3359998286045526,0.2945290875343364,0.3694710838611111,A,0.0334712552565585,low,False,preseason_static,True
laliga_102349,2026/27,11,2026-11-01,,,athletic_bilbao,Athletic Club,real_sociedad,Real Sociedad,1.5113127231752448,1.064180410844952,1-1,0.122418599935367,production_2025_26,0,ensemble_sports,0.481235751271048,0.2915255922128884,0.2272386565160635,H,0.1897101590581595,medium,False,preseason_static,True
laliga_102350,2026/27,11,2026-11-01,,,betis,Real Betis,malaga,Málaga CF,2.3277489328602723,1.004159434844868,2-1,0.0971918363149152,production_2025_26,1,ensemble_sports,0.6239967034364459,0.2181852723695007,0.1578180241940534,H,0.4058114310669451,low,False,preseason_static,True
laliga_102351,2026/27,11,2026-11-01,,,deportivo,RC Deportivo,osasuna,CA Osasuna,1.3733432139548654,1.5556239451013831,1-1,0.114195731924244,production_2025_26,1,ensemble_sports,0.3938905001173343,0.3044874450539347,0.301622054828731,H,0.0894030550633995,low,False,preseason_static,True
laliga_102352,2026/27,11,2026-11-01,,,elche,Elche CF,valencia,Valencia CF,1.456135660655266,1.173200309873426,1-1,0.1232162835004777,production_2025_26,0,ensemble_sports,0.4321394850521024,0.2952058466514379,0.2726546682964598,H,0.1369336384006645,medium,False,preseason_static,True
laliga_102353,2026/27,11,2026-11-01,,,barcelona,FC Barcelona,alaves,Deportivo Alavés,2.810120466741794,0.7097632086463833,2-0,0.1169034014051702,production_2025_26,0,ensemble_sports,0.7118690668115073,0.1848469976234391,0.1032839355650536,H,0.5270220691880682,high,False,preseason_static,True
laliga_102354,2026/27,11,2026-11-01,,,getafe,Getafe CF,sevilla,Sevilla FC,1.1162656077527768,0.8160124630872686,1-0,0.1616552651827696,production_2025_26,0,ensemble_sports,0.4522885803289844,0.318176393332176,0.2295350263388395,H,0.1341121869968084,medium,False,preseason_static,True
laliga_102355,2026/27,11,2026-11-01,,,levante,Levante UD,atletico_madrid,Atlético de Madrid,1.194581235091177,1.72637883651124,1-1,0.1111209364748237,production_2025_26,0,ensemble_sports,0.3213096134265621,0.2980326648129254,0.3806577217605125,A,0.0593481083339504,low,False,preseason_static,True
laliga_102356,2026/27,11,2026-11-01,,,racing_santander,R. Racing Club,real_madrid,Real Madrid,1.0528927067958331,2.8164140932485284,1-2,0.0871772736137886,production_2025_26,1,ensemble_sports,0.2395135640012512,0.2667551029916012,0.4937313330071474,A,0.2269762300155461,low,False,preseason_static,True
laliga_102357,2026/27,11,2026-11-01,,,vallecano,Rayo Vallecano,celta,RC Celta,1.229576242152198,1.0793814317075463,1-1,0.1318751215657631,production_2025_26,0,ensemble_sports,0.4461101763461607,0.2999620893103064,0.2539277343435328,H,0.1461480870358542,medium,False,preseason_static,True
laliga_102358,2026/27,11,2026-11-01,,,villarreal,Villarreal CF,espanyol,RCD Espanyol de Barcelona,2.268649344526314,0.9600598425518432,2-0,0.1019308155536183,production_2025_26,0,ensemble_sports,0.6169707637872482,0.2362425507426534,0.1467866854700983,H,0.3807282130445948,high,False,preseason_static,True
laliga_102359,2026/27,12,2026-11-08,,,atletico_madrid,Atlético de Madrid,barcelona,FC Barcelona,1.469462815435299,1.6339783574692286,1-1,0.1077949125891403,production_2025_26,0,ensemble_sports,0.3285868503101792,0.2883614574385292,0.3830516922512915,A,0.0544648419411123,low,False,preseason_static,True
laliga_102360,2026/27,12,2026-11-08,,,celta,RC Celta,levante,Levante UD,1.92398611181944,1.1226784770458402,1-1,0.1026384885421606,production_2025_26,0,ensemble_sports,0.4944742699694098,0.2836591950682267,0.2218665349623635,H,0.210815074901183,medium,False,preseason_static,True
laliga_102361,2026/27,12,2026-11-08,,,elche,Elche CF,betis,Real Betis,1.3639817776816106,1.4513636126746106,1-1,0.1185485102744015,production_2025_26,0,ensemble_sports,0.3453425693550399,0.2949204750558196,0.3597369555891406,A,0.0143943862341007,low,False,preseason_static,True
laliga_102362,2026/27,12,2026-11-08,,,espanyol,RCD Espanyol de Barcelona,deportivo,RC Deportivo,1.9874046672259,1.0907381894675598,1-1,0.0998136143963229,production_2025_26,1,ensemble_sports,0.5464554709445395,0.2504981086360618,0.2030464204193987,H,0.2959573623084777,low,False,preseason_static,True
laliga_102363,2026/27,12,2026-11-08,,,malaga,Málaga CF,racing_santander,R. Racing Club,2.2983984585706305,1.5075340169194664,2-1,0.0885534068655626,production_2025_26,1,ensemble_sports,0.5181932086386495,0.2401690245299444,0.241637766831406,H,0.2765554418072434,low,False,preseason_static,True
laliga_102364,2026/27,12,2026-11-08,,,osasuna,CA Osasuna,athletic_bilbao,Athletic Club,1.2453737524847788,1.0918880042791594,1-1,0.1313463379826057,production_2025_26,0,ensemble_sports,0.4197429844641301,0.3076410932200492,0.2726159223158207,H,0.1121018912440808,medium,False,preseason_static,True
laliga_102365,2026/27,12,2026-11-08,,,real_sociedad,Real Sociedad,vallecano,Rayo Vallecano,1.3958133563623043,0.9344754968670944,1-0,0.135767518750897,production_2025_26,0,ensemble_sports,0.4364319743054125,0.3048314995518058,0.2587365261427817,H,0.1316004747536067,medium,False,preseason_static,True
laliga_102366,2026/27,12,2026-11-08,,,sevilla,Sevilla FC,alaves,Deportivo Alavés,1.4324631514802202,1.025875063555517,1-1,0.1257579270693583,production_2025_26,0,ensemble_sports,0.4480649022566726,0.2958187692167501,0.2561163285265773,H,0.1522461330399224,medium,False,preseason_static,True
laliga_102367,2026/27,12,2026-11-08,,,valencia,Valencia CF,real_madrid,Real Madrid,0.9799695468608364,1.7615850715741657,0-1,0.1135697553300473,production_2025_26,0,ensemble_sports,0.2684291949377634,0.2821545966731662,0.4494162083890704,A,0.1672616117159042,medium,False,preseason_static,True
laliga_102368,2026/27,12,2026-11-08,,,villarreal,Villarreal CF,getafe,Getafe CF,1.6768569924836962,0.7573346957851862,1-0,0.1470079102279922,production_2025_26,0,ensemble_sports,0.6058088231756996,0.2388756414559734,0.1553155353683269,H,0.3669331817197261,high,False,preseason_static,True
laliga_102369,2026/27,13,2026-11-22,,,alaves,Deportivo Alavés,deportivo,RC Deportivo,1.9321430412508656,1.0553568832564526,1-1,0.1027984395319606,production_2025_26,1,ensemble_sports,0.5539434421766825,0.2454813778900153,0.2005751799333021,H,0.3084620642866671,low,False,preseason_static,True
laliga_102370,2026/27,13,2026-11-22,,,athletic_bilbao,Athletic Club,espanyol,RCD Espanyol de Barcelona,1.559525609887296,0.8847252277698757,1-0,0.1353531007730882,production_2025_26,0,ensemble_sports,0.4885849495386772,0.2950831446315283,0.2163319058297944,H,0.1935018049071489,medium,False,preseason_static,True
laliga_102371,2026/27,13,2026-11-22,,,barcelona,FC Barcelona,villarreal,Villarreal CF,2.689446219480573,1.1912690150984768,2-1,0.0889165922214627,production_2025_26,0,ensemble_sports,0.6194500262524775,0.2297768594234127,0.1507731143241097,H,0.3896731668290648,high,False,preseason_static,True
laliga_102372,2026/27,13,2026-11-22,,,getafe,Getafe CF,atletico_madrid,Atlético de Madrid,0.8274547860105587,1.150195854832892,0-1,0.1591802036710765,production_2025_26,0,ensemble_sports,0.3165732941990167,0.3104674944990468,0.3729592113019365,A,0.0563859171029197,low,False,preseason_static,True
laliga_102373,2026/27,13,2026-11-22,,,levante,Levante UD,elche,Elche CF,1.6799768295559072,1.266015281439998,1-1,0.1117673299678302,production_2025_26,0,ensemble_sports,0.4899528745995656,0.275298054376917,0.2347490710235175,H,0.2146548202226486,medium,False,preseason_static,True
laliga_102374,2026/27,13,2026-11-22,,,osasuna,CA Osasuna,malaga,Málaga CF,1.851912854378873,1.057788063468826,1-1,0.1067465709626463,production_2025_26,1,ensemble_sports,0.5198565161476159,0.2668645147797391,0.2132789690726451,H,0.2529920013678767,low,False,preseason_static,True
laliga_102375,2026/27,13,2026-11-22,,,racing_santander,R. Racing Club,real_sociedad,Real Sociedad,1.5438949291421669,1.897145512620304,1-1,0.0938201319538984,production_2025_26,1,ensemble_sports,0.4082924845009549,0.2800085358892878,0.3116989796097572,H,0.0965935048911976,low,False,preseason_static,True
laliga_102376,2026/27,13,2026-11-22,,,vallecano,Rayo Vallecano,valencia,Valencia CF,1.230444241189622,0.9228908563599802,1-0,0.142850058973864,production_2025_26,0,ensemble_sports,0.4721035834298555,0.2946657859765116,0.2332306305936328,H,0.1774377974533438,medium,False,preseason_static,True
laliga_102377,2026/27,13,2026-11-22,,,real_madrid,Real Madrid,celta,RC Celta,2.360661068861831,0.8546743847768935,2-0,0.1118538615026909,production_2025_26,0,ensemble_sports,0.6689471086900638,0.2122045996765536,0.1188482916333824,H,0.4567425090135101,high,False,preseason_static,True
laliga_102378,2026/27,13,2026-11-22,,,sevilla,Sevilla FC,betis,Real Betis,1.3195647865881683,1.3922329215939104,1-1,0.1220180334775555,production_2025_26,0,ensemble_sports,0.3368614425422143,0.3059365747508816,0.3572019827069042,A,0.0203405401646899,low,False,preseason_static,True
laliga_102379,2026/27,14,2026-11-29,,,betis,Real Betis,vallecano,Rayo Vallecano,1.531055367205412,0.8594728792188551,1-0,0.1402161256488964,production_2025_26,0,ensemble_sports,0.5095188976171403,0.2852179732178679,0.2052631291649919,H,0.2243009243992724,medium,False,preseason_static,True
laliga_102380,2026/27,14,2026-11-29,,,celta,RC Celta,villarreal,Villarreal CF,1.605926739401032,1.60858407058575,1-1,0.1037829749862421,production_2025_26,0,ensemble_sports,0.3594015864701099,0.2995176888954527,0.3410807246344375,H,0.0183208618356723,low,False,preseason_static,True
laliga_102381,2026/27,14,2026-11-29,,,deportivo,RC Deportivo,barcelona,FC Barcelona,1.0299970337393003,3.0958355444726244,1-3,0.0822918386289632,production_2025_26,1,ensemble_sports,0.2125015518226873,0.2520691453462852,0.5354293028310275,A,0.2833601574847423,low,False,preseason_static,True
laliga_102382,2026/27,14,2026-11-29,,,elche,Elche CF,atletico_madrid,Atlético de Madrid,1.154567060666354,1.651077391880377,1-1,0.1152686770463029,production_2025_26,0,ensemble_sports,0.317673629250006,0.2856348081518772,0.3966915625981168,A,0.0790179333481107,low,False,preseason_static,True
laliga_102383,2026/27,14,2026-11-29,,,espanyol,RCD Espanyol de Barcelona,getafe,Getafe CF,1.0276534722689188,0.8178451820151422,1-0,0.162314313166312,production_2025_26,0,ensemble_sports,0.4418967357425884,0.3066612053985532,0.2514420588588585,H,0.1352355303440351,medium,False,preseason_static,True
laliga_102384,2026/27,14,2026-11-29,,,levante,Levante UD,racing_santander,R. Racing Club,2.4087473549357954,1.3179908014273147,2-1,0.0920412351051313,production_2025_26,1,ensemble_sports,0.5626973153841501,0.2371690691037114,0.2001336155121385,H,0.3255282462804387,low,False,preseason_static,True
laliga_102385,2026/27,14,2026-11-29,,,malaga,Málaga CF,athletic_bilbao,Athletic Club,1.2892583092104777,1.4757191680497297,1-1,0.1198200388475924,production_2025_26,1,ensemble_sports,0.3902786154126776,0.3041962010580156,0.3055251835293066,H,0.084753431883371,low,False,preseason_static,True
laliga_102386,2026/27,14,2026-11-29,,,real_madrid,Real Madrid,alaves,Deportivo Alavés,2.402147022165228,0.6661357229904662,2-0,0.134168247705011,production_2025_26,0,ensemble_sports,0.6883343416318285,0.1976915473916242,0.1139741109765473,H,0.4906427942402042,high,False,preseason_static,True
laliga_102387,2026/27,14,2026-11-29,,,real_sociedad,Real Sociedad,sevilla,Sevilla FC,1.7020991077672631,1.0698674318331671,1-1,0.1138848224512802,production_2025_26,0,ensemble_sports,0.4855347026365391,0.2868965214126088,0.2275687759508521,H,0.1986381812239303,medium,False,preseason_static,True
laliga_102388,2026/27,14,2026-11-29,,,valencia,Valencia CF,osasuna,CA Osasuna,1.3922154564925322,1.0355133728389858,1-1,0.1272075977531836,production_2025_26,0,ensemble_sports,0.4669927723077107,0.297890137371698,0.2351170903205913,H,0.1691026349360127,medium,False,preseason_static,True
laliga_102389,2026/27,15,2026-12-06,,,alaves,Deportivo Alavés,espanyol,RCD Espanyol de Barcelona,1.35167104798021,1.0031372976749449,1-1,0.1286918994702001,production_2025_26,0,ensemble_sports,0.4551156286943488,0.3065337383417889,0.2383506329638623,H,0.1485818903525599,medium,False,preseason_static,True
laliga_102390,2026/27,15,2026-12-06,,,athletic_bilbao,Athletic Club,real_madrid,Real Madrid,1.030672563192568,1.5798327998167572,1-1,0.1196752015151781,production_2025_26,0,ensemble_sports,0.2756945197399344,0.2945984816329807,0.4297069986270849,A,0.1351085169941042,medium,False,preseason_static,True
laliga_102391,2026/27,15,2026-12-06,,,atletico_madrid,Atlético de Madrid,betis,Real Betis,1.8599690769120572,1.0320212198721468,1-1,0.106468410954039,production_2025_26,0,ensemble_sports,0.4810790959196525,0.2944932128947818,0.2244276911855656,H,0.1865858830248706,medium,False,preseason_static,True
laliga_102392,2026/27,15,2026-12-06,,,barcelona,FC Barcelona,celta,RC Celta,2.7615886635738565,0.9106499062441116,2-0,0.0969434055014612,production_2025_26,0,ensemble_sports,0.7034680643312978,0.192682744380803,0.1038491912878991,H,0.5107853199504948,high,False,preseason_static,True
laliga_102393,2026/27,15,2026-12-06,,,getafe,Getafe CF,valencia,Valencia CF,1.043582882742602,0.8172906612016925,1-0,0.1623154434608703,production_2025_26,0,ensemble_sports,0.4229849358273586,0.3123554561081846,0.2646596080644568,H,0.110629479719174,medium,False,preseason_static,True
laliga_102394,2026/27,15,2026-12-06,,,osasuna,CA Osasuna,elche,Elche CF,1.5484498063227805,1.0714405176902355,1-1,0.1207985220754634,production_2025_26,0,ensemble_sports,0.4844300241988757,0.280070206536628,0.2354997692644963,H,0.2043598176622476,medium,False,preseason_static,True
laliga_102395,2026/27,15,2026-12-06,,,racing_santander,R. Racing Club,deportivo,RC Deportivo,2.27732061123711,1.6593299908050756,2-1,0.0839649120703992,production_2025_26,1,ensemble_sports,0.5578600940243681,0.2310296331243237,0.2111102728513083,H,0.3268304609000444,low,False,preseason_static,True
laliga_102396,2026/27,15,2026-12-06,,,vallecano,Rayo Vallecano,levante,Levante UD,1.434615568468269,0.9854735551433204,1-0,0.1275570147821959,production_2025_26,0,ensemble_sports,0.471967161775761,0.2972419531426763,0.2307908850815626,H,0.1747252086330847,medium,False,preseason_static,True
laliga_102397,2026/27,15,2026-12-06,,,sevilla,Sevilla FC,malaga,Málaga CF,1.878677914955312,1.1466649559447952,1-1,0.1045685763293298,production_2025_26,1,ensemble_sports,0.5200793036362759,0.2626182620823174,0.2173024342814067,H,0.2574610415539584,low,False,preseason_static,True
laliga_102398,2026/27,15,2026-12-06,,,villarreal,Villarreal CF,real_sociedad,Real Sociedad,2.1985138282234296,1.1547956875355505,2-1,0.0975929178411599,production_2025_26,0,ensemble_sports,0.5963816613491648,0.2393609634406394,0.1642573752101958,H,0.3570206979085254,medium,False,preseason_static,True
laliga_102399,2026/27,16,2026-12-13,,,atletico_madrid,Atlético de Madrid,valencia,Valencia CF,1.9856330523793173,0.8342276217871548,1-0,0.1183729416385577,production_2025_26,0,ensemble_sports,0.5620263160632606,0.2650880732316428,0.1728856107050966,H,0.2969382428316177,medium,False,preseason_static,True
laliga_102400,2026/27,16,2026-12-13,,,betis,Real Betis,racing_santander,R. Racing Club,2.7906198618638043,1.0588769833694776,2-1,0.0877951974078508,production_2025_26,1,ensemble_sports,0.6333225450952022,0.2115380399503026,0.1551394149544951,H,0.4217845051448996,low,False,preseason_static,True
laliga_102401,2026/27,16,2026-12-13,,,deportivo,RC Deportivo,athletic_bilbao,Athletic Club,1.2481991185743366,1.6623569485691534,1-1,0.1129718903663615,production_2025_26,1,ensemble_sports,0.3653532487097262,0.3052802358255171,0.3293665154647566,H,0.0359867332449695,low,False,preseason_static,True
laliga_102402,2026/27,16,2026-12-13,,,elche,Elche CF,sevilla,Sevilla FC,1.5575515707387777,1.171365488438275,1-1,0.1191191551555157,production_2025_26,0,ensemble_sports,0.4646618394261721,0.2966942948730479,0.23864386570078,H,0.1679675445531242,medium,False,preseason_static,True
laliga_102403,2026/27,16,2026-12-13,,,espanyol,RCD Espanyol de Barcelona,celta,RC Celta,1.3219983798782429,1.2932202124848855,1-1,0.1250629100279286,production_2025_26,0,ensemble_sports,0.4003545786801429,0.303973155870234,0.2956722654496231,H,0.0963814228099089,medium,False,preseason_static,True
laliga_102404,2026/27,16,2026-12-13,,,levante,Levante UD,alaves,Deportivo Alavés,1.5319967186417769,1.1182205715106035,1-1,0.1210071060528561,production_2025_26,0,ensemble_sports,0.4793698524446514,0.2858552418130429,0.2347749057423056,H,0.1935146106316085,medium,False,preseason_static,True
laliga_102405,2026/27,16,2026-12-13,,,malaga,Málaga CF,barcelona,FC Barcelona,1.063878522624876,2.7482568398082354,1-2,0.0888071659410834,production_2025_26,1,ensemble_sports,0.2284124731311934,0.2625420261144149,0.5090455007543918,A,0.2465034746399769,low,False,preseason_static,True
laliga_102406,2026/27,16,2026-12-13,,,real_madrid,Real Madrid,osasuna,CA Osasuna,2.3310029976455007,0.7192246441858917,2-0,0.1286391213188169,production_2025_26,0,ensemble_sports,0.6644551877924317,0.2172082253855517,0.1183365868220165,H,0.44724696240688,high,False,preseason_static,True
laliga_102407,2026/27,16,2026-12-13,,,real_sociedad,Real Sociedad,getafe,Getafe CF,1.2360998194682835,0.7925614182484526,1-0,0.1625613130220708,production_2025_26,0,ensemble_sports,0.4794114780717193,0.2922071704253637,0.2283813515029168,H,0.1872043076463556,medium,False,preseason_static,True
laliga_102408,2026/27,16,2026-12-13,,,villarreal,Villarreal CF,vallecano,Rayo Vallecano,1.8935197222381952,0.8929411649920841,1-0,0.1167152012703399,production_2025_26,0,ensemble_sports,0.5814898123355938,0.2501551792183488,0.1683550084460573,H,0.331334633117245,medium,False,preseason_static,True
laliga_102409,2026/27,17,2026-12-20,,,alaves,Deportivo Alavés,elche,Elche CF,1.434152374487707,1.1041417156462137,1-1,0.1250988060696498,production_2025_26,0,ensemble_sports,0.4789685286144211,0.2844097448140029,0.2366217265715759,H,0.1945587838004182,medium,False,preseason_static,True
laliga_102410,2026/27,17,2026-12-20,,,athletic_bilbao,Athletic Club,betis,Real Betis,1.39001215327988,1.1672901124440236,1-1,0.1257694833350871,production_2025_26,0,ensemble_sports,0.3741670200324405,0.3101017324369309,0.3157312475306285,H,0.0584357725018119,low,False,preseason_static,True
laliga_102411,2026/27,17,2026-12-20,,,celta,RC Celta,atletico_madrid,Atlético de Madrid,1.3084154283938765,1.479639876343308,1-1,0.119142010082703,production_2025_26,0,ensemble_sports,0.3675382490265293,0.2892514323064,0.3432103186670707,H,0.0243279303594585,low,False,preseason_static,True
laliga_102412,2026/27,17,2026-12-20,,,deportivo,RC Deportivo,real_madrid,Real Madrid,0.9666855232697764,2.6463819691298287,0-2,0.0944460220322268,production_2025_26,1,ensemble_sports,0.2274410769467498,0.2734486718277144,0.4991102512255359,A,0.2256615793978214,low,False,preseason_static,True
laliga_102413,2026/27,17,2026-12-20,,,barcelona,FC Barcelona,real_sociedad,Real Sociedad,2.8145433213046207,0.8781472845339877,2-0,0.0986608915724921,production_2025_26,0,ensemble_sports,0.7016503733360557,0.1928402576703711,0.1055093689935732,H,0.5088101156656846,high,False,preseason_static,True
laliga_102414,2026/27,17,2026-12-20,,,getafe,Getafe CF,levante,Levante UD,1.2167477407363565,0.8727124425704653,1-0,0.1505773164015664,production_2025_26,0,ensemble_sports,0.4515997841885678,0.311588328404468,0.2368118874069642,H,0.1400114557840998,medium,False,preseason_static,True
laliga_102415,2026/27,17,2026-12-20,,,osasuna,CA Osasuna,villarreal,Villarreal CF,1.351417695799818,1.5883746887510726,1-1,0.1135030288374584,production_2025_26,0,ensemble_sports,0.3215167706766918,0.3049268828549664,0.3735563464683417,A,0.0520395757916499,low,False,preseason_static,True
laliga_102416,2026/27,17,2026-12-20,,,vallecano,Rayo Vallecano,malaga,Málaga CF,1.6409308534824742,0.9403273014341932,1-0,0.1241837232012546,production_2025_26,1,ensemble_sports,0.5543075110758071,0.2509164033011885,0.1947760856230044,H,0.3033911077746186,low,False,preseason_static,True
laliga_102417,2026/27,17,2026-12-20,,,sevilla,Sevilla FC,racing_santander,R. Racing Club,2.2522514475292312,1.2091477581683998,2-1,0.0962558642042487,production_2025_26,1,ensemble_sports,0.5352420340877023,0.2537131309066646,0.211044835005633,H,0.2815289031810377,low,False,preseason_static,True
laliga_102418,2026/27,17,2026-12-20,,,valencia,Valencia CF,espanyol,RCD Espanyol de Barcelona,1.4828061402014658,0.9865086696929176,1-0,0.1255089793679473,production_2025_26,0,ensemble_sports,0.4801640938381307,0.2925556802561061,0.227280225905763,H,0.1876084135820246,medium,False,preseason_static,True
laliga_102419,2026/27,18,2027-01-03,,,betis,Real Betis,alaves,Deportivo Alavés,1.7748729282842832,0.8983810996408841,1-0,0.1225149205597136,production_2025_26,0,ensemble_sports,0.5628506498659005,0.258099169907898,0.1790501802262015,H,0.3047514799580025,medium,False,preseason_static,True
laliga_102420,2026/27,18,2027-01-03,,,celta,RC Celta,deportivo,RC Deportivo,2.479004064920377,1.0371304857990098,2-1,0.0946988956554396,production_2025_26,1,ensemble_sports,0.6036496291385851,0.2225507207139013,0.1737996501475137,H,0.3810989084246838,low,False,preseason_static,True
laliga_102421,2026/27,18,2027-01-03,,,espanyol,RCD Espanyol de Barcelona,barcelona,FC Barcelona,0.9790322661754748,2.165756460796311,0-2,0.1010258035267259,production_2025_26,0,ensemble_sports,0.2379607882399846,0.265591490417113,0.4964477213429024,A,0.2308562309257893,medium,False,preseason_static,True
laliga_102422,2026/27,18,2027-01-03,,,levante,Levante UD,valencia,Valencia CF,1.5066013878500435,1.2267069950290097,1-1,0.1201375415537772,production_2025_26,0,ensemble_sports,0.4422136137727028,0.2922801079317081,0.2655062782955889,H,0.1499335058409947,medium,False,preseason_static,True
laliga_102423,2026/27,18,2027-01-03,,,malaga,Málaga CF,elche,Elche CF,1.6030141756351166,1.448083780739439,1-1,0.1098137366526831,production_2025_26,1,ensemble_sports,0.4477272968914241,0.2826369126679069,0.2696357904406689,H,0.1650903842235171,low,False,preseason_static,True
laliga_102424,2026/27,18,2027-01-03,,,racing_santander,R. Racing Club,athletic_bilbao,Athletic Club,1.3595111511865914,1.7691646907265088,1-1,0.1052896372256899,production_2025_26,1,ensemble_sports,0.3917165792161856,0.2891072602927325,0.319176160491082,H,0.0725404187251035,low,False,preseason_static,True
laliga_102425,2026/27,18,2027-01-03,,,vallecano,Rayo Vallecano,atletico_madrid,Atlético de Madrid,0.9756167843762964,1.2988099434387972,0-1,0.1335902276278461,production_2025_26,0,ensemble_sports,0.353906891562066,0.3045160286579917,0.3415770797799423,H,0.0123298117821236,low,False,preseason_static,True
laliga_102426,2026/27,18,2027-01-03,,,real_madrid,Real Madrid,getafe,Getafe CF,1.8350563670806836,0.5405044871966905,1-0,0.1705917653772142,production_2025_26,0,ensemble_sports,0.680223425375261,0.2077598333207381,0.1120167413040007,H,0.4724635920545229,high,False,preseason_static,True
laliga_102427,2026/27,18,2027-01-03,,,real_sociedad,Real Sociedad,osasuna,CA Osasuna,1.570171051014339,1.0546252945866372,1-1,0.1199805807485233,production_2025_26,0,ensemble_sports,0.4755857487212245,0.290690140685965,0.2337241105928104,H,0.1848956080352594,medium,False,preseason_static,True
laliga_102428,2026/27,18,2027-01-03,,,villarreal,Villarreal CF,sevilla,Sevilla FC,2.3090180467686974,1.022315378167769,2-1,0.0974188717874021,production_2025_26,0,ensemble_sports,0.6157895844004494,0.2354064934873531,0.1488039221121974,H,0.3803830909130962,high,False,preseason_static,True
laliga_102429,2026/27,19,2027-01-10,,,alaves,Deportivo Alavés,real_sociedad,Real Sociedad,1.3098840053724654,1.2066108528006032,1-1,0.1276145896686359,production_2025_26,0,ensemble_sports,0.4412070810162778,0.3019162355405187,0.2568766834432036,H,0.1392908454757591,medium,False,preseason_static,True
laliga_102430,2026/27,19,2027-01-10,,,athletic_bilbao,Athletic Club,villarreal,Villarreal CF,1.4441398926176403,1.4436361328465652,1-1,0.1161240428148945,production_2025_26,0,ensemble_sports,0.3422343982024512,0.3035237964667761,0.3542418053307726,A,0.0120074071283214,low,False,preseason_static,True
laliga_102431,2026/27,19,2027-01-10,,,atletico_madrid,Atlético de Madrid,racing_santander,R. Racing Club,3.174620972317745,0.8963055858225164,3-0,0.091021889960771,production_2025_26,1,ensemble_sports,0.6455590242928072,0.2094842795415697,0.1449566961656229,H,0.4360747447512374,low,False,preseason_static,True
laliga_102432,2026/27,19,2027-01-10,,,deportivo,RC Deportivo,vallecano,Rayo Vallecano,1.220842022064658,1.378397110802034,1-1,0.1250831324556896,production_2025_26,1,ensemble_sports,0.357995146432632,0.3122238389236712,0.3297810146436969,H,0.0282141317889351,low,False,preseason_static,True
laliga_102433,2026/27,19,2027-01-10,,,elche,Elche CF,getafe,Getafe CF,1.1311263877743594,0.8677515224603078,1-0,0.1532531831093443,production_2025_26,0,ensemble_sports,0.4504754129039932,0.2992031571286938,0.250321429967313,H,0.1512722557752993,medium,False,preseason_static,True
laliga_102434,2026/27,19,2027-01-10,,,espanyol,RCD Espanyol de Barcelona,betis,Real Betis,1.2392077712058958,1.367892429174408,1-1,0.1250106399739846,production_2025_26,0,ensemble_sports,0.3360956109109722,0.306059482252906,0.3578449068361219,A,0.0217492959251497,low,False,preseason_static,True
laliga_102435,2026/27,19,2027-01-10,,,osasuna,CA Osasuna,barcelona,FC Barcelona,1.0276655798485177,2.0334415524537266,1-2,0.0995101713293181,production_2025_26,0,ensemble_sports,0.2478568346126445,0.2708675741920437,0.4812755911953117,A,0.2104080170032679,medium,False,preseason_static,True
laliga_102436,2026/27,19,2027-01-10,,,real_madrid,Real Madrid,levante,Levante UD,2.754315678170794,0.7803163735396011,2-0,0.110659336582671,production_2025_26,0,ensemble_sports,0.6842478072273739,0.2024603163648802,0.1132918764077459,H,0.4817874908624937,high,False,preseason_static,True
laliga_102437,2026/27,19,2027-01-10,,,sevilla,Sevilla FC,celta,RC Celta,1.4077239915275626,1.3162319757693233,1-1,0.1215769098538135,production_2025_26,0,ensemble_sports,0.4043485513441475,0.3042742130029569,0.2913772356528956,H,0.1000743383411905,medium,False,preseason_static,True
laliga_102438,2026/27,19,2027-01-10,,,valencia,Valencia CF,malaga,Málaga CF,1.8816206672748297,1.0720028566264064,1-1,0.1051932033527835,production_2025_26,1,ensemble_sports,0.5649815250976653,0.2417734193062292,0.1932450555961056,H,0.3232081057914361,low,False,preseason_static,True
laliga_102439,2026/27,20,2027-01-17,,,atletico_madrid,Atlético de Madrid,real_sociedad,Real Sociedad,2.022280829715675,0.940860163258614,2-0,0.1056285088523763,production_2025_26,0,ensemble_sports,0.5689939295917031,0.2669230283671781,0.1640830420411189,H,0.302070901224525,medium,False,preseason_static,True
laliga_102440,2026/27,20,2027-01-17,,,betis,Real Betis,deportivo,RC Deportivo,2.6221449831668155,0.9721798281440016,2-0,0.0944775248749889,production_2025_26,1,ensemble_sports,0.6492483070297222,0.2085335657384311,0.1422181272318466,H,0.440714741291291,low,False,preseason_static,True
laliga_102441,2026/27,20,2027-01-17,,,celta,RC Celta,valencia,Valencia CF,1.6501686468833292,1.0513825517591584,1-1,0.1164182115110964,production_2025_26,0,ensemble_sports,0.4797996373496089,0.2854195053043847,0.2347808573460062,H,0.1943801320452242,medium,False,preseason_static,True
laliga_102442,2026/27,20,2027-01-17,,,barcelona,FC Barcelona,elche,Elche CF,3.081558344702259,0.8035722926616596,3-0,0.10023691560604,production_2025_26,0,ensemble_sports,0.7290141221477519,0.1736404161684925,0.0973454616837556,H,0.5553737059792593,high,False,preseason_static,True
laliga_102443,2026/27,20,2027-01-17,,,getafe,Getafe CF,athletic_bilbao,Athletic Club,0.9359107851719072,0.8595767729236578,0-0,0.1660464765171034,production_2025_26,0,ensemble_sports,0.414620233872831,0.3277265416560629,0.2576532244711061,H,0.086893692216768,medium,False,preseason_static,True
laliga_102444,2026/27,20,2027-01-17,,,levante,Levante UD,espanyol,RCD Espanyol de Barcelona,1.5833575861138511,1.1502030312255955,1-1,0.1183541916131387,production_2025_26,0,ensemble_sports,0.4739527635791586,0.2949701791090536,0.2310770573117878,H,0.178982584470105,medium,False,preseason_static,True
laliga_102445,2026/27,20,2027-01-17,,,malaga,Málaga CF,real_madrid,Real Madrid,0.9984843962176008,2.349264760006877,0-2,0.0970376830096422,production_2025_26,1,ensemble_sports,0.2453611796974177,0.2769288847516684,0.477709935550914,A,0.2007810507992456,low,False,preseason_static,True
laliga_102446,2026/27,20,2027-01-17,,,racing_santander,R. Racing Club,osasuna,CA Osasuna,1.4958153599007518,1.655574007791114,1-1,0.1059732917585954,production_2025_26,1,ensemble_sports,0.4289135083897232,0.2901811488771472,0.2809053427331297,H,0.138732359512576,low,False,preseason_static,True
laliga_102447,2026/27,20,2027-01-17,,,vallecano,Rayo Vallecano,sevilla,Sevilla FC,1.316141354376938,0.9214475052874452,1-0,0.1404527056759741,production_2025_26,0,ensemble_sports,0.4852679792711897,0.2995092830128464,0.2152227377159639,H,0.1857586962583433,medium,False,preseason_static,True
laliga_102448,2026/27,20,2027-01-17,,,villarreal,Villarreal CF,alaves,Deportivo Alavés,2.195059020175889,0.9333644901620324,2-0,0.1054906005357117,production_2025_26,0,ensemble_sports,0.6186325316165256,0.2292084822455842,0.1521589861378902,H,0.3894240493709414,high,False,preseason_static,True
laliga_102449,2026/27,21,2027-01-24,,,alaves,Deportivo Alavés,barcelona,FC Barcelona,0.9518093679891694,2.095503770225787,0-2,0.1042608230557936,production_2025_26,0,ensemble_sports,0.2410696444367832,0.2688645961341758,0.490065759429041,A,0.2212011632948652,medium,False,preseason_static,True
laliga_102450,2026/27,21,2027-01-24,,,athletic_bilbao,Athletic Club,levante,Levante UD,1.730156817712037,1.0075564247272148,1-1,0.1128189441005515,production_2025_26,0,ensemble_sports,0.4814176479237982,0.2912373647593121,0.2273449873168896,H,0.1901802831644861,medium,False,preseason_static,True
laliga_102451,2026/27,21,2027-01-24,,,deportivo,RC Deportivo,atletico_madrid,Atlético de Madrid,1.1035542606433226,2.2243924355861004,1-2,0.0979235461362659,production_2025_26,1,ensemble_sports,0.2752205036624089,0.2874111717987556,0.4373683245388354,A,0.1499571527400798,low,False,preseason_static,True
laliga_102452,2026/27,21,2027-01-24,,,elche,Elche CF,vallecano,Rayo Vallecano,1.2772765556008632,1.0231289543469486,1-1,0.1309670220322309,production_2025_26,0,ensemble_sports,0.4135817518335396,0.3082261861297418,0.2781920620367186,H,0.1053555657037978,medium,False,preseason_static,True
laliga_102453,2026/27,21,2027-01-24,,,espanyol,RCD Espanyol de Barcelona,villarreal,Villarreal CF,1.287463115640754,1.691729344360512,1-1,0.110718359665235,production_2025_26,0,ensemble_sports,0.3117454448747621,0.2994581740928757,0.3887963810323623,A,0.0770509361576002,low,False,preseason_static,True
laliga_102454,2026/27,21,2027-01-24,,,getafe,Getafe CF,osasuna,CA Osasuna,1.0297449393739986,0.8043869349263228,1-0,0.1645039462332137,production_2025_26,0,ensemble_sports,0.4359473712001371,0.3282170290676343,0.2358355997322286,H,0.1077303421325028,medium,False,preseason_static,True
laliga_102455,2026/27,21,2027-01-24,,,racing_santander,R. Racing Club,celta,RC Celta,1.5148470808016803,1.9673640329206648,1-1,0.0916118840449767,production_2025_26,1,ensemble_sports,0.3756868278780076,0.2866070596391875,0.3377061124828048,H,0.0379807153952028,low,False,preseason_static,True
laliga_102456,2026/27,21,2027-01-24,,,real_madrid,Real Madrid,betis,Real Betis,2.212823847776745,0.9040243951176808,2-0,0.1084532962087584,production_2025_26,0,ensemble_sports,0.6094869508109687,0.2440190870515082,0.1464939621375231,H,0.3654678637594605,high,False,preseason_static,True
laliga_102457,2026/27,21,2027-01-24,,,real_sociedad,Real Sociedad,malaga,Málaga CF,2.122132955044569,1.0917882454456085,2-1,0.0988260798293679,production_2025_26,1,ensemble_sports,0.5439870034932057,0.255773549760113,0.2002394467466813,H,0.2882134537330927,low,False,preseason_static,True
laliga_102458,2026/27,21,2027-01-24,,,valencia,Valencia CF,sevilla,Sevilla FC,1.5091914252175904,1.0504792920431287,1-1,0.1225973881537878,production_2025_26,0,ensemble_sports,0.4830513834065464,0.2891942736342398,0.2277543429592138,H,0.1938571097723066,medium,False,preseason_static,True
laliga_102459,2026/27,22,2027-01-31,,,atletico_madrid,Atlético de Madrid,espanyol,RCD Espanyol de Barcelona,2.086794278883355,0.7822007563338415,2-0,0.1235793454614414,production_2025_26,0,ensemble_sports,0.5836549721384999,0.2590816234842612,0.1572634043772389,H,0.3245733486542387,medium,False,preseason_static,True
laliga_102460,2026/27,22,2027-01-31,,,betis,Real Betis,elche,Elche CF,1.9463131732861447,1.017119725463255,1-1,0.1022315761504754,production_2025_26,0,ensemble_sports,0.5798957364736336,0.2453074580565395,0.1747968054698269,H,0.334588278417094,medium,False,preseason_static,True
laliga_102461,2026/27,22,2027-01-31,,,celta,RC Celta,getafe,Getafe CF,1.2818512390031631,0.7776496496797238,1-0,0.1634586125441265,production_2025_26,0,ensemble_sports,0.4935381268166314,0.2894508302071453,0.2170110429762232,H,0.2040872966094861,medium,False,preseason_static,True
laliga_102462,2026/27,22,2027-01-31,,,barcelona,FC Barcelona,valencia,Valencia CF,2.763538161473676,0.7786223174955215,2-0,0.1105665602215071,production_2025_26,0,ensemble_sports,0.7154370854682417,0.1862670423725022,0.0982958721592561,H,0.5291700430957396,high,False,preseason_static,True
laliga_102463,2026/27,22,2027-01-31,,,levante,Levante UD,real_sociedad,Real Sociedad,1.5344079315265882,1.3835069871469086,1-1,0.1147329740360492,production_2025_26,0,ensemble_sports,0.4489519824833229,0.2930381198308873,0.2580098976857898,H,0.1559138626524355,medium,False,preseason_static,True
laliga_102464,2026/27,22,2027-01-31,,,malaga,Málaga CF,alaves,Deportivo Alavés,1.4618132904002208,1.2790343818377012,1-1,0.1206255600533064,production_2025_26,1,ensemble_sports,0.4410176256517444,0.2903634847086083,0.2686188896396473,H,0.1506541409431361,low,False,preseason_static,True
laliga_102465,2026/27,22,2027-01-31,,,osasuna,CA Osasuna,deportivo,RC Deportivo,2.086128762351016,1.0241005382922783,2-1,0.0993675796308552,production_2025_26,1,ensemble_sports,0.5528381649646695,0.2527704847365783,0.194391350298752,H,0.3000676802280912,low,False,preseason_static,True
laliga_102466,2026/27,22,2027-01-31,,,vallecano,Rayo Vallecano,real_madrid,Real Madrid,0.8546155412111618,1.5452072038436506,0-1,0.1402029876099929,production_2025_26,0,ensemble_sports,0.2796865640567954,0.2959266437873109,0.4243867921558937,A,0.1284601483685827,medium,False,preseason_static,True
laliga_102467,2026/27,22,2027-01-31,,,sevilla,Sevilla FC,athletic_bilbao,Athletic Club,1.2633727116943043,1.1836300234071524,1-1,0.1294278533914368,production_2025_26,0,ensemble_sports,0.4058510871043497,0.3141388782196739,0.2800100346759765,H,0.0917122088846758,medium,False,preseason_static,True
laliga_102468,2026/27,22,2027-01-31,,,villarreal,Villarreal CF,racing_santander,R. Racing Club,3.451275413608088,1.1001101605120926,3-1,0.0796120157129524,production_2025_26,1,ensemble_sports,0.6789714801360244,0.189536436233663,0.1314920836303125,H,0.4894350439023613,low,False,preseason_static,True
laliga_102469,2026/27,23,2027-02-07,,,alaves,Deportivo Alavés,celta,RC Celta,1.2852389915094884,1.2512708053969606,1-1,0.127274995519377,production_2025_26,0,ensemble_sports,0.40589476517372,0.3061221134539738,0.2879831213723062,H,0.0997726517197462,medium,False,preseason_static,True
laliga_102470,2026/27,23,2027-02-07,,,athletic_bilbao,Athletic Club,osasuna,CA Osasuna,1.4642478204103204,0.9286738503057488,1-0,0.1337771997306367,production_2025_26,0,ensemble_sports,0.4736174809191523,0.3009570263678051,0.2254254927130426,H,0.1726604545513472,medium,False,preseason_static,True
laliga_102471,2026/27,23,2027-02-07,,,betis,Real Betis,sevilla,Sevilla FC,1.8670175081676053,0.9839980236003052,1-0,0.1078872169002318,production_2025_26,0,ensemble_sports,0.5599621741423142,0.2661508411300297,0.1738869847276561,H,0.2938113330122844,medium,False,preseason_static,True
laliga_102472,2026/27,23,2027-02-07,,,deportivo,RC Deportivo,malaga,Málaga CF,1.85611426923055,1.610441117156317,1-1,0.093335308100889,production_2025_26,1,ensemble_sports,0.4931504871111352,0.2583918927031247,0.2484576201857401,H,0.2347585944080105,low,False,preseason_static,True
laliga_102473,2026/27,23,2027-02-07,,,elche,Elche CF,levante,Levante UD,1.6977566464598055,1.25275689134712,1-1,0.111263140749959,production_2025_26,0,ensemble_sports,0.466625665405797,0.2873770602801451,0.2459972743140578,H,0.1792486051256518,medium,False,preseason_static,True
laliga_102474,2026/27,23,2027-02-07,,,espanyol,RCD Espanyol de Barcelona,vallecano,Rayo Vallecano,1.1604341491790506,0.9642865085622676,1-0,0.1386328226598282,production_2025_26,0,ensemble_sports,0.4008286184663533,0.3162533851886684,0.2829179963449783,H,0.0845752332776849,medium,False,preseason_static,True
laliga_102475,2026/27,23,2027-02-07,,,barcelona,FC Barcelona,atletico_madrid,Atlético de Madrid,2.191203895587682,1.0957768203871827,2-1,0.0982988437896147,production_2025_26,0,ensemble_sports,0.6167227000511896,0.2305432979421148,0.1527340020066957,H,0.3861794021090747,high,False,preseason_static,True
laliga_102476,2026/27,23,2027-02-07,,,getafe,Getafe CF,villarreal,Villarreal CF,1.015603865303622,1.250430432241654,1-1,0.1317218235149864,production_2025_26,0,ensemble_sports,0.3130251463752509,0.3144582268773175,0.3725166267474315,A,0.0580583998701139,low,False,preseason_static,True
laliga_102477,2026/27,23,2027-02-07,,,real_sociedad,Real Sociedad,real_madrid,Real Madrid,1.1052310949291482,1.7940977140207364,1-1,0.109178723523021,production_2025_26,0,ensemble_sports,0.2728901660267672,0.2810761583064796,0.4460336756667532,A,0.1649575173602736,medium,False,preseason_static,True
laliga_102478,2026/27,23,2027-02-07,,,valencia,Valencia CF,racing_santander,R. Racing Club,2.2557793636869685,1.1304172540722035,2-1,0.0973209398356119,production_2025_26,1,ensemble_sports,0.5722743164179817,0.2350955949915241,0.1926300885904943,H,0.3371787214264575,low,False,preseason_static,True
laliga_102479,2026/27,24,2027-02-14,,,celta,RC Celta,vallecano,Rayo Vallecano,1.4474762087092858,0.9168936640632402,1-0,0.1360751484923183,production_2025_26,0,ensemble_sports,0.4646191980109709,0.2967413079311651,0.2386394940578639,H,0.1678778900798058,medium,False,preseason_static,True
laliga_102480,2026/27,24,2027-02-14,,,elche,Elche CF,deportivo,RC Deportivo,2.1875135178805403,1.1572969375254578,2-1,0.0976543870537457,production_2025_26,1,ensemble_sports,0.5663983743636737,0.2404928224208852,0.1931088032154411,H,0.3259055519427884,low,False,preseason_static,True
laliga_102481,2026/27,24,2027-02-14,,,levante,Levante UD,malaga,Málaga CF,2.009216361427677,1.2498835266779835,2-1,0.096936574232795,production_2025_26,1,ensemble_sports,0.5416358659140461,0.2481125612532884,0.2102515728326655,H,0.2935233046607577,low,False,preseason_static,True
laliga_102482,2026/27,24,2027-02-14,,,osasuna,CA Osasuna,atletico_madrid,Atlético de Madrid,1.101056305998418,1.4610504797518398,1-1,0.1240983788052806,production_2025_26,0,ensemble_sports,0.3274664697705667,0.300252184090827,0.3722813461386064,A,0.0448148763680396,low,False,preseason_static,True
laliga_102483,2026/27,24,2027-02-14,,,racing_santander,R. Racing Club,getafe,Getafe CF,1.17756412279844,1.244180364690094,1-1,0.1300521996649774,production_2025_26,1,ensemble_sports,0.4318823421615803,0.287966362405903,0.2801512954325167,H,0.1439159797556772,low,False,preseason_static,True
laliga_102484,2026/27,24,2027-02-14,,,real_madrid,Real Madrid,athletic_bilbao,Athletic Club,2.1185934131326856,0.7685714073825688,2-0,0.1250810733404659,production_2025_26,0,ensemble_sports,0.6506179776573255,0.2233056082006398,0.1260764141420346,H,0.4273123694566856,high,False,preseason_static,True
laliga_102485,2026/27,24,2027-02-14,,,real_sociedad,Real Sociedad,betis,Real Betis,1.4905651988790836,1.3256039009810014,1-1,0.1182274569552521,production_2025_26,0,ensemble_sports,0.3765656276561733,0.2957889561951474,0.3276454161486791,H,0.0489202115074941,low,False,preseason_static,True
laliga_102486,2026/27,24,2027-02-14,,,sevilla,Sevilla FC,espanyol,RCD Espanyol de Barcelona,1.480487112097468,1.055216330143428,1-1,0.1237383557247213,production_2025_26,0,ensemble_sports,0.4555540980397647,0.3054659103136493,0.2389799916465858,H,0.1500881877261154,medium,False,preseason_static,True
laliga_102487,2026/27,24,2027-02-14,,,valencia,Valencia CF,alaves,Deportivo Alavés,1.4347069550764011,0.9590778831879258,1-0,0.1309651715706085,production_2025_26,0,ensemble_sports,0.4851401129093885,0.2826896805056546,0.2321702065849569,H,0.2024504324037339,medium,False,preseason_static,True
laliga_102488,2026/27,24,2027-02-14,,,villarreal,Villarreal CF,barcelona,FC Barcelona,1.5975201229835392,2.0055171155261604,1-2,0.0875173251743277,production_2025_26,0,ensemble_sports,0.3361902617564087,0.2637860051916732,0.4000237330519182,A,0.0638334712955094,low,False,preseason_static,True
laliga_102489,2026/27,25,2027-02-21,,,alaves,Deportivo Alavés,racing_santander,R. Racing Club,2.056284752174431,1.1494716106733296,2-1,0.098491133799252,production_2025_26,1,ensemble_sports,0.53525861772076,0.25512875221491,0.2096126300643299,H,0.28012986550585,low,False,preseason_static,True
laliga_102490,2026/27,25,2027-02-21,,,athletic_bilbao,Athletic Club,celta,RC Celta,1.4828778977546868,1.1035686250251884,1-1,0.1232041992799607,production_2025_26,0,ensemble_sports,0.4326942997068762,0.3016477382355235,0.2656579620576003,H,0.1310465614713527,medium,False,preseason_static,True
laliga_102491,2026/27,25,2027-02-21,,,atletico_madrid,Atlético de Madrid,elche,Elche CF,2.2141341079991403,0.8609593991570165,2-0,0.1132115699514512,production_2025_26,0,ensemble_sports,0.6053316781589553,0.2409048083149752,0.1537635135260695,H,0.3644268698439801,high,False,preseason_static,True
laliga_102492,2026/27,25,2027-02-21,,,deportivo,RC Deportivo,real_sociedad,Real Sociedad,1.417486195714293,1.7826113317104852,1-1,0.1029893176205364,production_2025_26,1,ensemble_sports,0.3894324009370224,0.2942355357410124,0.316332063321965,H,0.0731003376150574,low,False,preseason_static,True
laliga_102493,2026/27,25,2027-02-21,,,espanyol,RCD Espanyol de Barcelona,osasuna,CA Osasuna,1.3053895059422629,1.0882692446916435,1-1,0.1296951566887981,production_2025_26,0,ensemble_sports,0.4363528214370477,0.3067475012840456,0.2568996772789068,H,0.1296053201530021,medium,False,preseason_static,True
laliga_102494,2026/27,25,2027-02-21,,,barcelona,FC Barcelona,levante,Levante UD,3.2221003908907164,0.8314219368936376,3-0,0.0968438348810492,production_2025_26,0,ensemble_sports,0.70329703904456,0.1931124913262508,0.103590469629189,H,0.5101845477183091,high,False,preseason_static,True
laliga_102495,2026/27,25,2027-02-21,,,malaga,Málaga CF,betis,Real Betis,1.3466017192731614,1.7357998429879935,1-1,0.1071691702569035,production_2025_26,1,ensemble_sports,0.3212371119973385,0.3048382388840972,0.3739246491185644,A,0.0526875371212258,low,False,preseason_static,True
laliga_102496,2026/27,25,2027-02-21,,,vallecano,Rayo Vallecano,getafe,Getafe CF,0.9558092611153212,0.6826114338117343,0-0,0.1942866392713223,production_2025_26,0,ensemble_sports,0.4777050437101766,0.3038625634439392,0.2184323928458842,H,0.1738424802662374,medium,False,preseason_static,True
laliga_102497,2026/27,25,2027-02-21,,,sevilla,Sevilla FC,real_madrid,Real Madrid,0.9784369278227716,1.884274706922309,0-1,0.107618376308714,production_2025_26,0,ensemble_sports,0.2508475200159706,0.288506975099534,0.4606455048844954,A,0.1721385297849613,medium,False,preseason_static,True
laliga_102498,2026/27,25,2027-02-21,,,villarreal,Villarreal CF,valencia,Valencia CF,2.1586723561273096,1.0239167282057045,2-1,0.0989542546453226,production_2025_26,0,ensemble_sports,0.6059001696050177,0.2333739864112342,0.1607258439837481,H,0.3725261831937835,high,False,preseason_static,True
laliga_102499,2026/27,26,2027-02-28,,,athletic_bilbao,Athletic Club,barcelona,FC Barcelona,1.0981748017225297,1.848146863547678,1-1,0.1066199465553662,production_2025_26,0,ensemble_sports,0.2618502641231812,0.2720262205369539,0.4661235153398649,A,0.194097294802911,medium,False,preseason_static,True
laliga_102500,2026/27,26,2027-02-28,,,betis,Real Betis,villarreal,Villarreal CF,1.69865503757821,1.5078459332843246,1-1,0.1037283621862779,production_2025_26,0,ensemble_sports,0.4110714909037418,0.2892940448492708,0.2996344642469875,H,0.1114370266567542,medium,False,preseason_static,True
laliga_102501,2026/27,26,2027-02-28,,,celta,RC Celta,espanyol,RCD Espanyol de Barcelona,1.734239106960127,0.9858127514651432,1-0,0.1142369035090851,production_2025_26,0,ensemble_sports,0.502162683270915,0.2837071723414242,0.2141301443876609,H,0.2184555109294907,medium,False,preseason_static,True
laliga_102502,2026/27,26,2027-02-28,,,getafe,Getafe CF,alaves,Deportivo Alavés,1.0611735558493474,0.7450118357217188,1-0,0.174329176342262,production_2025_26,0,ensemble_sports,0.4520128369106166,0.3101941215396699,0.2377930415497134,H,0.1418187153709467,medium,False,preseason_static,True
laliga_102503,2026/27,26,2027-02-28,,,levante,Levante UD,deportivo,RC Deportivo,2.263326825260548,1.2100783102770354,2-1,0.0961188264318625,production_2025_26,1,ensemble_sports,0.5888654101614189,0.2289295367464267,0.1822050530921544,H,0.3599358734149922,low,False,preseason_static,True
laliga_102504,2026/27,26,2027-02-28,,,malaga,Málaga CF,atletico_madrid,Atlético de Madrid,1.1398553956872512,1.9746532519893865,1-1,0.0999378286755819,production_2025_26,1,ensemble_sports,0.2964263208357435,0.2905625418143776,0.413011137349879,A,0.1165848165141354,low,False,preseason_static,True
laliga_102505,2026/27,26,2027-02-28,,,osasuna,CA Osasuna,sevilla,Sevilla FC,1.4853636807288562,1.036549902060245,1-1,0.1236431574277701,production_2025_26,0,ensemble_sports,0.464789542590047,0.2999258033030914,0.2352846541068616,H,0.1648637392869555,medium,False,preseason_static,True
laliga_102506,2026/27,26,2027-02-28,,,racing_santander,R. Racing Club,vallecano,Rayo Vallecano,1.3297144006397108,1.4669602099172436,1-1,0.1190136083760957,production_2025_26,1,ensemble_sports,0.3907985360637065,0.2988902822101566,0.3103111817261369,H,0.0804873543375696,low,False,preseason_static,True
laliga_102507,2026/27,26,2027-02-28,,,real_madrid,Real Madrid,valencia,Valencia CF,2.362327538548876,0.7307622233484932,2-0,0.126576960145021,production_2025_26,0,ensemble_sports,0.6885418622234512,0.2014693634828565,0.1099887742936924,H,0.4870724987405946,high,False,preseason_static,True
laliga_102508,2026/27,26,2027-02-28,,,real_sociedad,Real Sociedad,elche,Elche CF,1.7743903853035647,1.1058795266343364,1-1,0.1101216886418793,production_2025_26,0,ensemble_sports,0.5048813100636558,0.2711804661754047,0.2239382237609395,H,0.233700843888251,medium,False,preseason_static,True
laliga_102509,2026/27,27,2027-03-07,,,alaves,Deportivo Alavés,athletic_bilbao,Athletic Club,1.1534476073797906,1.1252132754296889,1-1,0.1329299694281747,production_2025_26,0,ensemble_sports,0.4075681023437699,0.3141630382344505,0.2782688594217796,H,0.0934050641093194,medium,False,preseason_static,True
laliga_102510,2026/27,27,2027-03-07,,,atletico_madrid,Atlético de Madrid,celta,RC Celta,1.9842323163520783,0.9756839593428304,1-0,0.1028301741499553,production_2025_26,0,ensemble_sports,0.5367930224166051,0.2727631960885386,0.1904437814948564,H,0.2640298263280665,medium,False,preseason_static,True
laliga_102511,2026/27,27,2027-03-07,,,deportivo,RC Deportivo,getafe,Getafe CF,1.0811492784438674,1.1690668965739666,1-1,0.1331890706245077,production_2025_26,1,ensemble_sports,0.4099795247435103,0.3047009007711746,0.2853195744853151,H,0.1052786239723356,low,False,preseason_static,True
laliga_102512,2026/27,27,2027-03-07,,,elche,Elche CF,malaga,Málaga CF,1.9419148405417923,1.195365924174602,1-1,0.1007465315911916,production_2025_26,1,ensemble_sports,0.5326016871883321,0.2555638370726917,0.2118344757389761,H,0.2770378501156403,low,False,preseason_static,True
laliga_102513,2026/27,27,2027-03-07,,,espanyol,RCD Espanyol de Barcelona,racing_santander,R. Racing Club,2.1150969811071616,1.1880081547405037,2-1,0.0977092558712889,production_2025_26,1,ensemble_sports,0.5266588140850753,0.2591989881095948,0.21414219780533,H,0.2674598259754805,low,False,preseason_static,True
laliga_102514,2026/27,27,2027-03-07,,,barcelona,FC Barcelona,betis,Real Betis,2.588643212323764,0.9632320159813952,2-0,0.0960706761203922,production_2025_26,0,ensemble_sports,0.6462134469214104,0.2238841474412021,0.1299024056373875,H,0.4223292994802082,high,False,preseason_static,True
laliga_102515,2026/27,27,2027-03-07,,,vallecano,Rayo Vallecano,osasuna,CA Osasuna,1.2141285100585606,0.9083198701027768,1-0,0.1453774576454545,production_2025_26,0,ensemble_sports,0.4660730312114595,0.3088537933277051,0.2250731754608355,H,0.1572192378837544,medium,False,preseason_static,True
laliga_102516,2026/27,27,2027-03-07,,,sevilla,Sevilla FC,real_sociedad,Real Sociedad,1.4347177082725668,1.2692534501055528,1-1,0.1218976297058151,production_2025_26,0,ensemble_sports,0.4329013379453405,0.3008493900320129,0.2662492720226466,H,0.1320519479133275,medium,False,preseason_static,True
laliga_102517,2026/27,27,2027-03-07,,,valencia,Valencia CF,levante,Levante UD,1.6450432981348988,1.1234710133717754,1-1,0.1159816573227163,production_2025_26,0,ensemble_sports,0.4822969940112364,0.2860370882808312,0.2316659177079323,H,0.1962599057304052,medium,False,preseason_static,True
laliga_102518,2026/27,27,2027-03-07,,,villarreal,Villarreal CF,real_madrid,Real Madrid,1.4993242945699718,1.71435602992077,1-1,0.1033508522314756,production_2025_26,0,ensemble_sports,0.358168410654509,0.2756608606445529,0.3661707287009381,A,0.008002318046429,low,False,preseason_static,True
laliga_102519,2026/27,28,2027-03-14,,,alaves,Deportivo Alavés,sevilla,Sevilla FC,1.3757228945986466,1.0681862112896123,1-1,0.1275856426435633,production_2025_26,0,ensemble_sports,0.4536979745384173,0.3018355111733543,0.2444665142882282,H,0.151862463365063,medium,False,preseason_static,True
laliga_102520,2026/27,28,2027-03-14,,,athletic_bilbao,Athletic Club,valencia,Valencia CF,1.4839247109117266,0.9435713488143944,1-0,0.1309676219145826,production_2025_26,0,ensemble_sports,0.4615407278719952,0.2967952877746423,0.2416639843533626,H,0.1647454400973528,medium,False,preseason_static,True
laliga_102521,2026/27,28,2027-03-14,,,betis,Real Betis,levante,Levante UD,2.035079571744071,1.0523703466633132,2-1,0.099412998519139,production_2025_26,0,ensemble_sports,0.5502155921904339,0.2644791456183715,0.1853052621911946,H,0.2857364465720624,medium,False,preseason_static,True
laliga_102522,2026/27,28,2027-03-14,,,elche,Elche CF,villarreal,Villarreal CF,1.417095881719908,1.7949616216390856,1-1,0.1024417558616178,production_2025_26,0,ensemble_sports,0.3136901995911367,0.2911814477491073,0.3951283526597561,A,0.0814381530686194,medium,False,preseason_static,True
laliga_102523,2026/27,28,2027-03-14,,,barcelona,FC Barcelona,deportivo,RC Deportivo,4.151589201985484,0.7680676658053041,4-0,0.0907179049050515,production_2025_26,1,ensemble_sports,0.7719306615094497,0.143441806344388,0.0846275321461621,H,0.6284888551650617,low,False,preseason_static,True
laliga_102524,2026/27,28,2027-03-14,,,getafe,Getafe CF,real_sociedad,Real Sociedad,1.062843739159631,0.9217582885599496,1-0,0.1460722500883497,production_2025_26,0,ensemble_sports,0.4365507735829369,0.3177782616884024,0.2456709647286606,H,0.1187725118945344,medium,False,preseason_static,True
laliga_102525,2026/27,28,2027-03-14,,,malaga,Málaga CF,vallecano,Rayo Vallecano,1.2610013080108122,1.2236403495324937,1-1,0.12861844125181,production_2025_26,1,ensemble_sports,0.3831436188255441,0.3101980406884569,0.306658340485999,H,0.0729455781370871,low,False,preseason_static,True
laliga_102526,2026/27,28,2027-03-14,,,osasuna,CA Osasuna,celta,RC Celta,1.387668495261702,1.214212107474408,1-1,0.1249102398562385,production_2025_26,0,ensemble_sports,0.4130608831444131,0.3047441716227181,0.2821949452328688,H,0.1083167115216949,medium,False,preseason_static,True
laliga_102527,2026/27,28,2027-03-14,,,racing_santander,R. Racing Club,atletico_madrid,Atlético de Madrid,1.2019671388629658,2.3673114000848785,1-2,0.0949012614473894,production_2025_26,1,ensemble_sports,0.2892038913582941,0.279449923891922,0.4313461847497837,A,0.1421422933914896,low,False,preseason_static,True
laliga_102528,2026/27,28,2027-03-14,,,real_madrid,Real Madrid,espanyol,RCD Espanyol de Barcelona,2.4826800633608044,0.6851880096931505,2-0,0.1297325869332502,production_2025_26,0,ensemble_sports,0.6807920677567033,0.207075870823231,0.1121320614200656,H,0.4737161969334723,high,False,preseason_static,True
laliga_102529,2026/27,29,2027-03-21,,,atletico_madrid,Atlético de Madrid,getafe,Getafe CF,1.5424400367837183,0.6170321323579823,1-0,0.1779761288192021,production_2025_26,0,ensemble_sports,0.5724270741224775,0.2643690236239056,0.1632039022536169,H,0.3080580504985719,medium,False,preseason_static,True
laliga_102530,2026/27,29,2027-03-21,,,celta,RC Celta,real_madrid,Real Madrid,1.146138706685656,1.7603423869442725,1-1,0.110297772790417,production_2025_26,0,ensemble_sports,0.2791694765345239,0.2867381685754414,0.4340923548900347,A,0.1473541863145933,medium,False,preseason_static,True
laliga_102531,2026/27,29,2027-03-21,,,espanyol,RCD Espanyol de Barcelona,athletic_bilbao,Athletic Club,1.1864376028925212,1.1629365480802982,1-1,0.1316681508838923,production_2025_26,0,ensemble_sports,0.4017921260387959,0.312507798233437,0.285700075727767,H,0.0892843278053588,medium,False,preseason_static,True
laliga_102532,2026/27,29,2027-03-21,,,levante,Levante UD,osasuna,CA Osasuna,1.486623803866165,1.20733923269503,1-1,0.1213549129501319,production_2025_26,0,ensemble_sports,0.4566143065620116,0.3007827077245334,0.2426029857134551,H,0.1558315988374781,medium,False,preseason_static,True
laliga_102533,2026/27,29,2027-03-21,,,racing_santander,R. Racing Club,betis,Real Betis,1.419979255111417,2.080962190415548,1-2,0.0927568863973396,production_2025_26,1,ensemble_sports,0.3125226623003041,0.2982265117996603,0.3892508259000355,A,0.0767281635997314,low,False,preseason_static,True
laliga_102534,2026/27,29,2027-03-21,,,vallecano,Rayo Vallecano,barcelona,FC Barcelona,0.9105872088138725,1.8076405602201435,0-1,0.1192894868134563,production_2025_26,0,ensemble_sports,0.2630510390657761,0.2757698543873186,0.4611791065469053,A,0.1854092521595867,medium,False,preseason_static,True
laliga_102535,2026/27,29,2027-03-21,,,real_sociedad,Real Sociedad,alaves,Deportivo Alavés,1.6180938927551538,0.9767790755956464,1-0,0.1207995193548375,production_2025_26,0,ensemble_sports,0.4916502974854191,0.2770211797099913,0.2313285228045896,H,0.2146291177754278,medium,False,preseason_static,True
laliga_102536,2026/27,29,2027-03-21,,,sevilla,Sevilla FC,elche,Elche CF,1.5708290196684884,1.1614645092381024,1-1,0.1187176386829435,production_2025_26,0,ensemble_sports,0.4736922712644887,0.2834734187382573,0.2428343099972538,H,0.1902188525262314,medium,False,preseason_static,True
laliga_102537,2026/27,29,2027-03-21,,,valencia,Valencia CF,deportivo,RC Deportivo,2.119593794359546,1.0378626309336467,2-1,0.0991643107424897,production_2025_26,1,ensemble_sports,0.5906332362029845,0.2297693688417246,0.179597394955291,H,0.3608638673612598,low,False,preseason_static,True
laliga_102538,2026/27,29,2027-03-21,,,villarreal,Villarreal CF,malaga,Málaga CF,2.878823723295496,1.043261884427474,2-1,0.0856137042225073,production_2025_26,1,ensemble_sports,0.6732278033741065,0.1926447187900922,0.1341274778358013,H,0.4805830845840143,low,False,preseason_static,True
laliga_102539,2026/27,30,2027-04-04,,,athletic_bilbao,Athletic Club,racing_santander,R. Racing Club,2.372491988364116,1.01378598415698,2-1,0.0965385654989744,production_2025_26,1,ensemble_sports,0.5623782203955227,0.2486286568369926,0.1889931227674847,H,0.31374956355853,low,False,preseason_static,True
laliga_102540,2026/27,30,2027-04-04,,,betis,Real Betis,celta,RC Celta,1.744220226870572,1.1526529611470049,1-1,0.1109698185515059,production_2025_26,0,ensemble_sports,0.5078642828581155,0.2765648494853533,0.2155708676565311,H,0.2312994333727621,medium,False,preseason_static,True
laliga_102541,2026/27,30,2027-04-04,,,deportivo,RC Deportivo,villarreal,Villarreal CF,1.3544836426474394,2.418238583470725,1-2,0.0910520417801699,production_2025_26,1,ensemble_sports,0.2662942296681644,0.2926117365021023,0.4410940338297333,A,0.148482297327631,low,False,preseason_static,True
laliga_102542,2026/27,30,2027-04-04,,,elche,Elche CF,alaves,Deportivo Alavés,1.4806803392133745,1.0694458630457682,1-1,0.1236273604609406,production_2025_26,0,ensemble_sports,0.4662629641315101,0.2867601952826293,0.2469768405858606,H,0.1795027688488808,medium,False,preseason_static,True
laliga_102543,2026/27,30,2027-04-04,,,barcelona,FC Barcelona,sevilla,Sevilla FC,2.956011119364321,0.7774045945661933,2-0,0.1044942898402808,production_2025_26,0,ensemble_sports,0.708160945560265,0.1905126254687832,0.1013264289709518,H,0.5176483200914818,high,False,preseason_static,True
laliga_102544,2026/27,30,2027-04-04,,,getafe,Getafe CF,espanyol,RCD Espanyol de Barcelona,1.0967498685813803,0.7663200745703153,1-0,0.1702106015785298,production_2025_26,0,ensemble_sports,0.4509988111909033,0.3221789143759002,0.2268222744331963,H,0.1288198968150031,medium,False,preseason_static,True
laliga_102545,2026/27,30,2027-04-04,,,levante,Levante UD,vallecano,Rayo Vallecano,1.3215435095316748,1.069791266292391,1-1,0.1293710476651844,production_2025_26,0,ensemble_sports,0.4219577165637567,0.3062698071107879,0.2717724763254553,H,0.1156879094529687,medium,False,preseason_static,True
laliga_102546,2026/27,30,2027-04-04,,,malaga,Málaga CF,osasuna,CA Osasuna,1.4185189875886657,1.3809693977212336,1-1,0.1191837641016208,production_2025_26,1,ensemble_sports,0.4233141649002826,0.3010913797954644,0.2755944553042529,H,0.1222227851048182,low,False,preseason_static,True
laliga_102547,2026/27,30,2027-04-04,,,real_madrid,Real Madrid,atletico_madrid,Atlético de Madrid,1.873084792996684,1.0284219801656096,1-1,0.1058333103479626,production_2025_26,0,ensemble_sports,0.5753873538664623,0.2504846295287009,0.1741280166048369,H,0.3249027243377614,medium,False,preseason_static,True
laliga_102548,2026/27,30,2027-04-04,,,real_sociedad,Real Sociedad,valencia,Valencia CF,1.5912713616370513,1.0715432671860723,1-1,0.1189347297786467,production_2025_26,0,ensemble_sports,0.4550999653003236,0.2896066879377122,0.2552933467619643,H,0.1654932773626113,medium,False,preseason_static,True
laliga_102549,2026/27,31,2027-04-11,,,alaves,Deportivo Alavés,betis,Real Betis,1.2047504523281436,1.323520808772907,1-1,0.1272370857591992,production_2025_26,0,ensemble_sports,0.3355867727763151,0.3058371204894221,0.3585761067342629,A,0.0229893339579477,low,False,preseason_static,True
laliga_102550,2026/27,31,2027-04-11,,,atletico_madrid,Atlético de Madrid,levante,Levante UD,2.315115138784693,0.8907979254273543,2-0,0.1085971478261818,production_2025_26,0,ensemble_sports,0.5741716601523904,0.2601772144696253,0.1656511253779842,H,0.3139944456827651,medium,False,preseason_static,True
laliga_102551,2026/27,31,2027-04-11,,,celta,RC Celta,elche,Elche CF,1.8400654041475937,1.0850727863787857,1-1,0.1071327945164218,production_2025_26,0,ensemble_sports,0.5160374261698698,0.2702021210719882,0.213760452758142,H,0.2458353050978816,medium,False,preseason_static,True
laliga_102552,2026/27,31,2027-04-11,,,espanyol,RCD Espanyol de Barcelona,malaga,Málaga CF,1.7642728083286554,1.1266177431293345,1-1,0.1103686299338827,production_2025_26,1,ensemble_sports,0.5108879970618057,0.2675985236842703,0.2215134792539241,H,0.2432894733775353,low,False,preseason_static,True
laliga_102553,2026/27,31,2027-04-11,,,osasuna,CA Osasuna,real_madrid,Real Madrid,0.9644973784008452,1.738226395552806,0-1,0.1165009051330163,production_2025_26,0,ensemble_sports,0.2599870279082948,0.2909428261070166,0.4490701459846885,A,0.1581273198776719,medium,False,preseason_static,True
laliga_102554,2026/27,31,2027-04-11,,,racing_santander,R. Racing Club,barcelona,FC Barcelona,1.121850217821874,3.2947454145099937,1-3,0.0808015477560262,production_2025_26,1,ensemble_sports,0.2272548242722955,0.2530427428458879,0.5197024328818167,A,0.2666596900359288,low,False,preseason_static,True
laliga_102555,2026/27,31,2027-04-11,,,vallecano,Rayo Vallecano,real_sociedad,Real Sociedad,1.2531538987076047,1.0408564990027078,1-1,0.1315586046852385,production_2025_26,0,ensemble_sports,0.4687561595170833,0.2981595936658577,0.2330842468170589,H,0.1705965658512255,medium,False,preseason_static,True
laliga_102556,2026/27,31,2027-04-11,,,sevilla,Sevilla FC,deportivo,RC Deportivo,2.116278865020563,1.1101469558779573,2-1,0.0986923288478864,production_2025_26,1,ensemble_sports,0.557153998014747,0.2446642557286084,0.1981817462566445,H,0.3124897422861385,low,False,preseason_static,True
laliga_102557,2026/27,31,2027-04-11,,,valencia,Valencia CF,getafe,Getafe CF,1.0960062429629251,0.7781986186043297,1-0,0.1682117038536452,production_2025_26,0,ensemble_sports,0.4829202583352813,0.2940081796840939,0.2230715619806247,H,0.1889120786511874,medium,False,preseason_static,True
laliga_102558,2026/27,31,2027-04-11,,,villarreal,Villarreal CF,athletic_bilbao,Athletic Club,1.9359504387830315,1.076893544433157,1-1,0.1024726986347257,production_2025_26,0,ensemble_sports,0.5678190960967364,0.2566410611254923,0.1755398427777713,H,0.3111780349712441,medium,False,preseason_static,True
laliga_102559,2026/27,32,2027-04-18,,,alaves,Deportivo Alavés,vallecano,Rayo Vallecano,1.1281672037611852,0.9330070351156328,1-0,0.1436206503805355,production_2025_26,0,ensemble_sports,0.4051643211261703,0.3181034881832532,0.2767321906905766,H,0.0870608329429171,medium,False,preseason_static,True
laliga_102560,2026/27,32,2027-04-18,,,atletico_madrid,Atlético de Madrid,sevilla,Sevilla FC,2.1239270235662677,0.8329229351881414,2-0,0.1172497204149223,production_2025_26,0,ensemble_sports,0.5816566971874092,0.2576922867522578,0.1606510160603329,H,0.3239644104351513,medium,False,preseason_static,True
laliga_102561,2026/27,32,2027-04-18,,,betis,Real Betis,athletic_bilbao,Athletic Club,1.5653638433925805,1.0365305481849625,1-1,0.1202844245438382,production_2025_26,0,ensemble_sports,0.5185433188424908,0.2815147877181332,0.1999418934393759,H,0.2370285311243575,medium,False,preseason_static,True
laliga_102562,2026/27,32,2027-04-18,,,deportivo,RC Deportivo,celta,RC Celta,1.3908166839096785,1.848590630162126,1-1,0.1007524866444073,production_2025_26,1,ensemble_sports,0.3520905639828135,0.3012073337331671,0.3467021022840194,H,0.005388461698794,low,False,preseason_static,True
laliga_102563,2026/27,32,2027-04-18,,,elche,Elche CF,osasuna,CA Osasuna,1.4368272538747746,1.1546773334301048,1-1,0.1242765625108938,production_2025_26,0,ensemble_sports,0.4491757565378932,0.3036673981004429,0.2471568453616639,H,0.1455083584374502,medium,False,preseason_static,True
laliga_102564,2026/27,32,2027-04-18,,,barcelona,FC Barcelona,espanyol,RCD Espanyol de Barcelona,2.9043309980808227,0.7300632941626521,2-0,0.111368325673753,production_2025_26,0,ensemble_sports,0.7073026767056599,0.1910057854607666,0.1016915378335734,H,0.5162968912448933,high,False,preseason_static,True
laliga_102565,2026/27,32,2027-04-18,,,getafe,Getafe CF,real_madrid,Real Madrid,0.724829391107963,1.3683995335093002,0-1,0.1687078320529449,production_2025_26,0,ensemble_sports,0.2545755119751017,0.3008901968059303,0.4445342912189679,A,0.1436440944130376,medium,False,preseason_static,True
laliga_102566,2026/27,32,2027-04-18,,,levante,Levante UD,villarreal,Villarreal CF,1.4662085956709818,1.8768252603946527,1-1,0.0972211248185189,production_2025_26,0,ensemble_sports,0.3173335342525429,0.3002370011108475,0.3824294646366096,A,0.0650959303840667,low,False,preseason_static,True
laliga_102567,2026/27,32,2027-04-18,,,malaga,Málaga CF,valencia,Valencia CF,1.4375813637820114,1.4031224814290002,1-1,0.1177677280922904,production_2025_26,1,ensemble_sports,0.4004898528525509,0.3007967210035994,0.2987134261438496,H,0.0996931318489514,low,False,preseason_static,True
laliga_102568,2026/27,32,2027-04-18,,,real_sociedad,Real Sociedad,racing_santander,R. Racing Club,2.544117318780696,1.1512807664793796,2-1,0.0925477203767617,production_2025_26,1,ensemble_sports,0.5632019677671217,0.2447597039355927,0.1920383282972855,H,0.318442263831529,low,False,preseason_static,True
laliga_102569,2026/27,33,2027-04-21,,,athletic_bilbao,Athletic Club,deportivo,RC Deportivo,2.2292602621761333,0.9307807227202974,2-0,0.1054175389952719,production_2025_26,1,ensemble_sports,0.576541257795534,0.2427653443150019,0.1806933978894641,H,0.333775913480532,low,False,preseason_static,True
laliga_102570,2026/27,33,2027-04-21,,,celta,RC Celta,barcelona,FC Barcelona,1.2212032142024454,2.0593136574822632,1-2,0.0973861767498084,production_2025_26,0,ensemble_sports,0.2663617975432455,0.272045970437675,0.4615922320190795,A,0.1895462615814045,medium,False,preseason_static,True
laliga_102571,2026/27,33,2027-04-21,,,espanyol,RCD Espanyol de Barcelona,real_sociedad,Real Sociedad,1.3473482709212052,1.2470630152282105,1-1,0.1254960011113975,production_2025_26,0,ensemble_sports,0.4326016187551551,0.2977118271548947,0.2696865540899502,H,0.1348897916002603,medium,False,preseason_static,True
laliga_102572,2026/27,33,2027-04-21,,,getafe,Getafe CF,betis,Real Betis,0.9775380646339002,1.0110685418885412,0-1,0.1384011601238499,production_2025_26,0,ensemble_sports,0.3451508825623172,0.3181141134529091,0.3367350039847737,H,0.0084158785775435,low,False,preseason_static,True
laliga_102573,2026/27,33,2027-04-21,,,osasuna,CA Osasuna,alaves,Deportivo Alavés,1.412055202508405,0.9463604788944056,1-0,0.1335380083876269,production_2025_26,0,ensemble_sports,0.4612695224319666,0.2951828046907351,0.2435476728772984,H,0.1660867177412315,medium,False,preseason_static,True
laliga_102574,2026/27,33,2027-04-21,,,racing_santander,R. Racing Club,malaga,Málaga CF,2.02163902324948,1.7139132262896102,2-1,0.0835682232011877,production_2025_26,1,ensemble_sports,0.5239378546210834,0.2419765142693336,0.2340856311095829,H,0.2819613403517498,low,False,preseason_static,True
laliga_102575,2026/27,33,2027-04-21,,,real_madrid,Real Madrid,elche,Elche CF,2.634177534010715,0.7541785818514739,2-0,0.1171542068571602,production_2025_26,0,ensemble_sports,0.7034984689389479,0.1874804933572084,0.1090210377038436,H,0.5160179755817393,high,False,preseason_static,True
laliga_102576,2026/27,33,2027-04-21,,,sevilla,Sevilla FC,levante,Levante UD,1.6424705399453827,1.2017177305919768,1-1,0.1148379377734,production_2025_26,0,ensemble_sports,0.4386091327437585,0.2979716202786958,0.2634192469775457,H,0.1406375124650627,medium,False,preseason_static,True
laliga_102577,2026/27,33,2027-04-21,,,valencia,Valencia CF,vallecano,Rayo Vallecano,1.2376186198637111,0.9175409299997016,1-0,0.1434210748838994,production_2025_26,0,ensemble_sports,0.4488034936396934,0.3017907149698087,0.2494057913904979,H,0.1470127786698847,medium,False,preseason_static,True
laliga_102578,2026/27,33,2027-04-21,,,villarreal,Villarreal CF,atletico_madrid,Atlético de Madrid,1.7116070051014771,1.4409864597554995,1-1,0.1054170884209089,production_2025_26,0,ensemble_sports,0.471982225038374,0.2703733741867374,0.2576444007748886,H,0.2016088508516366,medium,False,preseason_static,True
laliga_102579,2026/27,34,2027-05-02,,,atletico_madrid,Atlético de Madrid,alaves,Deportivo Alavés,2.01910295928557,0.7604509404323596,2-0,0.1265161454502458,production_2025_26,0,ensemble_sports,0.575538659894639,0.2549496335127915,0.1695117065925695,H,0.3205890263818475,medium,False,preseason_static,True
laliga_102580,2026/27,34,2027-05-02,,,betis,Real Betis,valencia,Valencia CF,1.7454515303278748,0.9855393535128464,1-0,0.1137246325258731,production_2025_26,0,ensemble_sports,0.5302113931667218,0.2694118640227025,0.2003767428105757,H,0.2607995291440193,medium,False,preseason_static,True
laliga_102581,2026/27,34,2027-05-02,,,celta,RC Celta,sevilla,Sevilla FC,1.7650984296204957,1.0497382466679674,1-1,0.1110153543324937,production_2025_26,0,ensemble_sports,0.5055892443267578,0.2804038533341418,0.2140069023391003,H,0.2251853909926159,medium,False,preseason_static,True
laliga_102582,2026/27,34,2027-05-02,,,deportivo,RC Deportivo,racing_santander,R. Racing Club,2.2252010397181934,1.6981954984987984,2-1,0.0831375147709933,production_2025_26,1,ensemble_sports,0.4965328099751105,0.2457580342754705,0.257709155749419,H,0.2388236542256915,low,False,preseason_static,True
laliga_102583,2026/27,34,2027-05-02,,,elche,Elche CF,espanyol,RCD Espanyol de Barcelona,1.5303208023719814,1.1000333071544204,1-1,0.1212942863481205,production_2025_26,0,ensemble_sports,0.4663580581639064,0.2984458493489737,0.23519609248712,H,0.1679122088149326,medium,False,preseason_static,True
laliga_102584,2026/27,34,2027-05-02,,,barcelona,FC Barcelona,osasuna,CA Osasuna,2.7268935545068134,0.7663291031792298,2-0,0.113051365365298,production_2025_26,0,ensemble_sports,0.6916486519221069,0.1992888155994751,0.109062532478418,H,0.4923598363226317,high,False,preseason_static,True
laliga_102585,2026/27,34,2027-05-02,,,levante,Levante UD,real_madrid,Real Madrid,1.0464228425516502,2.053890200191628,1-2,0.0994002383743432,production_2025_26,0,ensemble_sports,0.2598331913648451,0.2815890702280976,0.4585777384070573,A,0.1769886681789596,medium,False,preseason_static,True
laliga_102586,2026/27,34,2027-05-02,,,malaga,Málaga CF,getafe,Getafe CF,1.116713407330976,1.0378122637809908,1-1,0.1343884479286809,production_2025_26,1,ensemble_sports,0.4320755246173829,0.2998754585822014,0.2680490168004157,H,0.1322000660351815,low,False,preseason_static,True
laliga_102587,2026/27,34,2027-05-02,,,vallecano,Rayo Vallecano,villarreal,Villarreal CF,1.1974553703953237,1.411995593750326,1-1,0.1244006595591381,production_2025_26,0,ensemble_sports,0.344877638546113,0.3063463270314144,0.3487760344224726,A,0.0038983958763595,low,False,preseason_static,True
laliga_102588,2026/27,34,2027-05-02,,,real_sociedad,Real Sociedad,athletic_bilbao,Athletic Club,1.4270912776734692,1.1269842509904473,1-1,0.1250687625279316,production_2025_26,0,ensemble_sports,0.4465818874108022,0.292994849690768,0.2604232628984299,H,0.1535870377200341,medium,False,preseason_static,True
laliga_102589,2026/27,35,2027-05-09,,,alaves,Deportivo Alavés,levante,Levante UD,1.4995604202587869,1.1424082838731746,1-1,0.1220093570705024,production_2025_26,0,ensemble_sports,0.4453250636867484,0.3001946310000237,0.2544803053132278,H,0.1451304326867247,medium,False,preseason_static,True
laliga_102590,2026/27,35,2027-05-09,,,athletic_bilbao,Athletic Club,malaga,Málaga CF,1.97897455314666,0.9613985164407964,1-0,0.1045816977397211,production_2025_26,1,ensemble_sports,0.5438773897920505,0.2570986251531913,0.1990239850547582,H,0.2867787646388591,low,False,preseason_static,True
laliga_102591,2026/27,35,2027-05-09,,,betis,Real Betis,espanyol,RCD Espanyol de Barcelona,1.834376328089343,0.9240758847843552,1-0,0.1162811944134875,production_2025_26,0,ensemble_sports,0.5596387576318081,0.2681382294350313,0.1722230129331604,H,0.2915005281967768,medium,False,preseason_static,True
laliga_102592,2026/27,35,2027-05-09,,,getafe,Getafe CF,elche,Elche CF,1.16367545979138,0.8434797149217153,1-0,0.1563635348420838,production_2025_26,0,ensemble_sports,0.4610575025802279,0.3041313689567519,0.2348111284630201,H,0.1569261336234759,medium,False,preseason_static,True
laliga_102593,2026/27,35,2027-05-09,,,osasuna,CA Osasuna,real_sociedad,Real Sociedad,1.41427763918658,1.1708748419297783,1-1,0.1248325519381338,production_2025_26,0,ensemble_sports,0.4467892163868302,0.2923623605917106,0.2608484230214591,H,0.1544268557951196,medium,False,preseason_static,True
laliga_102594,2026/27,35,2027-05-09,,,racing_santander,R. Racing Club,sevilla,Sevilla FC,1.621495943277575,1.6795014504364478,1-1,0.1003442539744999,production_2025_26,1,ensemble_sports,0.4399613482932414,0.2894980232700694,0.2705406284366892,H,0.1504633250231719,low,False,preseason_static,True
laliga_102595,2026/27,35,2027-05-09,,,vallecano,Rayo Vallecano,deportivo,RC Deportivo,1.8484633563533,0.9103805656605076,1-0,0.1171283147900599,production_2025_26,1,ensemble_sports,0.5874799445934759,0.2392088155970956,0.1733112398094285,H,0.3482711289963802,low,False,preseason_static,True
laliga_102596,2026/27,35,2027-05-09,,,real_madrid,Real Madrid,barcelona,FC Barcelona,1.7482346356074026,1.4313235695187552,1-1,0.104105612417898,production_2025_26,0,ensemble_sports,0.4503129574437534,0.2587756753829615,0.2909113671732851,H,0.1594015902704683,medium,False,preseason_static,True
laliga_102597,2026/27,35,2027-05-09,,,valencia,Valencia CF,atletico_madrid,Atlético de Madrid,1.1187191105138523,1.4806844036726197,1-1,0.1231054220336391,production_2025_26,0,ensemble_sports,0.3425164451735262,0.2914405921073804,0.3660429627190934,A,0.0235265175455672,low,False,preseason_static,True
laliga_102598,2026/27,35,2027-05-09,,,villarreal,Villarreal CF,celta,RC Celta,2.15714955203387,1.1975378198014024,2-1,0.0972981896975693,production_2025_26,0,ensemble_sports,0.5761172617551529,0.2476788898543587,0.1762038483904884,H,0.3284383719007941,medium,False,preseason_static,True
laliga_102599,2026/27,36,2027-05-16,,,atletico_madrid,Atlético de Madrid,vallecano,Rayo Vallecano,1.741735069305962,0.7275163731064119,1-0,0.1474350754834913,production_2025_26,0,ensemble_sports,0.53048425394413,0.2809153176917945,0.1886004283640754,H,0.2495689362523355,medium,False,preseason_static,True
laliga_102600,2026/27,36,2027-05-16,,,deportivo,RC Deportivo,alaves,Deportivo Alavés,1.415258717017837,1.4407969606552566,1-1,0.1172383507098675,production_2025_26,1,ensemble_sports,0.4140260100161042,0.2959307024020886,0.2900432875818074,H,0.1180953076140156,low,False,preseason_static,True
laliga_102601,2026/27,36,2027-05-16,,,elche,Elche CF,athletic_bilbao,Athletic Club,1.305898258793901,1.2339009659932556,1-1,0.1271068501116337,production_2025_26,0,ensemble_sports,0.4124625989799697,0.3025299629210888,0.2850074380989414,H,0.1099326360588809,medium,False,preseason_static,True
laliga_102602,2026/27,36,2027-05-16,,,espanyol,RCD Espanyol de Barcelona,valencia,Valencia CF,1.3229316227971222,1.105726923126824,1-1,0.1289532700891168,production_2025_26,0,ensemble_sports,0.4231259346167467,0.3032200054714692,0.273654059911784,H,0.1199059291452774,medium,False,preseason_static,True
laliga_102603,2026/27,36,2027-05-16,,,levante,Levante UD,getafe,Getafe CF,1.1703281718186755,0.9073274645350003,1-0,0.146552524489394,production_2025_26,0,ensemble_sports,0.4650475908958653,0.2960438604708163,0.2389085486333184,H,0.169003730425049,medium,False,preseason_static,True
laliga_102604,2026/27,36,2027-05-16,,,malaga,Málaga CF,celta,RC Celta,1.436567242866808,1.641043837880583,1-1,0.108606884728907,production_2025_26,1,ensemble_sports,0.3723905763499779,0.3009540697693712,0.3266553538806508,H,0.0457352224693271,low,False,preseason_static,True
laliga_102605,2026/27,36,2027-05-16,,,osasuna,CA Osasuna,betis,Real Betis,1.3007652727564385,1.2843222934435514,1-1,0.1259458327950885,production_2025_26,0,ensemble_sports,0.3479183453563349,0.3112815062100824,0.3408001484335826,H,0.0071181969227522,low,False,preseason_static,True
laliga_102606,2026/27,36,2027-05-16,,,real_madrid,Real Madrid,racing_santander,R. Racing Club,3.7768783806124815,0.7851409442571169,3-0,0.0939265213894488,production_2025_26,1,ensemble_sports,0.7398088782056187,0.1544871169252658,0.1057040048691155,H,0.5853217612803528,low,False,preseason_static,True
laliga_102607,2026/27,36,2027-05-16,,,real_sociedad,Real Sociedad,barcelona,FC Barcelona,1.1776164243392404,2.0988018880542763,1-2,0.0979471918204514,production_2025_26,0,ensemble_sports,0.2616427467993888,0.2600265157537776,0.4783307374468336,A,0.2166879906474447,medium,False,preseason_static,True
laliga_102608,2026/27,36,2027-05-16,,,sevilla,Sevilla FC,villarreal,Villarreal CF,1.370949271708818,1.7218322416381218,1-1,0.1071112949128192,production_2025_26,0,ensemble_sports,0.3111005174477029,0.3015845742145233,0.3873149083377737,A,0.0762143908900708,low,False,preseason_static,True
laliga_102609,2026/27,37,2027-05-23,,,alaves,Deportivo Alavés,real_madrid,Real Madrid,0.8933038706017956,1.7912784171207563,0-1,0.1222545741247086,production_2025_26,0,ensemble_sports,0.2542423892785451,0.2899895241302903,0.4557680865911646,A,0.1657785624608743,medium,False,preseason_static,True
laliga_102610,2026/27,37,2027-05-23,,,atletico_madrid,Atlético de Madrid,athletic_bilbao,Athletic Club,1.7807645371028786,0.877390041341262,1-0,0.124791745885284,production_2025_26,0,ensemble_sports,0.5367602917808354,0.2804044688999506,0.182835239319214,H,0.2563558228808847,medium,False,preseason_static,True
laliga_102611,2026/27,37,2027-05-23,,,celta,RC Celta,real_sociedad,Real Sociedad,1.6806249354034832,1.1857722442421903,1-1,0.1133998133804279,production_2025_26,0,ensemble_sports,0.4847874099310658,0.2883847681927535,0.2268278218761807,H,0.1964026417383123,medium,False,preseason_static,True
laliga_102612,2026/27,37,2027-05-23,,,deportivo,RC Deportivo,espanyol,RCD Espanyol de Barcelona,1.4627058913615882,1.4820054949334174,1-1,0.11406051281769,production_2025_26,1,ensemble_sports,0.4104593468487812,0.302005141631647,0.2875355115195718,H,0.1084542052171342,low,False,preseason_static,True
laliga_102613,2026/27,37,2027-05-23,,,barcelona,FC Barcelona,malaga,Málaga CF,3.685477880374377,0.7933330551510166,3-0,0.0948135022406903,production_2025_26,1,ensemble_sports,0.7535275293096715,0.1544320835410218,0.0920403871493065,H,0.5990954457686497,low,False,preseason_static,True
laliga_102614,2026/27,37,2027-05-23,,,racing_santander,R. Racing Club,levante,Levante UD,1.767457056719706,1.7962002780762427,1-1,0.0899558449883381,production_2025_26,1,ensemble_sports,0.4233325765921388,0.2840444019104461,0.2926230214974149,H,0.1307095550947238,low,False,preseason_static,True
laliga_102615,2026/27,37,2027-05-23,,,vallecano,Rayo Vallecano,betis,Real Betis,1.1525736020232338,1.141706319132746,1-1,0.1326874959284665,production_2025_26,0,ensemble_sports,0.3845765778784031,0.3063651111163676,0.3090583110052292,H,0.0755182668731739,low,False,preseason_static,True
laliga_102616,2026/27,37,2027-05-23,,,sevilla,Sevilla FC,getafe,Getafe CF,1.0942921488472623,0.8323980474514844,1-0,0.1593611203170437,production_2025_26,0,ensemble_sports,0.4426783737385392,0.3065942947337987,0.2507273315276622,H,0.1360840790047405,medium,False,preseason_static,True
laliga_102617,2026/27,37,2027-05-23,,,valencia,Valencia CF,elche,Elche CF,1.5732895589149434,1.085838775588583,1-1,0.1195995741867474,production_2025_26,0,ensemble_sports,0.5020578656749932,0.2744272049337397,0.2235149293912671,H,0.2276306607412535,medium,False,preseason_static,True
laliga_102618,2026/27,37,2027-05-23,,,villarreal,Villarreal CF,osasuna,CA Osasuna,2.130048289644966,1.0077507032934512,2-1,0.0991698475225662,production_2025_26,0,ensemble_sports,0.5997500807489452,0.2436330063924029,0.1566169128586519,H,0.3561170743565422,medium,False,preseason_static,True
laliga_102619,2026/27,38,2027-05-30,,,athletic_bilbao,Athletic Club,vallecano,Rayo Vallecano,1.3016522393740486,0.8228732632779185,1-0,0.155533995353701,production_2025_26,0,ensemble_sports,0.4318297250021176,0.3147054842785747,0.2534647907193076,H,0.1171242407235428,medium,False,preseason_static,True
laliga_102620,2026/27,38,2027-05-30,,,betis,Real Betis,atletico_madrid,Atlético de Madrid,1.3839650366088685,1.386976914086409,1-1,0.1201682603673754,production_2025_26,0,ensemble_sports,0.4087816676821268,0.2894270841133037,0.3017912482045694,H,0.1069904194775574,medium,False,preseason_static,True
laliga_102621,2026/27,38,2027-05-30,,,elche,Elche CF,racing_santander,R. Racing Club,2.3280629828944286,1.2605024858509788,2-1,0.0944111512012393,production_2025_26,1,ensemble_sports,0.551544223597408,0.246350231205728,0.202105545196864,H,0.3051939923916799,low,False,preseason_static,True
laliga_102622,2026/27,38,2027-05-30,,,espanyol,RCD Espanyol de Barcelona,alaves,Deportivo Alavés,1.3452310089829531,1.0079396277383246,1-1,0.1289028309048475,production_2025_26,0,ensemble_sports,0.4422061985364288,0.2990463452864514,0.2587474561771198,H,0.1431598532499773,medium,False,preseason_static,True
laliga_102623,2026/27,38,2027-05-30,,,getafe,Getafe CF,barcelona,FC Barcelona,0.7723009239685454,1.6008044055223152,0-1,0.1491805379269494,production_2025_26,0,ensemble_sports,0.2436495947850432,0.2794435076395209,0.4769068975754358,A,0.1974633899359148,medium,False,preseason_static,True
laliga_102624,2026/27,38,2027-05-30,,,levante,Levante UD,celta,RC Celta,1.505538577760274,1.4347143472657893,1-1,0.1141621431155761,production_2025_26,0,ensemble_sports,0.4151011794833215,0.2954185130078964,0.2894803075087822,H,0.119682666475425,medium,False,preseason_static,True
laliga_102625,2026/27,38,2027-05-30,,,malaga,Málaga CF,sevilla,Sevilla FC,1.5377050172755606,1.400928074230671,1-1,0.1140399877163128,production_2025_26,1,ensemble_sports,0.4336208634740289,0.2946713182911621,0.2717078182348088,H,0.1389495451828668,low,False,preseason_static,True
laliga_102626,2026/27,38,2027-05-30,,,osasuna,CA Osasuna,valencia,Valencia CF,1.388648096913766,1.0381735489899833,1-1,0.1273230499442098,production_2025_26,0,ensemble_sports,0.4346261758983341,0.3045355446528704,0.2608382794487954,H,0.1300906312454636,medium,False,preseason_static,True
laliga_102627,2026/27,38,2027-05-30,,,real_madrid,Real Madrid,deportivo,RC Deportivo,3.548861252331173,0.7208563414305162,3-0,0.1043025658829703,production_2025_26,1,ensemble_sports,0.753183935182612,0.1520260584006704,0.0947900064167177,H,0.6011578767819415,low,False,preseason_static,True
laliga_102628,2026/27,38,2027-05-30,,,real_sociedad,Real Sociedad,villarreal,Villarreal CF,1.5486085219971504,1.6394293662710209,1-1,0.1047340695979944,production_2025_26,0,ensemble_sports,0.3417987983742435,0.2931363381828941,0.3650648634428624,A,0.0232660650686188,low,False,preseason_static,True
