fixture_id,season,matchday,reference_date,scheduled_date,kickoff_time,home_team_id,home_team_x,home_team_official,away_team_id,away_team_x,away_team_official,status,home_team_y,home_target_season,home_snapshot_date,home_promoted,home_promotion_type,home_segunda_position,home_previous_division,home_previous_season,home_previous_position,home_previous_played,home_previous_points,home_previous_ppg,home_previous_goals_for,home_previous_goals_against,home_previous_goal_difference,home_previous_goals_for_avg,home_previous_goals_against_avg,home_last_match_date,home_days_since_last_match_at_snapshot,home_elo_end_2025_26,home_elo_initial_2026_27,home_form_matches_5,home_form_ppg_5,home_form_win_rate_5,home_form_goals_for_avg_5,home_form_goals_against_avg_5,home_form_shots_on_target_for_avg_5,home_form_matches_10,home_form_ppg_10,home_form_win_rate_10,home_form_goals_for_avg_10,home_form_goals_against_avg_10,home_form_shots_on_target_for_avg_10,home_home_ppg_last_5_home_matches,home_away_ppg_last_5_away_matches,away_team_y,away_target_season,away_snapshot_date,away_promoted,away_promotion_type,away_segunda_position,away_previous_division,away_previous_season,away_previous_position,away_previous_played,away_previous_points,away_previous_ppg,away_previous_goals_for,away_previous_goals_against,away_previous_goal_difference,away_previous_goals_for_avg,away_previous_goals_against_avg,away_last_match_date,away_days_since_last_match_at_snapshot,away_elo_end_2025_26,away_elo_initial_2026_27,away_form_matches_5,away_form_ppg_5,away_form_win_rate_5,away_form_goals_for_avg_5,away_form_goals_against_avg_5,away_form_shots_on_target_for_avg_5,away_form_matches_10,away_form_ppg_10,away_form_win_rate_10,away_form_goals_for_avg_10,away_form_goals_against_avg_10,away_form_shots_on_target_for_avg_10,away_home_ppg_last_5_home_matches,away_away_ppg_last_5_away_matches,elo_difference_preseason,form_ppg_5_difference_preseason,previous_ppg_difference,feature_snapshot_type,requires_dynamic_update
laliga_102249,2026/27,1,2026-08-16,,,alaves,Deportivo Alavés,Deportivo Alavés,getafe,Getafe CF,Getafe CF,scheduled,Deportivo Alavés,2026/27,2026-08-16,0,,,SP1,2025/26,14,38,43,1.131578947368421,44,56,-12,1.1578947368421053,1.4736842105263157,2026-05-23,85,1474.8795215968157,1481.1596411976118,5,1.4,0.4,1.2,1.4,4.6,10,1.5,0.4,1.8,1.8,4.6,1.4,1.6,Getafe CF,2026/27,2026-08-16,0,,,SP1,2025/26,7,38,51,1.3421052631578947,32,38,-6,0.8421052631578947,1.0,2026-05-23,85,1490.4153718258704,1492.8115288694028,5,1.4,0.4,0.8,0.8,2.8,10,1.6,0.5,0.9,0.8,2.6,1.8,1.4,-11.651887671790973,0.0,-0.21052631578947367,preseason_static,0
laliga_102250,2026/27,1,2026-08-16,,,atletico_madrid,Atlético de Madrid,Atlético de Madrid,malaga,Málaga CF,Málaga CF,scheduled,Atlético de Madrid,2026/27,2026-08-16,0,,,SP1,2025/26,4,38,69,1.8157894736842106,62,44,18,1.631578947368421,1.1578947368421053,2026-05-24,84,1596.245603432995,1572.1842025747462,5,1.8,0.6,1.2,1.4,4.2,10,1.2,0.4,1.5,1.9,3.9,1.8,1.2,Málaga CF,2026/27,2026-08-16,1,playoff,4,SP2,2025/26,4,42,73,1.7380952380952381,75,52,23,1.7857142857142858,1.2380952380952381,2026-05-31,77,1433.1728222935901,1449.8796167201926,5,2.6,0.8,2.6,1.0,7.2,10,1.8,0.5,2.3,1.5,5.9,1.6,2.0,122.30458585455358,-0.8,0.07769423558897248,preseason_static,0
laliga_102251,2026/27,1,2026-08-16,,,celta,RC Celta,RC Celta,osasuna,CA Osasuna,CA Osasuna,scheduled,RC Celta,2026/27,2026-08-16,0,,,SP1,2025/26,6,38,54,1.4210526315789473,53,48,5,1.394736842105263,1.263157894736842,2026-05-23,85,1527.5555130299024,1520.6666347724267,5,2.0,0.6,1.6,1.0,3.2,10,1.3,0.4,1.5,1.7,3.8,1.2,1.4,CA Osasuna,2026/27,2026-08-16,0,,,SP1,2025/26,16,38,42,1.105263157894737,44,50,-6,1.1578947368421053,1.3157894736842106,2026-05-23,85,1462.869415055948,1472.152061291961,5,0.0,0.0,1.0,2.0,5.0,10,0.8,0.2,1.1,1.5,5.5,0.8,0.2,48.51457348046574,2.0,0.3157894736842104,preseason_static,0
laliga_102252,2026/27,1,2026-08-16,,,deportivo,RC Deportivo,RC Deportivo,elche,Elche CF,Elche CF,scheduled,RC Deportivo,2026/27,2026-08-16,1,direct,2,SP2,2025/26,2,42,77,1.8333333333333333,65,44,21,1.5476190476190477,1.0476190476190477,2026-05-31,77,1440.2106190968582,1455.1579643226437,5,2.4,0.8,1.6,0.8,5.4,10,2.1,0.6,1.6,0.8,4.8,2.0,1.8,Elche CF,2026/27,2026-08-16,0,,,SP1,2025/26,13,38,43,1.131578947368421,49,57,-8,1.2894736842105263,1.5,2026-05-23,85,1467.1865261401447,1475.3898946051086,5,1.0,0.2,1.0,1.4,3.0,10,1.7,0.5,1.3,1.2,3.5,2.6,0.8,-20.231930282464873,1.4,0.7017543859649122,preseason_static,0
laliga_102253,2026/27,1,2026-08-16,,,espanyol,RCD Espanyol,RCD Espanyol de Barcelona,levante,Levante UD,Levante UD,scheduled,RCD Espanyol,2026/27,2026-08-16,0,,,SP1,2025/26,11,38,46,1.2105263157894737,43,55,-12,1.131578947368421,1.4473684210526316,2026-05-23,85,1459.7220649449923,1469.7915487087444,5,1.4,0.4,1.2,1.2,4.8,10,0.9,0.2,0.8,1.3,3.9,1.0,0.8,Levante UD,2026/27,2026-08-16,0,,,SP1,2025/26,18,38,42,1.105263157894737,47,61,-14,1.236842105263158,1.605263157894737,2026-05-23,85,1479.1546214464315,1484.3659660848236,5,1.8,0.6,2.0,2.2,6.2,10,1.9,0.6,1.7,1.5,5.4,3.0,0.8,-14.574417376079282,-0.40000000000000013,0.10526315789473673,preseason_static,0
laliga_102254,2026/27,1,2026-08-16,,,barcelona,FC Barcelona,FC Barcelona,athletic_bilbao,Athletic Club,Athletic Club,scheduled,FC Barcelona,2026/27,2026-08-16,0,,,SP1,2025/26,1,38,94,2.473684210526316,95,36,59,2.5,0.9473684210526315,2026-05-23,85,1726.7586777810607,1670.0690083357954,5,1.8,0.6,1.6,1.2,4.8,10,2.4,0.8,1.8,0.8,5.3,3.0,1.8,Athletic Club,2026/27,2026-08-16,0,,,SP1,2025/26,12,38,45,1.1842105263157894,43,58,-15,1.131578947368421,1.5263157894736843,2026-05-23,85,1494.3913499077144,1495.7935124307858,5,0.8,0.2,1.4,2.0,4.6,10,1.0,0.3,1.3,1.8,4.1,1.4,0.6,174.27549590500962,1.0,1.2894736842105265,preseason_static,0
laliga_102255,2026/27,1,2026-08-16,,,racing_santander,Racing de Santander,R. Racing Club,villarreal,Villarreal CF,Villarreal CF,scheduled,Racing de Santander,2026/27,2026-08-16,1,direct,1,SP2,2025/26,1,42,82,1.9523809523809523,90,61,29,2.142857142857143,1.4523809523809523,2026-05-31,77,1460.9465325654298,1470.7098994240723,5,2.6,0.8,3.0,1.2,8.8,10,2.3,0.7,2.8,1.5,8.3,3.0,1.6,Villarreal CF,2026/27,2026-08-16,0,,,SP1,2025/26,3,38,72,1.894736842105263,72,46,26,1.894736842105263,1.2105263157894737,2026-05-24,84,1603.2044974684716,1577.4033731013537,5,1.4,0.4,2.6,1.6,4.8,10,1.7,0.5,2.1,1.3,4.7,2.4,1.0,-106.69347367728142,1.2000000000000002,0.057644110275689275,preseason_static,0
laliga_102256,2026/27,1,2026-08-16,,,real_madrid,Real Madrid,Real Madrid,real_sociedad,Real Sociedad,Real Sociedad,scheduled,Real Madrid,2026/27,2026-08-16,0,,,SP1,2025/26,2,38,86,2.263157894736842,77,35,42,2.026315789473684,0.9210526315789473,2026-05-23,85,1691.8492105610512,1643.8869079207884,5,2.4,0.8,1.8,0.8,4.4,10,2.0,0.6,1.7,1.1,6.3,2.6,1.4,Real Sociedad,2026/27,2026-08-16,0,,,SP1,2025/26,10,38,46,1.2105263157894737,59,61,-2,1.5526315789473684,1.605263157894737,2026-05-23,85,1486.0260664556174,1489.5195498417131,5,0.6,0.0,1.4,1.8,3.0,10,0.8,0.1,1.6,1.9,4.0,1.0,0.6,154.3673580790753,1.7999999999999998,1.0526315789473684,preseason_static,0
laliga_102257,2026/27,1,2026-08-16,,,sevilla,Sevilla FC,Sevilla FC,vallecano,Rayo Vallecano,Rayo Vallecano,scheduled,Sevilla FC,2026/27,2026-08-16,0,,,SP1,2025/26,15,38,43,1.131578947368421,46,60,-14,1.2105263157894737,1.5789473684210527,2026-05-23,85,1456.2846048483327,1467.2134536362496,5,1.8,0.6,1.2,1.0,4.8,10,1.2,0.4,0.9,1.3,3.0,1.8,0.6,Rayo Vallecano,2026/27,2026-08-16,0,,,SP1,2025/26,8,38,50,1.3157894736842106,41,44,-3,1.0789473684210527,1.1578947368421053,2026-05-23,85,1525.3080964337516,1518.9810723253138,5,2.2,0.6,1.6,0.6,5.6,10,1.8,0.5,1.3,1.0,5.5,2.2,1.4,-51.76761868906419,-0.40000000000000013,-0.1842105263157896,preseason_static,0
laliga_102258,2026/27,1,2026-08-16,,,valencia,Valencia CF,Valencia CF,betis,Real Betis,Real Betis,scheduled,Valencia CF,2026/27,2026-08-16,0,,,SP1,2025/26,9,38,49,1.2894736842105263,46,55,-9,1.2105263157894737,1.4473684210526316,2026-05-23,85,1517.05524428307,1512.7914332123023,5,2.0,0.6,1.8,1.4,3.6,10,1.7,0.5,1.6,1.3,4.0,1.4,2.0,Real Betis,2026/27,2026-08-16,0,,,SP1,2025/26,5,38,60,1.5789473684210527,59,48,11,1.5526315789473684,1.263157894736842,2026-05-23,85,1573.7174382969486,1555.2880787227114,5,2.0,0.6,2.0,1.4,5.6,10,1.6,0.4,1.6,1.3,4.7,2.2,1.0,-42.49664551040905,0.0,-0.2894736842105263,preseason_static,0
laliga_102259,2026/27,2,2026-08-23,,,athletic_bilbao,Athletic Club,Athletic Club,sevilla,Sevilla FC,Sevilla FC,scheduled,Athletic Club,2026/27,2026-08-16,0,,,SP1,2025/26,12,38,45,1.1842105263157894,43,58,-15,1.131578947368421,1.5263157894736843,2026-05-23,85,1494.3913499077144,1495.7935124307858,5,0.8,0.2,1.4,2.0,4.6,10,1.0,0.3,1.3,1.8,4.1,1.4,0.6,Sevilla FC,2026/27,2026-08-16,0,,,SP1,2025/26,15,38,43,1.131578947368421,46,60,-14,1.2105263157894737,1.5789473684210527,2026-05-23,85,1456.2846048483327,1467.2134536362496,5,1.8,0.6,1.2,1.0,4.8,10,1.2,0.4,0.9,1.3,3.0,1.8,0.6,28.58005879453617,-1.0,0.05263157894736836,preseason_static,1
laliga_102260,2026/27,2,2026-08-23,,,atletico_madrid,Atlético de Madrid,Atlético de Madrid,villarreal,Villarreal CF,Villarreal CF,scheduled,Atlético de Madrid,2026/27,2026-08-16,0,,,SP1,2025/26,4,38,69,1.8157894736842106,62,44,18,1.631578947368421,1.1578947368421053,2026-05-24,84,1596.245603432995,1572.1842025747462,5,1.8,0.6,1.2,1.4,4.2,10,1.2,0.4,1.5,1.9,3.9,1.8,1.2,Villarreal CF,2026/27,2026-08-16,0,,,SP1,2025/26,3,38,72,1.894736842105263,72,46,26,1.894736842105263,1.2105263157894737,2026-05-24,84,1603.2044974684716,1577.4033731013537,5,1.4,0.4,2.6,1.6,4.8,10,1.7,0.5,2.1,1.3,4.7,2.4,1.0,-5.219170526607513,0.40000000000000013,-0.07894736842105243,preseason_static,1
laliga_102261,2026/27,2,2026-08-23,,,betis,Real Betis,Real Betis,real_sociedad,Real Sociedad,Real Sociedad,scheduled,Real Betis,2026/27,2026-08-16,0,,,SP1,2025/26,5,38,60,1.5789473684210527,59,48,11,1.5526315789473684,1.263157894736842,2026-05-23,85,1573.7174382969486,1555.2880787227114,5,2.0,0.6,2.0,1.4,5.6,10,1.6,0.4,1.6,1.3,4.7,2.2,1.0,Real Sociedad,2026/27,2026-08-16,0,,,SP1,2025/26,10,38,46,1.2105263157894737,59,61,-2,1.5526315789473684,1.605263157894737,2026-05-23,85,1486.0260664556174,1489.5195498417131,5,0.6,0.0,1.4,1.8,3.0,10,0.8,0.1,1.6,1.9,4.0,1.0,0.6,65.76852888099825,1.4,0.368421052631579,preseason_static,1
laliga_102262,2026/27,2,2026-08-23,,,elche,Elche CF,Elche CF,barcelona,FC Barcelona,FC Barcelona,scheduled,Elche CF,2026/27,2026-08-16,0,,,SP1,2025/26,13,38,43,1.131578947368421,49,57,-8,1.2894736842105263,1.5,2026-05-23,85,1467.1865261401447,1475.3898946051086,5,1.0,0.2,1.0,1.4,3.0,10,1.7,0.5,1.3,1.2,3.5,2.6,0.8,FC Barcelona,2026/27,2026-08-16,0,,,SP1,2025/26,1,38,94,2.473684210526316,95,36,59,2.5,0.9473684210526315,2026-05-23,85,1726.7586777810607,1670.0690083357954,5,1.8,0.6,1.6,1.2,4.8,10,2.4,0.8,1.8,0.8,5.3,3.0,1.8,-194.67911373068682,-0.8,-1.342105263157895,preseason_static,1
laliga_102263,2026/27,2,2026-08-23,,,espanyol,RCD Espanyol,RCD Espanyol de Barcelona,real_madrid,Real Madrid,Real Madrid,scheduled,RCD Espanyol,2026/27,2026-08-16,0,,,SP1,2025/26,11,38,46,1.2105263157894737,43,55,-12,1.131578947368421,1.4473684210526316,2026-05-23,85,1459.7220649449923,1469.7915487087444,5,1.4,0.4,1.2,1.2,4.8,10,0.9,0.2,0.8,1.3,3.9,1.0,0.8,Real Madrid,2026/27,2026-08-16,0,,,SP1,2025/26,2,38,86,2.263157894736842,77,35,42,2.026315789473684,0.9210526315789473,2026-05-23,85,1691.8492105610512,1643.8869079207884,5,2.4,0.8,1.8,0.8,4.4,10,2.0,0.6,1.7,1.1,6.3,2.6,1.4,-174.09535921204406,-1.0,-1.0526315789473684,preseason_static,1
laliga_102264,2026/27,2,2026-08-23,,,getafe,Getafe CF,Getafe CF,racing_santander,Racing de Santander,R. Racing Club,scheduled,Getafe CF,2026/27,2026-08-16,0,,,SP1,2025/26,7,38,51,1.3421052631578947,32,38,-6,0.8421052631578947,1.0,2026-05-23,85,1490.4153718258704,1492.8115288694028,5,1.4,0.4,0.8,0.8,2.8,10,1.6,0.5,0.9,0.8,2.6,1.8,1.4,Racing de Santander,2026/27,2026-08-16,1,direct,1,SP2,2025/26,1,42,82,1.9523809523809523,90,61,29,2.142857142857143,1.4523809523809523,2026-05-31,77,1460.9465325654298,1470.7098994240723,5,2.6,0.8,3.0,1.2,8.8,10,2.3,0.7,2.8,1.5,8.3,3.0,1.6,22.101629445330445,-1.2000000000000002,-0.6102756892230576,preseason_static,1
laliga_102265,2026/27,2,2026-08-23,,,malaga,Málaga CF,Málaga CF,deportivo,RC Deportivo,RC Deportivo,scheduled,Málaga CF,2026/27,2026-08-16,1,playoff,4,SP2,2025/26,4,42,73,1.7380952380952381,75,52,23,1.7857142857142858,1.2380952380952381,2026-05-31,77,1433.1728222935901,1449.8796167201926,5,2.6,0.8,2.6,1.0,7.2,10,1.8,0.5,2.3,1.5,5.9,1.6,2.0,RC Deportivo,2026/27,2026-08-16,1,direct,2,SP2,2025/26,2,42,77,1.8333333333333333,65,44,21,1.5476190476190477,1.0476190476190477,2026-05-31,77,1440.2106190968582,1455.1579643226437,5,2.4,0.8,1.6,0.8,5.4,10,2.1,0.6,1.6,0.8,4.8,2.0,1.8,-5.278347602451049,0.20000000000000018,-0.09523809523809512,preseason_static,1
laliga_102266,2026/27,2,2026-08-23,,,osasuna,CA Osasuna,CA Osasuna,levante,Levante UD,Levante UD,scheduled,CA Osasuna,2026/27,2026-08-16,0,,,SP1,2025/26,16,38,42,1.105263157894737,44,50,-6,1.1578947368421053,1.3157894736842106,2026-05-23,85,1462.869415055948,1472.152061291961,5,0.0,0.0,1.0,2.0,5.0,10,0.8,0.2,1.1,1.5,5.5,0.8,0.2,Levante UD,2026/27,2026-08-16,0,,,SP1,2025/26,18,38,42,1.105263157894737,47,61,-14,1.236842105263158,1.605263157894737,2026-05-23,85,1479.1546214464315,1484.3659660848236,5,1.8,0.6,2.0,2.2,6.2,10,1.9,0.6,1.7,1.5,5.4,3.0,0.8,-12.21390479286265,-1.8,0.0,preseason_static,1
laliga_102267,2026/27,2,2026-08-23,,,vallecano,Rayo Vallecano,Rayo Vallecano,alaves,Deportivo Alavés,Deportivo Alavés,scheduled,Rayo Vallecano,2026/27,2026-08-16,0,,,SP1,2025/26,8,38,50,1.3157894736842106,41,44,-3,1.0789473684210527,1.1578947368421053,2026-05-23,85,1525.3080964337516,1518.9810723253138,5,2.2,0.6,1.6,0.6,5.6,10,1.8,0.5,1.3,1.0,5.5,2.2,1.4,Deportivo Alavés,2026/27,2026-08-16,0,,,SP1,2025/26,14,38,43,1.131578947368421,44,56,-12,1.1578947368421053,1.4736842105263157,2026-05-23,85,1474.8795215968157,1481.1596411976118,5,1.4,0.4,1.2,1.4,4.6,10,1.5,0.4,1.8,1.8,4.6,1.4,1.6,37.821431127702,0.8000000000000003,0.1842105263157896,preseason_static,1
laliga_102268,2026/27,2,2026-08-23,,,valencia,Valencia CF,Valencia CF,celta,RC Celta,RC Celta,scheduled,Valencia CF,2026/27,2026-08-16,0,,,SP1,2025/26,9,38,49,1.2894736842105263,46,55,-9,1.2105263157894737,1.4473684210526316,2026-05-23,85,1517.05524428307,1512.7914332123023,5,2.0,0.6,1.8,1.4,3.6,10,1.7,0.5,1.6,1.3,4.0,1.4,2.0,RC Celta,2026/27,2026-08-16,0,,,SP1,2025/26,6,38,54,1.4210526315789473,53,48,5,1.394736842105263,1.263157894736842,2026-05-23,85,1527.5555130299024,1520.6666347724267,5,2.0,0.6,1.6,1.0,3.2,10,1.3,0.4,1.5,1.7,3.8,1.2,1.4,-7.875201560124424,0.0,-0.13157894736842102,preseason_static,1
laliga_102269,2026/27,3,2026-08-30,,,alaves,Deportivo Alavés,Deportivo Alavés,villarreal,Villarreal CF,Villarreal CF,scheduled,Deportivo Alavés,2026/27,2026-08-16,0,,,SP1,2025/26,14,38,43,1.131578947368421,44,56,-12,1.1578947368421053,1.4736842105263157,2026-05-23,85,1474.8795215968157,1481.1596411976118,5,1.4,0.4,1.2,1.4,4.6,10,1.5,0.4,1.8,1.8,4.6,1.4,1.6,Villarreal CF,2026/27,2026-08-16,0,,,SP1,2025/26,3,38,72,1.894736842105263,72,46,26,1.894736842105263,1.2105263157894737,2026-05-24,84,1603.2044974684716,1577.4033731013537,5,1.4,0.4,2.6,1.6,4.8,10,1.7,0.5,2.1,1.3,4.7,2.4,1.0,-96.24373190374195,0.0,-0.763157894736842,preseason_static,1
laliga_102270,2026/27,3,2026-08-30,,,celta,RC Celta,RC Celta,athletic_bilbao,Athletic Club,Athletic Club,scheduled,RC Celta,2026/27,2026-08-16,0,,,SP1,2025/26,6,38,54,1.4210526315789473,53,48,5,1.394736842105263,1.263157894736842,2026-05-23,85,1527.5555130299024,1520.6666347724267,5,2.0,0.6,1.6,1.0,3.2,10,1.3,0.4,1.5,1.7,3.8,1.2,1.4,Athletic Club,2026/27,2026-08-16,0,,,SP1,2025/26,12,38,45,1.1842105263157894,43,58,-15,1.131578947368421,1.5263157894736843,2026-05-23,85,1494.3913499077144,1495.7935124307858,5,0.8,0.2,1.4,2.0,4.6,10,1.0,0.3,1.3,1.8,4.1,1.4,0.6,24.873122341640965,1.2,0.23684210526315796,preseason_static,1
laliga_102271,2026/27,3,2026-08-30,,,deportivo,RC Deportivo,RC Deportivo,valencia,Valencia CF,Valencia CF,scheduled,RC Deportivo,2026/27,2026-08-16,1,direct,2,SP2,2025/26,2,42,77,1.8333333333333333,65,44,21,1.5476190476190477,1.0476190476190477,2026-05-31,77,1440.2106190968582,1455.1579643226437,5,2.4,0.8,1.6,0.8,5.4,10,2.1,0.6,1.6,0.8,4.8,2.0,1.8,Valencia CF,2026/27,2026-08-16,0,,,SP1,2025/26,9,38,49,1.2894736842105263,46,55,-9,1.2105263157894737,1.4473684210526316,2026-05-23,85,1517.05524428307,1512.7914332123023,5,2.0,0.6,1.8,1.4,3.6,10,1.7,0.5,1.6,1.3,4.0,1.4,2.0,-57.633468889658616,0.3999999999999999,0.5438596491228069,preseason_static,1
laliga_102272,2026/27,3,2026-08-30,,,barcelona,FC Barcelona,FC Barcelona,vallecano,Rayo Vallecano,Rayo Vallecano,scheduled,FC Barcelona,2026/27,2026-08-16,0,,,SP1,2025/26,1,38,94,2.473684210526316,95,36,59,2.5,0.9473684210526315,2026-05-23,85,1726.7586777810607,1670.0690083357954,5,1.8,0.6,1.6,1.2,4.8,10,2.4,0.8,1.8,0.8,5.3,3.0,1.8,Rayo Vallecano,2026/27,2026-08-16,0,,,SP1,2025/26,8,38,50,1.3157894736842106,41,44,-3,1.0789473684210527,1.1578947368421053,2026-05-23,85,1525.3080964337516,1518.9810723253138,5,2.2,0.6,1.6,0.6,5.6,10,1.8,0.5,1.3,1.0,5.5,2.2,1.4,151.0879360104816,-0.40000000000000013,1.1578947368421053,preseason_static,1
laliga_102273,2026/27,3,2026-08-30,,,levante,Levante UD,Levante UD,betis,Real Betis,Real Betis,scheduled,Levante UD,2026/27,2026-08-16,0,,,SP1,2025/26,18,38,42,1.105263157894737,47,61,-14,1.236842105263158,1.605263157894737,2026-05-23,85,1479.1546214464315,1484.3659660848236,5,1.8,0.6,2.0,2.2,6.2,10,1.9,0.6,1.7,1.5,5.4,3.0,0.8,Real Betis,2026/27,2026-08-16,0,,,SP1,2025/26,5,38,60,1.5789473684210527,59,48,11,1.5526315789473684,1.263157894736842,2026-05-23,85,1573.7174382969486,1555.2880787227114,5,2.0,0.6,2.0,1.4,5.6,10,1.6,0.4,1.6,1.3,4.7,2.2,1.0,-70.92211263788772,-0.19999999999999996,-0.4736842105263157,preseason_static,1
laliga_102274,2026/27,3,2026-08-30,,,osasuna,CA Osasuna,CA Osasuna,getafe,Getafe CF,Getafe CF,scheduled,CA Osasuna,2026/27,2026-08-16,0,,,SP1,2025/26,16,38,42,1.105263157894737,44,50,-6,1.1578947368421053,1.3157894736842106,2026-05-23,85,1462.869415055948,1472.152061291961,5,0.0,0.0,1.0,2.0,5.0,10,0.8,0.2,1.1,1.5,5.5,0.8,0.2,Getafe CF,2026/27,2026-08-16,0,,,SP1,2025/26,7,38,51,1.3421052631578947,32,38,-6,0.8421052631578947,1.0,2026-05-23,85,1490.4153718258704,1492.8115288694028,5,1.4,0.4,0.8,0.8,2.8,10,1.6,0.5,0.9,0.8,2.6,1.8,1.4,-20.659467577441774,-1.4,-0.23684210526315774,preseason_static,1
laliga_102275,2026/27,3,2026-08-30,,,racing_santander,Racing de Santander,R. Racing Club,elche,Elche CF,Elche CF,scheduled,Racing de Santander,2026/27,2026-08-16,1,direct,1,SP2,2025/26,1,42,82,1.9523809523809523,90,61,29,2.142857142857143,1.4523809523809523,2026-05-31,77,1460.9465325654298,1470.7098994240723,5,2.6,0.8,3.0,1.2,8.8,10,2.3,0.7,2.8,1.5,8.3,3.0,1.6,Elche CF,2026/27,2026-08-16,0,,,SP1,2025/26,13,38,43,1.131578947368421,49,57,-8,1.2894736842105263,1.5,2026-05-23,85,1467.1865261401447,1475.3898946051086,5,1.0,0.2,1.0,1.4,3.0,10,1.7,0.5,1.3,1.2,3.5,2.6,0.8,-4.679995181036247,1.6,0.8208020050125313,preseason_static,1
laliga_102276,2026/27,3,2026-08-30,,,real_madrid,Real Madrid,Real Madrid,malaga,Málaga CF,Málaga CF,scheduled,Real Madrid,2026/27,2026-08-16,0,,,SP1,2025/26,2,38,86,2.263157894736842,77,35,42,2.026315789473684,0.9210526315789473,2026-05-23,85,1691.8492105610512,1643.8869079207884,5,2.4,0.8,1.8,0.8,4.4,10,2.0,0.6,1.7,1.1,6.3,2.6,1.4,Málaga CF,2026/27,2026-08-16,1,playoff,4,SP2,2025/26,4,42,73,1.7380952380952381,75,52,23,1.7857142857142858,1.2380952380952381,2026-05-31,77,1433.1728222935901,1449.8796167201926,5,2.6,0.8,2.6,1.0,7.2,10,1.8,0.5,2.3,1.5,5.9,1.6,2.0,194.00729120059577,-0.20000000000000018,0.5250626566416039,preseason_static,1
laliga_102277,2026/27,3,2026-08-30,,,real_sociedad,Real Sociedad,Real Sociedad,espanyol,RCD Espanyol,RCD Espanyol de Barcelona,scheduled,Real Sociedad,2026/27,2026-08-16,0,,,SP1,2025/26,10,38,46,1.2105263157894737,59,61,-2,1.5526315789473684,1.605263157894737,2026-05-23,85,1486.0260664556174,1489.5195498417131,5,0.6,0.0,1.4,1.8,3.0,10,0.8,0.1,1.6,1.9,4.0,1.0,0.6,RCD Espanyol,2026/27,2026-08-16,0,,,SP1,2025/26,11,38,46,1.2105263157894737,43,55,-12,1.131578947368421,1.4473684210526316,2026-05-23,85,1459.7220649449923,1469.7915487087444,5,1.4,0.4,1.2,1.2,4.8,10,0.9,0.2,0.8,1.3,3.9,1.0,0.8,19.728001132968757,-0.7999999999999999,0.0,preseason_static,1
laliga_102278,2026/27,3,2026-08-30,,,sevilla,Sevilla FC,Sevilla FC,atletico_madrid,Atlético de Madrid,Atlético de Madrid,scheduled,Sevilla FC,2026/27,2026-08-16,0,,,SP1,2025/26,15,38,43,1.131578947368421,46,60,-14,1.2105263157894737,1.5789473684210527,2026-05-23,85,1456.2846048483327,1467.2134536362496,5,1.8,0.6,1.2,1.0,4.8,10,1.2,0.4,0.9,1.3,3.0,1.8,0.6,Atlético de Madrid,2026/27,2026-08-16,0,,,SP1,2025/26,4,38,69,1.8157894736842106,62,44,18,1.631578947368421,1.1578947368421053,2026-05-24,84,1596.245603432995,1572.1842025747462,5,1.8,0.6,1.2,1.4,4.2,10,1.2,0.4,1.5,1.9,3.9,1.8,1.2,-104.97074893849663,0.0,-0.6842105263157896,preseason_static,1
laliga_102279,2026/27,4,2026-09-06,,,alaves,Deportivo Alavés,Deportivo Alavés,osasuna,CA Osasuna,CA Osasuna,scheduled,Deportivo Alavés,2026/27,2026-08-16,0,,,SP1,2025/26,14,38,43,1.131578947368421,44,56,-12,1.1578947368421053,1.4736842105263157,2026-05-23,85,1474.8795215968157,1481.1596411976118,5,1.4,0.4,1.2,1.4,4.6,10,1.5,0.4,1.8,1.8,4.6,1.4,1.6,CA Osasuna,2026/27,2026-08-16,0,,,SP1,2025/26,16,38,42,1.105263157894737,44,50,-6,1.1578947368421053,1.3157894736842106,2026-05-23,85,1462.869415055948,1472.152061291961,5,0.0,0.0,1.0,2.0,5.0,10,0.8,0.2,1.1,1.5,5.5,0.8,0.2,9.0075799056508,1.4,0.02631578947368407,preseason_static,1
laliga_102280,2026/27,4,2026-09-06,,,athletic_bilbao,Athletic Club,Athletic Club,atletico_madrid,Atlético de Madrid,Atlético de Madrid,scheduled,Athletic Club,2026/27,2026-08-16,0,,,SP1,2025/26,12,38,45,1.1842105263157894,43,58,-15,1.131578947368421,1.5263157894736843,2026-05-23,85,1494.3913499077144,1495.7935124307858,5,0.8,0.2,1.4,2.0,4.6,10,1.0,0.3,1.3,1.8,4.1,1.4,0.6,Atlético de Madrid,2026/27,2026-08-16,0,,,SP1,2025/26,4,38,69,1.8157894736842106,62,44,18,1.631578947368421,1.1578947368421053,2026-05-24,84,1596.245603432995,1572.1842025747462,5,1.8,0.6,1.2,1.4,4.2,10,1.2,0.4,1.5,1.9,3.9,1.8,1.2,-76.39069014396046,-1.0,-0.6315789473684212,preseason_static,1
laliga_102281,2026/27,4,2026-09-06,,,betis,Real Betis,Real Betis,real_madrid,Real Madrid,Real Madrid,scheduled,Real Betis,2026/27,2026-08-16,0,,,SP1,2025/26,5,38,60,1.5789473684210527,59,48,11,1.5526315789473684,1.263157894736842,2026-05-23,85,1573.7174382969486,1555.2880787227114,5,2.0,0.6,2.0,1.4,5.6,10,1.6,0.4,1.6,1.3,4.7,2.2,1.0,Real Madrid,2026/27,2026-08-16,0,,,SP1,2025/26,2,38,86,2.263157894736842,77,35,42,2.026315789473684,0.9210526315789473,2026-05-23,85,1691.8492105610512,1643.8869079207884,5,2.4,0.8,1.8,0.8,4.4,10,2.0,0.6,1.7,1.1,6.3,2.6,1.4,-88.59882919807706,-0.3999999999999999,-0.6842105263157894,preseason_static,1
laliga_102282,2026/27,4,2026-09-06,,,elche,Elche CF,Elche CF,real_sociedad,Real Sociedad,Real Sociedad,scheduled,Elche CF,2026/27,2026-08-16,0,,,SP1,2025/26,13,38,43,1.131578947368421,49,57,-8,1.2894736842105263,1.5,2026-05-23,85,1467.1865261401447,1475.3898946051086,5,1.0,0.2,1.0,1.4,3.0,10,1.7,0.5,1.3,1.2,3.5,2.6,0.8,Real Sociedad,2026/27,2026-08-16,0,,,SP1,2025/26,10,38,46,1.2105263157894737,59,61,-2,1.5526315789473684,1.605263157894737,2026-05-23,85,1486.0260664556174,1489.5195498417131,5,0.6,0.0,1.4,1.8,3.0,10,0.8,0.1,1.6,1.9,4.0,1.0,0.6,-14.129655236604549,0.4,-0.07894736842105265,preseason_static,1
laliga_102283,2026/27,4,2026-09-06,,,espanyol,RCD Espanyol,RCD Espanyol de Barcelona,sevilla,Sevilla FC,Sevilla FC,scheduled,RCD Espanyol,2026/27,2026-08-16,0,,,SP1,2025/26,11,38,46,1.2105263157894737,43,55,-12,1.131578947368421,1.4473684210526316,2026-05-23,85,1459.7220649449923,1469.7915487087444,5,1.4,0.4,1.2,1.2,4.8,10,0.9,0.2,0.8,1.3,3.9,1.0,0.8,Sevilla FC,2026/27,2026-08-16,0,,,SP1,2025/26,15,38,43,1.131578947368421,46,60,-14,1.2105263157894737,1.5789473684210527,2026-05-23,85,1456.2846048483327,1467.2134536362496,5,1.8,0.6,1.2,1.0,4.8,10,1.2,0.4,0.9,1.3,3.0,1.8,0.6,2.5780950724947616,-0.40000000000000013,0.07894736842105265,preseason_static,1
laliga_102284,2026/27,4,2026-09-06,,,getafe,Getafe CF,Getafe CF,celta,RC Celta,RC Celta,scheduled,Getafe CF,2026/27,2026-08-16,0,,,SP1,2025/26,7,38,51,1.3421052631578947,32,38,-6,0.8421052631578947,1.0,2026-05-23,85,1490.4153718258704,1492.8115288694028,5,1.4,0.4,0.8,0.8,2.8,10,1.6,0.5,0.9,0.8,2.6,1.8,1.4,RC Celta,2026/27,2026-08-16,0,,,SP1,2025/26,6,38,54,1.4210526315789473,53,48,5,1.394736842105263,1.263157894736842,2026-05-23,85,1527.5555130299024,1520.6666347724267,5,2.0,0.6,1.6,1.0,3.2,10,1.3,0.4,1.5,1.7,3.8,1.2,1.4,-27.85510590302397,-0.6000000000000001,-0.07894736842105265,preseason_static,1
laliga_102285,2026/27,4,2026-09-06,,,malaga,Málaga CF,Málaga CF,levante,Levante UD,Levante UD,scheduled,Málaga CF,2026/27,2026-08-16,1,playoff,4,SP2,2025/26,4,42,73,1.7380952380952381,75,52,23,1.7857142857142858,1.2380952380952381,2026-05-31,77,1433.1728222935901,1449.8796167201926,5,2.6,0.8,2.6,1.0,7.2,10,1.8,0.5,2.3,1.5,5.9,1.6,2.0,Levante UD,2026/27,2026-08-16,0,,,SP1,2025/26,18,38,42,1.105263157894737,47,61,-14,1.236842105263158,1.605263157894737,2026-05-23,85,1479.1546214464315,1484.3659660848236,5,1.8,0.6,2.0,2.2,6.2,10,1.9,0.6,1.7,1.5,5.4,3.0,0.8,-34.486349364630996,0.8,0.6328320802005012,preseason_static,1
laliga_102286,2026/27,4,2026-09-06,,,vallecano,Rayo Vallecano,Rayo Vallecano,racing_santander,Racing de Santander,R. Racing Club,scheduled,Rayo Vallecano,2026/27,2026-08-16,0,,,SP1,2025/26,8,38,50,1.3157894736842106,41,44,-3,1.0789473684210527,1.1578947368421053,2026-05-23,85,1525.3080964337516,1518.9810723253138,5,2.2,0.6,1.6,0.6,5.6,10,1.8,0.5,1.3,1.0,5.5,2.2,1.4,Racing de Santander,2026/27,2026-08-16,1,direct,1,SP2,2025/26,1,42,82,1.9523809523809523,90,61,29,2.142857142857143,1.4523809523809523,2026-05-31,77,1460.9465325654298,1470.7098994240723,5,2.6,0.8,3.0,1.2,8.8,10,2.3,0.7,2.8,1.5,8.3,3.0,1.6,48.27117290124147,-0.3999999999999999,-0.6365914786967417,preseason_static,1
laliga_102287,2026/27,4,2026-09-06,,,valencia,Valencia CF,Valencia CF,barcelona,FC Barcelona,FC Barcelona,scheduled,Valencia CF,2026/27,2026-08-16,0,,,SP1,2025/26,9,38,49,1.2894736842105263,46,55,-9,1.2105263157894737,1.4473684210526316,2026-05-23,85,1517.05524428307,1512.7914332123023,5,2.0,0.6,1.8,1.4,3.6,10,1.7,0.5,1.6,1.3,4.0,1.4,2.0,FC Barcelona,2026/27,2026-08-16,0,,,SP1,2025/26,1,38,94,2.473684210526316,95,36,59,2.5,0.9473684210526315,2026-05-23,85,1726.7586777810607,1670.0690083357954,5,1.8,0.6,1.6,1.2,4.8,10,2.4,0.8,1.8,0.8,5.3,3.0,1.8,-157.27757512349308,0.19999999999999996,-1.1842105263157896,preseason_static,1
laliga_102288,2026/27,4,2026-09-06,,,villarreal,Villarreal CF,Villarreal CF,deportivo,RC Deportivo,RC Deportivo,scheduled,Villarreal CF,2026/27,2026-08-16,0,,,SP1,2025/26,3,38,72,1.894736842105263,72,46,26,1.894736842105263,1.2105263157894737,2026-05-24,84,1603.2044974684716,1577.4033731013537,5,1.4,0.4,2.6,1.6,4.8,10,1.7,0.5,2.1,1.3,4.7,2.4,1.0,RC Deportivo,2026/27,2026-08-16,1,direct,2,SP2,2025/26,2,42,77,1.8333333333333333,65,44,21,1.5476190476190477,1.0476190476190477,2026-05-31,77,1440.2106190968582,1455.1579643226437,5,2.4,0.8,1.6,0.8,5.4,10,2.1,0.6,1.6,0.8,4.8,2.0,1.8,122.24540877871004,-1.0,0.06140350877192979,preseason_static,1
laliga_102289,2026/27,5,2026-09-13,,,athletic_bilbao,Athletic Club,Athletic Club,elche,Elche CF,Elche CF,scheduled,Athletic Club,2026/27,2026-08-16,0,,,SP1,2025/26,12,38,45,1.1842105263157894,43,58,-15,1.131578947368421,1.5263157894736843,2026-05-23,85,1494.3913499077144,1495.7935124307858,5,0.8,0.2,1.4,2.0,4.6,10,1.0,0.3,1.3,1.8,4.1,1.4,0.6,Elche CF,2026/27,2026-08-16,0,,,SP1,2025/26,13,38,43,1.131578947368421,49,57,-8,1.2894736842105263,1.5,2026-05-23,85,1467.1865261401447,1475.3898946051086,5,1.0,0.2,1.0,1.4,3.0,10,1.7,0.5,1.3,1.2,3.5,2.6,0.8,20.403617825677202,-0.19999999999999996,0.05263157894736836,preseason_static,1
laliga_102290,2026/27,5,2026-09-13,,,celta,RC Celta,RC Celta,malaga,Málaga CF,Málaga CF,scheduled,RC Celta,2026/27,2026-08-16,0,,,SP1,2025/26,6,38,54,1.4210526315789473,53,48,5,1.394736842105263,1.263157894736842,2026-05-23,85,1527.5555130299024,1520.6666347724267,5,2.0,0.6,1.6,1.0,3.2,10,1.3,0.4,1.5,1.7,3.8,1.2,1.4,Málaga CF,2026/27,2026-08-16,1,playoff,4,SP2,2025/26,4,42,73,1.7380952380952381,75,52,23,1.7857142857142858,1.2380952380952381,2026-05-31,77,1433.1728222935901,1449.8796167201926,5,2.6,0.8,2.6,1.0,7.2,10,1.8,0.5,2.3,1.5,5.9,1.6,2.0,70.78701805223409,-0.6000000000000001,-0.3170426065162908,preseason_static,1
laliga_102291,2026/27,5,2026-09-13,,,getafe,Getafe CF,Getafe CF,deportivo,RC Deportivo,RC Deportivo,scheduled,Getafe CF,2026/27,2026-08-16,0,,,SP1,2025/26,7,38,51,1.3421052631578947,32,38,-6,0.8421052631578947,1.0,2026-05-23,85,1490.4153718258704,1492.8115288694028,5,1.4,0.4,0.8,0.8,2.8,10,1.6,0.5,0.9,0.8,2.6,1.8,1.4,RC Deportivo,2026/27,2026-08-16,1,direct,2,SP2,2025/26,2,42,77,1.8333333333333333,65,44,21,1.5476190476190477,1.0476190476190477,2026-05-31,77,1440.2106190968582,1455.1579643226437,5,2.4,0.8,1.6,0.8,5.4,10,2.1,0.6,1.6,0.8,4.8,2.0,1.8,37.65356454675907,-1.0,-0.49122807017543857,preseason_static,1
laliga_102292,2026/27,5,2026-09-13,,,levante,Levante UD,Levante UD,barcelona,FC Barcelona,FC Barcelona,scheduled,Levante UD,2026/27,2026-08-16,0,,,SP1,2025/26,18,38,42,1.105263157894737,47,61,-14,1.236842105263158,1.605263157894737,2026-05-23,85,1479.1546214464315,1484.3659660848236,5,1.8,0.6,2.0,2.2,6.2,10,1.9,0.6,1.7,1.5,5.4,3.0,0.8,FC Barcelona,2026/27,2026-08-16,0,,,SP1,2025/26,1,38,94,2.473684210526316,95,36,59,2.5,0.9473684210526315,2026-05-23,85,1726.7586777810607,1670.0690083357954,5,1.8,0.6,1.6,1.2,4.8,10,2.4,0.8,1.8,0.8,5.3,3.0,1.8,-185.70304225097175,0.0,-1.368421052631579,preseason_static,1
laliga_102293,2026/27,5,2026-09-13,,,osasuna,CA Osasuna,CA Osasuna,espanyol,RCD Espanyol,RCD Espanyol de Barcelona,scheduled,CA Osasuna,2026/27,2026-08-16,0,,,SP1,2025/26,16,38,42,1.105263157894737,44,50,-6,1.1578947368421053,1.3157894736842106,2026-05-23,85,1462.869415055948,1472.152061291961,5,0.0,0.0,1.0,2.0,5.0,10,0.8,0.2,1.1,1.5,5.5,0.8,0.2,RCD Espanyol,2026/27,2026-08-16,0,,,SP1,2025/26,11,38,46,1.2105263157894737,43,55,-12,1.131578947368421,1.4473684210526316,2026-05-23,85,1459.7220649449923,1469.7915487087444,5,1.4,0.4,1.2,1.2,4.8,10,0.9,0.2,0.8,1.3,3.9,1.0,0.8,2.3605125832166323,-1.4,-0.10526315789473673,preseason_static,1
laliga_102294,2026/27,5,2026-09-13,,,racing_santander,Racing de Santander,R. Racing Club,alaves,Deportivo Alavés,Deportivo Alavés,scheduled,Racing de Santander,2026/27,2026-08-16,1,direct,1,SP2,2025/26,1,42,82,1.9523809523809523,90,61,29,2.142857142857143,1.4523809523809523,2026-05-31,77,1460.9465325654298,1470.7098994240723,5,2.6,0.8,3.0,1.2,8.8,10,2.3,0.7,2.8,1.5,8.3,3.0,1.6,Deportivo Alavés,2026/27,2026-08-16,0,,,SP1,2025/26,14,38,43,1.131578947368421,44,56,-12,1.1578947368421053,1.4736842105263157,2026-05-23,85,1474.8795215968157,1481.1596411976118,5,1.4,0.4,1.2,1.4,4.6,10,1.5,0.4,1.8,1.8,4.6,1.4,1.6,-10.449741773539472,1.2000000000000002,0.8208020050125313,preseason_static,1
laliga_102295,2026/27,5,2026-09-13,,,real_madrid,Real Madrid,Real Madrid,vallecano,Rayo Vallecano,Rayo Vallecano,scheduled,Real Madrid,2026/27,2026-08-16,0,,,SP1,2025/26,2,38,86,2.263157894736842,77,35,42,2.026315789473684,0.9210526315789473,2026-05-23,85,1691.8492105610512,1643.8869079207884,5,2.4,0.8,1.8,0.8,4.4,10,2.0,0.6,1.7,1.1,6.3,2.6,1.4,Rayo Vallecano,2026/27,2026-08-16,0,,,SP1,2025/26,8,38,50,1.3157894736842106,41,44,-3,1.0789473684210527,1.1578947368421053,2026-05-23,85,1525.3080964337516,1518.9810723253138,5,2.2,0.6,1.6,0.6,5.6,10,1.8,0.5,1.3,1.0,5.5,2.2,1.4,124.90583559547463,0.19999999999999973,0.9473684210526314,preseason_static,1
laliga_102296,2026/27,5,2026-09-13,,,real_sociedad,Real Sociedad,Real Sociedad,atletico_madrid,Atlético de Madrid,Atlético de Madrid,scheduled,Real Sociedad,2026/27,2026-08-16,0,,,SP1,2025/26,10,38,46,1.2105263157894737,59,61,-2,1.5526315789473684,1.605263157894737,2026-05-23,85,1486.0260664556174,1489.5195498417131,5,0.6,0.0,1.4,1.8,3.0,10,0.8,0.1,1.6,1.9,4.0,1.0,0.6,Atlético de Madrid,2026/27,2026-08-16,0,,,SP1,2025/26,4,38,69,1.8157894736842106,62,44,18,1.631578947368421,1.1578947368421053,2026-05-24,84,1596.245603432995,1572.1842025747462,5,1.8,0.6,1.2,1.4,4.2,10,1.2,0.4,1.5,1.9,3.9,1.8,1.2,-82.66465273303311,-1.2000000000000002,-0.605263157894737,preseason_static,1
laliga_102297,2026/27,5,2026-09-13,,,sevilla,Sevilla FC,Sevilla FC,valencia,Valencia CF,Valencia CF,scheduled,Sevilla FC,2026/27,2026-08-16,0,,,SP1,2025/26,15,38,43,1.131578947368421,46,60,-14,1.2105263157894737,1.5789473684210527,2026-05-23,85,1456.2846048483327,1467.2134536362496,5,1.8,0.6,1.2,1.0,4.8,10,1.2,0.4,0.9,1.3,3.0,1.8,0.6,Valencia CF,2026/27,2026-08-16,0,,,SP1,2025/26,9,38,49,1.2894736842105263,46,55,-9,1.2105263157894737,1.4473684210526316,2026-05-23,85,1517.05524428307,1512.7914332123023,5,2.0,0.6,1.8,1.4,3.6,10,1.7,0.5,1.6,1.3,4.0,1.4,2.0,-45.57797957605271,-0.19999999999999996,-0.1578947368421053,preseason_static,1
laliga_102298,2026/27,5,2026-09-13,,,villarreal,Villarreal CF,Villarreal CF,betis,Real Betis,Real Betis,scheduled,Villarreal CF,2026/27,2026-08-16,0,,,SP1,2025/26,3,38,72,1.894736842105263,72,46,26,1.894736842105263,1.2105263157894737,2026-05-24,84,1603.2044974684716,1577.4033731013537,5,1.4,0.4,2.6,1.6,4.8,10,1.7,0.5,2.1,1.3,4.7,2.4,1.0,Real Betis,2026/27,2026-08-16,0,,,SP1,2025/26,5,38,60,1.5789473684210527,59,48,11,1.5526315789473684,1.263157894736842,2026-05-23,85,1573.7174382969486,1555.2880787227114,5,2.0,0.6,2.0,1.4,5.6,10,1.6,0.4,1.6,1.3,4.7,2.2,1.0,22.115294378642375,-0.6000000000000001,0.3157894736842104,preseason_static,1
laliga_102299,2026/27,6,2026-09-16,,,alaves,Deportivo Alavés,Deportivo Alavés,valencia,Valencia CF,Valencia CF,scheduled,Deportivo Alavés,2026/27,2026-08-16,0,,,SP1,2025/26,14,38,43,1.131578947368421,44,56,-12,1.1578947368421053,1.4736842105263157,2026-05-23,85,1474.8795215968157,1481.1596411976118,5,1.4,0.4,1.2,1.4,4.6,10,1.5,0.4,1.8,1.8,4.6,1.4,1.6,Valencia CF,2026/27,2026-08-16,0,,,SP1,2025/26,9,38,49,1.2894736842105263,46,55,-9,1.2105263157894737,1.4473684210526316,2026-05-23,85,1517.05524428307,1512.7914332123023,5,2.0,0.6,1.8,1.4,3.6,10,1.7,0.5,1.6,1.3,4.0,1.4,2.0,-31.631792014690518,-0.6000000000000001,-0.1578947368421053,preseason_static,1
laliga_102300,2026/27,6,2026-09-16,,,atletico_madrid,Atlético de Madrid,Atlético de Madrid,osasuna,CA Osasuna,CA Osasuna,scheduled,Atlético de Madrid,2026/27,2026-08-16,0,,,SP1,2025/26,4,38,69,1.8157894736842106,62,44,18,1.631578947368421,1.1578947368421053,2026-05-24,84,1596.245603432995,1572.1842025747462,5,1.8,0.6,1.2,1.4,4.2,10,1.2,0.4,1.5,1.9,3.9,1.8,1.2,CA Osasuna,2026/27,2026-08-16,0,,,SP1,2025/26,16,38,42,1.105263157894737,44,50,-6,1.1578947368421053,1.3157894736842106,2026-05-23,85,1462.869415055948,1472.152061291961,5,0.0,0.0,1.0,2.0,5.0,10,0.8,0.2,1.1,1.5,5.5,0.8,0.2,100.03214128278523,1.8,0.7105263157894737,preseason_static,1
laliga_102301,2026/27,6,2026-09-16,,,betis,Real Betis,Real Betis,getafe,Getafe CF,Getafe CF,scheduled,Real Betis,2026/27,2026-08-16,0,,,SP1,2025/26,5,38,60,1.5789473684210527,59,48,11,1.5526315789473684,1.263157894736842,2026-05-23,85,1573.7174382969486,1555.2880787227114,5,2.0,0.6,2.0,1.4,5.6,10,1.6,0.4,1.6,1.3,4.7,2.2,1.0,Getafe CF,2026/27,2026-08-16,0,,,SP1,2025/26,7,38,51,1.3421052631578947,32,38,-6,0.8421052631578947,1.0,2026-05-23,85,1490.4153718258704,1492.8115288694028,5,1.4,0.4,0.8,0.8,2.8,10,1.6,0.5,0.9,0.8,2.6,1.8,1.4,62.4765498533086,0.6000000000000001,0.23684210526315796,preseason_static,1
laliga_102302,2026/27,6,2026-09-16,,,deportivo,RC Deportivo,RC Deportivo,sevilla,Sevilla FC,Sevilla FC,scheduled,RC Deportivo,2026/27,2026-08-16,1,direct,2,SP2,2025/26,2,42,77,1.8333333333333333,65,44,21,1.5476190476190477,1.0476190476190477,2026-05-31,77,1440.2106190968582,1455.1579643226437,5,2.4,0.8,1.6,0.8,5.4,10,2.1,0.6,1.6,0.8,4.8,2.0,1.8,Sevilla FC,2026/27,2026-08-16,0,,,SP1,2025/26,15,38,43,1.131578947368421,46,60,-14,1.2105263157894737,1.5789473684210527,2026-05-23,85,1456.2846048483327,1467.2134536362496,5,1.8,0.6,1.2,1.0,4.8,10,1.2,0.4,0.9,1.3,3.0,1.8,0.6,-12.055489313605904,0.5999999999999999,0.7017543859649122,preseason_static,1
laliga_102303,2026/27,6,2026-09-16,,,elche,Elche CF,Elche CF,real_madrid,Real Madrid,Real Madrid,scheduled,Elche CF,2026/27,2026-08-16,0,,,SP1,2025/26,13,38,43,1.131578947368421,49,57,-8,1.2894736842105263,1.5,2026-05-23,85,1467.1865261401447,1475.3898946051086,5,1.0,0.2,1.0,1.4,3.0,10,1.7,0.5,1.3,1.2,3.5,2.6,0.8,Real Madrid,2026/27,2026-08-16,0,,,SP1,2025/26,2,38,86,2.263157894736842,77,35,42,2.026315789473684,0.9210526315789473,2026-05-23,85,1691.8492105610512,1643.8869079207884,5,2.4,0.8,1.8,0.8,4.4,10,2.0,0.6,1.7,1.1,6.3,2.6,1.4,-168.49701331567985,-1.4,-1.131578947368421,preseason_static,1
laliga_102304,2026/27,6,2026-09-16,,,barcelona,FC Barcelona,FC Barcelona,racing_santander,Racing de Santander,R. Racing Club,scheduled,FC Barcelona,2026/27,2026-08-16,0,,,SP1,2025/26,1,38,94,2.473684210526316,95,36,59,2.5,0.9473684210526315,2026-05-23,85,1726.7586777810607,1670.0690083357954,5,1.8,0.6,1.6,1.2,4.8,10,2.4,0.8,1.8,0.8,5.3,3.0,1.8,Racing de Santander,2026/27,2026-08-16,1,direct,1,SP2,2025/26,1,42,82,1.9523809523809523,90,61,29,2.142857142857143,1.4523809523809523,2026-05-31,77,1460.9465325654298,1470.7098994240723,5,2.6,0.8,3.0,1.2,8.8,10,2.3,0.7,2.8,1.5,8.3,3.0,1.6,199.35910891172307,-0.8,0.5213032581453636,preseason_static,1
laliga_102305,2026/27,6,2026-09-16,,,levante,Levante UD,Levante UD,athletic_bilbao,Athletic Club,Athletic Club,scheduled,Levante UD,2026/27,2026-08-16,0,,,SP1,2025/26,18,38,42,1.105263157894737,47,61,-14,1.236842105263158,1.605263157894737,2026-05-23,85,1479.1546214464315,1484.3659660848236,5,1.8,0.6,2.0,2.2,6.2,10,1.9,0.6,1.7,1.5,5.4,3.0,0.8,Athletic Club,2026/27,2026-08-16,0,,,SP1,2025/26,12,38,45,1.1842105263157894,43,58,-15,1.131578947368421,1.5263157894736843,2026-05-23,85,1494.3913499077144,1495.7935124307858,5,0.8,0.2,1.4,2.0,4.6,10,1.0,0.3,1.3,1.8,4.1,1.4,0.6,-11.427546345962128,1.0,-0.07894736842105243,preseason_static,1
laliga_102306,2026/27,6,2026-09-16,,,malaga,Málaga CF,Málaga CF,villarreal,Villarreal CF,Villarreal CF,scheduled,Málaga CF,2026/27,2026-08-16,1,playoff,4,SP2,2025/26,4,42,73,1.7380952380952381,75,52,23,1.7857142857142858,1.2380952380952381,2026-05-31,77,1433.1728222935901,1449.8796167201926,5,2.6,0.8,2.6,1.0,7.2,10,1.8,0.5,2.3,1.5,5.9,1.6,2.0,Villarreal CF,2026/27,2026-08-16,0,,,SP1,2025/26,3,38,72,1.894736842105263,72,46,26,1.894736842105263,1.2105263157894737,2026-05-24,84,1603.2044974684716,1577.4033731013537,5,1.4,0.4,2.6,1.6,4.8,10,1.7,0.5,2.1,1.3,4.7,2.4,1.0,-127.52375638116109,1.2000000000000002,-0.15664160401002492,preseason_static,1
laliga_102307,2026/27,6,2026-09-16,,,vallecano,Rayo Vallecano,Rayo Vallecano,espanyol,RCD Espanyol,RCD Espanyol de Barcelona,scheduled,Rayo Vallecano,2026/27,2026-08-16,0,,,SP1,2025/26,8,38,50,1.3157894736842106,41,44,-3,1.0789473684210527,1.1578947368421053,2026-05-23,85,1525.3080964337516,1518.9810723253138,5,2.2,0.6,1.6,0.6,5.6,10,1.8,0.5,1.3,1.0,5.5,2.2,1.4,RCD Espanyol,2026/27,2026-08-16,0,,,SP1,2025/26,11,38,46,1.2105263157894737,43,55,-12,1.131578947368421,1.4473684210526316,2026-05-23,85,1459.7220649449923,1469.7915487087444,5,1.4,0.4,1.2,1.2,4.8,10,0.9,0.2,0.8,1.3,3.9,1.0,0.8,49.18952361656943,0.8000000000000003,0.10526315789473695,preseason_static,1
laliga_102308,2026/27,6,2026-09-16,,,real_sociedad,Real Sociedad,Real Sociedad,celta,RC Celta,RC Celta,scheduled,Real Sociedad,2026/27,2026-08-16,0,,,SP1,2025/26,10,38,46,1.2105263157894737,59,61,-2,1.5526315789473684,1.605263157894737,2026-05-23,85,1486.0260664556174,1489.5195498417131,5,0.6,0.0,1.4,1.8,3.0,10,0.8,0.1,1.6,1.9,4.0,1.0,0.6,RC Celta,2026/27,2026-08-16,0,,,SP1,2025/26,6,38,54,1.4210526315789473,53,48,5,1.394736842105263,1.263157894736842,2026-05-23,85,1527.5555130299024,1520.6666347724267,5,2.0,0.6,1.6,1.0,3.2,10,1.3,0.4,1.5,1.7,3.8,1.2,1.4,-31.147084930713618,-1.4,-0.21052631578947367,preseason_static,1
laliga_102309,2026/27,7,2026-09-20,,,athletic_bilbao,Athletic Club,Athletic Club,alaves,Deportivo Alavés,Deportivo Alavés,scheduled,Athletic Club,2026/27,2026-08-16,0,,,SP1,2025/26,12,38,45,1.1842105263157894,43,58,-15,1.131578947368421,1.5263157894736843,2026-05-23,85,1494.3913499077144,1495.7935124307858,5,0.8,0.2,1.4,2.0,4.6,10,1.0,0.3,1.3,1.8,4.1,1.4,0.6,Deportivo Alavés,2026/27,2026-08-16,0,,,SP1,2025/26,14,38,43,1.131578947368421,44,56,-12,1.1578947368421053,1.4736842105263157,2026-05-23,85,1474.8795215968157,1481.1596411976118,5,1.4,0.4,1.2,1.4,4.6,10,1.5,0.4,1.8,1.8,4.6,1.4,1.6,14.633871233173977,-0.5999999999999999,0.05263157894736836,preseason_static,1
laliga_102310,2026/27,7,2026-09-20,,,atletico_madrid,Atlético de Madrid,Atlético de Madrid,real_madrid,Real Madrid,Real Madrid,scheduled,Atlético de Madrid,2026/27,2026-08-16,0,,,SP1,2025/26,4,38,69,1.8157894736842106,62,44,18,1.631578947368421,1.1578947368421053,2026-05-24,84,1596.245603432995,1572.1842025747462,5,1.8,0.6,1.2,1.4,4.2,10,1.2,0.4,1.5,1.9,3.9,1.8,1.2,Real Madrid,2026/27,2026-08-16,0,,,SP1,2025/26,2,38,86,2.263157894736842,77,35,42,2.026315789473684,0.9210526315789473,2026-05-23,85,1691.8492105610512,1643.8869079207884,5,2.4,0.8,1.8,0.8,4.4,10,2.0,0.6,1.7,1.1,6.3,2.6,1.4,-71.7027053460422,-0.5999999999999999,-0.4473684210526314,preseason_static,1
laliga_102311,2026/27,7,2026-09-20,,,celta,RC Celta,RC Celta,racing_santander,Racing de Santander,R. Racing Club,scheduled,RC Celta,2026/27,2026-08-16,0,,,SP1,2025/26,6,38,54,1.4210526315789473,53,48,5,1.394736842105263,1.263157894736842,2026-05-23,85,1527.5555130299024,1520.6666347724267,5,2.0,0.6,1.6,1.0,3.2,10,1.3,0.4,1.5,1.7,3.8,1.2,1.4,Racing de Santander,2026/27,2026-08-16,1,direct,1,SP2,2025/26,1,42,82,1.9523809523809523,90,61,29,2.142857142857143,1.4523809523809523,2026-05-31,77,1460.9465325654298,1470.7098994240723,5,2.6,0.8,3.0,1.2,8.8,10,2.3,0.7,2.8,1.5,8.3,3.0,1.6,49.956735348354414,-0.6000000000000001,-0.531328320802005,preseason_static,1
laliga_102312,2026/27,7,2026-09-20,,,deportivo,RC Deportivo,RC Deportivo,betis,Real Betis,Real Betis,scheduled,RC Deportivo,2026/27,2026-08-16,1,direct,2,SP2,2025/26,2,42,77,1.8333333333333333,65,44,21,1.5476190476190477,1.0476190476190477,2026-05-31,77,1440.2106190968582,1455.1579643226437,5,2.4,0.8,1.6,0.8,5.4,10,2.1,0.6,1.6,0.8,4.8,2.0,1.8,Real Betis,2026/27,2026-08-16,0,,,SP1,2025/26,5,38,60,1.5789473684210527,59,48,11,1.5526315789473684,1.263157894736842,2026-05-23,85,1573.7174382969486,1555.2880787227114,5,2.0,0.6,2.0,1.4,5.6,10,1.6,0.4,1.6,1.3,4.7,2.2,1.0,-100.13011440006767,0.3999999999999999,0.2543859649122806,preseason_static,1
laliga_102313,2026/27,7,2026-09-20,,,espanyol,RCD Espanyol,RCD Espanyol de Barcelona,elche,Elche CF,Elche CF,scheduled,RCD Espanyol,2026/27,2026-08-16,0,,,SP1,2025/26,11,38,46,1.2105263157894737,43,55,-12,1.131578947368421,1.4473684210526316,2026-05-23,85,1459.7220649449923,1469.7915487087444,5,1.4,0.4,1.2,1.2,4.8,10,0.9,0.2,0.8,1.3,3.9,1.0,0.8,Elche CF,2026/27,2026-08-16,0,,,SP1,2025/26,13,38,43,1.131578947368421,49,57,-8,1.2894736842105263,1.5,2026-05-23,85,1467.1865261401447,1475.3898946051086,5,1.0,0.2,1.0,1.4,3.0,10,1.7,0.5,1.3,1.2,3.5,2.6,0.8,-5.598345896364208,0.3999999999999999,0.07894736842105265,preseason_static,1
laliga_102314,2026/27,7,2026-09-20,,,getafe,Getafe CF,Getafe CF,malaga,Málaga CF,Málaga CF,scheduled,Getafe CF,2026/27,2026-08-16,0,,,SP1,2025/26,7,38,51,1.3421052631578947,32,38,-6,0.8421052631578947,1.0,2026-05-23,85,1490.4153718258704,1492.8115288694028,5,1.4,0.4,0.8,0.8,2.8,10,1.6,0.5,0.9,0.8,2.6,1.8,1.4,Málaga CF,2026/27,2026-08-16,1,playoff,4,SP2,2025/26,4,42,73,1.7380952380952381,75,52,23,1.7857142857142858,1.2380952380952381,2026-05-31,77,1433.1728222935901,1449.8796167201926,5,2.6,0.8,2.6,1.0,7.2,10,1.8,0.5,2.3,1.5,5.9,1.6,2.0,42.93191214921012,-1.2000000000000002,-0.39598997493734345,preseason_static,1
laliga_102315,2026/27,7,2026-09-20,,,osasuna,CA Osasuna,CA Osasuna,vallecano,Rayo Vallecano,Rayo Vallecano,scheduled,CA Osasuna,2026/27,2026-08-16,0,,,SP1,2025/26,16,38,42,1.105263157894737,44,50,-6,1.1578947368421053,1.3157894736842106,2026-05-23,85,1462.869415055948,1472.152061291961,5,0.0,0.0,1.0,2.0,5.0,10,0.8,0.2,1.1,1.5,5.5,0.8,0.2,Rayo Vallecano,2026/27,2026-08-16,0,,,SP1,2025/26,8,38,50,1.3157894736842106,41,44,-3,1.0789473684210527,1.1578947368421053,2026-05-23,85,1525.3080964337516,1518.9810723253138,5,2.2,0.6,1.6,0.6,5.6,10,1.8,0.5,1.3,1.0,5.5,2.2,1.4,-46.8290110333528,-2.2,-0.21052631578947367,preseason_static,1
laliga_102316,2026/27,7,2026-09-20,,,sevilla,Sevilla FC,Sevilla FC,barcelona,FC Barcelona,FC Barcelona,scheduled,Sevilla FC,2026/27,2026-08-16,0,,,SP1,2025/26,15,38,43,1.131578947368421,46,60,-14,1.2105263157894737,1.5789473684210527,2026-05-23,85,1456.2846048483327,1467.2134536362496,5,1.8,0.6,1.2,1.0,4.8,10,1.2,0.4,0.9,1.3,3.0,1.8,0.6,FC Barcelona,2026/27,2026-08-16,0,,,SP1,2025/26,1,38,94,2.473684210526316,95,36,59,2.5,0.9473684210526315,2026-05-23,85,1726.7586777810607,1670.0690083357954,5,1.8,0.6,1.6,1.2,4.8,10,2.4,0.8,1.8,0.8,5.3,3.0,1.8,-202.8555546995458,0.0,-1.342105263157895,preseason_static,1
laliga_102317,2026/27,7,2026-09-20,,,valencia,Valencia CF,Valencia CF,real_sociedad,Real Sociedad,Real Sociedad,scheduled,Valencia CF,2026/27,2026-08-16,0,,,SP1,2025/26,9,38,49,1.2894736842105263,46,55,-9,1.2105263157894737,1.4473684210526316,2026-05-23,85,1517.05524428307,1512.7914332123023,5,2.0,0.6,1.8,1.4,3.6,10,1.7,0.5,1.6,1.3,4.0,1.4,2.0,Real Sociedad,2026/27,2026-08-16,0,,,SP1,2025/26,10,38,46,1.2105263157894737,59,61,-2,1.5526315789473684,1.605263157894737,2026-05-23,85,1486.0260664556174,1489.5195498417131,5,0.6,0.0,1.4,1.8,3.0,10,0.8,0.1,1.6,1.9,4.0,1.0,0.6,23.271883370589194,1.4,0.07894736842105265,preseason_static,1
laliga_102318,2026/27,7,2026-09-20,,,villarreal,Villarreal CF,Villarreal CF,levante,Levante UD,Levante UD,scheduled,Villarreal CF,2026/27,2026-08-16,0,,,SP1,2025/26,3,38,72,1.894736842105263,72,46,26,1.894736842105263,1.2105263157894737,2026-05-24,84,1603.2044974684716,1577.4033731013537,5,1.4,0.4,2.6,1.6,4.8,10,1.7,0.5,2.1,1.3,4.7,2.4,1.0,Levante UD,2026/27,2026-08-16,0,,,SP1,2025/26,18,38,42,1.105263157894737,47,61,-14,1.236842105263158,1.605263157894737,2026-05-23,85,1479.1546214464315,1484.3659660848236,5,1.8,0.6,2.0,2.2,6.2,10,1.9,0.6,1.7,1.5,5.4,3.0,0.8,93.0374070165301,-0.40000000000000013,0.7894736842105261,preseason_static,1
laliga_102319,2026/27,8,2026-10-11,,,alaves,Deportivo Alavés,Deportivo Alavés,atletico_madrid,Atlético de Madrid,Atlético de Madrid,scheduled,Deportivo Alavés,2026/27,2026-08-16,0,,,SP1,2025/26,14,38,43,1.131578947368421,44,56,-12,1.1578947368421053,1.4736842105263157,2026-05-23,85,1474.8795215968157,1481.1596411976118,5,1.4,0.4,1.2,1.4,4.6,10,1.5,0.4,1.8,1.8,4.6,1.4,1.6,Atlético de Madrid,2026/27,2026-08-16,0,,,SP1,2025/26,4,38,69,1.8157894736842106,62,44,18,1.631578947368421,1.1578947368421053,2026-05-24,84,1596.245603432995,1572.1842025747462,5,1.8,0.6,1.2,1.4,4.2,10,1.2,0.4,1.5,1.9,3.9,1.8,1.2,-91.02456137713443,-0.40000000000000013,-0.6842105263157896,preseason_static,1
laliga_102320,2026/27,8,2026-10-11,,,betis,Real Betis,Real Betis,osasuna,CA Osasuna,CA Osasuna,scheduled,Real Betis,2026/27,2026-08-16,0,,,SP1,2025/26,5,38,60,1.5789473684210527,59,48,11,1.5526315789473684,1.263157894736842,2026-05-23,85,1573.7174382969486,1555.2880787227114,5,2.0,0.6,2.0,1.4,5.6,10,1.6,0.4,1.6,1.3,4.7,2.2,1.0,CA Osasuna,2026/27,2026-08-16,0,,,SP1,2025/26,16,38,42,1.105263157894737,44,50,-6,1.1578947368421053,1.3157894736842106,2026-05-23,85,1462.869415055948,1472.152061291961,5,0.0,0.0,1.0,2.0,5.0,10,0.8,0.2,1.1,1.5,5.5,0.8,0.2,83.13601743075037,2.0,0.4736842105263157,preseason_static,1
laliga_102321,2026/27,8,2026-10-11,,,elche,Elche CF,Elche CF,celta,RC Celta,RC Celta,scheduled,Elche CF,2026/27,2026-08-16,0,,,SP1,2025/26,13,38,43,1.131578947368421,49,57,-8,1.2894736842105263,1.5,2026-05-23,85,1467.1865261401447,1475.3898946051086,5,1.0,0.2,1.0,1.4,3.0,10,1.7,0.5,1.3,1.2,3.5,2.6,0.8,RC Celta,2026/27,2026-08-16,0,,,SP1,2025/26,6,38,54,1.4210526315789473,53,48,5,1.394736842105263,1.263157894736842,2026-05-23,85,1527.5555130299024,1520.6666347724267,5,2.0,0.6,1.6,1.0,3.2,10,1.3,0.4,1.5,1.7,3.8,1.2,1.4,-45.27674016731817,-1.0,-0.2894736842105263,preseason_static,1
laliga_102322,2026/27,8,2026-10-11,,,barcelona,FC Barcelona,FC Barcelona,getafe,Getafe CF,Getafe CF,scheduled,FC Barcelona,2026/27,2026-08-16,0,,,SP1,2025/26,1,38,94,2.473684210526316,95,36,59,2.5,0.9473684210526315,2026-05-23,85,1726.7586777810607,1670.0690083357954,5,1.8,0.6,1.6,1.2,4.8,10,2.4,0.8,1.8,0.8,5.3,3.0,1.8,Getafe CF,2026/27,2026-08-16,0,,,SP1,2025/26,7,38,51,1.3421052631578947,32,38,-6,0.8421052631578947,1.0,2026-05-23,85,1490.4153718258704,1492.8115288694028,5,1.4,0.4,0.8,0.8,2.8,10,1.6,0.5,0.9,0.8,2.6,1.8,1.4,177.25747946639262,0.40000000000000013,1.1315789473684212,preseason_static,1
laliga_102323,2026/27,8,2026-10-11,,,levante,Levante UD,Levante UD,sevilla,Sevilla FC,Sevilla FC,scheduled,Levante UD,2026/27,2026-08-16,0,,,SP1,2025/26,18,38,42,1.105263157894737,47,61,-14,1.236842105263158,1.605263157894737,2026-05-23,85,1479.1546214464315,1484.3659660848236,5,1.8,0.6,2.0,2.2,6.2,10,1.9,0.6,1.7,1.5,5.4,3.0,0.8,Sevilla FC,2026/27,2026-08-16,0,,,SP1,2025/26,15,38,43,1.131578947368421,46,60,-14,1.2105263157894737,1.5789473684210527,2026-05-23,85,1456.2846048483327,1467.2134536362496,5,1.8,0.6,1.2,1.0,4.8,10,1.2,0.4,0.9,1.3,3.0,1.8,0.6,17.152512448574043,0.0,-0.02631578947368407,preseason_static,1
laliga_102324,2026/27,8,2026-10-11,,,malaga,Málaga CF,Málaga CF,espanyol,RCD Espanyol,RCD Espanyol de Barcelona,scheduled,Málaga CF,2026/27,2026-08-16,1,playoff,4,SP2,2025/26,4,42,73,1.7380952380952381,75,52,23,1.7857142857142858,1.2380952380952381,2026-05-31,77,1433.1728222935901,1449.8796167201926,5,2.6,0.8,2.6,1.0,7.2,10,1.8,0.5,2.3,1.5,5.9,1.6,2.0,RCD Espanyol,2026/27,2026-08-16,0,,,SP1,2025/26,11,38,46,1.2105263157894737,43,55,-12,1.131578947368421,1.4473684210526316,2026-05-23,85,1459.7220649449923,1469.7915487087444,5,1.4,0.4,1.2,1.2,4.8,10,0.9,0.2,0.8,1.3,3.9,1.0,0.8,-19.911931988551714,1.2000000000000002,0.5275689223057645,preseason_static,1
laliga_102325,2026/27,8,2026-10-11,,,racing_santander,Racing de Santander,R. Racing Club,valencia,Valencia CF,Valencia CF,scheduled,Racing de Santander,2026/27,2026-08-16,1,direct,1,SP2,2025/26,1,42,82,1.9523809523809523,90,61,29,2.142857142857143,1.4523809523809523,2026-05-31,77,1460.9465325654298,1470.7098994240723,5,2.6,0.8,3.0,1.2,8.8,10,2.3,0.7,2.8,1.5,8.3,3.0,1.6,Valencia CF,2026/27,2026-08-16,0,,,SP1,2025/26,9,38,49,1.2894736842105263,46,55,-9,1.2105263157894737,1.4473684210526316,2026-05-23,85,1517.05524428307,1512.7914332123023,5,2.0,0.6,1.8,1.4,3.6,10,1.7,0.5,1.6,1.3,4.0,1.4,2.0,-42.08153378822999,0.6000000000000001,0.662907268170426,preseason_static,1
laliga_102326,2026/27,8,2026-10-11,,,vallecano,Rayo Vallecano,Rayo Vallecano,athletic_bilbao,Athletic Club,Athletic Club,scheduled,Rayo Vallecano,2026/27,2026-08-16,0,,,SP1,2025/26,8,38,50,1.3157894736842106,41,44,-3,1.0789473684210527,1.1578947368421053,2026-05-23,85,1525.3080964337516,1518.9810723253138,5,2.2,0.6,1.6,0.6,5.6,10,1.8,0.5,1.3,1.0,5.5,2.2,1.4,Athletic Club,2026/27,2026-08-16,0,,,SP1,2025/26,12,38,45,1.1842105263157894,43,58,-15,1.131578947368421,1.5263157894736843,2026-05-23,85,1494.3913499077144,1495.7935124307858,5,0.8,0.2,1.4,2.0,4.6,10,1.0,0.3,1.3,1.8,4.1,1.4,0.6,23.18755989452802,1.4000000000000001,0.13157894736842124,preseason_static,1
laliga_102327,2026/27,8,2026-10-11,,,real_madrid,Real Madrid,Real Madrid,villarreal,Villarreal CF,Villarreal CF,scheduled,Real Madrid,2026/27,2026-08-16,0,,,SP1,2025/26,2,38,86,2.263157894736842,77,35,42,2.026315789473684,0.9210526315789473,2026-05-23,85,1691.8492105610512,1643.8869079207884,5,2.4,0.8,1.8,0.8,4.4,10,2.0,0.6,1.7,1.1,6.3,2.6,1.4,Villarreal CF,2026/27,2026-08-16,0,,,SP1,2025/26,3,38,72,1.894736842105263,72,46,26,1.894736842105263,1.2105263157894737,2026-05-24,84,1603.2044974684716,1577.4033731013537,5,1.4,0.4,2.6,1.6,4.8,10,1.7,0.5,2.1,1.3,4.7,2.4,1.0,66.48353481943468,1.0,0.368421052631579,preseason_static,1
laliga_102328,2026/27,8,2026-10-11,,,real_sociedad,Real Sociedad,Real Sociedad,deportivo,RC Deportivo,RC Deportivo,scheduled,Real Sociedad,2026/27,2026-08-16,0,,,SP1,2025/26,10,38,46,1.2105263157894737,59,61,-2,1.5526315789473684,1.605263157894737,2026-05-23,85,1486.0260664556174,1489.5195498417131,5,0.6,0.0,1.4,1.8,3.0,10,0.8,0.1,1.6,1.9,4.0,1.0,0.6,RC Deportivo,2026/27,2026-08-16,1,direct,2,SP2,2025/26,2,42,77,1.8333333333333333,65,44,21,1.5476190476190477,1.0476190476190477,2026-05-31,77,1440.2106190968582,1455.1579643226437,5,2.4,0.8,1.6,0.8,5.4,10,2.1,0.6,1.6,0.8,4.8,2.0,1.8,34.36158551906942,-1.7999999999999998,-0.6228070175438596,preseason_static,1
laliga_102329,2026/27,9,2026-10-18,,,betis,Real Betis,Real Betis,barcelona,FC Barcelona,FC Barcelona,scheduled,Real Betis,2026/27,2026-08-16,0,,,SP1,2025/26,5,38,60,1.5789473684210527,59,48,11,1.5526315789473684,1.263157894736842,2026-05-23,85,1573.7174382969486,1555.2880787227114,5,2.0,0.6,2.0,1.4,5.6,10,1.6,0.4,1.6,1.3,4.7,2.2,1.0,FC Barcelona,2026/27,2026-08-16,0,,,SP1,2025/26,1,38,94,2.473684210526316,95,36,59,2.5,0.9473684210526315,2026-05-23,85,1726.7586777810607,1670.0690083357954,5,1.8,0.6,1.6,1.2,4.8,10,2.4,0.8,1.8,0.8,5.3,3.0,1.8,-114.78092961308403,0.19999999999999996,-0.8947368421052633,preseason_static,1
laliga_102330,2026/27,9,2026-10-18,,,celta,RC Celta,RC Celta,alaves,Deportivo Alavés,Deportivo Alavés,scheduled,RC Celta,2026/27,2026-08-16,0,,,SP1,2025/26,6,38,54,1.4210526315789473,53,48,5,1.394736842105263,1.263157894736842,2026-05-23,85,1527.5555130299024,1520.6666347724267,5,2.0,0.6,1.6,1.0,3.2,10,1.3,0.4,1.5,1.7,3.8,1.2,1.4,Deportivo Alavés,2026/27,2026-08-16,0,,,SP1,2025/26,14,38,43,1.131578947368421,44,56,-12,1.1578947368421053,1.4736842105263157,2026-05-23,85,1474.8795215968157,1481.1596411976118,5,1.4,0.4,1.2,1.4,4.6,10,1.5,0.4,1.8,1.8,4.6,1.4,1.6,39.50699357481494,0.6000000000000001,0.2894736842105263,preseason_static,1
laliga_102331,2026/27,9,2026-10-18,,,deportivo,RC Deportivo,RC Deportivo,levante,Levante UD,Levante UD,scheduled,RC Deportivo,2026/27,2026-08-16,1,direct,2,SP2,2025/26,2,42,77,1.8333333333333333,65,44,21,1.5476190476190477,1.0476190476190477,2026-05-31,77,1440.2106190968582,1455.1579643226437,5,2.4,0.8,1.6,0.8,5.4,10,2.1,0.6,1.6,0.8,4.8,2.0,1.8,Levante UD,2026/27,2026-08-16,0,,,SP1,2025/26,18,38,42,1.105263157894737,47,61,-14,1.236842105263158,1.605263157894737,2026-05-23,85,1479.1546214464315,1484.3659660848236,5,1.8,0.6,2.0,2.2,6.2,10,1.9,0.6,1.7,1.5,5.4,3.0,0.8,-29.208001762179947,0.5999999999999999,0.7280701754385963,preseason_static,1
laliga_102332,2026/27,9,2026-10-18,,,espanyol,RCD Espanyol,RCD Espanyol de Barcelona,atletico_madrid,Atlético de Madrid,Atlético de Madrid,scheduled,RCD Espanyol,2026/27,2026-08-16,0,,,SP1,2025/26,11,38,46,1.2105263157894737,43,55,-12,1.131578947368421,1.4473684210526316,2026-05-23,85,1459.7220649449923,1469.7915487087444,5,1.4,0.4,1.2,1.2,4.8,10,0.9,0.2,0.8,1.3,3.9,1.0,0.8,Atlético de Madrid,2026/27,2026-08-16,0,,,SP1,2025/26,4,38,69,1.8157894736842106,62,44,18,1.631578947368421,1.1578947368421053,2026-05-24,84,1596.245603432995,1572.1842025747462,5,1.8,0.6,1.2,1.4,4.2,10,1.2,0.4,1.5,1.9,3.9,1.8,1.2,-102.39265386600187,-0.40000000000000013,-0.605263157894737,preseason_static,1
laliga_102333,2026/27,9,2026-10-18,,,getafe,Getafe CF,Getafe CF,vallecano,Rayo Vallecano,Rayo Vallecano,scheduled,Getafe CF,2026/27,2026-08-16,0,,,SP1,2025/26,7,38,51,1.3421052631578947,32,38,-6,0.8421052631578947,1.0,2026-05-23,85,1490.4153718258704,1492.8115288694028,5,1.4,0.4,0.8,0.8,2.8,10,1.6,0.5,0.9,0.8,2.6,1.8,1.4,Rayo Vallecano,2026/27,2026-08-16,0,,,SP1,2025/26,8,38,50,1.3157894736842106,41,44,-3,1.0789473684210527,1.1578947368421053,2026-05-23,85,1525.3080964337516,1518.9810723253138,5,2.2,0.6,1.6,0.6,5.6,10,1.8,0.5,1.3,1.0,5.5,2.2,1.4,-26.169543455911025,-0.8000000000000003,0.02631578947368407,preseason_static,1
laliga_102334,2026/27,9,2026-10-18,,,malaga,Málaga CF,Málaga CF,real_sociedad,Real Sociedad,Real Sociedad,scheduled,Málaga CF,2026/27,2026-08-16,1,playoff,4,SP2,2025/26,4,42,73,1.7380952380952381,75,52,23,1.7857142857142858,1.2380952380952381,2026-05-31,77,1433.1728222935901,1449.8796167201926,5,2.6,0.8,2.6,1.0,7.2,10,1.8,0.5,2.3,1.5,5.9,1.6,2.0,Real Sociedad,2026/27,2026-08-16,0,,,SP1,2025/26,10,38,46,1.2105263157894737,59,61,-2,1.5526315789473684,1.605263157894737,2026-05-23,85,1486.0260664556174,1489.5195498417131,5,0.6,0.0,1.4,1.8,3.0,10,0.8,0.1,1.6,1.9,4.0,1.0,0.6,-39.63993312152047,2.0,0.5275689223057645,preseason_static,1
laliga_102335,2026/27,9,2026-10-18,,,osasuna,CA Osasuna,CA Osasuna,racing_santander,Racing de Santander,R. Racing Club,scheduled,CA Osasuna,2026/27,2026-08-16,0,,,SP1,2025/26,16,38,42,1.105263157894737,44,50,-6,1.1578947368421053,1.3157894736842106,2026-05-23,85,1462.869415055948,1472.152061291961,5,0.0,0.0,1.0,2.0,5.0,10,0.8,0.2,1.1,1.5,5.5,0.8,0.2,Racing de Santander,2026/27,2026-08-16,1,direct,1,SP2,2025/26,1,42,82,1.9523809523809523,90,61,29,2.142857142857143,1.4523809523809523,2026-05-31,77,1460.9465325654298,1470.7098994240723,5,2.6,0.8,3.0,1.2,8.8,10,2.3,0.7,2.8,1.5,8.3,3.0,1.6,1.4421618678886716,-2.6,-0.8471177944862154,preseason_static,1
laliga_102336,2026/27,9,2026-10-18,,,real_madrid,Real Madrid,Real Madrid,sevilla,Sevilla FC,Sevilla FC,scheduled,Real Madrid,2026/27,2026-08-16,0,,,SP1,2025/26,2,38,86,2.263157894736842,77,35,42,2.026315789473684,0.9210526315789473,2026-05-23,85,1691.8492105610512,1643.8869079207884,5,2.4,0.8,1.8,0.8,4.4,10,2.0,0.6,1.7,1.1,6.3,2.6,1.4,Sevilla FC,2026/27,2026-08-16,0,,,SP1,2025/26,15,38,43,1.131578947368421,46,60,-14,1.2105263157894737,1.5789473684210527,2026-05-23,85,1456.2846048483327,1467.2134536362496,5,1.8,0.6,1.2,1.0,4.8,10,1.2,0.4,0.9,1.3,3.0,1.8,0.6,176.67345428453882,0.5999999999999999,1.131578947368421,preseason_static,1
laliga_102337,2026/27,9,2026-10-18,,,valencia,Valencia CF,Valencia CF,athletic_bilbao,Athletic Club,Athletic Club,scheduled,Valencia CF,2026/27,2026-08-16,0,,,SP1,2025/26,9,38,49,1.2894736842105263,46,55,-9,1.2105263157894737,1.4473684210526316,2026-05-23,85,1517.05524428307,1512.7914332123023,5,2.0,0.6,1.8,1.4,3.6,10,1.7,0.5,1.6,1.3,4.0,1.4,2.0,Athletic Club,2026/27,2026-08-16,0,,,SP1,2025/26,12,38,45,1.1842105263157894,43,58,-15,1.131578947368421,1.5263157894736843,2026-05-23,85,1494.3913499077144,1495.7935124307858,5,0.8,0.2,1.4,2.0,4.6,10,1.0,0.3,1.3,1.8,4.1,1.4,0.6,16.99792078151654,1.2,0.10526315789473695,preseason_static,1
laliga_102338,2026/27,9,2026-10-18,,,villarreal,Villarreal CF,Villarreal CF,elche,Elche CF,Elche CF,scheduled,Villarreal CF,2026/27,2026-08-16,0,,,SP1,2025/26,3,38,72,1.894736842105263,72,46,26,1.894736842105263,1.2105263157894737,2026-05-24,84,1603.2044974684716,1577.4033731013537,5,1.4,0.4,2.6,1.6,4.8,10,1.7,0.5,2.1,1.3,4.7,2.4,1.0,Elche CF,2026/27,2026-08-16,0,,,SP1,2025/26,13,38,43,1.131578947368421,49,57,-8,1.2894736842105263,1.5,2026-05-23,85,1467.1865261401447,1475.3898946051086,5,1.0,0.2,1.0,1.4,3.0,10,1.7,0.5,1.3,1.2,3.5,2.6,0.8,102.01347849624517,0.3999999999999999,0.763157894736842,preseason_static,1
laliga_102339,2026/27,10,2026-10-25,,,alaves,Deportivo Alavés,Deportivo Alavés,malaga,Málaga CF,Málaga CF,scheduled,Deportivo Alavés,2026/27,2026-08-16,0,,,SP1,2025/26,14,38,43,1.131578947368421,44,56,-12,1.1578947368421053,1.4736842105263157,2026-05-23,85,1474.8795215968157,1481.1596411976118,5,1.4,0.4,1.2,1.4,4.6,10,1.5,0.4,1.8,1.8,4.6,1.4,1.6,Málaga CF,2026/27,2026-08-16,1,playoff,4,SP2,2025/26,4,42,73,1.7380952380952381,75,52,23,1.7857142857142858,1.2380952380952381,2026-05-31,77,1433.1728222935901,1449.8796167201926,5,2.6,0.8,2.6,1.0,7.2,10,1.8,0.5,2.3,1.5,5.9,1.6,2.0,31.280024477419147,-1.2000000000000002,-0.6065162907268171,preseason_static,1
laliga_102340,2026/27,10,2026-10-25,,,athletic_bilbao,Athletic Club,Athletic Club,getafe,Getafe CF,Getafe CF,scheduled,Athletic Club,2026/27,2026-08-16,0,,,SP1,2025/26,12,38,45,1.1842105263157894,43,58,-15,1.131578947368421,1.5263157894736843,2026-05-23,85,1494.3913499077144,1495.7935124307858,5,0.8,0.2,1.4,2.0,4.6,10,1.0,0.3,1.3,1.8,4.1,1.4,0.6,Getafe CF,2026/27,2026-08-16,0,,,SP1,2025/26,7,38,51,1.3421052631578947,32,38,-6,0.8421052631578947,1.0,2026-05-23,85,1490.4153718258704,1492.8115288694028,5,1.4,0.4,0.8,0.8,2.8,10,1.6,0.5,0.9,0.8,2.6,1.8,1.4,2.9819835613830037,-0.5999999999999999,-0.1578947368421053,preseason_static,1
laliga_102341,2026/27,10,2026-10-25,,,atletico_madrid,Atlético de Madrid,Atlético de Madrid,deportivo,RC Deportivo,RC Deportivo,scheduled,Atlético de Madrid,2026/27,2026-08-16,0,,,SP1,2025/26,4,38,69,1.8157894736842106,62,44,18,1.631578947368421,1.1578947368421053,2026-05-24,84,1596.245603432995,1572.1842025747462,5,1.8,0.6,1.2,1.4,4.2,10,1.2,0.4,1.5,1.9,3.9,1.8,1.2,RC Deportivo,2026/27,2026-08-16,1,direct,2,SP2,2025/26,2,42,77,1.8333333333333333,65,44,21,1.5476190476190477,1.0476190476190477,2026-05-31,77,1440.2106190968582,1455.1579643226437,5,2.4,0.8,1.6,0.8,5.4,10,2.1,0.6,1.6,0.8,4.8,2.0,1.8,117.02623825210253,-0.5999999999999999,-0.01754385964912264,preseason_static,1
laliga_102342,2026/27,10,2026-10-25,,,celta,RC Celta,RC Celta,betis,Real Betis,Real Betis,scheduled,RC Celta,2026/27,2026-08-16,0,,,SP1,2025/26,6,38,54,1.4210526315789473,53,48,5,1.394736842105263,1.263157894736842,2026-05-23,85,1527.5555130299024,1520.6666347724267,5,2.0,0.6,1.6,1.0,3.2,10,1.3,0.4,1.5,1.7,3.8,1.2,1.4,Real Betis,2026/27,2026-08-16,0,,,SP1,2025/26,5,38,60,1.5789473684210527,59,48,11,1.5526315789473684,1.263157894736842,2026-05-23,85,1573.7174382969486,1555.2880787227114,5,2.0,0.6,2.0,1.4,5.6,10,1.6,0.4,1.6,1.3,4.7,2.2,1.0,-34.62144395028463,0.0,-0.1578947368421053,preseason_static,1
laliga_102343,2026/27,10,2026-10-25,,,barcelona,FC Barcelona,FC Barcelona,real_madrid,Real Madrid,Real Madrid,scheduled,FC Barcelona,2026/27,2026-08-16,0,,,SP1,2025/26,1,38,94,2.473684210526316,95,36,59,2.5,0.9473684210526315,2026-05-23,85,1726.7586777810607,1670.0690083357954,5,1.8,0.6,1.6,1.2,4.8,10,2.4,0.8,1.8,0.8,5.3,3.0,1.8,Real Madrid,2026/27,2026-08-16,0,,,SP1,2025/26,2,38,86,2.263157894736842,77,35,42,2.026315789473684,0.9210526315789473,2026-05-23,85,1691.8492105610512,1643.8869079207884,5,2.4,0.8,1.8,0.8,4.4,10,2.0,0.6,1.7,1.1,6.3,2.6,1.4,26.18210041500697,-0.5999999999999999,0.2105263157894739,preseason_static,1
laliga_102344,2026/27,10,2026-10-25,,,racing_santander,Racing de Santander,R. Racing Club,espanyol,RCD Espanyol,RCD Espanyol de Barcelona,scheduled,Racing de Santander,2026/27,2026-08-16,1,direct,1,SP2,2025/26,1,42,82,1.9523809523809523,90,61,29,2.142857142857143,1.4523809523809523,2026-05-31,77,1460.9465325654298,1470.7098994240723,5,2.6,0.8,3.0,1.2,8.8,10,2.3,0.7,2.8,1.5,8.3,3.0,1.6,RCD Espanyol,2026/27,2026-08-16,0,,,SP1,2025/26,11,38,46,1.2105263157894737,43,55,-12,1.131578947368421,1.4473684210526316,2026-05-23,85,1459.7220649449923,1469.7915487087444,5,1.4,0.4,1.2,1.2,4.8,10,0.9,0.2,0.8,1.3,3.9,1.0,0.8,0.9183507153279606,1.2000000000000002,0.7418546365914787,preseason_static,1
laliga_102345,2026/27,10,2026-10-25,,,vallecano,Rayo Vallecano,Rayo Vallecano,elche,Elche CF,Elche CF,scheduled,Rayo Vallecano,2026/27,2026-08-16,0,,,SP1,2025/26,8,38,50,1.3157894736842106,41,44,-3,1.0789473684210527,1.1578947368421053,2026-05-23,85,1525.3080964337516,1518.9810723253138,5,2.2,0.6,1.6,0.6,5.6,10,1.8,0.5,1.3,1.0,5.5,2.2,1.4,Elche CF,2026/27,2026-08-16,0,,,SP1,2025/26,13,38,43,1.131578947368421,49,57,-8,1.2894736842105263,1.5,2026-05-23,85,1467.1865261401447,1475.3898946051086,5,1.0,0.2,1.0,1.4,3.0,10,1.7,0.5,1.3,1.2,3.5,2.6,0.8,43.59117772020522,1.2000000000000002,0.1842105263157896,preseason_static,1
laliga_102346,2026/27,10,2026-10-25,,,real_sociedad,Real Sociedad,Real Sociedad,levante,Levante UD,Levante UD,scheduled,Real Sociedad,2026/27,2026-08-16,0,,,SP1,2025/26,10,38,46,1.2105263157894737,59,61,-2,1.5526315789473684,1.605263157894737,2026-05-23,85,1486.0260664556174,1489.5195498417131,5,0.6,0.0,1.4,1.8,3.0,10,0.8,0.1,1.6,1.9,4.0,1.0,0.6,Levante UD,2026/27,2026-08-16,0,,,SP1,2025/26,18,38,42,1.105263157894737,47,61,-14,1.236842105263158,1.605263157894737,2026-05-23,85,1479.1546214464315,1484.3659660848236,5,1.8,0.6,2.0,2.2,6.2,10,1.9,0.6,1.7,1.5,5.4,3.0,0.8,5.153583756889475,-1.2000000000000002,0.10526315789473673,preseason_static,1
laliga_102347,2026/27,10,2026-10-25,,,sevilla,Sevilla FC,Sevilla FC,osasuna,CA Osasuna,CA Osasuna,scheduled,Sevilla FC,2026/27,2026-08-16,0,,,SP1,2025/26,15,38,43,1.131578947368421,46,60,-14,1.2105263157894737,1.5789473684210527,2026-05-23,85,1456.2846048483327,1467.2134536362496,5,1.8,0.6,1.2,1.0,4.8,10,1.2,0.4,0.9,1.3,3.0,1.8,0.6,CA Osasuna,2026/27,2026-08-16,0,,,SP1,2025/26,16,38,42,1.105263157894737,44,50,-6,1.1578947368421053,1.3157894736842106,2026-05-23,85,1462.869415055948,1472.152061291961,5,0.0,0.0,1.0,2.0,5.0,10,0.8,0.2,1.1,1.5,5.5,0.8,0.2,-4.938607655711394,1.8,0.02631578947368407,preseason_static,1
laliga_102348,2026/27,10,2026-10-25,,,valencia,Valencia CF,Valencia CF,villarreal,Villarreal CF,Villarreal CF,scheduled,Valencia CF,2026/27,2026-08-16,0,,,SP1,2025/26,9,38,49,1.2894736842105263,46,55,-9,1.2105263157894737,1.4473684210526316,2026-05-23,85,1517.05524428307,1512.7914332123023,5,2.0,0.6,1.8,1.4,3.6,10,1.7,0.5,1.6,1.3,4.0,1.4,2.0,Villarreal CF,2026/27,2026-08-16,0,,,SP1,2025/26,3,38,72,1.894736842105263,72,46,26,1.894736842105263,1.2105263157894737,2026-05-24,84,1603.2044974684716,1577.4033731013537,5,1.4,0.4,2.6,1.6,4.8,10,1.7,0.5,2.1,1.3,4.7,2.4,1.0,-64.61193988905143,0.6000000000000001,-0.6052631578947367,preseason_static,1
laliga_102349,2026/27,11,2026-11-01,,,athletic_bilbao,Athletic Club,Athletic Club,real_sociedad,Real Sociedad,Real Sociedad,scheduled,Athletic Club,2026/27,2026-08-16,0,,,SP1,2025/26,12,38,45,1.1842105263157894,43,58,-15,1.131578947368421,1.5263157894736843,2026-05-23,85,1494.3913499077144,1495.7935124307858,5,0.8,0.2,1.4,2.0,4.6,10,1.0,0.3,1.3,1.8,4.1,1.4,0.6,Real Sociedad,2026/27,2026-08-16,0,,,SP1,2025/26,10,38,46,1.2105263157894737,59,61,-2,1.5526315789473684,1.605263157894737,2026-05-23,85,1486.0260664556174,1489.5195498417131,5,0.6,0.0,1.4,1.8,3.0,10,0.8,0.1,1.6,1.9,4.0,1.0,0.6,6.273962589072653,0.20000000000000007,-0.026315789473684292,preseason_static,1
laliga_102350,2026/27,11,2026-11-01,,,betis,Real Betis,Real Betis,malaga,Málaga CF,Málaga CF,scheduled,Real Betis,2026/27,2026-08-16,0,,,SP1,2025/26,5,38,60,1.5789473684210527,59,48,11,1.5526315789473684,1.263157894736842,2026-05-23,85,1573.7174382969486,1555.2880787227114,5,2.0,0.6,2.0,1.4,5.6,10,1.6,0.4,1.6,1.3,4.7,2.2,1.0,Málaga CF,2026/27,2026-08-16,1,playoff,4,SP2,2025/26,4,42,73,1.7380952380952381,75,52,23,1.7857142857142858,1.2380952380952381,2026-05-31,77,1433.1728222935901,1449.8796167201926,5,2.6,0.8,2.6,1.0,7.2,10,1.8,0.5,2.3,1.5,5.9,1.6,2.0,105.40846200251872,-0.6000000000000001,-0.15914786967418548,preseason_static,1
laliga_102351,2026/27,11,2026-11-01,,,deportivo,RC Deportivo,RC Deportivo,osasuna,CA Osasuna,CA Osasuna,scheduled,RC Deportivo,2026/27,2026-08-16,1,direct,2,SP2,2025/26,2,42,77,1.8333333333333333,65,44,21,1.5476190476190477,1.0476190476190477,2026-05-31,77,1440.2106190968582,1455.1579643226437,5,2.4,0.8,1.6,0.8,5.4,10,2.1,0.6,1.6,0.8,4.8,2.0,1.8,CA Osasuna,2026/27,2026-08-16,0,,,SP1,2025/26,16,38,42,1.105263157894737,44,50,-6,1.1578947368421053,1.3157894736842106,2026-05-23,85,1462.869415055948,1472.152061291961,5,0.0,0.0,1.0,2.0,5.0,10,0.8,0.2,1.1,1.5,5.5,0.8,0.2,-16.994096969317297,2.4,0.7280701754385963,preseason_static,1
laliga_102352,2026/27,11,2026-11-01,,,elche,Elche CF,Elche CF,valencia,Valencia CF,Valencia CF,scheduled,Elche CF,2026/27,2026-08-16,0,,,SP1,2025/26,13,38,43,1.131578947368421,49,57,-8,1.2894736842105263,1.5,2026-05-23,85,1467.1865261401447,1475.3898946051086,5,1.0,0.2,1.0,1.4,3.0,10,1.7,0.5,1.3,1.2,3.5,2.6,0.8,Valencia CF,2026/27,2026-08-16,0,,,SP1,2025/26,9,38,49,1.2894736842105263,46,55,-9,1.2105263157894737,1.4473684210526316,2026-05-23,85,1517.05524428307,1512.7914332123023,5,2.0,0.6,1.8,1.4,3.6,10,1.7,0.5,1.6,1.3,4.0,1.4,2.0,-37.40153860719374,-1.0,-0.1578947368421053,preseason_static,1
laliga_102353,2026/27,11,2026-11-01,,,barcelona,FC Barcelona,FC Barcelona,alaves,Deportivo Alavés,Deportivo Alavés,scheduled,FC Barcelona,2026/27,2026-08-16,0,,,SP1,2025/26,1,38,94,2.473684210526316,95,36,59,2.5,0.9473684210526315,2026-05-23,85,1726.7586777810607,1670.0690083357954,5,1.8,0.6,1.6,1.2,4.8,10,2.4,0.8,1.8,0.8,5.3,3.0,1.8,Deportivo Alavés,2026/27,2026-08-16,0,,,SP1,2025/26,14,38,43,1.131578947368421,44,56,-12,1.1578947368421053,1.4736842105263157,2026-05-23,85,1474.8795215968157,1481.1596411976118,5,1.4,0.4,1.2,1.4,4.6,10,1.5,0.4,1.8,1.8,4.6,1.4,1.6,188.9093671381836,0.40000000000000013,1.342105263157895,preseason_static,1
laliga_102354,2026/27,11,2026-11-01,,,getafe,Getafe CF,Getafe CF,sevilla,Sevilla FC,Sevilla FC,scheduled,Getafe CF,2026/27,2026-08-16,0,,,SP1,2025/26,7,38,51,1.3421052631578947,32,38,-6,0.8421052631578947,1.0,2026-05-23,85,1490.4153718258704,1492.8115288694028,5,1.4,0.4,0.8,0.8,2.8,10,1.6,0.5,0.9,0.8,2.6,1.8,1.4,Sevilla FC,2026/27,2026-08-16,0,,,SP1,2025/26,15,38,43,1.131578947368421,46,60,-14,1.2105263157894737,1.5789473684210527,2026-05-23,85,1456.2846048483327,1467.2134536362496,5,1.8,0.6,1.2,1.0,4.8,10,1.2,0.4,0.9,1.3,3.0,1.8,0.6,25.598075233153168,-0.40000000000000013,0.21052631578947367,preseason_static,1
laliga_102355,2026/27,11,2026-11-01,,,levante,Levante UD,Levante UD,atletico_madrid,Atlético de Madrid,Atlético de Madrid,scheduled,Levante UD,2026/27,2026-08-16,0,,,SP1,2025/26,18,38,42,1.105263157894737,47,61,-14,1.236842105263158,1.605263157894737,2026-05-23,85,1479.1546214464315,1484.3659660848236,5,1.8,0.6,2.0,2.2,6.2,10,1.9,0.6,1.7,1.5,5.4,3.0,0.8,Atlético de Madrid,2026/27,2026-08-16,0,,,SP1,2025/26,4,38,69,1.8157894736842106,62,44,18,1.631578947368421,1.1578947368421053,2026-05-24,84,1596.245603432995,1572.1842025747462,5,1.8,0.6,1.2,1.4,4.2,10,1.2,0.4,1.5,1.9,3.9,1.8,1.2,-87.81823648992258,0.0,-0.7105263157894737,preseason_static,1
laliga_102356,2026/27,11,2026-11-01,,,racing_santander,Racing de Santander,R. Racing Club,real_madrid,Real Madrid,Real Madrid,scheduled,Racing de Santander,2026/27,2026-08-16,1,direct,1,SP2,2025/26,1,42,82,1.9523809523809523,90,61,29,2.142857142857143,1.4523809523809523,2026-05-31,77,1460.9465325654298,1470.7098994240723,5,2.6,0.8,3.0,1.2,8.8,10,2.3,0.7,2.8,1.5,8.3,3.0,1.6,Real Madrid,2026/27,2026-08-16,0,,,SP1,2025/26,2,38,86,2.263157894736842,77,35,42,2.026315789473684,0.9210526315789473,2026-05-23,85,1691.8492105610512,1643.8869079207884,5,2.4,0.8,1.8,0.8,4.4,10,2.0,0.6,1.7,1.1,6.3,2.6,1.4,-173.1770084967161,0.20000000000000018,-0.3107769423558897,preseason_static,1
laliga_102357,2026/27,11,2026-11-01,,,vallecano,Rayo Vallecano,Rayo Vallecano,celta,RC Celta,RC Celta,scheduled,Rayo Vallecano,2026/27,2026-08-16,0,,,SP1,2025/26,8,38,50,1.3157894736842106,41,44,-3,1.0789473684210527,1.1578947368421053,2026-05-23,85,1525.3080964337516,1518.9810723253138,5,2.2,0.6,1.6,0.6,5.6,10,1.8,0.5,1.3,1.0,5.5,2.2,1.4,RC Celta,2026/27,2026-08-16,0,,,SP1,2025/26,6,38,54,1.4210526315789473,53,48,5,1.394736842105263,1.263157894736842,2026-05-23,85,1527.5555130299024,1520.6666347724267,5,2.0,0.6,1.6,1.0,3.2,10,1.3,0.4,1.5,1.7,3.8,1.2,1.4,-1.6855624471129431,0.20000000000000018,-0.10526315789473673,preseason_static,1
laliga_102358,2026/27,11,2026-11-01,,,villarreal,Villarreal CF,Villarreal CF,espanyol,RCD Espanyol,RCD Espanyol de Barcelona,scheduled,Villarreal CF,2026/27,2026-08-16,0,,,SP1,2025/26,3,38,72,1.894736842105263,72,46,26,1.894736842105263,1.2105263157894737,2026-05-24,84,1603.2044974684716,1577.4033731013537,5,1.4,0.4,2.6,1.6,4.8,10,1.7,0.5,2.1,1.3,4.7,2.4,1.0,RCD Espanyol,2026/27,2026-08-16,0,,,SP1,2025/26,11,38,46,1.2105263157894737,43,55,-12,1.131578947368421,1.4473684210526316,2026-05-23,85,1459.7220649449923,1469.7915487087444,5,1.4,0.4,1.2,1.2,4.8,10,0.9,0.2,0.8,1.3,3.9,1.0,0.8,107.61182439260938,0.0,0.6842105263157894,preseason_static,1
laliga_102359,2026/27,12,2026-11-08,,,atletico_madrid,Atlético de Madrid,Atlético de Madrid,barcelona,FC Barcelona,FC Barcelona,scheduled,Atlético de Madrid,2026/27,2026-08-16,0,,,SP1,2025/26,4,38,69,1.8157894736842106,62,44,18,1.631578947368421,1.1578947368421053,2026-05-24,84,1596.245603432995,1572.1842025747462,5,1.8,0.6,1.2,1.4,4.2,10,1.2,0.4,1.5,1.9,3.9,1.8,1.2,FC Barcelona,2026/27,2026-08-16,0,,,SP1,2025/26,1,38,94,2.473684210526316,95,36,59,2.5,0.9473684210526315,2026-05-23,85,1726.7586777810607,1670.0690083357954,5,1.8,0.6,1.6,1.2,4.8,10,2.4,0.8,1.8,0.8,5.3,3.0,1.8,-97.88480576104917,0.0,-0.6578947368421053,preseason_static,1
laliga_102360,2026/27,12,2026-11-08,,,celta,RC Celta,RC Celta,levante,Levante UD,Levante UD,scheduled,RC Celta,2026/27,2026-08-16,0,,,SP1,2025/26,6,38,54,1.4210526315789473,53,48,5,1.394736842105263,1.263157894736842,2026-05-23,85,1527.5555130299024,1520.6666347724267,5,2.0,0.6,1.6,1.0,3.2,10,1.3,0.4,1.5,1.7,3.8,1.2,1.4,Levante UD,2026/27,2026-08-16,0,,,SP1,2025/26,18,38,42,1.105263157894737,47,61,-14,1.236842105263158,1.605263157894737,2026-05-23,85,1479.1546214464315,1484.3659660848236,5,1.8,0.6,2.0,2.2,6.2,10,1.9,0.6,1.7,1.5,5.4,3.0,0.8,36.30066868760309,0.19999999999999996,0.3157894736842104,preseason_static,1
laliga_102361,2026/27,12,2026-11-08,,,elche,Elche CF,Elche CF,betis,Real Betis,Real Betis,scheduled,Elche CF,2026/27,2026-08-16,0,,,SP1,2025/26,13,38,43,1.131578947368421,49,57,-8,1.2894736842105263,1.5,2026-05-23,85,1467.1865261401447,1475.3898946051086,5,1.0,0.2,1.0,1.4,3.0,10,1.7,0.5,1.3,1.2,3.5,2.6,0.8,Real Betis,2026/27,2026-08-16,0,,,SP1,2025/26,5,38,60,1.5789473684210527,59,48,11,1.5526315789473684,1.263157894736842,2026-05-23,85,1573.7174382969486,1555.2880787227114,5,2.0,0.6,2.0,1.4,5.6,10,1.6,0.4,1.6,1.3,4.7,2.2,1.0,-79.8981841176028,-1.0,-0.44736842105263164,preseason_static,1
laliga_102362,2026/27,12,2026-11-08,,,espanyol,RCD Espanyol,RCD Espanyol de Barcelona,deportivo,RC Deportivo,RC Deportivo,scheduled,RCD Espanyol,2026/27,2026-08-16,0,,,SP1,2025/26,11,38,46,1.2105263157894737,43,55,-12,1.131578947368421,1.4473684210526316,2026-05-23,85,1459.7220649449923,1469.7915487087444,5,1.4,0.4,1.2,1.2,4.8,10,0.9,0.2,0.8,1.3,3.9,1.0,0.8,RC Deportivo,2026/27,2026-08-16,1,direct,2,SP2,2025/26,2,42,77,1.8333333333333333,65,44,21,1.5476190476190477,1.0476190476190477,2026-05-31,77,1440.2106190968582,1455.1579643226437,5,2.4,0.8,1.6,0.8,5.4,10,2.1,0.6,1.6,0.8,4.8,2.0,1.8,14.633584386100665,-1.0,-0.6228070175438596,preseason_static,1
laliga_102363,2026/27,12,2026-11-08,,,malaga,Málaga CF,Málaga CF,racing_santander,Racing de Santander,R. Racing Club,scheduled,Málaga CF,2026/27,2026-08-16,1,playoff,4,SP2,2025/26,4,42,73,1.7380952380952381,75,52,23,1.7857142857142858,1.2380952380952381,2026-05-31,77,1433.1728222935901,1449.8796167201926,5,2.6,0.8,2.6,1.0,7.2,10,1.8,0.5,2.3,1.5,5.9,1.6,2.0,Racing de Santander,2026/27,2026-08-16,1,direct,1,SP2,2025/26,1,42,82,1.9523809523809523,90,61,29,2.142857142857143,1.4523809523809523,2026-05-31,77,1460.9465325654298,1470.7098994240723,5,2.6,0.8,3.0,1.2,8.8,10,2.3,0.7,2.8,1.5,8.3,3.0,1.6,-20.830282703879675,0.0,-0.2142857142857142,preseason_static,1
laliga_102364,2026/27,12,2026-11-08,,,osasuna,CA Osasuna,CA Osasuna,athletic_bilbao,Athletic Club,Athletic Club,scheduled,CA Osasuna,2026/27,2026-08-16,0,,,SP1,2025/26,16,38,42,1.105263157894737,44,50,-6,1.1578947368421053,1.3157894736842106,2026-05-23,85,1462.869415055948,1472.152061291961,5,0.0,0.0,1.0,2.0,5.0,10,0.8,0.2,1.1,1.5,5.5,0.8,0.2,Athletic Club,2026/27,2026-08-16,0,,,SP1,2025/26,12,38,45,1.1842105263157894,43,58,-15,1.131578947368421,1.5263157894736843,2026-05-23,85,1494.3913499077144,1495.7935124307858,5,0.8,0.2,1.4,2.0,4.6,10,1.0,0.3,1.3,1.8,4.1,1.4,0.6,-23.641451138824777,-0.8,-0.07894736842105243,preseason_static,1
laliga_102365,2026/27,12,2026-11-08,,,real_sociedad,Real Sociedad,Real Sociedad,vallecano,Rayo Vallecano,Rayo Vallecano,scheduled,Real Sociedad,2026/27,2026-08-16,0,,,SP1,2025/26,10,38,46,1.2105263157894737,59,61,-2,1.5526315789473684,1.605263157894737,2026-05-23,85,1486.0260664556174,1489.5195498417131,5,0.6,0.0,1.4,1.8,3.0,10,0.8,0.1,1.6,1.9,4.0,1.0,0.6,Rayo Vallecano,2026/27,2026-08-16,0,,,SP1,2025/26,8,38,50,1.3157894736842106,41,44,-3,1.0789473684210527,1.1578947368421053,2026-05-23,85,1525.3080964337516,1518.9810723253138,5,2.2,0.6,1.6,0.6,5.6,10,1.8,0.5,1.3,1.0,5.5,2.2,1.4,-29.461522483600675,-1.6,-0.10526315789473695,preseason_static,1
laliga_102366,2026/27,12,2026-11-08,,,sevilla,Sevilla FC,Sevilla FC,alaves,Deportivo Alavés,Deportivo Alavés,scheduled,Sevilla FC,2026/27,2026-08-16,0,,,SP1,2025/26,15,38,43,1.131578947368421,46,60,-14,1.2105263157894737,1.5789473684210527,2026-05-23,85,1456.2846048483327,1467.2134536362496,5,1.8,0.6,1.2,1.0,4.8,10,1.2,0.4,0.9,1.3,3.0,1.8,0.6,Deportivo Alavés,2026/27,2026-08-16,0,,,SP1,2025/26,14,38,43,1.131578947368421,44,56,-12,1.1578947368421053,1.4736842105263157,2026-05-23,85,1474.8795215968157,1481.1596411976118,5,1.4,0.4,1.2,1.4,4.6,10,1.5,0.4,1.8,1.8,4.6,1.4,1.6,-13.946187561362194,0.40000000000000013,0.0,preseason_static,1
laliga_102367,2026/27,12,2026-11-08,,,valencia,Valencia CF,Valencia CF,real_madrid,Real Madrid,Real Madrid,scheduled,Valencia CF,2026/27,2026-08-16,0,,,SP1,2025/26,9,38,49,1.2894736842105263,46,55,-9,1.2105263157894737,1.4473684210526316,2026-05-23,85,1517.05524428307,1512.7914332123023,5,2.0,0.6,1.8,1.4,3.6,10,1.7,0.5,1.6,1.3,4.0,1.4,2.0,Real Madrid,2026/27,2026-08-16,0,,,SP1,2025/26,2,38,86,2.263157894736842,77,35,42,2.026315789473684,0.9210526315789473,2026-05-23,85,1691.8492105610512,1643.8869079207884,5,2.4,0.8,1.8,0.8,4.4,10,2.0,0.6,1.7,1.1,6.3,2.6,1.4,-131.0954747084861,-0.3999999999999999,-0.9736842105263157,preseason_static,1
laliga_102368,2026/27,12,2026-11-08,,,villarreal,Villarreal CF,Villarreal CF,getafe,Getafe CF,Getafe CF,scheduled,Villarreal CF,2026/27,2026-08-16,0,,,SP1,2025/26,3,38,72,1.894736842105263,72,46,26,1.894736842105263,1.2105263157894737,2026-05-24,84,1603.2044974684716,1577.4033731013537,5,1.4,0.4,2.6,1.6,4.8,10,1.7,0.5,2.1,1.3,4.7,2.4,1.0,Getafe CF,2026/27,2026-08-16,0,,,SP1,2025/26,7,38,51,1.3421052631578947,32,38,-6,0.8421052631578947,1.0,2026-05-23,85,1490.4153718258704,1492.8115288694028,5,1.4,0.4,0.8,0.8,2.8,10,1.6,0.5,0.9,0.8,2.6,1.8,1.4,84.59184423195097,0.0,0.5526315789473684,preseason_static,1
laliga_102369,2026/27,13,2026-11-22,,,alaves,Deportivo Alavés,Deportivo Alavés,deportivo,RC Deportivo,RC Deportivo,scheduled,Deportivo Alavés,2026/27,2026-08-16,0,,,SP1,2025/26,14,38,43,1.131578947368421,44,56,-12,1.1578947368421053,1.4736842105263157,2026-05-23,85,1474.8795215968157,1481.1596411976118,5,1.4,0.4,1.2,1.4,4.6,10,1.5,0.4,1.8,1.8,4.6,1.4,1.6,RC Deportivo,2026/27,2026-08-16,1,direct,2,SP2,2025/26,2,42,77,1.8333333333333333,65,44,21,1.5476190476190477,1.0476190476190477,2026-05-31,77,1440.2106190968582,1455.1579643226437,5,2.4,0.8,1.6,0.8,5.4,10,2.1,0.6,1.6,0.8,4.8,2.0,1.8,26.001676874968098,-1.0,-0.7017543859649122,preseason_static,1
laliga_102370,2026/27,13,2026-11-22,,,athletic_bilbao,Athletic Club,Athletic Club,espanyol,RCD Espanyol,RCD Espanyol de Barcelona,scheduled,Athletic Club,2026/27,2026-08-16,0,,,SP1,2025/26,12,38,45,1.1842105263157894,43,58,-15,1.131578947368421,1.5263157894736843,2026-05-23,85,1494.3913499077144,1495.7935124307858,5,0.8,0.2,1.4,2.0,4.6,10,1.0,0.3,1.3,1.8,4.1,1.4,0.6,RCD Espanyol,2026/27,2026-08-16,0,,,SP1,2025/26,11,38,46,1.2105263157894737,43,55,-12,1.131578947368421,1.4473684210526316,2026-05-23,85,1459.7220649449923,1469.7915487087444,5,1.4,0.4,1.2,1.2,4.8,10,0.9,0.2,0.8,1.3,3.9,1.0,0.8,26.00196372204141,-0.5999999999999999,-0.026315789473684292,preseason_static,1
laliga_102371,2026/27,13,2026-11-22,,,barcelona,FC Barcelona,FC Barcelona,villarreal,Villarreal CF,Villarreal CF,scheduled,FC Barcelona,2026/27,2026-08-16,0,,,SP1,2025/26,1,38,94,2.473684210526316,95,36,59,2.5,0.9473684210526315,2026-05-23,85,1726.7586777810607,1670.0690083357954,5,1.8,0.6,1.6,1.2,4.8,10,2.4,0.8,1.8,0.8,5.3,3.0,1.8,Villarreal CF,2026/27,2026-08-16,0,,,SP1,2025/26,3,38,72,1.894736842105263,72,46,26,1.894736842105263,1.2105263157894737,2026-05-24,84,1603.2044974684716,1577.4033731013537,5,1.4,0.4,2.6,1.6,4.8,10,1.7,0.5,2.1,1.3,4.7,2.4,1.0,92.66563523444165,0.40000000000000013,0.5789473684210529,preseason_static,1
laliga_102372,2026/27,13,2026-11-22,,,getafe,Getafe CF,Getafe CF,atletico_madrid,Atlético de Madrid,Atlético de Madrid,scheduled,Getafe CF,2026/27,2026-08-16,0,,,SP1,2025/26,7,38,51,1.3421052631578947,32,38,-6,0.8421052631578947,1.0,2026-05-23,85,1490.4153718258704,1492.8115288694028,5,1.4,0.4,0.8,0.8,2.8,10,1.6,0.5,0.9,0.8,2.6,1.8,1.4,Atlético de Madrid,2026/27,2026-08-16,0,,,SP1,2025/26,4,38,69,1.8157894736842106,62,44,18,1.631578947368421,1.1578947368421053,2026-05-24,84,1596.245603432995,1572.1842025747462,5,1.8,0.6,1.2,1.4,4.2,10,1.2,0.4,1.5,1.9,3.9,1.8,1.2,-79.37267370534346,-0.40000000000000013,-0.47368421052631593,preseason_static,1
laliga_102373,2026/27,13,2026-11-22,,,levante,Levante UD,Levante UD,elche,Elche CF,Elche CF,scheduled,Levante UD,2026/27,2026-08-16,0,,,SP1,2025/26,18,38,42,1.105263157894737,47,61,-14,1.236842105263158,1.605263157894737,2026-05-23,85,1479.1546214464315,1484.3659660848236,5,1.8,0.6,2.0,2.2,6.2,10,1.9,0.6,1.7,1.5,5.4,3.0,0.8,Elche CF,2026/27,2026-08-16,0,,,SP1,2025/26,13,38,43,1.131578947368421,49,57,-8,1.2894736842105263,1.5,2026-05-23,85,1467.1865261401447,1475.3898946051086,5,1.0,0.2,1.0,1.4,3.0,10,1.7,0.5,1.3,1.2,3.5,2.6,0.8,8.976071479715074,0.8,-0.02631578947368407,preseason_static,1
laliga_102374,2026/27,13,2026-11-22,,,osasuna,CA Osasuna,CA Osasuna,malaga,Málaga CF,Málaga CF,scheduled,CA Osasuna,2026/27,2026-08-16,0,,,SP1,2025/26,16,38,42,1.105263157894737,44,50,-6,1.1578947368421053,1.3157894736842106,2026-05-23,85,1462.869415055948,1472.152061291961,5,0.0,0.0,1.0,2.0,5.0,10,0.8,0.2,1.1,1.5,5.5,0.8,0.2,Málaga CF,2026/27,2026-08-16,1,playoff,4,SP2,2025/26,4,42,73,1.7380952380952381,75,52,23,1.7857142857142858,1.2380952380952381,2026-05-31,77,1433.1728222935901,1449.8796167201926,5,2.6,0.8,2.6,1.0,7.2,10,1.8,0.5,2.3,1.5,5.9,1.6,2.0,22.272444571768347,-2.6,-0.6328320802005012,preseason_static,1
laliga_102375,2026/27,13,2026-11-22,,,racing_santander,Racing de Santander,R. Racing Club,real_sociedad,Real Sociedad,Real Sociedad,scheduled,Racing de Santander,2026/27,2026-08-16,1,direct,1,SP2,2025/26,1,42,82,1.9523809523809523,90,61,29,2.142857142857143,1.4523809523809523,2026-05-31,77,1460.9465325654298,1470.7098994240723,5,2.6,0.8,3.0,1.2,8.8,10,2.3,0.7,2.8,1.5,8.3,3.0,1.6,Real Sociedad,2026/27,2026-08-16,0,,,SP1,2025/26,10,38,46,1.2105263157894737,59,61,-2,1.5526315789473684,1.605263157894737,2026-05-23,85,1486.0260664556174,1489.5195498417131,5,0.6,0.0,1.4,1.8,3.0,10,0.8,0.1,1.6,1.9,4.0,1.0,0.6,-18.809650417640796,2.0,0.7418546365914787,preseason_static,1
laliga_102376,2026/27,13,2026-11-22,,,vallecano,Rayo Vallecano,Rayo Vallecano,valencia,Valencia CF,Valencia CF,scheduled,Rayo Vallecano,2026/27,2026-08-16,0,,,SP1,2025/26,8,38,50,1.3157894736842106,41,44,-3,1.0789473684210527,1.1578947368421053,2026-05-23,85,1525.3080964337516,1518.9810723253138,5,2.2,0.6,1.6,0.6,5.6,10,1.8,0.5,1.3,1.0,5.5,2.2,1.4,Valencia CF,2026/27,2026-08-16,0,,,SP1,2025/26,9,38,49,1.2894736842105263,46,55,-9,1.2105263157894737,1.4473684210526316,2026-05-23,85,1517.05524428307,1512.7914332123023,5,2.0,0.6,1.8,1.4,3.6,10,1.7,0.5,1.6,1.3,4.0,1.4,2.0,6.189639113011481,0.20000000000000018,0.026315789473684292,preseason_static,1
laliga_102377,2026/27,13,2026-11-22,,,real_madrid,Real Madrid,Real Madrid,celta,RC Celta,RC Celta,scheduled,Real Madrid,2026/27,2026-08-16,0,,,SP1,2025/26,2,38,86,2.263157894736842,77,35,42,2.026315789473684,0.9210526315789473,2026-05-23,85,1691.8492105610512,1643.8869079207884,5,2.4,0.8,1.8,0.8,4.4,10,2.0,0.6,1.7,1.1,6.3,2.6,1.4,RC Celta,2026/27,2026-08-16,0,,,SP1,2025/26,6,38,54,1.4210526315789473,53,48,5,1.394736842105263,1.263157894736842,2026-05-23,85,1527.5555130299024,1520.6666347724267,5,2.0,0.6,1.6,1.0,3.2,10,1.3,0.4,1.5,1.7,3.8,1.2,1.4,123.22027314836168,0.3999999999999999,0.8421052631578947,preseason_static,1
laliga_102378,2026/27,13,2026-11-22,,,sevilla,Sevilla FC,Sevilla FC,betis,Real Betis,Real Betis,scheduled,Sevilla FC,2026/27,2026-08-16,0,,,SP1,2025/26,15,38,43,1.131578947368421,46,60,-14,1.2105263157894737,1.5789473684210527,2026-05-23,85,1456.2846048483327,1467.2134536362496,5,1.8,0.6,1.2,1.0,4.8,10,1.2,0.4,0.9,1.3,3.0,1.8,0.6,Real Betis,2026/27,2026-08-16,0,,,SP1,2025/26,5,38,60,1.5789473684210527,59,48,11,1.5526315789473684,1.263157894736842,2026-05-23,85,1573.7174382969486,1555.2880787227114,5,2.0,0.6,2.0,1.4,5.6,10,1.6,0.4,1.6,1.3,4.7,2.2,1.0,-88.07462508646177,-0.19999999999999996,-0.44736842105263164,preseason_static,1
laliga_102379,2026/27,14,2026-11-29,,,betis,Real Betis,Real Betis,vallecano,Rayo Vallecano,Rayo Vallecano,scheduled,Real Betis,2026/27,2026-08-16,0,,,SP1,2025/26,5,38,60,1.5789473684210527,59,48,11,1.5526315789473684,1.263157894736842,2026-05-23,85,1573.7174382969486,1555.2880787227114,5,2.0,0.6,2.0,1.4,5.6,10,1.6,0.4,1.6,1.3,4.7,2.2,1.0,Rayo Vallecano,2026/27,2026-08-16,0,,,SP1,2025/26,8,38,50,1.3157894736842106,41,44,-3,1.0789473684210527,1.1578947368421053,2026-05-23,85,1525.3080964337516,1518.9810723253138,5,2.2,0.6,1.6,0.6,5.6,10,1.8,0.5,1.3,1.0,5.5,2.2,1.4,36.30700639739757,-0.20000000000000018,0.26315789473684204,preseason_static,1
laliga_102380,2026/27,14,2026-11-29,,,celta,RC Celta,RC Celta,villarreal,Villarreal CF,Villarreal CF,scheduled,RC Celta,2026/27,2026-08-16,0,,,SP1,2025/26,6,38,54,1.4210526315789473,53,48,5,1.394736842105263,1.263157894736842,2026-05-23,85,1527.5555130299024,1520.6666347724267,5,2.0,0.6,1.6,1.0,3.2,10,1.3,0.4,1.5,1.7,3.8,1.2,1.4,Villarreal CF,2026/27,2026-08-16,0,,,SP1,2025/26,3,38,72,1.894736842105263,72,46,26,1.894736842105263,1.2105263157894737,2026-05-24,84,1603.2044974684716,1577.4033731013537,5,1.4,0.4,2.6,1.6,4.8,10,1.7,0.5,2.1,1.3,4.7,2.4,1.0,-56.736738328927004,0.6000000000000001,-0.4736842105263157,preseason_static,1
laliga_102381,2026/27,14,2026-11-29,,,deportivo,RC Deportivo,RC Deportivo,barcelona,FC Barcelona,FC Barcelona,scheduled,RC Deportivo,2026/27,2026-08-16,1,direct,2,SP2,2025/26,2,42,77,1.8333333333333333,65,44,21,1.5476190476190477,1.0476190476190477,2026-05-31,77,1440.2106190968582,1455.1579643226437,5,2.4,0.8,1.6,0.8,5.4,10,2.1,0.6,1.6,0.8,4.8,2.0,1.8,FC Barcelona,2026/27,2026-08-16,0,,,SP1,2025/26,1,38,94,2.473684210526316,95,36,59,2.5,0.9473684210526315,2026-05-23,85,1726.7586777810607,1670.0690083357954,5,1.8,0.6,1.6,1.2,4.8,10,2.4,0.8,1.8,0.8,5.3,3.0,1.8,-214.9110440131517,0.5999999999999999,-0.6403508771929827,preseason_static,1
laliga_102382,2026/27,14,2026-11-29,,,elche,Elche CF,Elche CF,atletico_madrid,Atlético de Madrid,Atlético de Madrid,scheduled,Elche CF,2026/27,2026-08-16,0,,,SP1,2025/26,13,38,43,1.131578947368421,49,57,-8,1.2894736842105263,1.5,2026-05-23,85,1467.1865261401447,1475.3898946051086,5,1.0,0.2,1.0,1.4,3.0,10,1.7,0.5,1.3,1.2,3.5,2.6,0.8,Atlético de Madrid,2026/27,2026-08-16,0,,,SP1,2025/26,4,38,69,1.8157894736842106,62,44,18,1.631578947368421,1.1578947368421053,2026-05-24,84,1596.245603432995,1572.1842025747462,5,1.8,0.6,1.2,1.4,4.2,10,1.2,0.4,1.5,1.9,3.9,1.8,1.2,-96.79430796963766,-0.8,-0.6842105263157896,preseason_static,1
laliga_102383,2026/27,14,2026-11-29,,,espanyol,RCD Espanyol,RCD Espanyol de Barcelona,getafe,Getafe CF,Getafe CF,scheduled,RCD Espanyol,2026/27,2026-08-16,0,,,SP1,2025/26,11,38,46,1.2105263157894737,43,55,-12,1.131578947368421,1.4473684210526316,2026-05-23,85,1459.7220649449923,1469.7915487087444,5,1.4,0.4,1.2,1.2,4.8,10,0.9,0.2,0.8,1.3,3.9,1.0,0.8,Getafe CF,2026/27,2026-08-16,0,,,SP1,2025/26,7,38,51,1.3421052631578947,32,38,-6,0.8421052631578947,1.0,2026-05-23,85,1490.4153718258704,1492.8115288694028,5,1.4,0.4,0.8,0.8,2.8,10,1.6,0.5,0.9,0.8,2.6,1.8,1.4,-23.019980160658406,0.0,-0.13157894736842102,preseason_static,1
laliga_102384,2026/27,14,2026-11-29,,,levante,Levante UD,Levante UD,racing_santander,Racing de Santander,R. Racing Club,scheduled,Levante UD,2026/27,2026-08-16,0,,,SP1,2025/26,18,38,42,1.105263157894737,47,61,-14,1.236842105263158,1.605263157894737,2026-05-23,85,1479.1546214464315,1484.3659660848236,5,1.8,0.6,2.0,2.2,6.2,10,1.9,0.6,1.7,1.5,5.4,3.0,0.8,Racing de Santander,2026/27,2026-08-16,1,direct,1,SP2,2025/26,1,42,82,1.9523809523809523,90,61,29,2.142857142857143,1.4523809523809523,2026-05-31,77,1460.9465325654298,1470.7098994240723,5,2.6,0.8,3.0,1.2,8.8,10,2.3,0.7,2.8,1.5,8.3,3.0,1.6,13.656066660751321,-0.8,-0.8471177944862154,preseason_static,1
laliga_102385,2026/27,14,2026-11-29,,,malaga,Málaga CF,Málaga CF,athletic_bilbao,Athletic Club,Athletic Club,scheduled,Málaga CF,2026/27,2026-08-16,1,playoff,4,SP2,2025/26,4,42,73,1.7380952380952381,75,52,23,1.7857142857142858,1.2380952380952381,2026-05-31,77,1433.1728222935901,1449.8796167201926,5,2.6,0.8,2.6,1.0,7.2,10,1.8,0.5,2.3,1.5,5.9,1.6,2.0,Athletic Club,2026/27,2026-08-16,0,,,SP1,2025/26,12,38,45,1.1842105263157894,43,58,-15,1.131578947368421,1.5263157894736843,2026-05-23,85,1494.3913499077144,1495.7935124307858,5,0.8,0.2,1.4,2.0,4.6,10,1.0,0.3,1.3,1.8,4.1,1.4,0.6,-45.913895710593124,1.8,0.5538847117794488,preseason_static,1
laliga_102386,2026/27,14,2026-11-29,,,real_madrid,Real Madrid,Real Madrid,alaves,Deportivo Alavés,Deportivo Alavés,scheduled,Real Madrid,2026/27,2026-08-16,0,,,SP1,2025/26,2,38,86,2.263157894736842,77,35,42,2.026315789473684,0.9210526315789473,2026-05-23,85,1691.8492105610512,1643.8869079207884,5,2.4,0.8,1.8,0.8,4.4,10,2.0,0.6,1.7,1.1,6.3,2.6,1.4,Deportivo Alavés,2026/27,2026-08-16,0,,,SP1,2025/26,14,38,43,1.131578947368421,44,56,-12,1.1578947368421053,1.4736842105263157,2026-05-23,85,1474.8795215968157,1481.1596411976118,5,1.4,0.4,1.2,1.4,4.6,10,1.5,0.4,1.8,1.8,4.6,1.4,1.6,162.72726672317663,1.0,1.131578947368421,preseason_static,1
laliga_102387,2026/27,14,2026-11-29,,,real_sociedad,Real Sociedad,Real Sociedad,sevilla,Sevilla FC,Sevilla FC,scheduled,Real Sociedad,2026/27,2026-08-16,0,,,SP1,2025/26,10,38,46,1.2105263157894737,59,61,-2,1.5526315789473684,1.605263157894737,2026-05-23,85,1486.0260664556174,1489.5195498417131,5,0.6,0.0,1.4,1.8,3.0,10,0.8,0.1,1.6,1.9,4.0,1.0,0.6,Sevilla FC,2026/27,2026-08-16,0,,,SP1,2025/26,15,38,43,1.131578947368421,46,60,-14,1.2105263157894737,1.5789473684210527,2026-05-23,85,1456.2846048483327,1467.2134536362496,5,1.8,0.6,1.2,1.0,4.8,10,1.2,0.4,0.9,1.3,3.0,1.8,0.6,22.30609620546352,-1.2000000000000002,0.07894736842105265,preseason_static,1
laliga_102388,2026/27,14,2026-11-29,,,valencia,Valencia CF,Valencia CF,osasuna,CA Osasuna,CA Osasuna,scheduled,Valencia CF,2026/27,2026-08-16,0,,,SP1,2025/26,9,38,49,1.2894736842105263,46,55,-9,1.2105263157894737,1.4473684210526316,2026-05-23,85,1517.05524428307,1512.7914332123023,5,2.0,0.6,1.8,1.4,3.6,10,1.7,0.5,1.6,1.3,4.0,1.4,2.0,CA Osasuna,2026/27,2026-08-16,0,,,SP1,2025/26,16,38,42,1.105263157894737,44,50,-6,1.1578947368421053,1.3157894736842106,2026-05-23,85,1462.869415055948,1472.152061291961,5,0.0,0.0,1.0,2.0,5.0,10,0.8,0.2,1.1,1.5,5.5,0.8,0.2,40.63937192034132,2.0,0.18421052631578938,preseason_static,1
laliga_102389,2026/27,15,2026-12-06,,,alaves,Deportivo Alavés,Deportivo Alavés,espanyol,RCD Espanyol,RCD Espanyol de Barcelona,scheduled,Deportivo Alavés,2026/27,2026-08-16,0,,,SP1,2025/26,14,38,43,1.131578947368421,44,56,-12,1.1578947368421053,1.4736842105263157,2026-05-23,85,1474.8795215968157,1481.1596411976118,5,1.4,0.4,1.2,1.4,4.6,10,1.5,0.4,1.8,1.8,4.6,1.4,1.6,RCD Espanyol,2026/27,2026-08-16,0,,,SP1,2025/26,11,38,46,1.2105263157894737,43,55,-12,1.131578947368421,1.4473684210526316,2026-05-23,85,1459.7220649449923,1469.7915487087444,5,1.4,0.4,1.2,1.2,4.8,10,0.9,0.2,0.8,1.3,3.9,1.0,0.8,11.368092488867433,0.0,-0.07894736842105265,preseason_static,1
laliga_102390,2026/27,15,2026-12-06,,,athletic_bilbao,Athletic Club,Athletic Club,real_madrid,Real Madrid,Real Madrid,scheduled,Athletic Club,2026/27,2026-08-16,0,,,SP1,2025/26,12,38,45,1.1842105263157894,43,58,-15,1.131578947368421,1.5263157894736843,2026-05-23,85,1494.3913499077144,1495.7935124307858,5,0.8,0.2,1.4,2.0,4.6,10,1.0,0.3,1.3,1.8,4.1,1.4,0.6,Real Madrid,2026/27,2026-08-16,0,,,SP1,2025/26,2,38,86,2.263157894736842,77,35,42,2.026315789473684,0.9210526315789473,2026-05-23,85,1691.8492105610512,1643.8869079207884,5,2.4,0.8,1.8,0.8,4.4,10,2.0,0.6,1.7,1.1,6.3,2.6,1.4,-148.09339549000265,-1.5999999999999999,-1.0789473684210527,preseason_static,1
laliga_102391,2026/27,15,2026-12-06,,,atletico_madrid,Atlético de Madrid,Atlético de Madrid,betis,Real Betis,Real Betis,scheduled,Atlético de Madrid,2026/27,2026-08-16,0,,,SP1,2025/26,4,38,69,1.8157894736842106,62,44,18,1.631578947368421,1.1578947368421053,2026-05-24,84,1596.245603432995,1572.1842025747462,5,1.8,0.6,1.2,1.4,4.2,10,1.2,0.4,1.5,1.9,3.9,1.8,1.2,Real Betis,2026/27,2026-08-16,0,,,SP1,2025/26,5,38,60,1.5789473684210527,59,48,11,1.5526315789473684,1.263157894736842,2026-05-23,85,1573.7174382969486,1555.2880787227114,5,2.0,0.6,2.0,1.4,5.6,10,1.6,0.4,1.6,1.3,4.7,2.2,1.0,16.89612385203486,-0.19999999999999996,0.23684210526315796,preseason_static,1
laliga_102392,2026/27,15,2026-12-06,,,barcelona,FC Barcelona,FC Barcelona,celta,RC Celta,RC Celta,scheduled,FC Barcelona,2026/27,2026-08-16,0,,,SP1,2025/26,1,38,94,2.473684210526316,95,36,59,2.5,0.9473684210526315,2026-05-23,85,1726.7586777810607,1670.0690083357954,5,1.8,0.6,1.6,1.2,4.8,10,2.4,0.8,1.8,0.8,5.3,3.0,1.8,RC Celta,2026/27,2026-08-16,0,,,SP1,2025/26,6,38,54,1.4210526315789473,53,48,5,1.394736842105263,1.263157894736842,2026-05-23,85,1527.5555130299024,1520.6666347724267,5,2.0,0.6,1.6,1.0,3.2,10,1.3,0.4,1.5,1.7,3.8,1.2,1.4,149.40237356336866,-0.19999999999999996,1.0526315789473686,preseason_static,1
laliga_102393,2026/27,15,2026-12-06,,,getafe,Getafe CF,Getafe CF,valencia,Valencia CF,Valencia CF,scheduled,Getafe CF,2026/27,2026-08-16,0,,,SP1,2025/26,7,38,51,1.3421052631578947,32,38,-6,0.8421052631578947,1.0,2026-05-23,85,1490.4153718258704,1492.8115288694028,5,1.4,0.4,0.8,0.8,2.8,10,1.6,0.5,0.9,0.8,2.6,1.8,1.4,Valencia CF,2026/27,2026-08-16,0,,,SP1,2025/26,9,38,49,1.2894736842105263,46,55,-9,1.2105263157894737,1.4473684210526316,2026-05-23,85,1517.05524428307,1512.7914332123023,5,2.0,0.6,1.8,1.4,3.6,10,1.7,0.5,1.6,1.3,4.0,1.4,2.0,-19.979904342899545,-0.6000000000000001,0.05263157894736836,preseason_static,1
laliga_102394,2026/27,15,2026-12-06,,,osasuna,CA Osasuna,CA Osasuna,elche,Elche CF,Elche CF,scheduled,CA Osasuna,2026/27,2026-08-16,0,,,SP1,2025/26,16,38,42,1.105263157894737,44,50,-6,1.1578947368421053,1.3157894736842106,2026-05-23,85,1462.869415055948,1472.152061291961,5,0.0,0.0,1.0,2.0,5.0,10,0.8,0.2,1.1,1.5,5.5,0.8,0.2,Elche CF,2026/27,2026-08-16,0,,,SP1,2025/26,13,38,43,1.131578947368421,49,57,-8,1.2894736842105263,1.5,2026-05-23,85,1467.1865261401447,1475.3898946051086,5,1.0,0.2,1.0,1.4,3.0,10,1.7,0.5,1.3,1.2,3.5,2.6,0.8,-3.2378333131475756,-1.0,-0.02631578947368407,preseason_static,1
laliga_102395,2026/27,15,2026-12-06,,,racing_santander,Racing de Santander,R. Racing Club,deportivo,RC Deportivo,RC Deportivo,scheduled,Racing de Santander,2026/27,2026-08-16,1,direct,1,SP2,2025/26,1,42,82,1.9523809523809523,90,61,29,2.142857142857143,1.4523809523809523,2026-05-31,77,1460.9465325654298,1470.7098994240723,5,2.6,0.8,3.0,1.2,8.8,10,2.3,0.7,2.8,1.5,8.3,3.0,1.6,RC Deportivo,2026/27,2026-08-16,1,direct,2,SP2,2025/26,2,42,77,1.8333333333333333,65,44,21,1.5476190476190477,1.0476190476190477,2026-05-31,77,1440.2106190968582,1455.1579643226437,5,2.4,0.8,1.6,0.8,5.4,10,2.1,0.6,1.6,0.8,4.8,2.0,1.8,15.551935101428626,0.20000000000000018,0.11904761904761907,preseason_static,1
laliga_102396,2026/27,15,2026-12-06,,,vallecano,Rayo Vallecano,Rayo Vallecano,levante,Levante UD,Levante UD,scheduled,Rayo Vallecano,2026/27,2026-08-16,0,,,SP1,2025/26,8,38,50,1.3157894736842106,41,44,-3,1.0789473684210527,1.1578947368421053,2026-05-23,85,1525.3080964337516,1518.9810723253138,5,2.2,0.6,1.6,0.6,5.6,10,1.8,0.5,1.3,1.0,5.5,2.2,1.4,Levante UD,2026/27,2026-08-16,0,,,SP1,2025/26,18,38,42,1.105263157894737,47,61,-14,1.236842105263158,1.605263157894737,2026-05-23,85,1479.1546214464315,1484.3659660848236,5,1.8,0.6,2.0,2.2,6.2,10,1.9,0.6,1.7,1.5,5.4,3.0,0.8,34.61510624049015,0.40000000000000013,0.21052631578947367,preseason_static,1
laliga_102397,2026/27,15,2026-12-06,,,sevilla,Sevilla FC,Sevilla FC,malaga,Málaga CF,Málaga CF,scheduled,Sevilla FC,2026/27,2026-08-16,0,,,SP1,2025/26,15,38,43,1.131578947368421,46,60,-14,1.2105263157894737,1.5789473684210527,2026-05-23,85,1456.2846048483327,1467.2134536362496,5,1.8,0.6,1.2,1.0,4.8,10,1.2,0.4,0.9,1.3,3.0,1.8,0.6,Málaga CF,2026/27,2026-08-16,1,playoff,4,SP2,2025/26,4,42,73,1.7380952380952381,75,52,23,1.7857142857142858,1.2380952380952381,2026-05-31,77,1433.1728222935901,1449.8796167201926,5,2.6,0.8,2.6,1.0,7.2,10,1.8,0.5,2.3,1.5,5.9,1.6,2.0,17.333836916056953,-0.8,-0.6065162907268171,preseason_static,1
laliga_102398,2026/27,15,2026-12-06,,,villarreal,Villarreal CF,Villarreal CF,real_sociedad,Real Sociedad,Real Sociedad,scheduled,Villarreal CF,2026/27,2026-08-16,0,,,SP1,2025/26,3,38,72,1.894736842105263,72,46,26,1.894736842105263,1.2105263157894737,2026-05-24,84,1603.2044974684716,1577.4033731013537,5,1.4,0.4,2.6,1.6,4.8,10,1.7,0.5,2.1,1.3,4.7,2.4,1.0,Real Sociedad,2026/27,2026-08-16,0,,,SP1,2025/26,10,38,46,1.2105263157894737,59,61,-2,1.5526315789473684,1.605263157894737,2026-05-23,85,1486.0260664556174,1489.5195498417131,5,0.6,0.0,1.4,1.8,3.0,10,0.8,0.1,1.6,1.9,4.0,1.0,0.6,87.88382325964062,0.7999999999999999,0.6842105263157894,preseason_static,1
laliga_102399,2026/27,16,2026-12-13,,,atletico_madrid,Atlético de Madrid,Atlético de Madrid,valencia,Valencia CF,Valencia CF,scheduled,Atlético de Madrid,2026/27,2026-08-16,0,,,SP1,2025/26,4,38,69,1.8157894736842106,62,44,18,1.631578947368421,1.1578947368421053,2026-05-24,84,1596.245603432995,1572.1842025747462,5,1.8,0.6,1.2,1.4,4.2,10,1.2,0.4,1.5,1.9,3.9,1.8,1.2,Valencia CF,2026/27,2026-08-16,0,,,SP1,2025/26,9,38,49,1.2894736842105263,46,55,-9,1.2105263157894737,1.4473684210526316,2026-05-23,85,1517.05524428307,1512.7914332123023,5,2.0,0.6,1.8,1.4,3.6,10,1.7,0.5,1.6,1.3,4.0,1.4,2.0,59.392769362443914,-0.19999999999999996,0.5263157894736843,preseason_static,1
laliga_102400,2026/27,16,2026-12-13,,,betis,Real Betis,Real Betis,racing_santander,Racing de Santander,R. Racing Club,scheduled,Real Betis,2026/27,2026-08-16,0,,,SP1,2025/26,5,38,60,1.5789473684210527,59,48,11,1.5526315789473684,1.263157894736842,2026-05-23,85,1573.7174382969486,1555.2880787227114,5,2.0,0.6,2.0,1.4,5.6,10,1.6,0.4,1.6,1.3,4.7,2.2,1.0,Racing de Santander,2026/27,2026-08-16,1,direct,1,SP2,2025/26,1,42,82,1.9523809523809523,90,61,29,2.142857142857143,1.4523809523809523,2026-05-31,77,1460.9465325654298,1470.7098994240723,5,2.6,0.8,3.0,1.2,8.8,10,2.3,0.7,2.8,1.5,8.3,3.0,1.6,84.57817929863904,-0.6000000000000001,-0.3734335839598997,preseason_static,1
laliga_102401,2026/27,16,2026-12-13,,,deportivo,RC Deportivo,RC Deportivo,athletic_bilbao,Athletic Club,Athletic Club,scheduled,RC Deportivo,2026/27,2026-08-16,1,direct,2,SP2,2025/26,2,42,77,1.8333333333333333,65,44,21,1.5476190476190477,1.0476190476190477,2026-05-31,77,1440.2106190968582,1455.1579643226437,5,2.4,0.8,1.6,0.8,5.4,10,2.1,0.6,1.6,0.8,4.8,2.0,1.8,Athletic Club,2026/27,2026-08-16,0,,,SP1,2025/26,12,38,45,1.1842105263157894,43,58,-15,1.131578947368421,1.5263157894736843,2026-05-23,85,1494.3913499077144,1495.7935124307858,5,0.8,0.2,1.4,2.0,4.6,10,1.0,0.3,1.3,1.8,4.1,1.4,0.6,-40.635548108142075,1.5999999999999999,0.6491228070175439,preseason_static,1
laliga_102402,2026/27,16,2026-12-13,,,elche,Elche CF,Elche CF,sevilla,Sevilla FC,Sevilla FC,scheduled,Elche CF,2026/27,2026-08-16,0,,,SP1,2025/26,13,38,43,1.131578947368421,49,57,-8,1.2894736842105263,1.5,2026-05-23,85,1467.1865261401447,1475.3898946051086,5,1.0,0.2,1.0,1.4,3.0,10,1.7,0.5,1.3,1.2,3.5,2.6,0.8,Sevilla FC,2026/27,2026-08-16,0,,,SP1,2025/26,15,38,43,1.131578947368421,46,60,-14,1.2105263157894737,1.5789473684210527,2026-05-23,85,1456.2846048483327,1467.2134536362496,5,1.8,0.6,1.2,1.0,4.8,10,1.2,0.4,0.9,1.3,3.0,1.8,0.6,8.17644096885897,-0.8,0.0,preseason_static,1
laliga_102403,2026/27,16,2026-12-13,,,espanyol,RCD Espanyol,RCD Espanyol de Barcelona,celta,RC Celta,RC Celta,scheduled,RCD Espanyol,2026/27,2026-08-16,0,,,SP1,2025/26,11,38,46,1.2105263157894737,43,55,-12,1.131578947368421,1.4473684210526316,2026-05-23,85,1459.7220649449923,1469.7915487087444,5,1.4,0.4,1.2,1.2,4.8,10,0.9,0.2,0.8,1.3,3.9,1.0,0.8,RC Celta,2026/27,2026-08-16,0,,,SP1,2025/26,6,38,54,1.4210526315789473,53,48,5,1.394736842105263,1.263157894736842,2026-05-23,85,1527.5555130299024,1520.6666347724267,5,2.0,0.6,1.6,1.0,3.2,10,1.3,0.4,1.5,1.7,3.8,1.2,1.4,-50.875086063682375,-0.6000000000000001,-0.21052631578947367,preseason_static,1
laliga_102404,2026/27,16,2026-12-13,,,levante,Levante UD,Levante UD,alaves,Deportivo Alavés,Deportivo Alavés,scheduled,Levante UD,2026/27,2026-08-16,0,,,SP1,2025/26,18,38,42,1.105263157894737,47,61,-14,1.236842105263158,1.605263157894737,2026-05-23,85,1479.1546214464315,1484.3659660848236,5,1.8,0.6,2.0,2.2,6.2,10,1.9,0.6,1.7,1.5,5.4,3.0,0.8,Deportivo Alavés,2026/27,2026-08-16,0,,,SP1,2025/26,14,38,43,1.131578947368421,44,56,-12,1.1578947368421053,1.4736842105263157,2026-05-23,85,1474.8795215968157,1481.1596411976118,5,1.4,0.4,1.2,1.4,4.6,10,1.5,0.4,1.8,1.8,4.6,1.4,1.6,3.2063248872118493,0.40000000000000013,-0.02631578947368407,preseason_static,1
laliga_102405,2026/27,16,2026-12-13,,,malaga,Málaga CF,Málaga CF,barcelona,FC Barcelona,FC Barcelona,scheduled,Málaga CF,2026/27,2026-08-16,1,playoff,4,SP2,2025/26,4,42,73,1.7380952380952381,75,52,23,1.7857142857142858,1.2380952380952381,2026-05-31,77,1433.1728222935901,1449.8796167201926,5,2.6,0.8,2.6,1.0,7.2,10,1.8,0.5,2.3,1.5,5.9,1.6,2.0,FC Barcelona,2026/27,2026-08-16,0,,,SP1,2025/26,1,38,94,2.473684210526316,95,36,59,2.5,0.9473684210526315,2026-05-23,85,1726.7586777810607,1670.0690083357954,5,1.8,0.6,1.6,1.2,4.8,10,2.4,0.8,1.8,0.8,5.3,3.0,1.8,-220.18939161560274,0.8,-0.7355889724310778,preseason_static,1
laliga_102406,2026/27,16,2026-12-13,,,real_madrid,Real Madrid,Real Madrid,osasuna,CA Osasuna,CA Osasuna,scheduled,Real Madrid,2026/27,2026-08-16,0,,,SP1,2025/26,2,38,86,2.263157894736842,77,35,42,2.026315789473684,0.9210526315789473,2026-05-23,85,1691.8492105610512,1643.8869079207884,5,2.4,0.8,1.8,0.8,4.4,10,2.0,0.6,1.7,1.1,6.3,2.6,1.4,CA Osasuna,2026/27,2026-08-16,0,,,SP1,2025/26,16,38,42,1.105263157894737,44,50,-6,1.1578947368421053,1.3157894736842106,2026-05-23,85,1462.869415055948,1472.152061291961,5,0.0,0.0,1.0,2.0,5.0,10,0.8,0.2,1.1,1.5,5.5,0.8,0.2,171.73484662882743,2.4,1.157894736842105,preseason_static,1
laliga_102407,2026/27,16,2026-12-13,,,real_sociedad,Real Sociedad,Real Sociedad,getafe,Getafe CF,Getafe CF,scheduled,Real Sociedad,2026/27,2026-08-16,0,,,SP1,2025/26,10,38,46,1.2105263157894737,59,61,-2,1.5526315789473684,1.605263157894737,2026-05-23,85,1486.0260664556174,1489.5195498417131,5,0.6,0.0,1.4,1.8,3.0,10,0.8,0.1,1.6,1.9,4.0,1.0,0.6,Getafe CF,2026/27,2026-08-16,0,,,SP1,2025/26,7,38,51,1.3421052631578947,32,38,-6,0.8421052631578947,1.0,2026-05-23,85,1490.4153718258704,1492.8115288694028,5,1.4,0.4,0.8,0.8,2.8,10,1.6,0.5,0.9,0.8,2.6,1.8,1.4,-3.2919790276896492,-0.7999999999999999,-0.13157894736842102,preseason_static,1
laliga_102408,2026/27,16,2026-12-13,,,villarreal,Villarreal CF,Villarreal CF,vallecano,Rayo Vallecano,Rayo Vallecano,scheduled,Villarreal CF,2026/27,2026-08-16,0,,,SP1,2025/26,3,38,72,1.894736842105263,72,46,26,1.894736842105263,1.2105263157894737,2026-05-24,84,1603.2044974684716,1577.4033731013537,5,1.4,0.4,2.6,1.6,4.8,10,1.7,0.5,2.1,1.3,4.7,2.4,1.0,Rayo Vallecano,2026/27,2026-08-16,0,,,SP1,2025/26,8,38,50,1.3157894736842106,41,44,-3,1.0789473684210527,1.1578947368421053,2026-05-23,85,1525.3080964337516,1518.9810723253138,5,2.2,0.6,1.6,0.6,5.6,10,1.8,0.5,1.3,1.0,5.5,2.2,1.4,58.42230077603995,-0.8000000000000003,0.5789473684210524,preseason_static,1
laliga_102409,2026/27,17,2026-12-20,,,alaves,Deportivo Alavés,Deportivo Alavés,elche,Elche CF,Elche CF,scheduled,Deportivo Alavés,2026/27,2026-08-16,0,,,SP1,2025/26,14,38,43,1.131578947368421,44,56,-12,1.1578947368421053,1.4736842105263157,2026-05-23,85,1474.8795215968157,1481.1596411976118,5,1.4,0.4,1.2,1.4,4.6,10,1.5,0.4,1.8,1.8,4.6,1.4,1.6,Elche CF,2026/27,2026-08-16,0,,,SP1,2025/26,13,38,43,1.131578947368421,49,57,-8,1.2894736842105263,1.5,2026-05-23,85,1467.1865261401447,1475.3898946051086,5,1.0,0.2,1.0,1.4,3.0,10,1.7,0.5,1.3,1.2,3.5,2.6,0.8,5.769746592503225,0.3999999999999999,0.0,preseason_static,1
laliga_102410,2026/27,17,2026-12-20,,,athletic_bilbao,Athletic Club,Athletic Club,betis,Real Betis,Real Betis,scheduled,Athletic Club,2026/27,2026-08-16,0,,,SP1,2025/26,12,38,45,1.1842105263157894,43,58,-15,1.131578947368421,1.5263157894736843,2026-05-23,85,1494.3913499077144,1495.7935124307858,5,0.8,0.2,1.4,2.0,4.6,10,1.0,0.3,1.3,1.8,4.1,1.4,0.6,Real Betis,2026/27,2026-08-16,0,,,SP1,2025/26,5,38,60,1.5789473684210527,59,48,11,1.5526315789473684,1.263157894736842,2026-05-23,85,1573.7174382969486,1555.2880787227114,5,2.0,0.6,2.0,1.4,5.6,10,1.6,0.4,1.6,1.3,4.7,2.2,1.0,-59.494566291925594,-1.2,-0.3947368421052633,preseason_static,1
laliga_102411,2026/27,17,2026-12-20,,,celta,RC Celta,RC Celta,atletico_madrid,Atlético de Madrid,Atlético de Madrid,scheduled,RC Celta,2026/27,2026-08-16,0,,,SP1,2025/26,6,38,54,1.4210526315789473,53,48,5,1.394736842105263,1.263157894736842,2026-05-23,85,1527.5555130299024,1520.6666347724267,5,2.0,0.6,1.6,1.0,3.2,10,1.3,0.4,1.5,1.7,3.8,1.2,1.4,Atlético de Madrid,2026/27,2026-08-16,0,,,SP1,2025/26,4,38,69,1.8157894736842106,62,44,18,1.631578947368421,1.1578947368421053,2026-05-24,84,1596.245603432995,1572.1842025747462,5,1.8,0.6,1.2,1.4,4.2,10,1.2,0.4,1.5,1.9,3.9,1.8,1.2,-51.51756780231949,0.19999999999999996,-0.3947368421052633,preseason_static,1
laliga_102412,2026/27,17,2026-12-20,,,deportivo,RC Deportivo,RC Deportivo,real_madrid,Real Madrid,Real Madrid,scheduled,RC Deportivo,2026/27,2026-08-16,1,direct,2,SP2,2025/26,2,42,77,1.8333333333333333,65,44,21,1.5476190476190477,1.0476190476190477,2026-05-31,77,1440.2106190968582,1455.1579643226437,5,2.4,0.8,1.6,0.8,5.4,10,2.1,0.6,1.6,0.8,4.8,2.0,1.8,Real Madrid,2026/27,2026-08-16,0,,,SP1,2025/26,2,38,86,2.263157894736842,77,35,42,2.026315789473684,0.9210526315789473,2026-05-23,85,1691.8492105610512,1643.8869079207884,5,2.4,0.8,1.8,0.8,4.4,10,2.0,0.6,1.7,1.1,6.3,2.6,1.4,-188.72894359814472,0.0,-0.4298245614035088,preseason_static,1
laliga_102413,2026/27,17,2026-12-20,,,barcelona,FC Barcelona,FC Barcelona,real_sociedad,Real Sociedad,Real Sociedad,scheduled,FC Barcelona,2026/27,2026-08-16,0,,,SP1,2025/26,1,38,94,2.473684210526316,95,36,59,2.5,0.9473684210526315,2026-05-23,85,1726.7586777810607,1670.0690083357954,5,1.8,0.6,1.6,1.2,4.8,10,2.4,0.8,1.8,0.8,5.3,3.0,1.8,Real Sociedad,2026/27,2026-08-16,0,,,SP1,2025/26,10,38,46,1.2105263157894737,59,61,-2,1.5526315789473684,1.605263157894737,2026-05-23,85,1486.0260664556174,1489.5195498417131,5,0.6,0.0,1.4,1.8,3.0,10,0.8,0.1,1.6,1.9,4.0,1.0,0.6,180.54945849408227,1.2000000000000002,1.2631578947368423,preseason_static,1
laliga_102414,2026/27,17,2026-12-20,,,getafe,Getafe CF,Getafe CF,levante,Levante UD,Levante UD,scheduled,Getafe CF,2026/27,2026-08-16,0,,,SP1,2025/26,7,38,51,1.3421052631578947,32,38,-6,0.8421052631578947,1.0,2026-05-23,85,1490.4153718258704,1492.8115288694028,5,1.4,0.4,0.8,0.8,2.8,10,1.6,0.5,0.9,0.8,2.6,1.8,1.4,Levante UD,2026/27,2026-08-16,0,,,SP1,2025/26,18,38,42,1.105263157894737,47,61,-14,1.236842105263158,1.605263157894737,2026-05-23,85,1479.1546214464315,1484.3659660848236,5,1.8,0.6,2.0,2.2,6.2,10,1.9,0.6,1.7,1.5,5.4,3.0,0.8,8.445562784579124,-0.40000000000000013,0.23684210526315774,preseason_static,1
laliga_102415,2026/27,17,2026-12-20,,,osasuna,CA Osasuna,CA Osasuna,villarreal,Villarreal CF,Villarreal CF,scheduled,CA Osasuna,2026/27,2026-08-16,0,,,SP1,2025/26,16,38,42,1.105263157894737,44,50,-6,1.1578947368421053,1.3157894736842106,2026-05-23,85,1462.869415055948,1472.152061291961,5,0.0,0.0,1.0,2.0,5.0,10,0.8,0.2,1.1,1.5,5.5,0.8,0.2,Villarreal CF,2026/27,2026-08-16,0,,,SP1,2025/26,3,38,72,1.894736842105263,72,46,26,1.894736842105263,1.2105263157894737,2026-05-24,84,1603.2044974684716,1577.4033731013537,5,1.4,0.4,2.6,1.6,4.8,10,1.7,0.5,2.1,1.3,4.7,2.4,1.0,-105.25131180939275,-1.4,-0.7894736842105261,preseason_static,1
laliga_102416,2026/27,17,2026-12-20,,,vallecano,Rayo Vallecano,Rayo Vallecano,malaga,Málaga CF,Málaga CF,scheduled,Rayo Vallecano,2026/27,2026-08-16,0,,,SP1,2025/26,8,38,50,1.3157894736842106,41,44,-3,1.0789473684210527,1.1578947368421053,2026-05-23,85,1525.3080964337516,1518.9810723253138,5,2.2,0.6,1.6,0.6,5.6,10,1.8,0.5,1.3,1.0,5.5,2.2,1.4,Málaga CF,2026/27,2026-08-16,1,playoff,4,SP2,2025/26,4,42,73,1.7380952380952381,75,52,23,1.7857142857142858,1.2380952380952381,2026-05-31,77,1433.1728222935901,1449.8796167201926,5,2.6,0.8,2.6,1.0,7.2,10,1.8,0.5,2.3,1.5,5.9,1.6,2.0,69.10145560512115,-0.3999999999999999,-0.4223057644110275,preseason_static,1
laliga_102417,2026/27,17,2026-12-20,,,sevilla,Sevilla FC,Sevilla FC,racing_santander,Racing de Santander,R. Racing Club,scheduled,Sevilla FC,2026/27,2026-08-16,0,,,SP1,2025/26,15,38,43,1.131578947368421,46,60,-14,1.2105263157894737,1.5789473684210527,2026-05-23,85,1456.2846048483327,1467.2134536362496,5,1.8,0.6,1.2,1.0,4.8,10,1.2,0.4,0.9,1.3,3.0,1.8,0.6,Racing de Santander,2026/27,2026-08-16,1,direct,1,SP2,2025/26,1,42,82,1.9523809523809523,90,61,29,2.142857142857143,1.4523809523809523,2026-05-31,77,1460.9465325654298,1470.7098994240723,5,2.6,0.8,3.0,1.2,8.8,10,2.3,0.7,2.8,1.5,8.3,3.0,1.6,-3.496445787822722,-0.8,-0.8208020050125313,preseason_static,1
laliga_102418,2026/27,17,2026-12-20,,,valencia,Valencia CF,Valencia CF,espanyol,RCD Espanyol,RCD Espanyol de Barcelona,scheduled,Valencia CF,2026/27,2026-08-16,0,,,SP1,2025/26,9,38,49,1.2894736842105263,46,55,-9,1.2105263157894737,1.4473684210526316,2026-05-23,85,1517.05524428307,1512.7914332123023,5,2.0,0.6,1.8,1.4,3.6,10,1.7,0.5,1.6,1.3,4.0,1.4,2.0,RCD Espanyol,2026/27,2026-08-16,0,,,SP1,2025/26,11,38,46,1.2105263157894737,43,55,-12,1.131578947368421,1.4473684210526316,2026-05-23,85,1459.7220649449923,1469.7915487087444,5,1.4,0.4,1.2,1.2,4.8,10,0.9,0.2,0.8,1.3,3.9,1.0,0.8,42.99988450355795,0.6000000000000001,0.07894736842105265,preseason_static,1
laliga_102419,2026/27,18,2027-01-03,,,betis,Real Betis,Real Betis,alaves,Deportivo Alavés,Deportivo Alavés,scheduled,Real Betis,2026/27,2026-08-16,0,,,SP1,2025/26,5,38,60,1.5789473684210527,59,48,11,1.5526315789473684,1.263157894736842,2026-05-23,85,1573.7174382969486,1555.2880787227114,5,2.0,0.6,2.0,1.4,5.6,10,1.6,0.4,1.6,1.3,4.7,2.2,1.0,Deportivo Alavés,2026/27,2026-08-16,0,,,SP1,2025/26,14,38,43,1.131578947368421,44,56,-12,1.1578947368421053,1.4736842105263157,2026-05-23,85,1474.8795215968157,1481.1596411976118,5,1.4,0.4,1.2,1.4,4.6,10,1.5,0.4,1.8,1.8,4.6,1.4,1.6,74.12843752509957,0.6000000000000001,0.44736842105263164,preseason_static,1
laliga_102420,2026/27,18,2027-01-03,,,celta,RC Celta,RC Celta,deportivo,RC Deportivo,RC Deportivo,scheduled,RC Celta,2026/27,2026-08-16,0,,,SP1,2025/26,6,38,54,1.4210526315789473,53,48,5,1.394736842105263,1.263157894736842,2026-05-23,85,1527.5555130299024,1520.6666347724267,5,2.0,0.6,1.6,1.0,3.2,10,1.3,0.4,1.5,1.7,3.8,1.2,1.4,RC Deportivo,2026/27,2026-08-16,1,direct,2,SP2,2025/26,2,42,77,1.8333333333333333,65,44,21,1.5476190476190477,1.0476190476190477,2026-05-31,77,1440.2106190968582,1455.1579643226437,5,2.4,0.8,1.6,0.8,5.4,10,2.1,0.6,1.6,0.8,4.8,2.0,1.8,65.50867044978304,-0.3999999999999999,-0.4122807017543859,preseason_static,1
laliga_102421,2026/27,18,2027-01-03,,,espanyol,RCD Espanyol,RCD Espanyol de Barcelona,barcelona,FC Barcelona,FC Barcelona,scheduled,RCD Espanyol,2026/27,2026-08-16,0,,,SP1,2025/26,11,38,46,1.2105263157894737,43,55,-12,1.131578947368421,1.4473684210526316,2026-05-23,85,1459.7220649449923,1469.7915487087444,5,1.4,0.4,1.2,1.2,4.8,10,0.9,0.2,0.8,1.3,3.9,1.0,0.8,FC Barcelona,2026/27,2026-08-16,0,,,SP1,2025/26,1,38,94,2.473684210526316,95,36,59,2.5,0.9473684210526315,2026-05-23,85,1726.7586777810607,1670.0690083357954,5,1.8,0.6,1.6,1.2,4.8,10,2.4,0.8,1.8,0.8,5.3,3.0,1.8,-200.27745962705103,-0.40000000000000013,-1.2631578947368423,preseason_static,1
laliga_102422,2026/27,18,2027-01-03,,,levante,Levante UD,Levante UD,valencia,Valencia CF,Valencia CF,scheduled,Levante UD,2026/27,2026-08-16,0,,,SP1,2025/26,18,38,42,1.105263157894737,47,61,-14,1.236842105263158,1.605263157894737,2026-05-23,85,1479.1546214464315,1484.3659660848236,5,1.8,0.6,2.0,2.2,6.2,10,1.9,0.6,1.7,1.5,5.4,3.0,0.8,Valencia CF,2026/27,2026-08-16,0,,,SP1,2025/26,9,38,49,1.2894736842105263,46,55,-9,1.2105263157894737,1.4473684210526316,2026-05-23,85,1517.05524428307,1512.7914332123023,5,2.0,0.6,1.8,1.4,3.6,10,1.7,0.5,1.6,1.3,4.0,1.4,2.0,-28.42546712747867,-0.19999999999999996,-0.18421052631578938,preseason_static,1
laliga_102423,2026/27,18,2027-01-03,,,malaga,Málaga CF,Málaga CF,elche,Elche CF,Elche CF,scheduled,Málaga CF,2026/27,2026-08-16,1,playoff,4,SP2,2025/26,4,42,73,1.7380952380952381,75,52,23,1.7857142857142858,1.2380952380952381,2026-05-31,77,1433.1728222935901,1449.8796167201926,5,2.6,0.8,2.6,1.0,7.2,10,1.8,0.5,2.3,1.5,5.9,1.6,2.0,Elche CF,2026/27,2026-08-16,0,,,SP1,2025/26,13,38,43,1.131578947368421,49,57,-8,1.2894736842105263,1.5,2026-05-23,85,1467.1865261401447,1475.3898946051086,5,1.0,0.2,1.0,1.4,3.0,10,1.7,0.5,1.3,1.2,3.5,2.6,0.8,-25.510277884915922,1.6,0.6065162907268171,preseason_static,1
laliga_102424,2026/27,18,2027-01-03,,,racing_santander,Racing de Santander,R. Racing Club,athletic_bilbao,Athletic Club,Athletic Club,scheduled,Racing de Santander,2026/27,2026-08-16,1,direct,1,SP2,2025/26,1,42,82,1.9523809523809523,90,61,29,2.142857142857143,1.4523809523809523,2026-05-31,77,1460.9465325654298,1470.7098994240723,5,2.6,0.8,3.0,1.2,8.8,10,2.3,0.7,2.8,1.5,8.3,3.0,1.6,Athletic Club,2026/27,2026-08-16,0,,,SP1,2025/26,12,38,45,1.1842105263157894,43,58,-15,1.131578947368421,1.5263157894736843,2026-05-23,85,1494.3913499077144,1495.7935124307858,5,0.8,0.2,1.4,2.0,4.6,10,1.0,0.3,1.3,1.8,4.1,1.4,0.6,-25.08361300671345,1.8,0.768170426065163,preseason_static,1
laliga_102425,2026/27,18,2027-01-03,,,vallecano,Rayo Vallecano,Rayo Vallecano,atletico_madrid,Atlético de Madrid,Atlético de Madrid,scheduled,Rayo Vallecano,2026/27,2026-08-16,0,,,SP1,2025/26,8,38,50,1.3157894736842106,41,44,-3,1.0789473684210527,1.1578947368421053,2026-05-23,85,1525.3080964337516,1518.9810723253138,5,2.2,0.6,1.6,0.6,5.6,10,1.8,0.5,1.3,1.0,5.5,2.2,1.4,Atlético de Madrid,2026/27,2026-08-16,0,,,SP1,2025/26,4,38,69,1.8157894736842106,62,44,18,1.631578947368421,1.1578947368421053,2026-05-24,84,1596.245603432995,1572.1842025747462,5,1.8,0.6,1.2,1.4,4.2,10,1.2,0.4,1.5,1.9,3.9,1.8,1.2,-53.203130249432434,0.40000000000000013,-0.5,preseason_static,1
laliga_102426,2026/27,18,2027-01-03,,,real_madrid,Real Madrid,Real Madrid,getafe,Getafe CF,Getafe CF,scheduled,Real Madrid,2026/27,2026-08-16,0,,,SP1,2025/26,2,38,86,2.263157894736842,77,35,42,2.026315789473684,0.9210526315789473,2026-05-23,85,1691.8492105610512,1643.8869079207884,5,2.4,0.8,1.8,0.8,4.4,10,2.0,0.6,1.7,1.1,6.3,2.6,1.4,Getafe CF,2026/27,2026-08-16,0,,,SP1,2025/26,7,38,51,1.3421052631578947,32,38,-6,0.8421052631578947,1.0,2026-05-23,85,1490.4153718258704,1492.8115288694028,5,1.4,0.4,0.8,0.8,2.8,10,1.6,0.5,0.9,0.8,2.6,1.8,1.4,151.07537905138565,1.0,0.9210526315789473,preseason_static,1
laliga_102427,2026/27,18,2027-01-03,,,real_sociedad,Real Sociedad,Real Sociedad,osasuna,CA Osasuna,CA Osasuna,scheduled,Real Sociedad,2026/27,2026-08-16,0,,,SP1,2025/26,10,38,46,1.2105263157894737,59,61,-2,1.5526315789473684,1.605263157894737,2026-05-23,85,1486.0260664556174,1489.5195498417131,5,0.6,0.0,1.4,1.8,3.0,10,0.8,0.1,1.6,1.9,4.0,1.0,0.6,CA Osasuna,2026/27,2026-08-16,0,,,SP1,2025/26,16,38,42,1.105263157894737,44,50,-6,1.1578947368421053,1.3157894736842106,2026-05-23,85,1462.869415055948,1472.152061291961,5,0.0,0.0,1.0,2.0,5.0,10,0.8,0.2,1.1,1.5,5.5,0.8,0.2,17.367488549752125,0.6,0.10526315789473673,preseason_static,1
laliga_102428,2026/27,18,2027-01-03,,,villarreal,Villarreal CF,Villarreal CF,sevilla,Sevilla FC,Sevilla FC,scheduled,Villarreal CF,2026/27,2026-08-16,0,,,SP1,2025/26,3,38,72,1.894736842105263,72,46,26,1.894736842105263,1.2105263157894737,2026-05-24,84,1603.2044974684716,1577.4033731013537,5,1.4,0.4,2.6,1.6,4.8,10,1.7,0.5,2.1,1.3,4.7,2.4,1.0,Sevilla FC,2026/27,2026-08-16,0,,,SP1,2025/26,15,38,43,1.131578947368421,46,60,-14,1.2105263157894737,1.5789473684210527,2026-05-23,85,1456.2846048483327,1467.2134536362496,5,1.8,0.6,1.2,1.0,4.8,10,1.2,0.4,0.9,1.3,3.0,1.8,0.6,110.18991946510414,-0.40000000000000013,0.763157894736842,preseason_static,1
laliga_102429,2026/27,19,2027-01-10,,,alaves,Deportivo Alavés,Deportivo Alavés,real_sociedad,Real Sociedad,Real Sociedad,scheduled,Deportivo Alavés,2026/27,2026-08-16,0,,,SP1,2025/26,14,38,43,1.131578947368421,44,56,-12,1.1578947368421053,1.4736842105263157,2026-05-23,85,1474.8795215968157,1481.1596411976118,5,1.4,0.4,1.2,1.4,4.6,10,1.5,0.4,1.8,1.8,4.6,1.4,1.6,Real Sociedad,2026/27,2026-08-16,0,,,SP1,2025/26,10,38,46,1.2105263157894737,59,61,-2,1.5526315789473684,1.605263157894737,2026-05-23,85,1486.0260664556174,1489.5195498417131,5,0.6,0.0,1.4,1.8,3.0,10,0.8,0.1,1.6,1.9,4.0,1.0,0.6,-8.359908644101324,0.7999999999999999,-0.07894736842105265,preseason_static,1
laliga_102430,2026/27,19,2027-01-10,,,athletic_bilbao,Athletic Club,Athletic Club,villarreal,Villarreal CF,Villarreal CF,scheduled,Athletic Club,2026/27,2026-08-16,0,,,SP1,2025/26,12,38,45,1.1842105263157894,43,58,-15,1.131578947368421,1.5263157894736843,2026-05-23,85,1494.3913499077144,1495.7935124307858,5,0.8,0.2,1.4,2.0,4.6,10,1.0,0.3,1.3,1.8,4.1,1.4,0.6,Villarreal CF,2026/27,2026-08-16,0,,,SP1,2025/26,3,38,72,1.894736842105263,72,46,26,1.894736842105263,1.2105263157894737,2026-05-24,84,1603.2044974684716,1577.4033731013537,5,1.4,0.4,2.6,1.6,4.8,10,1.7,0.5,2.1,1.3,4.7,2.4,1.0,-81.60986067056797,-0.5999999999999999,-0.7105263157894737,preseason_static,1
laliga_102431,2026/27,19,2027-01-10,,,atletico_madrid,Atlético de Madrid,Atlético de Madrid,racing_santander,Racing de Santander,R. Racing Club,scheduled,Atlético de Madrid,2026/27,2026-08-16,0,,,SP1,2025/26,4,38,69,1.8157894736842106,62,44,18,1.631578947368421,1.1578947368421053,2026-05-24,84,1596.245603432995,1572.1842025747462,5,1.8,0.6,1.2,1.4,4.2,10,1.2,0.4,1.5,1.9,3.9,1.8,1.2,Racing de Santander,2026/27,2026-08-16,1,direct,1,SP2,2025/26,1,42,82,1.9523809523809523,90,61,29,2.142857142857143,1.4523809523809523,2026-05-31,77,1460.9465325654298,1470.7098994240723,5,2.6,0.8,3.0,1.2,8.8,10,2.3,0.7,2.8,1.5,8.3,3.0,1.6,101.4743031506739,-0.8,-0.1365914786967417,preseason_static,1
laliga_102432,2026/27,19,2027-01-10,,,deportivo,RC Deportivo,RC Deportivo,vallecano,Rayo Vallecano,Rayo Vallecano,scheduled,RC Deportivo,2026/27,2026-08-16,1,direct,2,SP2,2025/26,2,42,77,1.8333333333333333,65,44,21,1.5476190476190477,1.0476190476190477,2026-05-31,77,1440.2106190968582,1455.1579643226437,5,2.4,0.8,1.6,0.8,5.4,10,2.1,0.6,1.6,0.8,4.8,2.0,1.8,Rayo Vallecano,2026/27,2026-08-16,0,,,SP1,2025/26,8,38,50,1.3157894736842106,41,44,-3,1.0789473684210527,1.1578947368421053,2026-05-23,85,1525.3080964337516,1518.9810723253138,5,2.2,0.6,1.6,0.6,5.6,10,1.8,0.5,1.3,1.0,5.5,2.2,1.4,-63.8231080026701,0.19999999999999973,0.5175438596491226,preseason_static,1
laliga_102433,2026/27,19,2027-01-10,,,elche,Elche CF,Elche CF,getafe,Getafe CF,Getafe CF,scheduled,Elche CF,2026/27,2026-08-16,0,,,SP1,2025/26,13,38,43,1.131578947368421,49,57,-8,1.2894736842105263,1.5,2026-05-23,85,1467.1865261401447,1475.3898946051086,5,1.0,0.2,1.0,1.4,3.0,10,1.7,0.5,1.3,1.2,3.5,2.6,0.8,Getafe CF,2026/27,2026-08-16,0,,,SP1,2025/26,7,38,51,1.3421052631578947,32,38,-6,0.8421052631578947,1.0,2026-05-23,85,1490.4153718258704,1492.8115288694028,5,1.4,0.4,0.8,0.8,2.8,10,1.6,0.5,0.9,0.8,2.6,1.8,1.4,-17.421634264294198,-0.3999999999999999,-0.21052631578947367,preseason_static,1
laliga_102434,2026/27,19,2027-01-10,,,espanyol,RCD Espanyol,RCD Espanyol de Barcelona,betis,Real Betis,Real Betis,scheduled,RCD Espanyol,2026/27,2026-08-16,0,,,SP1,2025/26,11,38,46,1.2105263157894737,43,55,-12,1.131578947368421,1.4473684210526316,2026-05-23,85,1459.7220649449923,1469.7915487087444,5,1.4,0.4,1.2,1.2,4.8,10,0.9,0.2,0.8,1.3,3.9,1.0,0.8,Real Betis,2026/27,2026-08-16,0,,,SP1,2025/26,5,38,60,1.5789473684210527,59,48,11,1.5526315789473684,1.263157894736842,2026-05-23,85,1573.7174382969486,1555.2880787227114,5,2.0,0.6,2.0,1.4,5.6,10,1.6,0.4,1.6,1.3,4.7,2.2,1.0,-85.496530013967,-0.6000000000000001,-0.368421052631579,preseason_static,1
laliga_102435,2026/27,19,2027-01-10,,,osasuna,CA Osasuna,CA Osasuna,barcelona,FC Barcelona,FC Barcelona,scheduled,CA Osasuna,2026/27,2026-08-16,0,,,SP1,2025/26,16,38,42,1.105263157894737,44,50,-6,1.1578947368421053,1.3157894736842106,2026-05-23,85,1462.869415055948,1472.152061291961,5,0.0,0.0,1.0,2.0,5.0,10,0.8,0.2,1.1,1.5,5.5,0.8,0.2,FC Barcelona,2026/27,2026-08-16,0,,,SP1,2025/26,1,38,94,2.473684210526316,95,36,59,2.5,0.9473684210526315,2026-05-23,85,1726.7586777810607,1670.0690083357954,5,1.8,0.6,1.6,1.2,4.8,10,2.4,0.8,1.8,0.8,5.3,3.0,1.8,-197.9169470438344,-1.8,-1.368421052631579,preseason_static,1
laliga_102436,2026/27,19,2027-01-10,,,real_madrid,Real Madrid,Real Madrid,levante,Levante UD,Levante UD,scheduled,Real Madrid,2026/27,2026-08-16,0,,,SP1,2025/26,2,38,86,2.263157894736842,77,35,42,2.026315789473684,0.9210526315789473,2026-05-23,85,1691.8492105610512,1643.8869079207884,5,2.4,0.8,1.8,0.8,4.4,10,2.0,0.6,1.7,1.1,6.3,2.6,1.4,Levante UD,2026/27,2026-08-16,0,,,SP1,2025/26,18,38,42,1.105263157894737,47,61,-14,1.236842105263158,1.605263157894737,2026-05-23,85,1479.1546214464315,1484.3659660848236,5,1.8,0.6,2.0,2.2,6.2,10,1.9,0.6,1.7,1.5,5.4,3.0,0.8,159.52094183596478,0.5999999999999999,1.157894736842105,preseason_static,1
laliga_102437,2026/27,19,2027-01-10,,,sevilla,Sevilla FC,Sevilla FC,celta,RC Celta,RC Celta,scheduled,Sevilla FC,2026/27,2026-08-16,0,,,SP1,2025/26,15,38,43,1.131578947368421,46,60,-14,1.2105263157894737,1.5789473684210527,2026-05-23,85,1456.2846048483327,1467.2134536362496,5,1.8,0.6,1.2,1.0,4.8,10,1.2,0.4,0.9,1.3,3.0,1.8,0.6,RC Celta,2026/27,2026-08-16,0,,,SP1,2025/26,6,38,54,1.4210526315789473,53,48,5,1.394736842105263,1.263157894736842,2026-05-23,85,1527.5555130299024,1520.6666347724267,5,2.0,0.6,1.6,1.0,3.2,10,1.3,0.4,1.5,1.7,3.8,1.2,1.4,-53.453181136177136,-0.19999999999999996,-0.2894736842105263,preseason_static,1
laliga_102438,2026/27,19,2027-01-10,,,valencia,Valencia CF,Valencia CF,malaga,Málaga CF,Málaga CF,scheduled,Valencia CF,2026/27,2026-08-16,0,,,SP1,2025/26,9,38,49,1.2894736842105263,46,55,-9,1.2105263157894737,1.4473684210526316,2026-05-23,85,1517.05524428307,1512.7914332123023,5,2.0,0.6,1.8,1.4,3.6,10,1.7,0.5,1.6,1.3,4.0,1.4,2.0,Málaga CF,2026/27,2026-08-16,1,playoff,4,SP2,2025/26,4,42,73,1.7380952380952381,75,52,23,1.7857142857142858,1.2380952380952381,2026-05-31,77,1433.1728222935901,1449.8796167201926,5,2.6,0.8,2.6,1.0,7.2,10,1.8,0.5,2.3,1.5,5.9,1.6,2.0,62.911816492109665,-0.6000000000000001,-0.4486215538847118,preseason_static,1
laliga_102439,2026/27,20,2027-01-17,,,atletico_madrid,Atlético de Madrid,Atlético de Madrid,real_sociedad,Real Sociedad,Real Sociedad,scheduled,Atlético de Madrid,2026/27,2026-08-16,0,,,SP1,2025/26,4,38,69,1.8157894736842106,62,44,18,1.631578947368421,1.1578947368421053,2026-05-24,84,1596.245603432995,1572.1842025747462,5,1.8,0.6,1.2,1.4,4.2,10,1.2,0.4,1.5,1.9,3.9,1.8,1.2,Real Sociedad,2026/27,2026-08-16,0,,,SP1,2025/26,10,38,46,1.2105263157894737,59,61,-2,1.5526315789473684,1.605263157894737,2026-05-23,85,1486.0260664556174,1489.5195498417131,5,0.6,0.0,1.4,1.8,3.0,10,0.8,0.1,1.6,1.9,4.0,1.0,0.6,82.66465273303311,1.2000000000000002,0.605263157894737,preseason_static,1
laliga_102440,2026/27,20,2027-01-17,,,betis,Real Betis,Real Betis,deportivo,RC Deportivo,RC Deportivo,scheduled,Real Betis,2026/27,2026-08-16,0,,,SP1,2025/26,5,38,60,1.5789473684210527,59,48,11,1.5526315789473684,1.263157894736842,2026-05-23,85,1573.7174382969486,1555.2880787227114,5,2.0,0.6,2.0,1.4,5.6,10,1.6,0.4,1.6,1.3,4.7,2.2,1.0,RC Deportivo,2026/27,2026-08-16,1,direct,2,SP2,2025/26,2,42,77,1.8333333333333333,65,44,21,1.5476190476190477,1.0476190476190477,2026-05-31,77,1440.2106190968582,1455.1579643226437,5,2.4,0.8,1.6,0.8,5.4,10,2.1,0.6,1.6,0.8,4.8,2.0,1.8,100.13011440006767,-0.3999999999999999,-0.2543859649122806,preseason_static,1
laliga_102441,2026/27,20,2027-01-17,,,celta,RC Celta,RC Celta,valencia,Valencia CF,Valencia CF,scheduled,RC Celta,2026/27,2026-08-16,0,,,SP1,2025/26,6,38,54,1.4210526315789473,53,48,5,1.394736842105263,1.263157894736842,2026-05-23,85,1527.5555130299024,1520.6666347724267,5,2.0,0.6,1.6,1.0,3.2,10,1.3,0.4,1.5,1.7,3.8,1.2,1.4,Valencia CF,2026/27,2026-08-16,0,,,SP1,2025/26,9,38,49,1.2894736842105263,46,55,-9,1.2105263157894737,1.4473684210526316,2026-05-23,85,1517.05524428307,1512.7914332123023,5,2.0,0.6,1.8,1.4,3.6,10,1.7,0.5,1.6,1.3,4.0,1.4,2.0,7.875201560124424,0.0,0.13157894736842102,preseason_static,1
laliga_102442,2026/27,20,2027-01-17,,,barcelona,FC Barcelona,FC Barcelona,elche,Elche CF,Elche CF,scheduled,FC Barcelona,2026/27,2026-08-16,0,,,SP1,2025/26,1,38,94,2.473684210526316,95,36,59,2.5,0.9473684210526315,2026-05-23,85,1726.7586777810607,1670.0690083357954,5,1.8,0.6,1.6,1.2,4.8,10,2.4,0.8,1.8,0.8,5.3,3.0,1.8,Elche CF,2026/27,2026-08-16,0,,,SP1,2025/26,13,38,43,1.131578947368421,49,57,-8,1.2894736842105263,1.5,2026-05-23,85,1467.1865261401447,1475.3898946051086,5,1.0,0.2,1.0,1.4,3.0,10,1.7,0.5,1.3,1.2,3.5,2.6,0.8,194.67911373068682,0.8,1.342105263157895,preseason_static,1
laliga_102443,2026/27,20,2027-01-17,,,getafe,Getafe CF,Getafe CF,athletic_bilbao,Athletic Club,Athletic Club,scheduled,Getafe CF,2026/27,2026-08-16,0,,,SP1,2025/26,7,38,51,1.3421052631578947,32,38,-6,0.8421052631578947,1.0,2026-05-23,85,1490.4153718258704,1492.8115288694028,5,1.4,0.4,0.8,0.8,2.8,10,1.6,0.5,0.9,0.8,2.6,1.8,1.4,Athletic Club,2026/27,2026-08-16,0,,,SP1,2025/26,12,38,45,1.1842105263157894,43,58,-15,1.131578947368421,1.5263157894736843,2026-05-23,85,1494.3913499077144,1495.7935124307858,5,0.8,0.2,1.4,2.0,4.6,10,1.0,0.3,1.3,1.8,4.1,1.4,0.6,-2.9819835613830037,0.5999999999999999,0.1578947368421053,preseason_static,1
laliga_102444,2026/27,20,2027-01-17,,,levante,Levante UD,Levante UD,espanyol,RCD Espanyol,RCD Espanyol de Barcelona,scheduled,Levante UD,2026/27,2026-08-16,0,,,SP1,2025/26,18,38,42,1.105263157894737,47,61,-14,1.236842105263158,1.605263157894737,2026-05-23,85,1479.1546214464315,1484.3659660848236,5,1.8,0.6,2.0,2.2,6.2,10,1.9,0.6,1.7,1.5,5.4,3.0,0.8,RCD Espanyol,2026/27,2026-08-16,0,,,SP1,2025/26,11,38,46,1.2105263157894737,43,55,-12,1.131578947368421,1.4473684210526316,2026-05-23,85,1459.7220649449923,1469.7915487087444,5,1.4,0.4,1.2,1.2,4.8,10,0.9,0.2,0.8,1.3,3.9,1.0,0.8,14.574417376079282,0.40000000000000013,-0.10526315789473673,preseason_static,1
laliga_102445,2026/27,20,2027-01-17,,,malaga,Málaga CF,Málaga CF,real_madrid,Real Madrid,Real Madrid,scheduled,Málaga CF,2026/27,2026-08-16,1,playoff,4,SP2,2025/26,4,42,73,1.7380952380952381,75,52,23,1.7857142857142858,1.2380952380952381,2026-05-31,77,1433.1728222935901,1449.8796167201926,5,2.6,0.8,2.6,1.0,7.2,10,1.8,0.5,2.3,1.5,5.9,1.6,2.0,Real Madrid,2026/27,2026-08-16,0,,,SP1,2025/26,2,38,86,2.263157894736842,77,35,42,2.026315789473684,0.9210526315789473,2026-05-23,85,1691.8492105610512,1643.8869079207884,5,2.4,0.8,1.8,0.8,4.4,10,2.0,0.6,1.7,1.1,6.3,2.6,1.4,-194.00729120059577,0.20000000000000018,-0.5250626566416039,preseason_static,1
laliga_102446,2026/27,20,2027-01-17,,,racing_santander,Racing de Santander,R. Racing Club,osasuna,CA Osasuna,CA Osasuna,scheduled,Racing de Santander,2026/27,2026-08-16,1,direct,1,SP2,2025/26,1,42,82,1.9523809523809523,90,61,29,2.142857142857143,1.4523809523809523,2026-05-31,77,1460.9465325654298,1470.7098994240723,5,2.6,0.8,3.0,1.2,8.8,10,2.3,0.7,2.8,1.5,8.3,3.0,1.6,CA Osasuna,2026/27,2026-08-16,0,,,SP1,2025/26,16,38,42,1.105263157894737,44,50,-6,1.1578947368421053,1.3157894736842106,2026-05-23,85,1462.869415055948,1472.152061291961,5,0.0,0.0,1.0,2.0,5.0,10,0.8,0.2,1.1,1.5,5.5,0.8,0.2,-1.4421618678886716,2.6,0.8471177944862154,preseason_static,1
laliga_102447,2026/27,20,2027-01-17,,,vallecano,Rayo Vallecano,Rayo Vallecano,sevilla,Sevilla FC,Sevilla FC,scheduled,Rayo Vallecano,2026/27,2026-08-16,0,,,SP1,2025/26,8,38,50,1.3157894736842106,41,44,-3,1.0789473684210527,1.1578947368421053,2026-05-23,85,1525.3080964337516,1518.9810723253138,5,2.2,0.6,1.6,0.6,5.6,10,1.8,0.5,1.3,1.0,5.5,2.2,1.4,Sevilla FC,2026/27,2026-08-16,0,,,SP1,2025/26,15,38,43,1.131578947368421,46,60,-14,1.2105263157894737,1.5789473684210527,2026-05-23,85,1456.2846048483327,1467.2134536362496,5,1.8,0.6,1.2,1.0,4.8,10,1.2,0.4,0.9,1.3,3.0,1.8,0.6,51.76761868906419,0.40000000000000013,0.1842105263157896,preseason_static,1
laliga_102448,2026/27,20,2027-01-17,,,villarreal,Villarreal CF,Villarreal CF,alaves,Deportivo Alavés,Deportivo Alavés,scheduled,Villarreal CF,2026/27,2026-08-16,0,,,SP1,2025/26,3,38,72,1.894736842105263,72,46,26,1.894736842105263,1.2105263157894737,2026-05-24,84,1603.2044974684716,1577.4033731013537,5,1.4,0.4,2.6,1.6,4.8,10,1.7,0.5,2.1,1.3,4.7,2.4,1.0,Deportivo Alavés,2026/27,2026-08-16,0,,,SP1,2025/26,14,38,43,1.131578947368421,44,56,-12,1.1578947368421053,1.4736842105263157,2026-05-23,85,1474.8795215968157,1481.1596411976118,5,1.4,0.4,1.2,1.4,4.6,10,1.5,0.4,1.8,1.8,4.6,1.4,1.6,96.24373190374195,0.0,0.763157894736842,preseason_static,1
laliga_102449,2026/27,21,2027-01-24,,,alaves,Deportivo Alavés,Deportivo Alavés,barcelona,FC Barcelona,FC Barcelona,scheduled,Deportivo Alavés,2026/27,2026-08-16,0,,,SP1,2025/26,14,38,43,1.131578947368421,44,56,-12,1.1578947368421053,1.4736842105263157,2026-05-23,85,1474.8795215968157,1481.1596411976118,5,1.4,0.4,1.2,1.4,4.6,10,1.5,0.4,1.8,1.8,4.6,1.4,1.6,FC Barcelona,2026/27,2026-08-16,0,,,SP1,2025/26,1,38,94,2.473684210526316,95,36,59,2.5,0.9473684210526315,2026-05-23,85,1726.7586777810607,1670.0690083357954,5,1.8,0.6,1.6,1.2,4.8,10,2.4,0.8,1.8,0.8,5.3,3.0,1.8,-188.9093671381836,-0.40000000000000013,-1.342105263157895,preseason_static,1
laliga_102450,2026/27,21,2027-01-24,,,athletic_bilbao,Athletic Club,Athletic Club,levante,Levante UD,Levante UD,scheduled,Athletic Club,2026/27,2026-08-16,0,,,SP1,2025/26,12,38,45,1.1842105263157894,43,58,-15,1.131578947368421,1.5263157894736843,2026-05-23,85,1494.3913499077144,1495.7935124307858,5,0.8,0.2,1.4,2.0,4.6,10,1.0,0.3,1.3,1.8,4.1,1.4,0.6,Levante UD,2026/27,2026-08-16,0,,,SP1,2025/26,18,38,42,1.105263157894737,47,61,-14,1.236842105263158,1.605263157894737,2026-05-23,85,1479.1546214464315,1484.3659660848236,5,1.8,0.6,2.0,2.2,6.2,10,1.9,0.6,1.7,1.5,5.4,3.0,0.8,11.427546345962128,-1.0,0.07894736842105243,preseason_static,1
laliga_102451,2026/27,21,2027-01-24,,,deportivo,RC Deportivo,RC Deportivo,atletico_madrid,Atlético de Madrid,Atlético de Madrid,scheduled,RC Deportivo,2026/27,2026-08-16,1,direct,2,SP2,2025/26,2,42,77,1.8333333333333333,65,44,21,1.5476190476190477,1.0476190476190477,2026-05-31,77,1440.2106190968582,1455.1579643226437,5,2.4,0.8,1.6,0.8,5.4,10,2.1,0.6,1.6,0.8,4.8,2.0,1.8,Atlético de Madrid,2026/27,2026-08-16,0,,,SP1,2025/26,4,38,69,1.8157894736842106,62,44,18,1.631578947368421,1.1578947368421053,2026-05-24,84,1596.245603432995,1572.1842025747462,5,1.8,0.6,1.2,1.4,4.2,10,1.2,0.4,1.5,1.9,3.9,1.8,1.2,-117.02623825210253,0.5999999999999999,0.01754385964912264,preseason_static,1
laliga_102452,2026/27,21,2027-01-24,,,elche,Elche CF,Elche CF,vallecano,Rayo Vallecano,Rayo Vallecano,scheduled,Elche CF,2026/27,2026-08-16,0,,,SP1,2025/26,13,38,43,1.131578947368421,49,57,-8,1.2894736842105263,1.5,2026-05-23,85,1467.1865261401447,1475.3898946051086,5,1.0,0.2,1.0,1.4,3.0,10,1.7,0.5,1.3,1.2,3.5,2.6,0.8,Rayo Vallecano,2026/27,2026-08-16,0,,,SP1,2025/26,8,38,50,1.3157894736842106,41,44,-3,1.0789473684210527,1.1578947368421053,2026-05-23,85,1525.3080964337516,1518.9810723253138,5,2.2,0.6,1.6,0.6,5.6,10,1.8,0.5,1.3,1.0,5.5,2.2,1.4,-43.59117772020522,-1.2000000000000002,-0.1842105263157896,preseason_static,1
laliga_102453,2026/27,21,2027-01-24,,,espanyol,RCD Espanyol,RCD Espanyol de Barcelona,villarreal,Villarreal CF,Villarreal CF,scheduled,RCD Espanyol,2026/27,2026-08-16,0,,,SP1,2025/26,11,38,46,1.2105263157894737,43,55,-12,1.131578947368421,1.4473684210526316,2026-05-23,85,1459.7220649449923,1469.7915487087444,5,1.4,0.4,1.2,1.2,4.8,10,0.9,0.2,0.8,1.3,3.9,1.0,0.8,Villarreal CF,2026/27,2026-08-16,0,,,SP1,2025/26,3,38,72,1.894736842105263,72,46,26,1.894736842105263,1.2105263157894737,2026-05-24,84,1603.2044974684716,1577.4033731013537,5,1.4,0.4,2.6,1.6,4.8,10,1.7,0.5,2.1,1.3,4.7,2.4,1.0,-107.61182439260938,0.0,-0.6842105263157894,preseason_static,1
laliga_102454,2026/27,21,2027-01-24,,,getafe,Getafe CF,Getafe CF,osasuna,CA Osasuna,CA Osasuna,scheduled,Getafe CF,2026/27,2026-08-16,0,,,SP1,2025/26,7,38,51,1.3421052631578947,32,38,-6,0.8421052631578947,1.0,2026-05-23,85,1490.4153718258704,1492.8115288694028,5,1.4,0.4,0.8,0.8,2.8,10,1.6,0.5,0.9,0.8,2.6,1.8,1.4,CA Osasuna,2026/27,2026-08-16,0,,,SP1,2025/26,16,38,42,1.105263157894737,44,50,-6,1.1578947368421053,1.3157894736842106,2026-05-23,85,1462.869415055948,1472.152061291961,5,0.0,0.0,1.0,2.0,5.0,10,0.8,0.2,1.1,1.5,5.5,0.8,0.2,20.659467577441774,1.4,0.23684210526315774,preseason_static,1
laliga_102455,2026/27,21,2027-01-24,,,racing_santander,Racing de Santander,R. Racing Club,celta,RC Celta,RC Celta,scheduled,Racing de Santander,2026/27,2026-08-16,1,direct,1,SP2,2025/26,1,42,82,1.9523809523809523,90,61,29,2.142857142857143,1.4523809523809523,2026-05-31,77,1460.9465325654298,1470.7098994240723,5,2.6,0.8,3.0,1.2,8.8,10,2.3,0.7,2.8,1.5,8.3,3.0,1.6,RC Celta,2026/27,2026-08-16,0,,,SP1,2025/26,6,38,54,1.4210526315789473,53,48,5,1.394736842105263,1.263157894736842,2026-05-23,85,1527.5555130299024,1520.6666347724267,5,2.0,0.6,1.6,1.0,3.2,10,1.3,0.4,1.5,1.7,3.8,1.2,1.4,-49.956735348354414,0.6000000000000001,0.531328320802005,preseason_static,1
laliga_102456,2026/27,21,2027-01-24,,,real_madrid,Real Madrid,Real Madrid,betis,Real Betis,Real Betis,scheduled,Real Madrid,2026/27,2026-08-16,0,,,SP1,2025/26,2,38,86,2.263157894736842,77,35,42,2.026315789473684,0.9210526315789473,2026-05-23,85,1691.8492105610512,1643.8869079207884,5,2.4,0.8,1.8,0.8,4.4,10,2.0,0.6,1.7,1.1,6.3,2.6,1.4,Real Betis,2026/27,2026-08-16,0,,,SP1,2025/26,5,38,60,1.5789473684210527,59,48,11,1.5526315789473684,1.263157894736842,2026-05-23,85,1573.7174382969486,1555.2880787227114,5,2.0,0.6,2.0,1.4,5.6,10,1.6,0.4,1.6,1.3,4.7,2.2,1.0,88.59882919807706,0.3999999999999999,0.6842105263157894,preseason_static,1
laliga_102457,2026/27,21,2027-01-24,,,real_sociedad,Real Sociedad,Real Sociedad,malaga,Málaga CF,Málaga CF,scheduled,Real Sociedad,2026/27,2026-08-16,0,,,SP1,2025/26,10,38,46,1.2105263157894737,59,61,-2,1.5526315789473684,1.605263157894737,2026-05-23,85,1486.0260664556174,1489.5195498417131,5,0.6,0.0,1.4,1.8,3.0,10,0.8,0.1,1.6,1.9,4.0,1.0,0.6,Málaga CF,2026/27,2026-08-16,1,playoff,4,SP2,2025/26,4,42,73,1.7380952380952381,75,52,23,1.7857142857142858,1.2380952380952381,2026-05-31,77,1433.1728222935901,1449.8796167201926,5,2.6,0.8,2.6,1.0,7.2,10,1.8,0.5,2.3,1.5,5.9,1.6,2.0,39.63993312152047,-2.0,-0.5275689223057645,preseason_static,1
laliga_102458,2026/27,21,2027-01-24,,,valencia,Valencia CF,Valencia CF,sevilla,Sevilla FC,Sevilla FC,scheduled,Valencia CF,2026/27,2026-08-16,0,,,SP1,2025/26,9,38,49,1.2894736842105263,46,55,-9,1.2105263157894737,1.4473684210526316,2026-05-23,85,1517.05524428307,1512.7914332123023,5,2.0,0.6,1.8,1.4,3.6,10,1.7,0.5,1.6,1.3,4.0,1.4,2.0,Sevilla FC,2026/27,2026-08-16,0,,,SP1,2025/26,15,38,43,1.131578947368421,46,60,-14,1.2105263157894737,1.5789473684210527,2026-05-23,85,1456.2846048483327,1467.2134536362496,5,1.8,0.6,1.2,1.0,4.8,10,1.2,0.4,0.9,1.3,3.0,1.8,0.6,45.57797957605271,0.19999999999999996,0.1578947368421053,preseason_static,1
laliga_102459,2026/27,22,2027-01-31,,,atletico_madrid,Atlético de Madrid,Atlético de Madrid,espanyol,RCD Espanyol,RCD Espanyol de Barcelona,scheduled,Atlético de Madrid,2026/27,2026-08-16,0,,,SP1,2025/26,4,38,69,1.8157894736842106,62,44,18,1.631578947368421,1.1578947368421053,2026-05-24,84,1596.245603432995,1572.1842025747462,5,1.8,0.6,1.2,1.4,4.2,10,1.2,0.4,1.5,1.9,3.9,1.8,1.2,RCD Espanyol,2026/27,2026-08-16,0,,,SP1,2025/26,11,38,46,1.2105263157894737,43,55,-12,1.131578947368421,1.4473684210526316,2026-05-23,85,1459.7220649449923,1469.7915487087444,5,1.4,0.4,1.2,1.2,4.8,10,0.9,0.2,0.8,1.3,3.9,1.0,0.8,102.39265386600187,0.40000000000000013,0.605263157894737,preseason_static,1
laliga_102460,2026/27,22,2027-01-31,,,betis,Real Betis,Real Betis,elche,Elche CF,Elche CF,scheduled,Real Betis,2026/27,2026-08-16,0,,,SP1,2025/26,5,38,60,1.5789473684210527,59,48,11,1.5526315789473684,1.263157894736842,2026-05-23,85,1573.7174382969486,1555.2880787227114,5,2.0,0.6,2.0,1.4,5.6,10,1.6,0.4,1.6,1.3,4.7,2.2,1.0,Elche CF,2026/27,2026-08-16,0,,,SP1,2025/26,13,38,43,1.131578947368421,49,57,-8,1.2894736842105263,1.5,2026-05-23,85,1467.1865261401447,1475.3898946051086,5,1.0,0.2,1.0,1.4,3.0,10,1.7,0.5,1.3,1.2,3.5,2.6,0.8,79.8981841176028,1.0,0.44736842105263164,preseason_static,1
laliga_102461,2026/27,22,2027-01-31,,,celta,RC Celta,RC Celta,getafe,Getafe CF,Getafe CF,scheduled,RC Celta,2026/27,2026-08-16,0,,,SP1,2025/26,6,38,54,1.4210526315789473,53,48,5,1.394736842105263,1.263157894736842,2026-05-23,85,1527.5555130299024,1520.6666347724267,5,2.0,0.6,1.6,1.0,3.2,10,1.3,0.4,1.5,1.7,3.8,1.2,1.4,Getafe CF,2026/27,2026-08-16,0,,,SP1,2025/26,7,38,51,1.3421052631578947,32,38,-6,0.8421052631578947,1.0,2026-05-23,85,1490.4153718258704,1492.8115288694028,5,1.4,0.4,0.8,0.8,2.8,10,1.6,0.5,0.9,0.8,2.6,1.8,1.4,27.85510590302397,0.6000000000000001,0.07894736842105265,preseason_static,1
laliga_102462,2026/27,22,2027-01-31,,,barcelona,FC Barcelona,FC Barcelona,valencia,Valencia CF,Valencia CF,scheduled,FC Barcelona,2026/27,2026-08-16,0,,,SP1,2025/26,1,38,94,2.473684210526316,95,36,59,2.5,0.9473684210526315,2026-05-23,85,1726.7586777810607,1670.0690083357954,5,1.8,0.6,1.6,1.2,4.8,10,2.4,0.8,1.8,0.8,5.3,3.0,1.8,Valencia CF,2026/27,2026-08-16,0,,,SP1,2025/26,9,38,49,1.2894736842105263,46,55,-9,1.2105263157894737,1.4473684210526316,2026-05-23,85,1517.05524428307,1512.7914332123023,5,2.0,0.6,1.8,1.4,3.6,10,1.7,0.5,1.6,1.3,4.0,1.4,2.0,157.27757512349308,-0.19999999999999996,1.1842105263157896,preseason_static,1
laliga_102463,2026/27,22,2027-01-31,,,levante,Levante UD,Levante UD,real_sociedad,Real Sociedad,Real Sociedad,scheduled,Levante UD,2026/27,2026-08-16,0,,,SP1,2025/26,18,38,42,1.105263157894737,47,61,-14,1.236842105263158,1.605263157894737,2026-05-23,85,1479.1546214464315,1484.3659660848236,5,1.8,0.6,2.0,2.2,6.2,10,1.9,0.6,1.7,1.5,5.4,3.0,0.8,Real Sociedad,2026/27,2026-08-16,0,,,SP1,2025/26,10,38,46,1.2105263157894737,59,61,-2,1.5526315789473684,1.605263157894737,2026-05-23,85,1486.0260664556174,1489.5195498417131,5,0.6,0.0,1.4,1.8,3.0,10,0.8,0.1,1.6,1.9,4.0,1.0,0.6,-5.153583756889475,1.2000000000000002,-0.10526315789473673,preseason_static,1
laliga_102464,2026/27,22,2027-01-31,,,malaga,Málaga CF,Málaga CF,alaves,Deportivo Alavés,Deportivo Alavés,scheduled,Málaga CF,2026/27,2026-08-16,1,playoff,4,SP2,2025/26,4,42,73,1.7380952380952381,75,52,23,1.7857142857142858,1.2380952380952381,2026-05-31,77,1433.1728222935901,1449.8796167201926,5,2.6,0.8,2.6,1.0,7.2,10,1.8,0.5,2.3,1.5,5.9,1.6,2.0,Deportivo Alavés,2026/27,2026-08-16,0,,,SP1,2025/26,14,38,43,1.131578947368421,44,56,-12,1.1578947368421053,1.4736842105263157,2026-05-23,85,1474.8795215968157,1481.1596411976118,5,1.4,0.4,1.2,1.4,4.6,10,1.5,0.4,1.8,1.8,4.6,1.4,1.6,-31.280024477419147,1.2000000000000002,0.6065162907268171,preseason_static,1
laliga_102465,2026/27,22,2027-01-31,,,osasuna,CA Osasuna,CA Osasuna,deportivo,RC Deportivo,RC Deportivo,scheduled,CA Osasuna,2026/27,2026-08-16,0,,,SP1,2025/26,16,38,42,1.105263157894737,44,50,-6,1.1578947368421053,1.3157894736842106,2026-05-23,85,1462.869415055948,1472.152061291961,5,0.0,0.0,1.0,2.0,5.0,10,0.8,0.2,1.1,1.5,5.5,0.8,0.2,RC Deportivo,2026/27,2026-08-16,1,direct,2,SP2,2025/26,2,42,77,1.8333333333333333,65,44,21,1.5476190476190477,1.0476190476190477,2026-05-31,77,1440.2106190968582,1455.1579643226437,5,2.4,0.8,1.6,0.8,5.4,10,2.1,0.6,1.6,0.8,4.8,2.0,1.8,16.994096969317297,-2.4,-0.7280701754385963,preseason_static,1
laliga_102466,2026/27,22,2027-01-31,,,vallecano,Rayo Vallecano,Rayo Vallecano,real_madrid,Real Madrid,Real Madrid,scheduled,Rayo Vallecano,2026/27,2026-08-16,0,,,SP1,2025/26,8,38,50,1.3157894736842106,41,44,-3,1.0789473684210527,1.1578947368421053,2026-05-23,85,1525.3080964337516,1518.9810723253138,5,2.2,0.6,1.6,0.6,5.6,10,1.8,0.5,1.3,1.0,5.5,2.2,1.4,Real Madrid,2026/27,2026-08-16,0,,,SP1,2025/26,2,38,86,2.263157894736842,77,35,42,2.026315789473684,0.9210526315789473,2026-05-23,85,1691.8492105610512,1643.8869079207884,5,2.4,0.8,1.8,0.8,4.4,10,2.0,0.6,1.7,1.1,6.3,2.6,1.4,-124.90583559547463,-0.19999999999999973,-0.9473684210526314,preseason_static,1
laliga_102467,2026/27,22,2027-01-31,,,sevilla,Sevilla FC,Sevilla FC,athletic_bilbao,Athletic Club,Athletic Club,scheduled,Sevilla FC,2026/27,2026-08-16,0,,,SP1,2025/26,15,38,43,1.131578947368421,46,60,-14,1.2105263157894737,1.5789473684210527,2026-05-23,85,1456.2846048483327,1467.2134536362496,5,1.8,0.6,1.2,1.0,4.8,10,1.2,0.4,0.9,1.3,3.0,1.8,0.6,Athletic Club,2026/27,2026-08-16,0,,,SP1,2025/26,12,38,45,1.1842105263157894,43,58,-15,1.131578947368421,1.5263157894736843,2026-05-23,85,1494.3913499077144,1495.7935124307858,5,0.8,0.2,1.4,2.0,4.6,10,1.0,0.3,1.3,1.8,4.1,1.4,0.6,-28.58005879453617,1.0,-0.05263157894736836,preseason_static,1
laliga_102468,2026/27,22,2027-01-31,,,villarreal,Villarreal CF,Villarreal CF,racing_santander,Racing de Santander,R. Racing Club,scheduled,Villarreal CF,2026/27,2026-08-16,0,,,SP1,2025/26,3,38,72,1.894736842105263,72,46,26,1.894736842105263,1.2105263157894737,2026-05-24,84,1603.2044974684716,1577.4033731013537,5,1.4,0.4,2.6,1.6,4.8,10,1.7,0.5,2.1,1.3,4.7,2.4,1.0,Racing de Santander,2026/27,2026-08-16,1,direct,1,SP2,2025/26,1,42,82,1.9523809523809523,90,61,29,2.142857142857143,1.4523809523809523,2026-05-31,77,1460.9465325654298,1470.7098994240723,5,2.6,0.8,3.0,1.2,8.8,10,2.3,0.7,2.8,1.5,8.3,3.0,1.6,106.69347367728142,-1.2000000000000002,-0.057644110275689275,preseason_static,1
laliga_102469,2026/27,23,2027-02-07,,,alaves,Deportivo Alavés,Deportivo Alavés,celta,RC Celta,RC Celta,scheduled,Deportivo Alavés,2026/27,2026-08-16,0,,,SP1,2025/26,14,38,43,1.131578947368421,44,56,-12,1.1578947368421053,1.4736842105263157,2026-05-23,85,1474.8795215968157,1481.1596411976118,5,1.4,0.4,1.2,1.4,4.6,10,1.5,0.4,1.8,1.8,4.6,1.4,1.6,RC Celta,2026/27,2026-08-16,0,,,SP1,2025/26,6,38,54,1.4210526315789473,53,48,5,1.394736842105263,1.263157894736842,2026-05-23,85,1527.5555130299024,1520.6666347724267,5,2.0,0.6,1.6,1.0,3.2,10,1.3,0.4,1.5,1.7,3.8,1.2,1.4,-39.50699357481494,-0.6000000000000001,-0.2894736842105263,preseason_static,1
laliga_102470,2026/27,23,2027-02-07,,,athletic_bilbao,Athletic Club,Athletic Club,osasuna,CA Osasuna,CA Osasuna,scheduled,Athletic Club,2026/27,2026-08-16,0,,,SP1,2025/26,12,38,45,1.1842105263157894,43,58,-15,1.131578947368421,1.5263157894736843,2026-05-23,85,1494.3913499077144,1495.7935124307858,5,0.8,0.2,1.4,2.0,4.6,10,1.0,0.3,1.3,1.8,4.1,1.4,0.6,CA Osasuna,2026/27,2026-08-16,0,,,SP1,2025/26,16,38,42,1.105263157894737,44,50,-6,1.1578947368421053,1.3157894736842106,2026-05-23,85,1462.869415055948,1472.152061291961,5,0.0,0.0,1.0,2.0,5.0,10,0.8,0.2,1.1,1.5,5.5,0.8,0.2,23.641451138824777,0.8,0.07894736842105243,preseason_static,1
laliga_102471,2026/27,23,2027-02-07,,,betis,Real Betis,Real Betis,sevilla,Sevilla FC,Sevilla FC,scheduled,Real Betis,2026/27,2026-08-16,0,,,SP1,2025/26,5,38,60,1.5789473684210527,59,48,11,1.5526315789473684,1.263157894736842,2026-05-23,85,1573.7174382969486,1555.2880787227114,5,2.0,0.6,2.0,1.4,5.6,10,1.6,0.4,1.6,1.3,4.7,2.2,1.0,Sevilla FC,2026/27,2026-08-16,0,,,SP1,2025/26,15,38,43,1.131578947368421,46,60,-14,1.2105263157894737,1.5789473684210527,2026-05-23,85,1456.2846048483327,1467.2134536362496,5,1.8,0.6,1.2,1.0,4.8,10,1.2,0.4,0.9,1.3,3.0,1.8,0.6,88.07462508646177,0.19999999999999996,0.44736842105263164,preseason_static,1
laliga_102472,2026/27,23,2027-02-07,,,deportivo,RC Deportivo,RC Deportivo,malaga,Málaga CF,Málaga CF,scheduled,RC Deportivo,2026/27,2026-08-16,1,direct,2,SP2,2025/26,2,42,77,1.8333333333333333,65,44,21,1.5476190476190477,1.0476190476190477,2026-05-31,77,1440.2106190968582,1455.1579643226437,5,2.4,0.8,1.6,0.8,5.4,10,2.1,0.6,1.6,0.8,4.8,2.0,1.8,Málaga CF,2026/27,2026-08-16,1,playoff,4,SP2,2025/26,4,42,73,1.7380952380952381,75,52,23,1.7857142857142858,1.2380952380952381,2026-05-31,77,1433.1728222935901,1449.8796167201926,5,2.6,0.8,2.6,1.0,7.2,10,1.8,0.5,2.3,1.5,5.9,1.6,2.0,5.278347602451049,-0.20000000000000018,0.09523809523809512,preseason_static,1
laliga_102473,2026/27,23,2027-02-07,,,elche,Elche CF,Elche CF,levante,Levante UD,Levante UD,scheduled,Elche CF,2026/27,2026-08-16,0,,,SP1,2025/26,13,38,43,1.131578947368421,49,57,-8,1.2894736842105263,1.5,2026-05-23,85,1467.1865261401447,1475.3898946051086,5,1.0,0.2,1.0,1.4,3.0,10,1.7,0.5,1.3,1.2,3.5,2.6,0.8,Levante UD,2026/27,2026-08-16,0,,,SP1,2025/26,18,38,42,1.105263157894737,47,61,-14,1.236842105263158,1.605263157894737,2026-05-23,85,1479.1546214464315,1484.3659660848236,5,1.8,0.6,2.0,2.2,6.2,10,1.9,0.6,1.7,1.5,5.4,3.0,0.8,-8.976071479715074,-0.8,0.02631578947368407,preseason_static,1
laliga_102474,2026/27,23,2027-02-07,,,espanyol,RCD Espanyol,RCD Espanyol de Barcelona,vallecano,Rayo Vallecano,Rayo Vallecano,scheduled,RCD Espanyol,2026/27,2026-08-16,0,,,SP1,2025/26,11,38,46,1.2105263157894737,43,55,-12,1.131578947368421,1.4473684210526316,2026-05-23,85,1459.7220649449923,1469.7915487087444,5,1.4,0.4,1.2,1.2,4.8,10,0.9,0.2,0.8,1.3,3.9,1.0,0.8,Rayo Vallecano,2026/27,2026-08-16,0,,,SP1,2025/26,8,38,50,1.3157894736842106,41,44,-3,1.0789473684210527,1.1578947368421053,2026-05-23,85,1525.3080964337516,1518.9810723253138,5,2.2,0.6,1.6,0.6,5.6,10,1.8,0.5,1.3,1.0,5.5,2.2,1.4,-49.18952361656943,-0.8000000000000003,-0.10526315789473695,preseason_static,1
laliga_102475,2026/27,23,2027-02-07,,,barcelona,FC Barcelona,FC Barcelona,atletico_madrid,Atlético de Madrid,Atlético de Madrid,scheduled,FC Barcelona,2026/27,2026-08-16,0,,,SP1,2025/26,1,38,94,2.473684210526316,95,36,59,2.5,0.9473684210526315,2026-05-23,85,1726.7586777810607,1670.0690083357954,5,1.8,0.6,1.6,1.2,4.8,10,2.4,0.8,1.8,0.8,5.3,3.0,1.8,Atlético de Madrid,2026/27,2026-08-16,0,,,SP1,2025/26,4,38,69,1.8157894736842106,62,44,18,1.631578947368421,1.1578947368421053,2026-05-24,84,1596.245603432995,1572.1842025747462,5,1.8,0.6,1.2,1.4,4.2,10,1.2,0.4,1.5,1.9,3.9,1.8,1.2,97.88480576104917,0.0,0.6578947368421053,preseason_static,1
laliga_102476,2026/27,23,2027-02-07,,,getafe,Getafe CF,Getafe CF,villarreal,Villarreal CF,Villarreal CF,scheduled,Getafe CF,2026/27,2026-08-16,0,,,SP1,2025/26,7,38,51,1.3421052631578947,32,38,-6,0.8421052631578947,1.0,2026-05-23,85,1490.4153718258704,1492.8115288694028,5,1.4,0.4,0.8,0.8,2.8,10,1.6,0.5,0.9,0.8,2.6,1.8,1.4,Villarreal CF,2026/27,2026-08-16,0,,,SP1,2025/26,3,38,72,1.894736842105263,72,46,26,1.894736842105263,1.2105263157894737,2026-05-24,84,1603.2044974684716,1577.4033731013537,5,1.4,0.4,2.6,1.6,4.8,10,1.7,0.5,2.1,1.3,4.7,2.4,1.0,-84.59184423195097,0.0,-0.5526315789473684,preseason_static,1
laliga_102477,2026/27,23,2027-02-07,,,real_sociedad,Real Sociedad,Real Sociedad,real_madrid,Real Madrid,Real Madrid,scheduled,Real Sociedad,2026/27,2026-08-16,0,,,SP1,2025/26,10,38,46,1.2105263157894737,59,61,-2,1.5526315789473684,1.605263157894737,2026-05-23,85,1486.0260664556174,1489.5195498417131,5,0.6,0.0,1.4,1.8,3.0,10,0.8,0.1,1.6,1.9,4.0,1.0,0.6,Real Madrid,2026/27,2026-08-16,0,,,SP1,2025/26,2,38,86,2.263157894736842,77,35,42,2.026315789473684,0.9210526315789473,2026-05-23,85,1691.8492105610512,1643.8869079207884,5,2.4,0.8,1.8,0.8,4.4,10,2.0,0.6,1.7,1.1,6.3,2.6,1.4,-154.3673580790753,-1.7999999999999998,-1.0526315789473684,preseason_static,1
laliga_102478,2026/27,23,2027-02-07,,,valencia,Valencia CF,Valencia CF,racing_santander,Racing de Santander,R. Racing Club,scheduled,Valencia CF,2026/27,2026-08-16,0,,,SP1,2025/26,9,38,49,1.2894736842105263,46,55,-9,1.2105263157894737,1.4473684210526316,2026-05-23,85,1517.05524428307,1512.7914332123023,5,2.0,0.6,1.8,1.4,3.6,10,1.7,0.5,1.6,1.3,4.0,1.4,2.0,Racing de Santander,2026/27,2026-08-16,1,direct,1,SP2,2025/26,1,42,82,1.9523809523809523,90,61,29,2.142857142857143,1.4523809523809523,2026-05-31,77,1460.9465325654298,1470.7098994240723,5,2.6,0.8,3.0,1.2,8.8,10,2.3,0.7,2.8,1.5,8.3,3.0,1.6,42.08153378822999,-0.6000000000000001,-0.662907268170426,preseason_static,1
laliga_102479,2026/27,24,2027-02-14,,,celta,RC Celta,RC Celta,vallecano,Rayo Vallecano,Rayo Vallecano,scheduled,RC Celta,2026/27,2026-08-16,0,,,SP1,2025/26,6,38,54,1.4210526315789473,53,48,5,1.394736842105263,1.263157894736842,2026-05-23,85,1527.5555130299024,1520.6666347724267,5,2.0,0.6,1.6,1.0,3.2,10,1.3,0.4,1.5,1.7,3.8,1.2,1.4,Rayo Vallecano,2026/27,2026-08-16,0,,,SP1,2025/26,8,38,50,1.3157894736842106,41,44,-3,1.0789473684210527,1.1578947368421053,2026-05-23,85,1525.3080964337516,1518.9810723253138,5,2.2,0.6,1.6,0.6,5.6,10,1.8,0.5,1.3,1.0,5.5,2.2,1.4,1.6855624471129431,-0.20000000000000018,0.10526315789473673,preseason_static,1
laliga_102480,2026/27,24,2027-02-14,,,elche,Elche CF,Elche CF,deportivo,RC Deportivo,RC Deportivo,scheduled,Elche CF,2026/27,2026-08-16,0,,,SP1,2025/26,13,38,43,1.131578947368421,49,57,-8,1.2894736842105263,1.5,2026-05-23,85,1467.1865261401447,1475.3898946051086,5,1.0,0.2,1.0,1.4,3.0,10,1.7,0.5,1.3,1.2,3.5,2.6,0.8,RC Deportivo,2026/27,2026-08-16,1,direct,2,SP2,2025/26,2,42,77,1.8333333333333333,65,44,21,1.5476190476190477,1.0476190476190477,2026-05-31,77,1440.2106190968582,1455.1579643226437,5,2.4,0.8,1.6,0.8,5.4,10,2.1,0.6,1.6,0.8,4.8,2.0,1.8,20.231930282464873,-1.4,-0.7017543859649122,preseason_static,1
laliga_102481,2026/27,24,2027-02-14,,,levante,Levante UD,Levante UD,malaga,Málaga CF,Málaga CF,scheduled,Levante UD,2026/27,2026-08-16,0,,,SP1,2025/26,18,38,42,1.105263157894737,47,61,-14,1.236842105263158,1.605263157894737,2026-05-23,85,1479.1546214464315,1484.3659660848236,5,1.8,0.6,2.0,2.2,6.2,10,1.9,0.6,1.7,1.5,5.4,3.0,0.8,Málaga CF,2026/27,2026-08-16,1,playoff,4,SP2,2025/26,4,42,73,1.7380952380952381,75,52,23,1.7857142857142858,1.2380952380952381,2026-05-31,77,1433.1728222935901,1449.8796167201926,5,2.6,0.8,2.6,1.0,7.2,10,1.8,0.5,2.3,1.5,5.9,1.6,2.0,34.486349364630996,-0.8,-0.6328320802005012,preseason_static,1
laliga_102482,2026/27,24,2027-02-14,,,osasuna,CA Osasuna,CA Osasuna,atletico_madrid,Atlético de Madrid,Atlético de Madrid,scheduled,CA Osasuna,2026/27,2026-08-16,0,,,SP1,2025/26,16,38,42,1.105263157894737,44,50,-6,1.1578947368421053,1.3157894736842106,2026-05-23,85,1462.869415055948,1472.152061291961,5,0.0,0.0,1.0,2.0,5.0,10,0.8,0.2,1.1,1.5,5.5,0.8,0.2,Atlético de Madrid,2026/27,2026-08-16,0,,,SP1,2025/26,4,38,69,1.8157894736842106,62,44,18,1.631578947368421,1.1578947368421053,2026-05-24,84,1596.245603432995,1572.1842025747462,5,1.8,0.6,1.2,1.4,4.2,10,1.2,0.4,1.5,1.9,3.9,1.8,1.2,-100.03214128278523,-1.8,-0.7105263157894737,preseason_static,1
laliga_102483,2026/27,24,2027-02-14,,,racing_santander,Racing de Santander,R. Racing Club,getafe,Getafe CF,Getafe CF,scheduled,Racing de Santander,2026/27,2026-08-16,1,direct,1,SP2,2025/26,1,42,82,1.9523809523809523,90,61,29,2.142857142857143,1.4523809523809523,2026-05-31,77,1460.9465325654298,1470.7098994240723,5,2.6,0.8,3.0,1.2,8.8,10,2.3,0.7,2.8,1.5,8.3,3.0,1.6,Getafe CF,2026/27,2026-08-16,0,,,SP1,2025/26,7,38,51,1.3421052631578947,32,38,-6,0.8421052631578947,1.0,2026-05-23,85,1490.4153718258704,1492.8115288694028,5,1.4,0.4,0.8,0.8,2.8,10,1.6,0.5,0.9,0.8,2.6,1.8,1.4,-22.101629445330445,1.2000000000000002,0.6102756892230576,preseason_static,1
laliga_102484,2026/27,24,2027-02-14,,,real_madrid,Real Madrid,Real Madrid,athletic_bilbao,Athletic Club,Athletic Club,scheduled,Real Madrid,2026/27,2026-08-16,0,,,SP1,2025/26,2,38,86,2.263157894736842,77,35,42,2.026315789473684,0.9210526315789473,2026-05-23,85,1691.8492105610512,1643.8869079207884,5,2.4,0.8,1.8,0.8,4.4,10,2.0,0.6,1.7,1.1,6.3,2.6,1.4,Athletic Club,2026/27,2026-08-16,0,,,SP1,2025/26,12,38,45,1.1842105263157894,43,58,-15,1.131578947368421,1.5263157894736843,2026-05-23,85,1494.3913499077144,1495.7935124307858,5,0.8,0.2,1.4,2.0,4.6,10,1.0,0.3,1.3,1.8,4.1,1.4,0.6,148.09339549000265,1.5999999999999999,1.0789473684210527,preseason_static,1
laliga_102485,2026/27,24,2027-02-14,,,real_sociedad,Real Sociedad,Real Sociedad,betis,Real Betis,Real Betis,scheduled,Real Sociedad,2026/27,2026-08-16,0,,,SP1,2025/26,10,38,46,1.2105263157894737,59,61,-2,1.5526315789473684,1.605263157894737,2026-05-23,85,1486.0260664556174,1489.5195498417131,5,0.6,0.0,1.4,1.8,3.0,10,0.8,0.1,1.6,1.9,4.0,1.0,0.6,Real Betis,2026/27,2026-08-16,0,,,SP1,2025/26,5,38,60,1.5789473684210527,59,48,11,1.5526315789473684,1.263157894736842,2026-05-23,85,1573.7174382969486,1555.2880787227114,5,2.0,0.6,2.0,1.4,5.6,10,1.6,0.4,1.6,1.3,4.7,2.2,1.0,-65.76852888099825,-1.4,-0.368421052631579,preseason_static,1
laliga_102486,2026/27,24,2027-02-14,,,sevilla,Sevilla FC,Sevilla FC,espanyol,RCD Espanyol,RCD Espanyol de Barcelona,scheduled,Sevilla FC,2026/27,2026-08-16,0,,,SP1,2025/26,15,38,43,1.131578947368421,46,60,-14,1.2105263157894737,1.5789473684210527,2026-05-23,85,1456.2846048483327,1467.2134536362496,5,1.8,0.6,1.2,1.0,4.8,10,1.2,0.4,0.9,1.3,3.0,1.8,0.6,RCD Espanyol,2026/27,2026-08-16,0,,,SP1,2025/26,11,38,46,1.2105263157894737,43,55,-12,1.131578947368421,1.4473684210526316,2026-05-23,85,1459.7220649449923,1469.7915487087444,5,1.4,0.4,1.2,1.2,4.8,10,0.9,0.2,0.8,1.3,3.9,1.0,0.8,-2.5780950724947616,0.40000000000000013,-0.07894736842105265,preseason_static,1
laliga_102487,2026/27,24,2027-02-14,,,valencia,Valencia CF,Valencia CF,alaves,Deportivo Alavés,Deportivo Alavés,scheduled,Valencia CF,2026/27,2026-08-16,0,,,SP1,2025/26,9,38,49,1.2894736842105263,46,55,-9,1.2105263157894737,1.4473684210526316,2026-05-23,85,1517.05524428307,1512.7914332123023,5,2.0,0.6,1.8,1.4,3.6,10,1.7,0.5,1.6,1.3,4.0,1.4,2.0,Deportivo Alavés,2026/27,2026-08-16,0,,,SP1,2025/26,14,38,43,1.131578947368421,44,56,-12,1.1578947368421053,1.4736842105263157,2026-05-23,85,1474.8795215968157,1481.1596411976118,5,1.4,0.4,1.2,1.4,4.6,10,1.5,0.4,1.8,1.8,4.6,1.4,1.6,31.631792014690518,0.6000000000000001,0.1578947368421053,preseason_static,1
laliga_102488,2026/27,24,2027-02-14,,,villarreal,Villarreal CF,Villarreal CF,barcelona,FC Barcelona,FC Barcelona,scheduled,Villarreal CF,2026/27,2026-08-16,0,,,SP1,2025/26,3,38,72,1.894736842105263,72,46,26,1.894736842105263,1.2105263157894737,2026-05-24,84,1603.2044974684716,1577.4033731013537,5,1.4,0.4,2.6,1.6,4.8,10,1.7,0.5,2.1,1.3,4.7,2.4,1.0,FC Barcelona,2026/27,2026-08-16,0,,,SP1,2025/26,1,38,94,2.473684210526316,95,36,59,2.5,0.9473684210526315,2026-05-23,85,1726.7586777810607,1670.0690083357954,5,1.8,0.6,1.6,1.2,4.8,10,2.4,0.8,1.8,0.8,5.3,3.0,1.8,-92.66563523444165,-0.40000000000000013,-0.5789473684210529,preseason_static,1
laliga_102489,2026/27,25,2027-02-21,,,alaves,Deportivo Alavés,Deportivo Alavés,racing_santander,Racing de Santander,R. Racing Club,scheduled,Deportivo Alavés,2026/27,2026-08-16,0,,,SP1,2025/26,14,38,43,1.131578947368421,44,56,-12,1.1578947368421053,1.4736842105263157,2026-05-23,85,1474.8795215968157,1481.1596411976118,5,1.4,0.4,1.2,1.4,4.6,10,1.5,0.4,1.8,1.8,4.6,1.4,1.6,Racing de Santander,2026/27,2026-08-16,1,direct,1,SP2,2025/26,1,42,82,1.9523809523809523,90,61,29,2.142857142857143,1.4523809523809523,2026-05-31,77,1460.9465325654298,1470.7098994240723,5,2.6,0.8,3.0,1.2,8.8,10,2.3,0.7,2.8,1.5,8.3,3.0,1.6,10.449741773539472,-1.2000000000000002,-0.8208020050125313,preseason_static,1
laliga_102490,2026/27,25,2027-02-21,,,athletic_bilbao,Athletic Club,Athletic Club,celta,RC Celta,RC Celta,scheduled,Athletic Club,2026/27,2026-08-16,0,,,SP1,2025/26,12,38,45,1.1842105263157894,43,58,-15,1.131578947368421,1.5263157894736843,2026-05-23,85,1494.3913499077144,1495.7935124307858,5,0.8,0.2,1.4,2.0,4.6,10,1.0,0.3,1.3,1.8,4.1,1.4,0.6,RC Celta,2026/27,2026-08-16,0,,,SP1,2025/26,6,38,54,1.4210526315789473,53,48,5,1.394736842105263,1.263157894736842,2026-05-23,85,1527.5555130299024,1520.6666347724267,5,2.0,0.6,1.6,1.0,3.2,10,1.3,0.4,1.5,1.7,3.8,1.2,1.4,-24.873122341640965,-1.2,-0.23684210526315796,preseason_static,1
laliga_102491,2026/27,25,2027-02-21,,,atletico_madrid,Atlético de Madrid,Atlético de Madrid,elche,Elche CF,Elche CF,scheduled,Atlético de Madrid,2026/27,2026-08-16,0,,,SP1,2025/26,4,38,69,1.8157894736842106,62,44,18,1.631578947368421,1.1578947368421053,2026-05-24,84,1596.245603432995,1572.1842025747462,5,1.8,0.6,1.2,1.4,4.2,10,1.2,0.4,1.5,1.9,3.9,1.8,1.2,Elche CF,2026/27,2026-08-16,0,,,SP1,2025/26,13,38,43,1.131578947368421,49,57,-8,1.2894736842105263,1.5,2026-05-23,85,1467.1865261401447,1475.3898946051086,5,1.0,0.2,1.0,1.4,3.0,10,1.7,0.5,1.3,1.2,3.5,2.6,0.8,96.79430796963766,0.8,0.6842105263157896,preseason_static,1
laliga_102492,2026/27,25,2027-02-21,,,deportivo,RC Deportivo,RC Deportivo,real_sociedad,Real Sociedad,Real Sociedad,scheduled,RC Deportivo,2026/27,2026-08-16,1,direct,2,SP2,2025/26,2,42,77,1.8333333333333333,65,44,21,1.5476190476190477,1.0476190476190477,2026-05-31,77,1440.2106190968582,1455.1579643226437,5,2.4,0.8,1.6,0.8,5.4,10,2.1,0.6,1.6,0.8,4.8,2.0,1.8,Real Sociedad,2026/27,2026-08-16,0,,,SP1,2025/26,10,38,46,1.2105263157894737,59,61,-2,1.5526315789473684,1.605263157894737,2026-05-23,85,1486.0260664556174,1489.5195498417131,5,0.6,0.0,1.4,1.8,3.0,10,0.8,0.1,1.6,1.9,4.0,1.0,0.6,-34.36158551906942,1.7999999999999998,0.6228070175438596,preseason_static,1
laliga_102493,2026/27,25,2027-02-21,,,espanyol,RCD Espanyol,RCD Espanyol de Barcelona,osasuna,CA Osasuna,CA Osasuna,scheduled,RCD Espanyol,2026/27,2026-08-16,0,,,SP1,2025/26,11,38,46,1.2105263157894737,43,55,-12,1.131578947368421,1.4473684210526316,2026-05-23,85,1459.7220649449923,1469.7915487087444,5,1.4,0.4,1.2,1.2,4.8,10,0.9,0.2,0.8,1.3,3.9,1.0,0.8,CA Osasuna,2026/27,2026-08-16,0,,,SP1,2025/26,16,38,42,1.105263157894737,44,50,-6,1.1578947368421053,1.3157894736842106,2026-05-23,85,1462.869415055948,1472.152061291961,5,0.0,0.0,1.0,2.0,5.0,10,0.8,0.2,1.1,1.5,5.5,0.8,0.2,-2.3605125832166323,1.4,0.10526315789473673,preseason_static,1
laliga_102494,2026/27,25,2027-02-21,,,barcelona,FC Barcelona,FC Barcelona,levante,Levante UD,Levante UD,scheduled,FC Barcelona,2026/27,2026-08-16,0,,,SP1,2025/26,1,38,94,2.473684210526316,95,36,59,2.5,0.9473684210526315,2026-05-23,85,1726.7586777810607,1670.0690083357954,5,1.8,0.6,1.6,1.2,4.8,10,2.4,0.8,1.8,0.8,5.3,3.0,1.8,Levante UD,2026/27,2026-08-16,0,,,SP1,2025/26,18,38,42,1.105263157894737,47,61,-14,1.236842105263158,1.605263157894737,2026-05-23,85,1479.1546214464315,1484.3659660848236,5,1.8,0.6,2.0,2.2,6.2,10,1.9,0.6,1.7,1.5,5.4,3.0,0.8,185.70304225097175,0.0,1.368421052631579,preseason_static,1
laliga_102495,2026/27,25,2027-02-21,,,malaga,Málaga CF,Málaga CF,betis,Real Betis,Real Betis,scheduled,Málaga CF,2026/27,2026-08-16,1,playoff,4,SP2,2025/26,4,42,73,1.7380952380952381,75,52,23,1.7857142857142858,1.2380952380952381,2026-05-31,77,1433.1728222935901,1449.8796167201926,5,2.6,0.8,2.6,1.0,7.2,10,1.8,0.5,2.3,1.5,5.9,1.6,2.0,Real Betis,2026/27,2026-08-16,0,,,SP1,2025/26,5,38,60,1.5789473684210527,59,48,11,1.5526315789473684,1.263157894736842,2026-05-23,85,1573.7174382969486,1555.2880787227114,5,2.0,0.6,2.0,1.4,5.6,10,1.6,0.4,1.6,1.3,4.7,2.2,1.0,-105.40846200251872,0.6000000000000001,0.15914786967418548,preseason_static,1
laliga_102496,2026/27,25,2027-02-21,,,vallecano,Rayo Vallecano,Rayo Vallecano,getafe,Getafe CF,Getafe CF,scheduled,Rayo Vallecano,2026/27,2026-08-16,0,,,SP1,2025/26,8,38,50,1.3157894736842106,41,44,-3,1.0789473684210527,1.1578947368421053,2026-05-23,85,1525.3080964337516,1518.9810723253138,5,2.2,0.6,1.6,0.6,5.6,10,1.8,0.5,1.3,1.0,5.5,2.2,1.4,Getafe CF,2026/27,2026-08-16,0,,,SP1,2025/26,7,38,51,1.3421052631578947,32,38,-6,0.8421052631578947,1.0,2026-05-23,85,1490.4153718258704,1492.8115288694028,5,1.4,0.4,0.8,0.8,2.8,10,1.6,0.5,0.9,0.8,2.6,1.8,1.4,26.169543455911025,0.8000000000000003,-0.02631578947368407,preseason_static,1
laliga_102497,2026/27,25,2027-02-21,,,sevilla,Sevilla FC,Sevilla FC,real_madrid,Real Madrid,Real Madrid,scheduled,Sevilla FC,2026/27,2026-08-16,0,,,SP1,2025/26,15,38,43,1.131578947368421,46,60,-14,1.2105263157894737,1.5789473684210527,2026-05-23,85,1456.2846048483327,1467.2134536362496,5,1.8,0.6,1.2,1.0,4.8,10,1.2,0.4,0.9,1.3,3.0,1.8,0.6,Real Madrid,2026/27,2026-08-16,0,,,SP1,2025/26,2,38,86,2.263157894736842,77,35,42,2.026315789473684,0.9210526315789473,2026-05-23,85,1691.8492105610512,1643.8869079207884,5,2.4,0.8,1.8,0.8,4.4,10,2.0,0.6,1.7,1.1,6.3,2.6,1.4,-176.67345428453882,-0.5999999999999999,-1.131578947368421,preseason_static,1
laliga_102498,2026/27,25,2027-02-21,,,villarreal,Villarreal CF,Villarreal CF,valencia,Valencia CF,Valencia CF,scheduled,Villarreal CF,2026/27,2026-08-16,0,,,SP1,2025/26,3,38,72,1.894736842105263,72,46,26,1.894736842105263,1.2105263157894737,2026-05-24,84,1603.2044974684716,1577.4033731013537,5,1.4,0.4,2.6,1.6,4.8,10,1.7,0.5,2.1,1.3,4.7,2.4,1.0,Valencia CF,2026/27,2026-08-16,0,,,SP1,2025/26,9,38,49,1.2894736842105263,46,55,-9,1.2105263157894737,1.4473684210526316,2026-05-23,85,1517.05524428307,1512.7914332123023,5,2.0,0.6,1.8,1.4,3.6,10,1.7,0.5,1.6,1.3,4.0,1.4,2.0,64.61193988905143,-0.6000000000000001,0.6052631578947367,preseason_static,1
laliga_102499,2026/27,26,2027-02-28,,,athletic_bilbao,Athletic Club,Athletic Club,barcelona,FC Barcelona,FC Barcelona,scheduled,Athletic Club,2026/27,2026-08-16,0,,,SP1,2025/26,12,38,45,1.1842105263157894,43,58,-15,1.131578947368421,1.5263157894736843,2026-05-23,85,1494.3913499077144,1495.7935124307858,5,0.8,0.2,1.4,2.0,4.6,10,1.0,0.3,1.3,1.8,4.1,1.4,0.6,FC Barcelona,2026/27,2026-08-16,0,,,SP1,2025/26,1,38,94,2.473684210526316,95,36,59,2.5,0.9473684210526315,2026-05-23,85,1726.7586777810607,1670.0690083357954,5,1.8,0.6,1.6,1.2,4.8,10,2.4,0.8,1.8,0.8,5.3,3.0,1.8,-174.27549590500962,-1.0,-1.2894736842105265,preseason_static,1
laliga_102500,2026/27,26,2027-02-28,,,betis,Real Betis,Real Betis,villarreal,Villarreal CF,Villarreal CF,scheduled,Real Betis,2026/27,2026-08-16,0,,,SP1,2025/26,5,38,60,1.5789473684210527,59,48,11,1.5526315789473684,1.263157894736842,2026-05-23,85,1573.7174382969486,1555.2880787227114,5,2.0,0.6,2.0,1.4,5.6,10,1.6,0.4,1.6,1.3,4.7,2.2,1.0,Villarreal CF,2026/27,2026-08-16,0,,,SP1,2025/26,3,38,72,1.894736842105263,72,46,26,1.894736842105263,1.2105263157894737,2026-05-24,84,1603.2044974684716,1577.4033731013537,5,1.4,0.4,2.6,1.6,4.8,10,1.7,0.5,2.1,1.3,4.7,2.4,1.0,-22.115294378642375,0.6000000000000001,-0.3157894736842104,preseason_static,1
laliga_102501,2026/27,26,2027-02-28,,,celta,RC Celta,RC Celta,espanyol,RCD Espanyol,RCD Espanyol de Barcelona,scheduled,RC Celta,2026/27,2026-08-16,0,,,SP1,2025/26,6,38,54,1.4210526315789473,53,48,5,1.394736842105263,1.263157894736842,2026-05-23,85,1527.5555130299024,1520.6666347724267,5,2.0,0.6,1.6,1.0,3.2,10,1.3,0.4,1.5,1.7,3.8,1.2,1.4,RCD Espanyol,2026/27,2026-08-16,0,,,SP1,2025/26,11,38,46,1.2105263157894737,43,55,-12,1.131578947368421,1.4473684210526316,2026-05-23,85,1459.7220649449923,1469.7915487087444,5,1.4,0.4,1.2,1.2,4.8,10,0.9,0.2,0.8,1.3,3.9,1.0,0.8,50.875086063682375,0.6000000000000001,0.21052631578947367,preseason_static,1
laliga_102502,2026/27,26,2027-02-28,,,getafe,Getafe CF,Getafe CF,alaves,Deportivo Alavés,Deportivo Alavés,scheduled,Getafe CF,2026/27,2026-08-16,0,,,SP1,2025/26,7,38,51,1.3421052631578947,32,38,-6,0.8421052631578947,1.0,2026-05-23,85,1490.4153718258704,1492.8115288694028,5,1.4,0.4,0.8,0.8,2.8,10,1.6,0.5,0.9,0.8,2.6,1.8,1.4,Deportivo Alavés,2026/27,2026-08-16,0,,,SP1,2025/26,14,38,43,1.131578947368421,44,56,-12,1.1578947368421053,1.4736842105263157,2026-05-23,85,1474.8795215968157,1481.1596411976118,5,1.4,0.4,1.2,1.4,4.6,10,1.5,0.4,1.8,1.8,4.6,1.4,1.6,11.651887671790973,0.0,0.21052631578947367,preseason_static,1
laliga_102503,2026/27,26,2027-02-28,,,levante,Levante UD,Levante UD,deportivo,RC Deportivo,RC Deportivo,scheduled,Levante UD,2026/27,2026-08-16,0,,,SP1,2025/26,18,38,42,1.105263157894737,47,61,-14,1.236842105263158,1.605263157894737,2026-05-23,85,1479.1546214464315,1484.3659660848236,5,1.8,0.6,2.0,2.2,6.2,10,1.9,0.6,1.7,1.5,5.4,3.0,0.8,RC Deportivo,2026/27,2026-08-16,1,direct,2,SP2,2025/26,2,42,77,1.8333333333333333,65,44,21,1.5476190476190477,1.0476190476190477,2026-05-31,77,1440.2106190968582,1455.1579643226437,5,2.4,0.8,1.6,0.8,5.4,10,2.1,0.6,1.6,0.8,4.8,2.0,1.8,29.208001762179947,-0.5999999999999999,-0.7280701754385963,preseason_static,1
laliga_102504,2026/27,26,2027-02-28,,,malaga,Málaga CF,Málaga CF,atletico_madrid,Atlético de Madrid,Atlético de Madrid,scheduled,Málaga CF,2026/27,2026-08-16,1,playoff,4,SP2,2025/26,4,42,73,1.7380952380952381,75,52,23,1.7857142857142858,1.2380952380952381,2026-05-31,77,1433.1728222935901,1449.8796167201926,5,2.6,0.8,2.6,1.0,7.2,10,1.8,0.5,2.3,1.5,5.9,1.6,2.0,Atlético de Madrid,2026/27,2026-08-16,0,,,SP1,2025/26,4,38,69,1.8157894736842106,62,44,18,1.631578947368421,1.1578947368421053,2026-05-24,84,1596.245603432995,1572.1842025747462,5,1.8,0.6,1.2,1.4,4.2,10,1.2,0.4,1.5,1.9,3.9,1.8,1.2,-122.30458585455358,0.8,-0.07769423558897248,preseason_static,1
laliga_102505,2026/27,26,2027-02-28,,,osasuna,CA Osasuna,CA Osasuna,sevilla,Sevilla FC,Sevilla FC,scheduled,CA Osasuna,2026/27,2026-08-16,0,,,SP1,2025/26,16,38,42,1.105263157894737,44,50,-6,1.1578947368421053,1.3157894736842106,2026-05-23,85,1462.869415055948,1472.152061291961,5,0.0,0.0,1.0,2.0,5.0,10,0.8,0.2,1.1,1.5,5.5,0.8,0.2,Sevilla FC,2026/27,2026-08-16,0,,,SP1,2025/26,15,38,43,1.131578947368421,46,60,-14,1.2105263157894737,1.5789473684210527,2026-05-23,85,1456.2846048483327,1467.2134536362496,5,1.8,0.6,1.2,1.0,4.8,10,1.2,0.4,0.9,1.3,3.0,1.8,0.6,4.938607655711394,-1.8,-0.02631578947368407,preseason_static,1
laliga_102506,2026/27,26,2027-02-28,,,racing_santander,Racing de Santander,R. Racing Club,vallecano,Rayo Vallecano,Rayo Vallecano,scheduled,Racing de Santander,2026/27,2026-08-16,1,direct,1,SP2,2025/26,1,42,82,1.9523809523809523,90,61,29,2.142857142857143,1.4523809523809523,2026-05-31,77,1460.9465325654298,1470.7098994240723,5,2.6,0.8,3.0,1.2,8.8,10,2.3,0.7,2.8,1.5,8.3,3.0,1.6,Rayo Vallecano,2026/27,2026-08-16,0,,,SP1,2025/26,8,38,50,1.3157894736842106,41,44,-3,1.0789473684210527,1.1578947368421053,2026-05-23,85,1525.3080964337516,1518.9810723253138,5,2.2,0.6,1.6,0.6,5.6,10,1.8,0.5,1.3,1.0,5.5,2.2,1.4,-48.27117290124147,0.3999999999999999,0.6365914786967417,preseason_static,1
laliga_102507,2026/27,26,2027-02-28,,,real_madrid,Real Madrid,Real Madrid,valencia,Valencia CF,Valencia CF,scheduled,Real Madrid,2026/27,2026-08-16,0,,,SP1,2025/26,2,38,86,2.263157894736842,77,35,42,2.026315789473684,0.9210526315789473,2026-05-23,85,1691.8492105610512,1643.8869079207884,5,2.4,0.8,1.8,0.8,4.4,10,2.0,0.6,1.7,1.1,6.3,2.6,1.4,Valencia CF,2026/27,2026-08-16,0,,,SP1,2025/26,9,38,49,1.2894736842105263,46,55,-9,1.2105263157894737,1.4473684210526316,2026-05-23,85,1517.05524428307,1512.7914332123023,5,2.0,0.6,1.8,1.4,3.6,10,1.7,0.5,1.6,1.3,4.0,1.4,2.0,131.0954747084861,0.3999999999999999,0.9736842105263157,preseason_static,1
laliga_102508,2026/27,26,2027-02-28,,,real_sociedad,Real Sociedad,Real Sociedad,elche,Elche CF,Elche CF,scheduled,Real Sociedad,2026/27,2026-08-16,0,,,SP1,2025/26,10,38,46,1.2105263157894737,59,61,-2,1.5526315789473684,1.605263157894737,2026-05-23,85,1486.0260664556174,1489.5195498417131,5,0.6,0.0,1.4,1.8,3.0,10,0.8,0.1,1.6,1.9,4.0,1.0,0.6,Elche CF,2026/27,2026-08-16,0,,,SP1,2025/26,13,38,43,1.131578947368421,49,57,-8,1.2894736842105263,1.5,2026-05-23,85,1467.1865261401447,1475.3898946051086,5,1.0,0.2,1.0,1.4,3.0,10,1.7,0.5,1.3,1.2,3.5,2.6,0.8,14.129655236604549,-0.4,0.07894736842105265,preseason_static,1
laliga_102509,2026/27,27,2027-03-07,,,alaves,Deportivo Alavés,Deportivo Alavés,athletic_bilbao,Athletic Club,Athletic Club,scheduled,Deportivo Alavés,2026/27,2026-08-16,0,,,SP1,2025/26,14,38,43,1.131578947368421,44,56,-12,1.1578947368421053,1.4736842105263157,2026-05-23,85,1474.8795215968157,1481.1596411976118,5,1.4,0.4,1.2,1.4,4.6,10,1.5,0.4,1.8,1.8,4.6,1.4,1.6,Athletic Club,2026/27,2026-08-16,0,,,SP1,2025/26,12,38,45,1.1842105263157894,43,58,-15,1.131578947368421,1.5263157894736843,2026-05-23,85,1494.3913499077144,1495.7935124307858,5,0.8,0.2,1.4,2.0,4.6,10,1.0,0.3,1.3,1.8,4.1,1.4,0.6,-14.633871233173977,0.5999999999999999,-0.05263157894736836,preseason_static,1
laliga_102510,2026/27,27,2027-03-07,,,atletico_madrid,Atlético de Madrid,Atlético de Madrid,celta,RC Celta,RC Celta,scheduled,Atlético de Madrid,2026/27,2026-08-16,0,,,SP1,2025/26,4,38,69,1.8157894736842106,62,44,18,1.631578947368421,1.1578947368421053,2026-05-24,84,1596.245603432995,1572.1842025747462,5,1.8,0.6,1.2,1.4,4.2,10,1.2,0.4,1.5,1.9,3.9,1.8,1.2,RC Celta,2026/27,2026-08-16,0,,,SP1,2025/26,6,38,54,1.4210526315789473,53,48,5,1.394736842105263,1.263157894736842,2026-05-23,85,1527.5555130299024,1520.6666347724267,5,2.0,0.6,1.6,1.0,3.2,10,1.3,0.4,1.5,1.7,3.8,1.2,1.4,51.51756780231949,-0.19999999999999996,0.3947368421052633,preseason_static,1
laliga_102511,2026/27,27,2027-03-07,,,deportivo,RC Deportivo,RC Deportivo,getafe,Getafe CF,Getafe CF,scheduled,RC Deportivo,2026/27,2026-08-16,1,direct,2,SP2,2025/26,2,42,77,1.8333333333333333,65,44,21,1.5476190476190477,1.0476190476190477,2026-05-31,77,1440.2106190968582,1455.1579643226437,5,2.4,0.8,1.6,0.8,5.4,10,2.1,0.6,1.6,0.8,4.8,2.0,1.8,Getafe CF,2026/27,2026-08-16,0,,,SP1,2025/26,7,38,51,1.3421052631578947,32,38,-6,0.8421052631578947,1.0,2026-05-23,85,1490.4153718258704,1492.8115288694028,5,1.4,0.4,0.8,0.8,2.8,10,1.6,0.5,0.9,0.8,2.6,1.8,1.4,-37.65356454675907,1.0,0.49122807017543857,preseason_static,1
laliga_102512,2026/27,27,2027-03-07,,,elche,Elche CF,Elche CF,malaga,Málaga CF,Málaga CF,scheduled,Elche CF,2026/27,2026-08-16,0,,,SP1,2025/26,13,38,43,1.131578947368421,49,57,-8,1.2894736842105263,1.5,2026-05-23,85,1467.1865261401447,1475.3898946051086,5,1.0,0.2,1.0,1.4,3.0,10,1.7,0.5,1.3,1.2,3.5,2.6,0.8,Málaga CF,2026/27,2026-08-16,1,playoff,4,SP2,2025/26,4,42,73,1.7380952380952381,75,52,23,1.7857142857142858,1.2380952380952381,2026-05-31,77,1433.1728222935901,1449.8796167201926,5,2.6,0.8,2.6,1.0,7.2,10,1.8,0.5,2.3,1.5,5.9,1.6,2.0,25.510277884915922,-1.6,-0.6065162907268171,preseason_static,1
laliga_102513,2026/27,27,2027-03-07,,,espanyol,RCD Espanyol,RCD Espanyol de Barcelona,racing_santander,Racing de Santander,R. Racing Club,scheduled,RCD Espanyol,2026/27,2026-08-16,0,,,SP1,2025/26,11,38,46,1.2105263157894737,43,55,-12,1.131578947368421,1.4473684210526316,2026-05-23,85,1459.7220649449923,1469.7915487087444,5,1.4,0.4,1.2,1.2,4.8,10,0.9,0.2,0.8,1.3,3.9,1.0,0.8,Racing de Santander,2026/27,2026-08-16,1,direct,1,SP2,2025/26,1,42,82,1.9523809523809523,90,61,29,2.142857142857143,1.4523809523809523,2026-05-31,77,1460.9465325654298,1470.7098994240723,5,2.6,0.8,3.0,1.2,8.8,10,2.3,0.7,2.8,1.5,8.3,3.0,1.6,-0.9183507153279606,-1.2000000000000002,-0.7418546365914787,preseason_static,1
laliga_102514,2026/27,27,2027-03-07,,,barcelona,FC Barcelona,FC Barcelona,betis,Real Betis,Real Betis,scheduled,FC Barcelona,2026/27,2026-08-16,0,,,SP1,2025/26,1,38,94,2.473684210526316,95,36,59,2.5,0.9473684210526315,2026-05-23,85,1726.7586777810607,1670.0690083357954,5,1.8,0.6,1.6,1.2,4.8,10,2.4,0.8,1.8,0.8,5.3,3.0,1.8,Real Betis,2026/27,2026-08-16,0,,,SP1,2025/26,5,38,60,1.5789473684210527,59,48,11,1.5526315789473684,1.263157894736842,2026-05-23,85,1573.7174382969486,1555.2880787227114,5,2.0,0.6,2.0,1.4,5.6,10,1.6,0.4,1.6,1.3,4.7,2.2,1.0,114.78092961308403,-0.19999999999999996,0.8947368421052633,preseason_static,1
laliga_102515,2026/27,27,2027-03-07,,,vallecano,Rayo Vallecano,Rayo Vallecano,osasuna,CA Osasuna,CA Osasuna,scheduled,Rayo Vallecano,2026/27,2026-08-16,0,,,SP1,2025/26,8,38,50,1.3157894736842106,41,44,-3,1.0789473684210527,1.1578947368421053,2026-05-23,85,1525.3080964337516,1518.9810723253138,5,2.2,0.6,1.6,0.6,5.6,10,1.8,0.5,1.3,1.0,5.5,2.2,1.4,CA Osasuna,2026/27,2026-08-16,0,,,SP1,2025/26,16,38,42,1.105263157894737,44,50,-6,1.1578947368421053,1.3157894736842106,2026-05-23,85,1462.869415055948,1472.152061291961,5,0.0,0.0,1.0,2.0,5.0,10,0.8,0.2,1.1,1.5,5.5,0.8,0.2,46.8290110333528,2.2,0.21052631578947367,preseason_static,1
laliga_102516,2026/27,27,2027-03-07,,,sevilla,Sevilla FC,Sevilla FC,real_sociedad,Real Sociedad,Real Sociedad,scheduled,Sevilla FC,2026/27,2026-08-16,0,,,SP1,2025/26,15,38,43,1.131578947368421,46,60,-14,1.2105263157894737,1.5789473684210527,2026-05-23,85,1456.2846048483327,1467.2134536362496,5,1.8,0.6,1.2,1.0,4.8,10,1.2,0.4,0.9,1.3,3.0,1.8,0.6,Real Sociedad,2026/27,2026-08-16,0,,,SP1,2025/26,10,38,46,1.2105263157894737,59,61,-2,1.5526315789473684,1.605263157894737,2026-05-23,85,1486.0260664556174,1489.5195498417131,5,0.6,0.0,1.4,1.8,3.0,10,0.8,0.1,1.6,1.9,4.0,1.0,0.6,-22.30609620546352,1.2000000000000002,-0.07894736842105265,preseason_static,1
laliga_102517,2026/27,27,2027-03-07,,,valencia,Valencia CF,Valencia CF,levante,Levante UD,Levante UD,scheduled,Valencia CF,2026/27,2026-08-16,0,,,SP1,2025/26,9,38,49,1.2894736842105263,46,55,-9,1.2105263157894737,1.4473684210526316,2026-05-23,85,1517.05524428307,1512.7914332123023,5,2.0,0.6,1.8,1.4,3.6,10,1.7,0.5,1.6,1.3,4.0,1.4,2.0,Levante UD,2026/27,2026-08-16,0,,,SP1,2025/26,18,38,42,1.105263157894737,47,61,-14,1.236842105263158,1.605263157894737,2026-05-23,85,1479.1546214464315,1484.3659660848236,5,1.8,0.6,2.0,2.2,6.2,10,1.9,0.6,1.7,1.5,5.4,3.0,0.8,28.42546712747867,0.19999999999999996,0.18421052631578938,preseason_static,1
laliga_102518,2026/27,27,2027-03-07,,,villarreal,Villarreal CF,Villarreal CF,real_madrid,Real Madrid,Real Madrid,scheduled,Villarreal CF,2026/27,2026-08-16,0,,,SP1,2025/26,3,38,72,1.894736842105263,72,46,26,1.894736842105263,1.2105263157894737,2026-05-24,84,1603.2044974684716,1577.4033731013537,5,1.4,0.4,2.6,1.6,4.8,10,1.7,0.5,2.1,1.3,4.7,2.4,1.0,Real Madrid,2026/27,2026-08-16,0,,,SP1,2025/26,2,38,86,2.263157894736842,77,35,42,2.026315789473684,0.9210526315789473,2026-05-23,85,1691.8492105610512,1643.8869079207884,5,2.4,0.8,1.8,0.8,4.4,10,2.0,0.6,1.7,1.1,6.3,2.6,1.4,-66.48353481943468,-1.0,-0.368421052631579,preseason_static,1
laliga_102519,2026/27,28,2027-03-14,,,alaves,Deportivo Alavés,Deportivo Alavés,sevilla,Sevilla FC,Sevilla FC,scheduled,Deportivo Alavés,2026/27,2026-08-16,0,,,SP1,2025/26,14,38,43,1.131578947368421,44,56,-12,1.1578947368421053,1.4736842105263157,2026-05-23,85,1474.8795215968157,1481.1596411976118,5,1.4,0.4,1.2,1.4,4.6,10,1.5,0.4,1.8,1.8,4.6,1.4,1.6,Sevilla FC,2026/27,2026-08-16,0,,,SP1,2025/26,15,38,43,1.131578947368421,46,60,-14,1.2105263157894737,1.5789473684210527,2026-05-23,85,1456.2846048483327,1467.2134536362496,5,1.8,0.6,1.2,1.0,4.8,10,1.2,0.4,0.9,1.3,3.0,1.8,0.6,13.946187561362194,-0.40000000000000013,0.0,preseason_static,1
laliga_102520,2026/27,28,2027-03-14,,,athletic_bilbao,Athletic Club,Athletic Club,valencia,Valencia CF,Valencia CF,scheduled,Athletic Club,2026/27,2026-08-16,0,,,SP1,2025/26,12,38,45,1.1842105263157894,43,58,-15,1.131578947368421,1.5263157894736843,2026-05-23,85,1494.3913499077144,1495.7935124307858,5,0.8,0.2,1.4,2.0,4.6,10,1.0,0.3,1.3,1.8,4.1,1.4,0.6,Valencia CF,2026/27,2026-08-16,0,,,SP1,2025/26,9,38,49,1.2894736842105263,46,55,-9,1.2105263157894737,1.4473684210526316,2026-05-23,85,1517.05524428307,1512.7914332123023,5,2.0,0.6,1.8,1.4,3.6,10,1.7,0.5,1.6,1.3,4.0,1.4,2.0,-16.99792078151654,-1.2,-0.10526315789473695,preseason_static,1
laliga_102521,2026/27,28,2027-03-14,,,betis,Real Betis,Real Betis,levante,Levante UD,Levante UD,scheduled,Real Betis,2026/27,2026-08-16,0,,,SP1,2025/26,5,38,60,1.5789473684210527,59,48,11,1.5526315789473684,1.263157894736842,2026-05-23,85,1573.7174382969486,1555.2880787227114,5,2.0,0.6,2.0,1.4,5.6,10,1.6,0.4,1.6,1.3,4.7,2.2,1.0,Levante UD,2026/27,2026-08-16,0,,,SP1,2025/26,18,38,42,1.105263157894737,47,61,-14,1.236842105263158,1.605263157894737,2026-05-23,85,1479.1546214464315,1484.3659660848236,5,1.8,0.6,2.0,2.2,6.2,10,1.9,0.6,1.7,1.5,5.4,3.0,0.8,70.92211263788772,0.19999999999999996,0.4736842105263157,preseason_static,1
laliga_102522,2026/27,28,2027-03-14,,,elche,Elche CF,Elche CF,villarreal,Villarreal CF,Villarreal CF,scheduled,Elche CF,2026/27,2026-08-16,0,,,SP1,2025/26,13,38,43,1.131578947368421,49,57,-8,1.2894736842105263,1.5,2026-05-23,85,1467.1865261401447,1475.3898946051086,5,1.0,0.2,1.0,1.4,3.0,10,1.7,0.5,1.3,1.2,3.5,2.6,0.8,Villarreal CF,2026/27,2026-08-16,0,,,SP1,2025/26,3,38,72,1.894736842105263,72,46,26,1.894736842105263,1.2105263157894737,2026-05-24,84,1603.2044974684716,1577.4033731013537,5,1.4,0.4,2.6,1.6,4.8,10,1.7,0.5,2.1,1.3,4.7,2.4,1.0,-102.01347849624517,-0.3999999999999999,-0.763157894736842,preseason_static,1
laliga_102523,2026/27,28,2027-03-14,,,barcelona,FC Barcelona,FC Barcelona,deportivo,RC Deportivo,RC Deportivo,scheduled,FC Barcelona,2026/27,2026-08-16,0,,,SP1,2025/26,1,38,94,2.473684210526316,95,36,59,2.5,0.9473684210526315,2026-05-23,85,1726.7586777810607,1670.0690083357954,5,1.8,0.6,1.6,1.2,4.8,10,2.4,0.8,1.8,0.8,5.3,3.0,1.8,RC Deportivo,2026/27,2026-08-16,1,direct,2,SP2,2025/26,2,42,77,1.8333333333333333,65,44,21,1.5476190476190477,1.0476190476190477,2026-05-31,77,1440.2106190968582,1455.1579643226437,5,2.4,0.8,1.6,0.8,5.4,10,2.1,0.6,1.6,0.8,4.8,2.0,1.8,214.9110440131517,-0.5999999999999999,0.6403508771929827,preseason_static,1
laliga_102524,2026/27,28,2027-03-14,,,getafe,Getafe CF,Getafe CF,real_sociedad,Real Sociedad,Real Sociedad,scheduled,Getafe CF,2026/27,2026-08-16,0,,,SP1,2025/26,7,38,51,1.3421052631578947,32,38,-6,0.8421052631578947,1.0,2026-05-23,85,1490.4153718258704,1492.8115288694028,5,1.4,0.4,0.8,0.8,2.8,10,1.6,0.5,0.9,0.8,2.6,1.8,1.4,Real Sociedad,2026/27,2026-08-16,0,,,SP1,2025/26,10,38,46,1.2105263157894737,59,61,-2,1.5526315789473684,1.605263157894737,2026-05-23,85,1486.0260664556174,1489.5195498417131,5,0.6,0.0,1.4,1.8,3.0,10,0.8,0.1,1.6,1.9,4.0,1.0,0.6,3.2919790276896492,0.7999999999999999,0.13157894736842102,preseason_static,1
laliga_102525,2026/27,28,2027-03-14,,,malaga,Málaga CF,Málaga CF,vallecano,Rayo Vallecano,Rayo Vallecano,scheduled,Málaga CF,2026/27,2026-08-16,1,playoff,4,SP2,2025/26,4,42,73,1.7380952380952381,75,52,23,1.7857142857142858,1.2380952380952381,2026-05-31,77,1433.1728222935901,1449.8796167201926,5,2.6,0.8,2.6,1.0,7.2,10,1.8,0.5,2.3,1.5,5.9,1.6,2.0,Rayo Vallecano,2026/27,2026-08-16,0,,,SP1,2025/26,8,38,50,1.3157894736842106,41,44,-3,1.0789473684210527,1.1578947368421053,2026-05-23,85,1525.3080964337516,1518.9810723253138,5,2.2,0.6,1.6,0.6,5.6,10,1.8,0.5,1.3,1.0,5.5,2.2,1.4,-69.10145560512115,0.3999999999999999,0.4223057644110275,preseason_static,1
laliga_102526,2026/27,28,2027-03-14,,,osasuna,CA Osasuna,CA Osasuna,celta,RC Celta,RC Celta,scheduled,CA Osasuna,2026/27,2026-08-16,0,,,SP1,2025/26,16,38,42,1.105263157894737,44,50,-6,1.1578947368421053,1.3157894736842106,2026-05-23,85,1462.869415055948,1472.152061291961,5,0.0,0.0,1.0,2.0,5.0,10,0.8,0.2,1.1,1.5,5.5,0.8,0.2,RC Celta,2026/27,2026-08-16,0,,,SP1,2025/26,6,38,54,1.4210526315789473,53,48,5,1.394736842105263,1.263157894736842,2026-05-23,85,1527.5555130299024,1520.6666347724267,5,2.0,0.6,1.6,1.0,3.2,10,1.3,0.4,1.5,1.7,3.8,1.2,1.4,-48.51457348046574,-2.0,-0.3157894736842104,preseason_static,1
laliga_102527,2026/27,28,2027-03-14,,,racing_santander,Racing de Santander,R. Racing Club,atletico_madrid,Atlético de Madrid,Atlético de Madrid,scheduled,Racing de Santander,2026/27,2026-08-16,1,direct,1,SP2,2025/26,1,42,82,1.9523809523809523,90,61,29,2.142857142857143,1.4523809523809523,2026-05-31,77,1460.9465325654298,1470.7098994240723,5,2.6,0.8,3.0,1.2,8.8,10,2.3,0.7,2.8,1.5,8.3,3.0,1.6,Atlético de Madrid,2026/27,2026-08-16,0,,,SP1,2025/26,4,38,69,1.8157894736842106,62,44,18,1.631578947368421,1.1578947368421053,2026-05-24,84,1596.245603432995,1572.1842025747462,5,1.8,0.6,1.2,1.4,4.2,10,1.2,0.4,1.5,1.9,3.9,1.8,1.2,-101.4743031506739,0.8,0.1365914786967417,preseason_static,1
laliga_102528,2026/27,28,2027-03-14,,,real_madrid,Real Madrid,Real Madrid,espanyol,RCD Espanyol,RCD Espanyol de Barcelona,scheduled,Real Madrid,2026/27,2026-08-16,0,,,SP1,2025/26,2,38,86,2.263157894736842,77,35,42,2.026315789473684,0.9210526315789473,2026-05-23,85,1691.8492105610512,1643.8869079207884,5,2.4,0.8,1.8,0.8,4.4,10,2.0,0.6,1.7,1.1,6.3,2.6,1.4,RCD Espanyol,2026/27,2026-08-16,0,,,SP1,2025/26,11,38,46,1.2105263157894737,43,55,-12,1.131578947368421,1.4473684210526316,2026-05-23,85,1459.7220649449923,1469.7915487087444,5,1.4,0.4,1.2,1.2,4.8,10,0.9,0.2,0.8,1.3,3.9,1.0,0.8,174.09535921204406,1.0,1.0526315789473684,preseason_static,1
laliga_102529,2026/27,29,2027-03-21,,,atletico_madrid,Atlético de Madrid,Atlético de Madrid,getafe,Getafe CF,Getafe CF,scheduled,Atlético de Madrid,2026/27,2026-08-16,0,,,SP1,2025/26,4,38,69,1.8157894736842106,62,44,18,1.631578947368421,1.1578947368421053,2026-05-24,84,1596.245603432995,1572.1842025747462,5,1.8,0.6,1.2,1.4,4.2,10,1.2,0.4,1.5,1.9,3.9,1.8,1.2,Getafe CF,2026/27,2026-08-16,0,,,SP1,2025/26,7,38,51,1.3421052631578947,32,38,-6,0.8421052631578947,1.0,2026-05-23,85,1490.4153718258704,1492.8115288694028,5,1.4,0.4,0.8,0.8,2.8,10,1.6,0.5,0.9,0.8,2.6,1.8,1.4,79.37267370534346,0.40000000000000013,0.47368421052631593,preseason_static,1
laliga_102530,2026/27,29,2027-03-21,,,celta,RC Celta,RC Celta,real_madrid,Real Madrid,Real Madrid,scheduled,RC Celta,2026/27,2026-08-16,0,,,SP1,2025/26,6,38,54,1.4210526315789473,53,48,5,1.394736842105263,1.263157894736842,2026-05-23,85,1527.5555130299024,1520.6666347724267,5,2.0,0.6,1.6,1.0,3.2,10,1.3,0.4,1.5,1.7,3.8,1.2,1.4,Real Madrid,2026/27,2026-08-16,0,,,SP1,2025/26,2,38,86,2.263157894736842,77,35,42,2.026315789473684,0.9210526315789473,2026-05-23,85,1691.8492105610512,1643.8869079207884,5,2.4,0.8,1.8,0.8,4.4,10,2.0,0.6,1.7,1.1,6.3,2.6,1.4,-123.22027314836168,-0.3999999999999999,-0.8421052631578947,preseason_static,1
laliga_102531,2026/27,29,2027-03-21,,,espanyol,RCD Espanyol,RCD Espanyol de Barcelona,athletic_bilbao,Athletic Club,Athletic Club,scheduled,RCD Espanyol,2026/27,2026-08-16,0,,,SP1,2025/26,11,38,46,1.2105263157894737,43,55,-12,1.131578947368421,1.4473684210526316,2026-05-23,85,1459.7220649449923,1469.7915487087444,5,1.4,0.4,1.2,1.2,4.8,10,0.9,0.2,0.8,1.3,3.9,1.0,0.8,Athletic Club,2026/27,2026-08-16,0,,,SP1,2025/26,12,38,45,1.1842105263157894,43,58,-15,1.131578947368421,1.5263157894736843,2026-05-23,85,1494.3913499077144,1495.7935124307858,5,0.8,0.2,1.4,2.0,4.6,10,1.0,0.3,1.3,1.8,4.1,1.4,0.6,-26.00196372204141,0.5999999999999999,0.026315789473684292,preseason_static,1
laliga_102532,2026/27,29,2027-03-21,,,levante,Levante UD,Levante UD,osasuna,CA Osasuna,CA Osasuna,scheduled,Levante UD,2026/27,2026-08-16,0,,,SP1,2025/26,18,38,42,1.105263157894737,47,61,-14,1.236842105263158,1.605263157894737,2026-05-23,85,1479.1546214464315,1484.3659660848236,5,1.8,0.6,2.0,2.2,6.2,10,1.9,0.6,1.7,1.5,5.4,3.0,0.8,CA Osasuna,2026/27,2026-08-16,0,,,SP1,2025/26,16,38,42,1.105263157894737,44,50,-6,1.1578947368421053,1.3157894736842106,2026-05-23,85,1462.869415055948,1472.152061291961,5,0.0,0.0,1.0,2.0,5.0,10,0.8,0.2,1.1,1.5,5.5,0.8,0.2,12.21390479286265,1.8,0.0,preseason_static,1
laliga_102533,2026/27,29,2027-03-21,,,racing_santander,Racing de Santander,R. Racing Club,betis,Real Betis,Real Betis,scheduled,Racing de Santander,2026/27,2026-08-16,1,direct,1,SP2,2025/26,1,42,82,1.9523809523809523,90,61,29,2.142857142857143,1.4523809523809523,2026-05-31,77,1460.9465325654298,1470.7098994240723,5,2.6,0.8,3.0,1.2,8.8,10,2.3,0.7,2.8,1.5,8.3,3.0,1.6,Real Betis,2026/27,2026-08-16,0,,,SP1,2025/26,5,38,60,1.5789473684210527,59,48,11,1.5526315789473684,1.263157894736842,2026-05-23,85,1573.7174382969486,1555.2880787227114,5,2.0,0.6,2.0,1.4,5.6,10,1.6,0.4,1.6,1.3,4.7,2.2,1.0,-84.57817929863904,0.6000000000000001,0.3734335839598997,preseason_static,1
laliga_102534,2026/27,29,2027-03-21,,,vallecano,Rayo Vallecano,Rayo Vallecano,barcelona,FC Barcelona,FC Barcelona,scheduled,Rayo Vallecano,2026/27,2026-08-16,0,,,SP1,2025/26,8,38,50,1.3157894736842106,41,44,-3,1.0789473684210527,1.1578947368421053,2026-05-23,85,1525.3080964337516,1518.9810723253138,5,2.2,0.6,1.6,0.6,5.6,10,1.8,0.5,1.3,1.0,5.5,2.2,1.4,FC Barcelona,2026/27,2026-08-16,0,,,SP1,2025/26,1,38,94,2.473684210526316,95,36,59,2.5,0.9473684210526315,2026-05-23,85,1726.7586777810607,1670.0690083357954,5,1.8,0.6,1.6,1.2,4.8,10,2.4,0.8,1.8,0.8,5.3,3.0,1.8,-151.0879360104816,0.40000000000000013,-1.1578947368421053,preseason_static,1
laliga_102535,2026/27,29,2027-03-21,,,real_sociedad,Real Sociedad,Real Sociedad,alaves,Deportivo Alavés,Deportivo Alavés,scheduled,Real Sociedad,2026/27,2026-08-16,0,,,SP1,2025/26,10,38,46,1.2105263157894737,59,61,-2,1.5526315789473684,1.605263157894737,2026-05-23,85,1486.0260664556174,1489.5195498417131,5,0.6,0.0,1.4,1.8,3.0,10,0.8,0.1,1.6,1.9,4.0,1.0,0.6,Deportivo Alavés,2026/27,2026-08-16,0,,,SP1,2025/26,14,38,43,1.131578947368421,44,56,-12,1.1578947368421053,1.4736842105263157,2026-05-23,85,1474.8795215968157,1481.1596411976118,5,1.4,0.4,1.2,1.4,4.6,10,1.5,0.4,1.8,1.8,4.6,1.4,1.6,8.359908644101324,-0.7999999999999999,0.07894736842105265,preseason_static,1
laliga_102536,2026/27,29,2027-03-21,,,sevilla,Sevilla FC,Sevilla FC,elche,Elche CF,Elche CF,scheduled,Sevilla FC,2026/27,2026-08-16,0,,,SP1,2025/26,15,38,43,1.131578947368421,46,60,-14,1.2105263157894737,1.5789473684210527,2026-05-23,85,1456.2846048483327,1467.2134536362496,5,1.8,0.6,1.2,1.0,4.8,10,1.2,0.4,0.9,1.3,3.0,1.8,0.6,Elche CF,2026/27,2026-08-16,0,,,SP1,2025/26,13,38,43,1.131578947368421,49,57,-8,1.2894736842105263,1.5,2026-05-23,85,1467.1865261401447,1475.3898946051086,5,1.0,0.2,1.0,1.4,3.0,10,1.7,0.5,1.3,1.2,3.5,2.6,0.8,-8.17644096885897,0.8,0.0,preseason_static,1
laliga_102537,2026/27,29,2027-03-21,,,valencia,Valencia CF,Valencia CF,deportivo,RC Deportivo,RC Deportivo,scheduled,Valencia CF,2026/27,2026-08-16,0,,,SP1,2025/26,9,38,49,1.2894736842105263,46,55,-9,1.2105263157894737,1.4473684210526316,2026-05-23,85,1517.05524428307,1512.7914332123023,5,2.0,0.6,1.8,1.4,3.6,10,1.7,0.5,1.6,1.3,4.0,1.4,2.0,RC Deportivo,2026/27,2026-08-16,1,direct,2,SP2,2025/26,2,42,77,1.8333333333333333,65,44,21,1.5476190476190477,1.0476190476190477,2026-05-31,77,1440.2106190968582,1455.1579643226437,5,2.4,0.8,1.6,0.8,5.4,10,2.1,0.6,1.6,0.8,4.8,2.0,1.8,57.633468889658616,-0.3999999999999999,-0.5438596491228069,preseason_static,1
laliga_102538,2026/27,29,2027-03-21,,,villarreal,Villarreal CF,Villarreal CF,malaga,Málaga CF,Málaga CF,scheduled,Villarreal CF,2026/27,2026-08-16,0,,,SP1,2025/26,3,38,72,1.894736842105263,72,46,26,1.894736842105263,1.2105263157894737,2026-05-24,84,1603.2044974684716,1577.4033731013537,5,1.4,0.4,2.6,1.6,4.8,10,1.7,0.5,2.1,1.3,4.7,2.4,1.0,Málaga CF,2026/27,2026-08-16,1,playoff,4,SP2,2025/26,4,42,73,1.7380952380952381,75,52,23,1.7857142857142858,1.2380952380952381,2026-05-31,77,1433.1728222935901,1449.8796167201926,5,2.6,0.8,2.6,1.0,7.2,10,1.8,0.5,2.3,1.5,5.9,1.6,2.0,127.52375638116109,-1.2000000000000002,0.15664160401002492,preseason_static,1
laliga_102539,2026/27,30,2027-04-04,,,athletic_bilbao,Athletic Club,Athletic Club,racing_santander,Racing de Santander,R. Racing Club,scheduled,Athletic Club,2026/27,2026-08-16,0,,,SP1,2025/26,12,38,45,1.1842105263157894,43,58,-15,1.131578947368421,1.5263157894736843,2026-05-23,85,1494.3913499077144,1495.7935124307858,5,0.8,0.2,1.4,2.0,4.6,10,1.0,0.3,1.3,1.8,4.1,1.4,0.6,Racing de Santander,2026/27,2026-08-16,1,direct,1,SP2,2025/26,1,42,82,1.9523809523809523,90,61,29,2.142857142857143,1.4523809523809523,2026-05-31,77,1460.9465325654298,1470.7098994240723,5,2.6,0.8,3.0,1.2,8.8,10,2.3,0.7,2.8,1.5,8.3,3.0,1.6,25.08361300671345,-1.8,-0.768170426065163,preseason_static,1
laliga_102540,2026/27,30,2027-04-04,,,betis,Real Betis,Real Betis,celta,RC Celta,RC Celta,scheduled,Real Betis,2026/27,2026-08-16,0,,,SP1,2025/26,5,38,60,1.5789473684210527,59,48,11,1.5526315789473684,1.263157894736842,2026-05-23,85,1573.7174382969486,1555.2880787227114,5,2.0,0.6,2.0,1.4,5.6,10,1.6,0.4,1.6,1.3,4.7,2.2,1.0,RC Celta,2026/27,2026-08-16,0,,,SP1,2025/26,6,38,54,1.4210526315789473,53,48,5,1.394736842105263,1.263157894736842,2026-05-23,85,1527.5555130299024,1520.6666347724267,5,2.0,0.6,1.6,1.0,3.2,10,1.3,0.4,1.5,1.7,3.8,1.2,1.4,34.62144395028463,0.0,0.1578947368421053,preseason_static,1
laliga_102541,2026/27,30,2027-04-04,,,deportivo,RC Deportivo,RC Deportivo,villarreal,Villarreal CF,Villarreal CF,scheduled,RC Deportivo,2026/27,2026-08-16,1,direct,2,SP2,2025/26,2,42,77,1.8333333333333333,65,44,21,1.5476190476190477,1.0476190476190477,2026-05-31,77,1440.2106190968582,1455.1579643226437,5,2.4,0.8,1.6,0.8,5.4,10,2.1,0.6,1.6,0.8,4.8,2.0,1.8,Villarreal CF,2026/27,2026-08-16,0,,,SP1,2025/26,3,38,72,1.894736842105263,72,46,26,1.894736842105263,1.2105263157894737,2026-05-24,84,1603.2044974684716,1577.4033731013537,5,1.4,0.4,2.6,1.6,4.8,10,1.7,0.5,2.1,1.3,4.7,2.4,1.0,-122.24540877871004,1.0,-0.06140350877192979,preseason_static,1
laliga_102542,2026/27,30,2027-04-04,,,elche,Elche CF,Elche CF,alaves,Deportivo Alavés,Deportivo Alavés,scheduled,Elche CF,2026/27,2026-08-16,0,,,SP1,2025/26,13,38,43,1.131578947368421,49,57,-8,1.2894736842105263,1.5,2026-05-23,85,1467.1865261401447,1475.3898946051086,5,1.0,0.2,1.0,1.4,3.0,10,1.7,0.5,1.3,1.2,3.5,2.6,0.8,Deportivo Alavés,2026/27,2026-08-16,0,,,SP1,2025/26,14,38,43,1.131578947368421,44,56,-12,1.1578947368421053,1.4736842105263157,2026-05-23,85,1474.8795215968157,1481.1596411976118,5,1.4,0.4,1.2,1.4,4.6,10,1.5,0.4,1.8,1.8,4.6,1.4,1.6,-5.769746592503225,-0.3999999999999999,0.0,preseason_static,1
laliga_102543,2026/27,30,2027-04-04,,,barcelona,FC Barcelona,FC Barcelona,sevilla,Sevilla FC,Sevilla FC,scheduled,FC Barcelona,2026/27,2026-08-16,0,,,SP1,2025/26,1,38,94,2.473684210526316,95,36,59,2.5,0.9473684210526315,2026-05-23,85,1726.7586777810607,1670.0690083357954,5,1.8,0.6,1.6,1.2,4.8,10,2.4,0.8,1.8,0.8,5.3,3.0,1.8,Sevilla FC,2026/27,2026-08-16,0,,,SP1,2025/26,15,38,43,1.131578947368421,46,60,-14,1.2105263157894737,1.5789473684210527,2026-05-23,85,1456.2846048483327,1467.2134536362496,5,1.8,0.6,1.2,1.0,4.8,10,1.2,0.4,0.9,1.3,3.0,1.8,0.6,202.8555546995458,0.0,1.342105263157895,preseason_static,1
laliga_102544,2026/27,30,2027-04-04,,,getafe,Getafe CF,Getafe CF,espanyol,RCD Espanyol,RCD Espanyol de Barcelona,scheduled,Getafe CF,2026/27,2026-08-16,0,,,SP1,2025/26,7,38,51,1.3421052631578947,32,38,-6,0.8421052631578947,1.0,2026-05-23,85,1490.4153718258704,1492.8115288694028,5,1.4,0.4,0.8,0.8,2.8,10,1.6,0.5,0.9,0.8,2.6,1.8,1.4,RCD Espanyol,2026/27,2026-08-16,0,,,SP1,2025/26,11,38,46,1.2105263157894737,43,55,-12,1.131578947368421,1.4473684210526316,2026-05-23,85,1459.7220649449923,1469.7915487087444,5,1.4,0.4,1.2,1.2,4.8,10,0.9,0.2,0.8,1.3,3.9,1.0,0.8,23.019980160658406,0.0,0.13157894736842102,preseason_static,1
laliga_102545,2026/27,30,2027-04-04,,,levante,Levante UD,Levante UD,vallecano,Rayo Vallecano,Rayo Vallecano,scheduled,Levante UD,2026/27,2026-08-16,0,,,SP1,2025/26,18,38,42,1.105263157894737,47,61,-14,1.236842105263158,1.605263157894737,2026-05-23,85,1479.1546214464315,1484.3659660848236,5,1.8,0.6,2.0,2.2,6.2,10,1.9,0.6,1.7,1.5,5.4,3.0,0.8,Rayo Vallecano,2026/27,2026-08-16,0,,,SP1,2025/26,8,38,50,1.3157894736842106,41,44,-3,1.0789473684210527,1.1578947368421053,2026-05-23,85,1525.3080964337516,1518.9810723253138,5,2.2,0.6,1.6,0.6,5.6,10,1.8,0.5,1.3,1.0,5.5,2.2,1.4,-34.61510624049015,-0.40000000000000013,-0.21052631578947367,preseason_static,1
laliga_102546,2026/27,30,2027-04-04,,,malaga,Málaga CF,Málaga CF,osasuna,CA Osasuna,CA Osasuna,scheduled,Málaga CF,2026/27,2026-08-16,1,playoff,4,SP2,2025/26,4,42,73,1.7380952380952381,75,52,23,1.7857142857142858,1.2380952380952381,2026-05-31,77,1433.1728222935901,1449.8796167201926,5,2.6,0.8,2.6,1.0,7.2,10,1.8,0.5,2.3,1.5,5.9,1.6,2.0,CA Osasuna,2026/27,2026-08-16,0,,,SP1,2025/26,16,38,42,1.105263157894737,44,50,-6,1.1578947368421053,1.3157894736842106,2026-05-23,85,1462.869415055948,1472.152061291961,5,0.0,0.0,1.0,2.0,5.0,10,0.8,0.2,1.1,1.5,5.5,0.8,0.2,-22.272444571768347,2.6,0.6328320802005012,preseason_static,1
laliga_102547,2026/27,30,2027-04-04,,,real_madrid,Real Madrid,Real Madrid,atletico_madrid,Atlético de Madrid,Atlético de Madrid,scheduled,Real Madrid,2026/27,2026-08-16,0,,,SP1,2025/26,2,38,86,2.263157894736842,77,35,42,2.026315789473684,0.9210526315789473,2026-05-23,85,1691.8492105610512,1643.8869079207884,5,2.4,0.8,1.8,0.8,4.4,10,2.0,0.6,1.7,1.1,6.3,2.6,1.4,Atlético de Madrid,2026/27,2026-08-16,0,,,SP1,2025/26,4,38,69,1.8157894736842106,62,44,18,1.631578947368421,1.1578947368421053,2026-05-24,84,1596.245603432995,1572.1842025747462,5,1.8,0.6,1.2,1.4,4.2,10,1.2,0.4,1.5,1.9,3.9,1.8,1.2,71.7027053460422,0.5999999999999999,0.4473684210526314,preseason_static,1
laliga_102548,2026/27,30,2027-04-04,,,real_sociedad,Real Sociedad,Real Sociedad,valencia,Valencia CF,Valencia CF,scheduled,Real Sociedad,2026/27,2026-08-16,0,,,SP1,2025/26,10,38,46,1.2105263157894737,59,61,-2,1.5526315789473684,1.605263157894737,2026-05-23,85,1486.0260664556174,1489.5195498417131,5,0.6,0.0,1.4,1.8,3.0,10,0.8,0.1,1.6,1.9,4.0,1.0,0.6,Valencia CF,2026/27,2026-08-16,0,,,SP1,2025/26,9,38,49,1.2894736842105263,46,55,-9,1.2105263157894737,1.4473684210526316,2026-05-23,85,1517.05524428307,1512.7914332123023,5,2.0,0.6,1.8,1.4,3.6,10,1.7,0.5,1.6,1.3,4.0,1.4,2.0,-23.271883370589194,-1.4,-0.07894736842105265,preseason_static,1
laliga_102549,2026/27,31,2027-04-11,,,alaves,Deportivo Alavés,Deportivo Alavés,betis,Real Betis,Real Betis,scheduled,Deportivo Alavés,2026/27,2026-08-16,0,,,SP1,2025/26,14,38,43,1.131578947368421,44,56,-12,1.1578947368421053,1.4736842105263157,2026-05-23,85,1474.8795215968157,1481.1596411976118,5,1.4,0.4,1.2,1.4,4.6,10,1.5,0.4,1.8,1.8,4.6,1.4,1.6,Real Betis,2026/27,2026-08-16,0,,,SP1,2025/26,5,38,60,1.5789473684210527,59,48,11,1.5526315789473684,1.263157894736842,2026-05-23,85,1573.7174382969486,1555.2880787227114,5,2.0,0.6,2.0,1.4,5.6,10,1.6,0.4,1.6,1.3,4.7,2.2,1.0,-74.12843752509957,-0.6000000000000001,-0.44736842105263164,preseason_static,1
laliga_102550,2026/27,31,2027-04-11,,,atletico_madrid,Atlético de Madrid,Atlético de Madrid,levante,Levante UD,Levante UD,scheduled,Atlético de Madrid,2026/27,2026-08-16,0,,,SP1,2025/26,4,38,69,1.8157894736842106,62,44,18,1.631578947368421,1.1578947368421053,2026-05-24,84,1596.245603432995,1572.1842025747462,5,1.8,0.6,1.2,1.4,4.2,10,1.2,0.4,1.5,1.9,3.9,1.8,1.2,Levante UD,2026/27,2026-08-16,0,,,SP1,2025/26,18,38,42,1.105263157894737,47,61,-14,1.236842105263158,1.605263157894737,2026-05-23,85,1479.1546214464315,1484.3659660848236,5,1.8,0.6,2.0,2.2,6.2,10,1.9,0.6,1.7,1.5,5.4,3.0,0.8,87.81823648992258,0.0,0.7105263157894737,preseason_static,1
laliga_102551,2026/27,31,2027-04-11,,,celta,RC Celta,RC Celta,elche,Elche CF,Elche CF,scheduled,RC Celta,2026/27,2026-08-16,0,,,SP1,2025/26,6,38,54,1.4210526315789473,53,48,5,1.394736842105263,1.263157894736842,2026-05-23,85,1527.5555130299024,1520.6666347724267,5,2.0,0.6,1.6,1.0,3.2,10,1.3,0.4,1.5,1.7,3.8,1.2,1.4,Elche CF,2026/27,2026-08-16,0,,,SP1,2025/26,13,38,43,1.131578947368421,49,57,-8,1.2894736842105263,1.5,2026-05-23,85,1467.1865261401447,1475.3898946051086,5,1.0,0.2,1.0,1.4,3.0,10,1.7,0.5,1.3,1.2,3.5,2.6,0.8,45.27674016731817,1.0,0.2894736842105263,preseason_static,1
laliga_102552,2026/27,31,2027-04-11,,,espanyol,RCD Espanyol,RCD Espanyol de Barcelona,malaga,Málaga CF,Málaga CF,scheduled,RCD Espanyol,2026/27,2026-08-16,0,,,SP1,2025/26,11,38,46,1.2105263157894737,43,55,-12,1.131578947368421,1.4473684210526316,2026-05-23,85,1459.7220649449923,1469.7915487087444,5,1.4,0.4,1.2,1.2,4.8,10,0.9,0.2,0.8,1.3,3.9,1.0,0.8,Málaga CF,2026/27,2026-08-16,1,playoff,4,SP2,2025/26,4,42,73,1.7380952380952381,75,52,23,1.7857142857142858,1.2380952380952381,2026-05-31,77,1433.1728222935901,1449.8796167201926,5,2.6,0.8,2.6,1.0,7.2,10,1.8,0.5,2.3,1.5,5.9,1.6,2.0,19.911931988551714,-1.2000000000000002,-0.5275689223057645,preseason_static,1
laliga_102553,2026/27,31,2027-04-11,,,osasuna,CA Osasuna,CA Osasuna,real_madrid,Real Madrid,Real Madrid,scheduled,CA Osasuna,2026/27,2026-08-16,0,,,SP1,2025/26,16,38,42,1.105263157894737,44,50,-6,1.1578947368421053,1.3157894736842106,2026-05-23,85,1462.869415055948,1472.152061291961,5,0.0,0.0,1.0,2.0,5.0,10,0.8,0.2,1.1,1.5,5.5,0.8,0.2,Real Madrid,2026/27,2026-08-16,0,,,SP1,2025/26,2,38,86,2.263157894736842,77,35,42,2.026315789473684,0.9210526315789473,2026-05-23,85,1691.8492105610512,1643.8869079207884,5,2.4,0.8,1.8,0.8,4.4,10,2.0,0.6,1.7,1.1,6.3,2.6,1.4,-171.73484662882743,-2.4,-1.157894736842105,preseason_static,1
laliga_102554,2026/27,31,2027-04-11,,,racing_santander,Racing de Santander,R. Racing Club,barcelona,FC Barcelona,FC Barcelona,scheduled,Racing de Santander,2026/27,2026-08-16,1,direct,1,SP2,2025/26,1,42,82,1.9523809523809523,90,61,29,2.142857142857143,1.4523809523809523,2026-05-31,77,1460.9465325654298,1470.7098994240723,5,2.6,0.8,3.0,1.2,8.8,10,2.3,0.7,2.8,1.5,8.3,3.0,1.6,FC Barcelona,2026/27,2026-08-16,0,,,SP1,2025/26,1,38,94,2.473684210526316,95,36,59,2.5,0.9473684210526315,2026-05-23,85,1726.7586777810607,1670.0690083357954,5,1.8,0.6,1.6,1.2,4.8,10,2.4,0.8,1.8,0.8,5.3,3.0,1.8,-199.35910891172307,0.8,-0.5213032581453636,preseason_static,1
laliga_102555,2026/27,31,2027-04-11,,,vallecano,Rayo Vallecano,Rayo Vallecano,real_sociedad,Real Sociedad,Real Sociedad,scheduled,Rayo Vallecano,2026/27,2026-08-16,0,,,SP1,2025/26,8,38,50,1.3157894736842106,41,44,-3,1.0789473684210527,1.1578947368421053,2026-05-23,85,1525.3080964337516,1518.9810723253138,5,2.2,0.6,1.6,0.6,5.6,10,1.8,0.5,1.3,1.0,5.5,2.2,1.4,Real Sociedad,2026/27,2026-08-16,0,,,SP1,2025/26,10,38,46,1.2105263157894737,59,61,-2,1.5526315789473684,1.605263157894737,2026-05-23,85,1486.0260664556174,1489.5195498417131,5,0.6,0.0,1.4,1.8,3.0,10,0.8,0.1,1.6,1.9,4.0,1.0,0.6,29.461522483600675,1.6,0.10526315789473695,preseason_static,1
laliga_102556,2026/27,31,2027-04-11,,,sevilla,Sevilla FC,Sevilla FC,deportivo,RC Deportivo,RC Deportivo,scheduled,Sevilla FC,2026/27,2026-08-16,0,,,SP1,2025/26,15,38,43,1.131578947368421,46,60,-14,1.2105263157894737,1.5789473684210527,2026-05-23,85,1456.2846048483327,1467.2134536362496,5,1.8,0.6,1.2,1.0,4.8,10,1.2,0.4,0.9,1.3,3.0,1.8,0.6,RC Deportivo,2026/27,2026-08-16,1,direct,2,SP2,2025/26,2,42,77,1.8333333333333333,65,44,21,1.5476190476190477,1.0476190476190477,2026-05-31,77,1440.2106190968582,1455.1579643226437,5,2.4,0.8,1.6,0.8,5.4,10,2.1,0.6,1.6,0.8,4.8,2.0,1.8,12.055489313605904,-0.5999999999999999,-0.7017543859649122,preseason_static,1
laliga_102557,2026/27,31,2027-04-11,,,valencia,Valencia CF,Valencia CF,getafe,Getafe CF,Getafe CF,scheduled,Valencia CF,2026/27,2026-08-16,0,,,SP1,2025/26,9,38,49,1.2894736842105263,46,55,-9,1.2105263157894737,1.4473684210526316,2026-05-23,85,1517.05524428307,1512.7914332123023,5,2.0,0.6,1.8,1.4,3.6,10,1.7,0.5,1.6,1.3,4.0,1.4,2.0,Getafe CF,2026/27,2026-08-16,0,,,SP1,2025/26,7,38,51,1.3421052631578947,32,38,-6,0.8421052631578947,1.0,2026-05-23,85,1490.4153718258704,1492.8115288694028,5,1.4,0.4,0.8,0.8,2.8,10,1.6,0.5,0.9,0.8,2.6,1.8,1.4,19.979904342899545,0.6000000000000001,-0.05263157894736836,preseason_static,1
laliga_102558,2026/27,31,2027-04-11,,,villarreal,Villarreal CF,Villarreal CF,athletic_bilbao,Athletic Club,Athletic Club,scheduled,Villarreal CF,2026/27,2026-08-16,0,,,SP1,2025/26,3,38,72,1.894736842105263,72,46,26,1.894736842105263,1.2105263157894737,2026-05-24,84,1603.2044974684716,1577.4033731013537,5,1.4,0.4,2.6,1.6,4.8,10,1.7,0.5,2.1,1.3,4.7,2.4,1.0,Athletic Club,2026/27,2026-08-16,0,,,SP1,2025/26,12,38,45,1.1842105263157894,43,58,-15,1.131578947368421,1.5263157894736843,2026-05-23,85,1494.3913499077144,1495.7935124307858,5,0.8,0.2,1.4,2.0,4.6,10,1.0,0.3,1.3,1.8,4.1,1.4,0.6,81.60986067056797,0.5999999999999999,0.7105263157894737,preseason_static,1
laliga_102559,2026/27,32,2027-04-18,,,alaves,Deportivo Alavés,Deportivo Alavés,vallecano,Rayo Vallecano,Rayo Vallecano,scheduled,Deportivo Alavés,2026/27,2026-08-16,0,,,SP1,2025/26,14,38,43,1.131578947368421,44,56,-12,1.1578947368421053,1.4736842105263157,2026-05-23,85,1474.8795215968157,1481.1596411976118,5,1.4,0.4,1.2,1.4,4.6,10,1.5,0.4,1.8,1.8,4.6,1.4,1.6,Rayo Vallecano,2026/27,2026-08-16,0,,,SP1,2025/26,8,38,50,1.3157894736842106,41,44,-3,1.0789473684210527,1.1578947368421053,2026-05-23,85,1525.3080964337516,1518.9810723253138,5,2.2,0.6,1.6,0.6,5.6,10,1.8,0.5,1.3,1.0,5.5,2.2,1.4,-37.821431127702,-0.8000000000000003,-0.1842105263157896,preseason_static,1
laliga_102560,2026/27,32,2027-04-18,,,atletico_madrid,Atlético de Madrid,Atlético de Madrid,sevilla,Sevilla FC,Sevilla FC,scheduled,Atlético de Madrid,2026/27,2026-08-16,0,,,SP1,2025/26,4,38,69,1.8157894736842106,62,44,18,1.631578947368421,1.1578947368421053,2026-05-24,84,1596.245603432995,1572.1842025747462,5,1.8,0.6,1.2,1.4,4.2,10,1.2,0.4,1.5,1.9,3.9,1.8,1.2,Sevilla FC,2026/27,2026-08-16,0,,,SP1,2025/26,15,38,43,1.131578947368421,46,60,-14,1.2105263157894737,1.5789473684210527,2026-05-23,85,1456.2846048483327,1467.2134536362496,5,1.8,0.6,1.2,1.0,4.8,10,1.2,0.4,0.9,1.3,3.0,1.8,0.6,104.97074893849663,0.0,0.6842105263157896,preseason_static,1
laliga_102561,2026/27,32,2027-04-18,,,betis,Real Betis,Real Betis,athletic_bilbao,Athletic Club,Athletic Club,scheduled,Real Betis,2026/27,2026-08-16,0,,,SP1,2025/26,5,38,60,1.5789473684210527,59,48,11,1.5526315789473684,1.263157894736842,2026-05-23,85,1573.7174382969486,1555.2880787227114,5,2.0,0.6,2.0,1.4,5.6,10,1.6,0.4,1.6,1.3,4.7,2.2,1.0,Athletic Club,2026/27,2026-08-16,0,,,SP1,2025/26,12,38,45,1.1842105263157894,43,58,-15,1.131578947368421,1.5263157894736843,2026-05-23,85,1494.3913499077144,1495.7935124307858,5,0.8,0.2,1.4,2.0,4.6,10,1.0,0.3,1.3,1.8,4.1,1.4,0.6,59.494566291925594,1.2,0.3947368421052633,preseason_static,1
laliga_102562,2026/27,32,2027-04-18,,,deportivo,RC Deportivo,RC Deportivo,celta,RC Celta,RC Celta,scheduled,RC Deportivo,2026/27,2026-08-16,1,direct,2,SP2,2025/26,2,42,77,1.8333333333333333,65,44,21,1.5476190476190477,1.0476190476190477,2026-05-31,77,1440.2106190968582,1455.1579643226437,5,2.4,0.8,1.6,0.8,5.4,10,2.1,0.6,1.6,0.8,4.8,2.0,1.8,RC Celta,2026/27,2026-08-16,0,,,SP1,2025/26,6,38,54,1.4210526315789473,53,48,5,1.394736842105263,1.263157894736842,2026-05-23,85,1527.5555130299024,1520.6666347724267,5,2.0,0.6,1.6,1.0,3.2,10,1.3,0.4,1.5,1.7,3.8,1.2,1.4,-65.50867044978304,0.3999999999999999,0.4122807017543859,preseason_static,1
laliga_102563,2026/27,32,2027-04-18,,,elche,Elche CF,Elche CF,osasuna,CA Osasuna,CA Osasuna,scheduled,Elche CF,2026/27,2026-08-16,0,,,SP1,2025/26,13,38,43,1.131578947368421,49,57,-8,1.2894736842105263,1.5,2026-05-23,85,1467.1865261401447,1475.3898946051086,5,1.0,0.2,1.0,1.4,3.0,10,1.7,0.5,1.3,1.2,3.5,2.6,0.8,CA Osasuna,2026/27,2026-08-16,0,,,SP1,2025/26,16,38,42,1.105263157894737,44,50,-6,1.1578947368421053,1.3157894736842106,2026-05-23,85,1462.869415055948,1472.152061291961,5,0.0,0.0,1.0,2.0,5.0,10,0.8,0.2,1.1,1.5,5.5,0.8,0.2,3.2378333131475756,1.0,0.02631578947368407,preseason_static,1
laliga_102564,2026/27,32,2027-04-18,,,barcelona,FC Barcelona,FC Barcelona,espanyol,RCD Espanyol,RCD Espanyol de Barcelona,scheduled,FC Barcelona,2026/27,2026-08-16,0,,,SP1,2025/26,1,38,94,2.473684210526316,95,36,59,2.5,0.9473684210526315,2026-05-23,85,1726.7586777810607,1670.0690083357954,5,1.8,0.6,1.6,1.2,4.8,10,2.4,0.8,1.8,0.8,5.3,3.0,1.8,RCD Espanyol,2026/27,2026-08-16,0,,,SP1,2025/26,11,38,46,1.2105263157894737,43,55,-12,1.131578947368421,1.4473684210526316,2026-05-23,85,1459.7220649449923,1469.7915487087444,5,1.4,0.4,1.2,1.2,4.8,10,0.9,0.2,0.8,1.3,3.9,1.0,0.8,200.27745962705103,0.40000000000000013,1.2631578947368423,preseason_static,1
laliga_102565,2026/27,32,2027-04-18,,,getafe,Getafe CF,Getafe CF,real_madrid,Real Madrid,Real Madrid,scheduled,Getafe CF,2026/27,2026-08-16,0,,,SP1,2025/26,7,38,51,1.3421052631578947,32,38,-6,0.8421052631578947,1.0,2026-05-23,85,1490.4153718258704,1492.8115288694028,5,1.4,0.4,0.8,0.8,2.8,10,1.6,0.5,0.9,0.8,2.6,1.8,1.4,Real Madrid,2026/27,2026-08-16,0,,,SP1,2025/26,2,38,86,2.263157894736842,77,35,42,2.026315789473684,0.9210526315789473,2026-05-23,85,1691.8492105610512,1643.8869079207884,5,2.4,0.8,1.8,0.8,4.4,10,2.0,0.6,1.7,1.1,6.3,2.6,1.4,-151.07537905138565,-1.0,-0.9210526315789473,preseason_static,1
laliga_102566,2026/27,32,2027-04-18,,,levante,Levante UD,Levante UD,villarreal,Villarreal CF,Villarreal CF,scheduled,Levante UD,2026/27,2026-08-16,0,,,SP1,2025/26,18,38,42,1.105263157894737,47,61,-14,1.236842105263158,1.605263157894737,2026-05-23,85,1479.1546214464315,1484.3659660848236,5,1.8,0.6,2.0,2.2,6.2,10,1.9,0.6,1.7,1.5,5.4,3.0,0.8,Villarreal CF,2026/27,2026-08-16,0,,,SP1,2025/26,3,38,72,1.894736842105263,72,46,26,1.894736842105263,1.2105263157894737,2026-05-24,84,1603.2044974684716,1577.4033731013537,5,1.4,0.4,2.6,1.6,4.8,10,1.7,0.5,2.1,1.3,4.7,2.4,1.0,-93.0374070165301,0.40000000000000013,-0.7894736842105261,preseason_static,1
laliga_102567,2026/27,32,2027-04-18,,,malaga,Málaga CF,Málaga CF,valencia,Valencia CF,Valencia CF,scheduled,Málaga CF,2026/27,2026-08-16,1,playoff,4,SP2,2025/26,4,42,73,1.7380952380952381,75,52,23,1.7857142857142858,1.2380952380952381,2026-05-31,77,1433.1728222935901,1449.8796167201926,5,2.6,0.8,2.6,1.0,7.2,10,1.8,0.5,2.3,1.5,5.9,1.6,2.0,Valencia CF,2026/27,2026-08-16,0,,,SP1,2025/26,9,38,49,1.2894736842105263,46,55,-9,1.2105263157894737,1.4473684210526316,2026-05-23,85,1517.05524428307,1512.7914332123023,5,2.0,0.6,1.8,1.4,3.6,10,1.7,0.5,1.6,1.3,4.0,1.4,2.0,-62.911816492109665,0.6000000000000001,0.4486215538847118,preseason_static,1
laliga_102568,2026/27,32,2027-04-18,,,real_sociedad,Real Sociedad,Real Sociedad,racing_santander,Racing de Santander,R. Racing Club,scheduled,Real Sociedad,2026/27,2026-08-16,0,,,SP1,2025/26,10,38,46,1.2105263157894737,59,61,-2,1.5526315789473684,1.605263157894737,2026-05-23,85,1486.0260664556174,1489.5195498417131,5,0.6,0.0,1.4,1.8,3.0,10,0.8,0.1,1.6,1.9,4.0,1.0,0.6,Racing de Santander,2026/27,2026-08-16,1,direct,1,SP2,2025/26,1,42,82,1.9523809523809523,90,61,29,2.142857142857143,1.4523809523809523,2026-05-31,77,1460.9465325654298,1470.7098994240723,5,2.6,0.8,3.0,1.2,8.8,10,2.3,0.7,2.8,1.5,8.3,3.0,1.6,18.809650417640796,-2.0,-0.7418546365914787,preseason_static,1
laliga_102569,2026/27,33,2027-04-21,,,athletic_bilbao,Athletic Club,Athletic Club,deportivo,RC Deportivo,RC Deportivo,scheduled,Athletic Club,2026/27,2026-08-16,0,,,SP1,2025/26,12,38,45,1.1842105263157894,43,58,-15,1.131578947368421,1.5263157894736843,2026-05-23,85,1494.3913499077144,1495.7935124307858,5,0.8,0.2,1.4,2.0,4.6,10,1.0,0.3,1.3,1.8,4.1,1.4,0.6,RC Deportivo,2026/27,2026-08-16,1,direct,2,SP2,2025/26,2,42,77,1.8333333333333333,65,44,21,1.5476190476190477,1.0476190476190477,2026-05-31,77,1440.2106190968582,1455.1579643226437,5,2.4,0.8,1.6,0.8,5.4,10,2.1,0.6,1.6,0.8,4.8,2.0,1.8,40.635548108142075,-1.5999999999999999,-0.6491228070175439,preseason_static,1
laliga_102570,2026/27,33,2027-04-21,,,celta,RC Celta,RC Celta,barcelona,FC Barcelona,FC Barcelona,scheduled,RC Celta,2026/27,2026-08-16,0,,,SP1,2025/26,6,38,54,1.4210526315789473,53,48,5,1.394736842105263,1.263157894736842,2026-05-23,85,1527.5555130299024,1520.6666347724267,5,2.0,0.6,1.6,1.0,3.2,10,1.3,0.4,1.5,1.7,3.8,1.2,1.4,FC Barcelona,2026/27,2026-08-16,0,,,SP1,2025/26,1,38,94,2.473684210526316,95,36,59,2.5,0.9473684210526315,2026-05-23,85,1726.7586777810607,1670.0690083357954,5,1.8,0.6,1.6,1.2,4.8,10,2.4,0.8,1.8,0.8,5.3,3.0,1.8,-149.40237356336866,0.19999999999999996,-1.0526315789473686,preseason_static,1
laliga_102571,2026/27,33,2027-04-21,,,espanyol,RCD Espanyol,RCD Espanyol de Barcelona,real_sociedad,Real Sociedad,Real Sociedad,scheduled,RCD Espanyol,2026/27,2026-08-16,0,,,SP1,2025/26,11,38,46,1.2105263157894737,43,55,-12,1.131578947368421,1.4473684210526316,2026-05-23,85,1459.7220649449923,1469.7915487087444,5,1.4,0.4,1.2,1.2,4.8,10,0.9,0.2,0.8,1.3,3.9,1.0,0.8,Real Sociedad,2026/27,2026-08-16,0,,,SP1,2025/26,10,38,46,1.2105263157894737,59,61,-2,1.5526315789473684,1.605263157894737,2026-05-23,85,1486.0260664556174,1489.5195498417131,5,0.6,0.0,1.4,1.8,3.0,10,0.8,0.1,1.6,1.9,4.0,1.0,0.6,-19.728001132968757,0.7999999999999999,0.0,preseason_static,1
laliga_102572,2026/27,33,2027-04-21,,,getafe,Getafe CF,Getafe CF,betis,Real Betis,Real Betis,scheduled,Getafe CF,2026/27,2026-08-16,0,,,SP1,2025/26,7,38,51,1.3421052631578947,32,38,-6,0.8421052631578947,1.0,2026-05-23,85,1490.4153718258704,1492.8115288694028,5,1.4,0.4,0.8,0.8,2.8,10,1.6,0.5,0.9,0.8,2.6,1.8,1.4,Real Betis,2026/27,2026-08-16,0,,,SP1,2025/26,5,38,60,1.5789473684210527,59,48,11,1.5526315789473684,1.263157894736842,2026-05-23,85,1573.7174382969486,1555.2880787227114,5,2.0,0.6,2.0,1.4,5.6,10,1.6,0.4,1.6,1.3,4.7,2.2,1.0,-62.4765498533086,-0.6000000000000001,-0.23684210526315796,preseason_static,1
laliga_102573,2026/27,33,2027-04-21,,,osasuna,CA Osasuna,CA Osasuna,alaves,Deportivo Alavés,Deportivo Alavés,scheduled,CA Osasuna,2026/27,2026-08-16,0,,,SP1,2025/26,16,38,42,1.105263157894737,44,50,-6,1.1578947368421053,1.3157894736842106,2026-05-23,85,1462.869415055948,1472.152061291961,5,0.0,0.0,1.0,2.0,5.0,10,0.8,0.2,1.1,1.5,5.5,0.8,0.2,Deportivo Alavés,2026/27,2026-08-16,0,,,SP1,2025/26,14,38,43,1.131578947368421,44,56,-12,1.1578947368421053,1.4736842105263157,2026-05-23,85,1474.8795215968157,1481.1596411976118,5,1.4,0.4,1.2,1.4,4.6,10,1.5,0.4,1.8,1.8,4.6,1.4,1.6,-9.0075799056508,-1.4,-0.02631578947368407,preseason_static,1
laliga_102574,2026/27,33,2027-04-21,,,racing_santander,Racing de Santander,R. Racing Club,malaga,Málaga CF,Málaga CF,scheduled,Racing de Santander,2026/27,2026-08-16,1,direct,1,SP2,2025/26,1,42,82,1.9523809523809523,90,61,29,2.142857142857143,1.4523809523809523,2026-05-31,77,1460.9465325654298,1470.7098994240723,5,2.6,0.8,3.0,1.2,8.8,10,2.3,0.7,2.8,1.5,8.3,3.0,1.6,Málaga CF,2026/27,2026-08-16,1,playoff,4,SP2,2025/26,4,42,73,1.7380952380952381,75,52,23,1.7857142857142858,1.2380952380952381,2026-05-31,77,1433.1728222935901,1449.8796167201926,5,2.6,0.8,2.6,1.0,7.2,10,1.8,0.5,2.3,1.5,5.9,1.6,2.0,20.830282703879675,0.0,0.2142857142857142,preseason_static,1
laliga_102575,2026/27,33,2027-04-21,,,real_madrid,Real Madrid,Real Madrid,elche,Elche CF,Elche CF,scheduled,Real Madrid,2026/27,2026-08-16,0,,,SP1,2025/26,2,38,86,2.263157894736842,77,35,42,2.026315789473684,0.9210526315789473,2026-05-23,85,1691.8492105610512,1643.8869079207884,5,2.4,0.8,1.8,0.8,4.4,10,2.0,0.6,1.7,1.1,6.3,2.6,1.4,Elche CF,2026/27,2026-08-16,0,,,SP1,2025/26,13,38,43,1.131578947368421,49,57,-8,1.2894736842105263,1.5,2026-05-23,85,1467.1865261401447,1475.3898946051086,5,1.0,0.2,1.0,1.4,3.0,10,1.7,0.5,1.3,1.2,3.5,2.6,0.8,168.49701331567985,1.4,1.131578947368421,preseason_static,1
laliga_102576,2026/27,33,2027-04-21,,,sevilla,Sevilla FC,Sevilla FC,levante,Levante UD,Levante UD,scheduled,Sevilla FC,2026/27,2026-08-16,0,,,SP1,2025/26,15,38,43,1.131578947368421,46,60,-14,1.2105263157894737,1.5789473684210527,2026-05-23,85,1456.2846048483327,1467.2134536362496,5,1.8,0.6,1.2,1.0,4.8,10,1.2,0.4,0.9,1.3,3.0,1.8,0.6,Levante UD,2026/27,2026-08-16,0,,,SP1,2025/26,18,38,42,1.105263157894737,47,61,-14,1.236842105263158,1.605263157894737,2026-05-23,85,1479.1546214464315,1484.3659660848236,5,1.8,0.6,2.0,2.2,6.2,10,1.9,0.6,1.7,1.5,5.4,3.0,0.8,-17.152512448574043,0.0,0.02631578947368407,preseason_static,1
laliga_102577,2026/27,33,2027-04-21,,,valencia,Valencia CF,Valencia CF,vallecano,Rayo Vallecano,Rayo Vallecano,scheduled,Valencia CF,2026/27,2026-08-16,0,,,SP1,2025/26,9,38,49,1.2894736842105263,46,55,-9,1.2105263157894737,1.4473684210526316,2026-05-23,85,1517.05524428307,1512.7914332123023,5,2.0,0.6,1.8,1.4,3.6,10,1.7,0.5,1.6,1.3,4.0,1.4,2.0,Rayo Vallecano,2026/27,2026-08-16,0,,,SP1,2025/26,8,38,50,1.3157894736842106,41,44,-3,1.0789473684210527,1.1578947368421053,2026-05-23,85,1525.3080964337516,1518.9810723253138,5,2.2,0.6,1.6,0.6,5.6,10,1.8,0.5,1.3,1.0,5.5,2.2,1.4,-6.189639113011481,-0.20000000000000018,-0.026315789473684292,preseason_static,1
laliga_102578,2026/27,33,2027-04-21,,,villarreal,Villarreal CF,Villarreal CF,atletico_madrid,Atlético de Madrid,Atlético de Madrid,scheduled,Villarreal CF,2026/27,2026-08-16,0,,,SP1,2025/26,3,38,72,1.894736842105263,72,46,26,1.894736842105263,1.2105263157894737,2026-05-24,84,1603.2044974684716,1577.4033731013537,5,1.4,0.4,2.6,1.6,4.8,10,1.7,0.5,2.1,1.3,4.7,2.4,1.0,Atlético de Madrid,2026/27,2026-08-16,0,,,SP1,2025/26,4,38,69,1.8157894736842106,62,44,18,1.631578947368421,1.1578947368421053,2026-05-24,84,1596.245603432995,1572.1842025747462,5,1.8,0.6,1.2,1.4,4.2,10,1.2,0.4,1.5,1.9,3.9,1.8,1.2,5.219170526607513,-0.40000000000000013,0.07894736842105243,preseason_static,1
laliga_102579,2026/27,34,2027-05-02,,,atletico_madrid,Atlético de Madrid,Atlético de Madrid,alaves,Deportivo Alavés,Deportivo Alavés,scheduled,Atlético de Madrid,2026/27,2026-08-16,0,,,SP1,2025/26,4,38,69,1.8157894736842106,62,44,18,1.631578947368421,1.1578947368421053,2026-05-24,84,1596.245603432995,1572.1842025747462,5,1.8,0.6,1.2,1.4,4.2,10,1.2,0.4,1.5,1.9,3.9,1.8,1.2,Deportivo Alavés,2026/27,2026-08-16,0,,,SP1,2025/26,14,38,43,1.131578947368421,44,56,-12,1.1578947368421053,1.4736842105263157,2026-05-23,85,1474.8795215968157,1481.1596411976118,5,1.4,0.4,1.2,1.4,4.6,10,1.5,0.4,1.8,1.8,4.6,1.4,1.6,91.02456137713443,0.40000000000000013,0.6842105263157896,preseason_static,1
laliga_102580,2026/27,34,2027-05-02,,,betis,Real Betis,Real Betis,valencia,Valencia CF,Valencia CF,scheduled,Real Betis,2026/27,2026-08-16,0,,,SP1,2025/26,5,38,60,1.5789473684210527,59,48,11,1.5526315789473684,1.263157894736842,2026-05-23,85,1573.7174382969486,1555.2880787227114,5,2.0,0.6,2.0,1.4,5.6,10,1.6,0.4,1.6,1.3,4.7,2.2,1.0,Valencia CF,2026/27,2026-08-16,0,,,SP1,2025/26,9,38,49,1.2894736842105263,46,55,-9,1.2105263157894737,1.4473684210526316,2026-05-23,85,1517.05524428307,1512.7914332123023,5,2.0,0.6,1.8,1.4,3.6,10,1.7,0.5,1.6,1.3,4.0,1.4,2.0,42.49664551040905,0.0,0.2894736842105263,preseason_static,1
laliga_102581,2026/27,34,2027-05-02,,,celta,RC Celta,RC Celta,sevilla,Sevilla FC,Sevilla FC,scheduled,RC Celta,2026/27,2026-08-16,0,,,SP1,2025/26,6,38,54,1.4210526315789473,53,48,5,1.394736842105263,1.263157894736842,2026-05-23,85,1527.5555130299024,1520.6666347724267,5,2.0,0.6,1.6,1.0,3.2,10,1.3,0.4,1.5,1.7,3.8,1.2,1.4,Sevilla FC,2026/27,2026-08-16,0,,,SP1,2025/26,15,38,43,1.131578947368421,46,60,-14,1.2105263157894737,1.5789473684210527,2026-05-23,85,1456.2846048483327,1467.2134536362496,5,1.8,0.6,1.2,1.0,4.8,10,1.2,0.4,0.9,1.3,3.0,1.8,0.6,53.453181136177136,0.19999999999999996,0.2894736842105263,preseason_static,1
laliga_102582,2026/27,34,2027-05-02,,,deportivo,RC Deportivo,RC Deportivo,racing_santander,Racing de Santander,R. Racing Club,scheduled,RC Deportivo,2026/27,2026-08-16,1,direct,2,SP2,2025/26,2,42,77,1.8333333333333333,65,44,21,1.5476190476190477,1.0476190476190477,2026-05-31,77,1440.2106190968582,1455.1579643226437,5,2.4,0.8,1.6,0.8,5.4,10,2.1,0.6,1.6,0.8,4.8,2.0,1.8,Racing de Santander,2026/27,2026-08-16,1,direct,1,SP2,2025/26,1,42,82,1.9523809523809523,90,61,29,2.142857142857143,1.4523809523809523,2026-05-31,77,1460.9465325654298,1470.7098994240723,5,2.6,0.8,3.0,1.2,8.8,10,2.3,0.7,2.8,1.5,8.3,3.0,1.6,-15.551935101428626,-0.20000000000000018,-0.11904761904761907,preseason_static,1
laliga_102583,2026/27,34,2027-05-02,,,elche,Elche CF,Elche CF,espanyol,RCD Espanyol,RCD Espanyol de Barcelona,scheduled,Elche CF,2026/27,2026-08-16,0,,,SP1,2025/26,13,38,43,1.131578947368421,49,57,-8,1.2894736842105263,1.5,2026-05-23,85,1467.1865261401447,1475.3898946051086,5,1.0,0.2,1.0,1.4,3.0,10,1.7,0.5,1.3,1.2,3.5,2.6,0.8,RCD Espanyol,2026/27,2026-08-16,0,,,SP1,2025/26,11,38,46,1.2105263157894737,43,55,-12,1.131578947368421,1.4473684210526316,2026-05-23,85,1459.7220649449923,1469.7915487087444,5,1.4,0.4,1.2,1.2,4.8,10,0.9,0.2,0.8,1.3,3.9,1.0,0.8,5.598345896364208,-0.3999999999999999,-0.07894736842105265,preseason_static,1
laliga_102584,2026/27,34,2027-05-02,,,barcelona,FC Barcelona,FC Barcelona,osasuna,CA Osasuna,CA Osasuna,scheduled,FC Barcelona,2026/27,2026-08-16,0,,,SP1,2025/26,1,38,94,2.473684210526316,95,36,59,2.5,0.9473684210526315,2026-05-23,85,1726.7586777810607,1670.0690083357954,5,1.8,0.6,1.6,1.2,4.8,10,2.4,0.8,1.8,0.8,5.3,3.0,1.8,CA Osasuna,2026/27,2026-08-16,0,,,SP1,2025/26,16,38,42,1.105263157894737,44,50,-6,1.1578947368421053,1.3157894736842106,2026-05-23,85,1462.869415055948,1472.152061291961,5,0.0,0.0,1.0,2.0,5.0,10,0.8,0.2,1.1,1.5,5.5,0.8,0.2,197.9169470438344,1.8,1.368421052631579,preseason_static,1
laliga_102585,2026/27,34,2027-05-02,,,levante,Levante UD,Levante UD,real_madrid,Real Madrid,Real Madrid,scheduled,Levante UD,2026/27,2026-08-16,0,,,SP1,2025/26,18,38,42,1.105263157894737,47,61,-14,1.236842105263158,1.605263157894737,2026-05-23,85,1479.1546214464315,1484.3659660848236,5,1.8,0.6,2.0,2.2,6.2,10,1.9,0.6,1.7,1.5,5.4,3.0,0.8,Real Madrid,2026/27,2026-08-16,0,,,SP1,2025/26,2,38,86,2.263157894736842,77,35,42,2.026315789473684,0.9210526315789473,2026-05-23,85,1691.8492105610512,1643.8869079207884,5,2.4,0.8,1.8,0.8,4.4,10,2.0,0.6,1.7,1.1,6.3,2.6,1.4,-159.52094183596478,-0.5999999999999999,-1.157894736842105,preseason_static,1
laliga_102586,2026/27,34,2027-05-02,,,malaga,Málaga CF,Málaga CF,getafe,Getafe CF,Getafe CF,scheduled,Málaga CF,2026/27,2026-08-16,1,playoff,4,SP2,2025/26,4,42,73,1.7380952380952381,75,52,23,1.7857142857142858,1.2380952380952381,2026-05-31,77,1433.1728222935901,1449.8796167201926,5,2.6,0.8,2.6,1.0,7.2,10,1.8,0.5,2.3,1.5,5.9,1.6,2.0,Getafe CF,2026/27,2026-08-16,0,,,SP1,2025/26,7,38,51,1.3421052631578947,32,38,-6,0.8421052631578947,1.0,2026-05-23,85,1490.4153718258704,1492.8115288694028,5,1.4,0.4,0.8,0.8,2.8,10,1.6,0.5,0.9,0.8,2.6,1.8,1.4,-42.93191214921012,1.2000000000000002,0.39598997493734345,preseason_static,1
laliga_102587,2026/27,34,2027-05-02,,,vallecano,Rayo Vallecano,Rayo Vallecano,villarreal,Villarreal CF,Villarreal CF,scheduled,Rayo Vallecano,2026/27,2026-08-16,0,,,SP1,2025/26,8,38,50,1.3157894736842106,41,44,-3,1.0789473684210527,1.1578947368421053,2026-05-23,85,1525.3080964337516,1518.9810723253138,5,2.2,0.6,1.6,0.6,5.6,10,1.8,0.5,1.3,1.0,5.5,2.2,1.4,Villarreal CF,2026/27,2026-08-16,0,,,SP1,2025/26,3,38,72,1.894736842105263,72,46,26,1.894736842105263,1.2105263157894737,2026-05-24,84,1603.2044974684716,1577.4033731013537,5,1.4,0.4,2.6,1.6,4.8,10,1.7,0.5,2.1,1.3,4.7,2.4,1.0,-58.42230077603995,0.8000000000000003,-0.5789473684210524,preseason_static,1
laliga_102588,2026/27,34,2027-05-02,,,real_sociedad,Real Sociedad,Real Sociedad,athletic_bilbao,Athletic Club,Athletic Club,scheduled,Real Sociedad,2026/27,2026-08-16,0,,,SP1,2025/26,10,38,46,1.2105263157894737,59,61,-2,1.5526315789473684,1.605263157894737,2026-05-23,85,1486.0260664556174,1489.5195498417131,5,0.6,0.0,1.4,1.8,3.0,10,0.8,0.1,1.6,1.9,4.0,1.0,0.6,Athletic Club,2026/27,2026-08-16,0,,,SP1,2025/26,12,38,45,1.1842105263157894,43,58,-15,1.131578947368421,1.5263157894736843,2026-05-23,85,1494.3913499077144,1495.7935124307858,5,0.8,0.2,1.4,2.0,4.6,10,1.0,0.3,1.3,1.8,4.1,1.4,0.6,-6.273962589072653,-0.20000000000000007,0.026315789473684292,preseason_static,1
laliga_102589,2026/27,35,2027-05-09,,,alaves,Deportivo Alavés,Deportivo Alavés,levante,Levante UD,Levante UD,scheduled,Deportivo Alavés,2026/27,2026-08-16,0,,,SP1,2025/26,14,38,43,1.131578947368421,44,56,-12,1.1578947368421053,1.4736842105263157,2026-05-23,85,1474.8795215968157,1481.1596411976118,5,1.4,0.4,1.2,1.4,4.6,10,1.5,0.4,1.8,1.8,4.6,1.4,1.6,Levante UD,2026/27,2026-08-16,0,,,SP1,2025/26,18,38,42,1.105263157894737,47,61,-14,1.236842105263158,1.605263157894737,2026-05-23,85,1479.1546214464315,1484.3659660848236,5,1.8,0.6,2.0,2.2,6.2,10,1.9,0.6,1.7,1.5,5.4,3.0,0.8,-3.2063248872118493,-0.40000000000000013,0.02631578947368407,preseason_static,1
laliga_102590,2026/27,35,2027-05-09,,,athletic_bilbao,Athletic Club,Athletic Club,malaga,Málaga CF,Málaga CF,scheduled,Athletic Club,2026/27,2026-08-16,0,,,SP1,2025/26,12,38,45,1.1842105263157894,43,58,-15,1.131578947368421,1.5263157894736843,2026-05-23,85,1494.3913499077144,1495.7935124307858,5,0.8,0.2,1.4,2.0,4.6,10,1.0,0.3,1.3,1.8,4.1,1.4,0.6,Málaga CF,2026/27,2026-08-16,1,playoff,4,SP2,2025/26,4,42,73,1.7380952380952381,75,52,23,1.7857142857142858,1.2380952380952381,2026-05-31,77,1433.1728222935901,1449.8796167201926,5,2.6,0.8,2.6,1.0,7.2,10,1.8,0.5,2.3,1.5,5.9,1.6,2.0,45.913895710593124,-1.8,-0.5538847117794488,preseason_static,1
laliga_102591,2026/27,35,2027-05-09,,,betis,Real Betis,Real Betis,espanyol,RCD Espanyol,RCD Espanyol de Barcelona,scheduled,Real Betis,2026/27,2026-08-16,0,,,SP1,2025/26,5,38,60,1.5789473684210527,59,48,11,1.5526315789473684,1.263157894736842,2026-05-23,85,1573.7174382969486,1555.2880787227114,5,2.0,0.6,2.0,1.4,5.6,10,1.6,0.4,1.6,1.3,4.7,2.2,1.0,RCD Espanyol,2026/27,2026-08-16,0,,,SP1,2025/26,11,38,46,1.2105263157894737,43,55,-12,1.131578947368421,1.4473684210526316,2026-05-23,85,1459.7220649449923,1469.7915487087444,5,1.4,0.4,1.2,1.2,4.8,10,0.9,0.2,0.8,1.3,3.9,1.0,0.8,85.496530013967,0.6000000000000001,0.368421052631579,preseason_static,1
laliga_102592,2026/27,35,2027-05-09,,,getafe,Getafe CF,Getafe CF,elche,Elche CF,Elche CF,scheduled,Getafe CF,2026/27,2026-08-16,0,,,SP1,2025/26,7,38,51,1.3421052631578947,32,38,-6,0.8421052631578947,1.0,2026-05-23,85,1490.4153718258704,1492.8115288694028,5,1.4,0.4,0.8,0.8,2.8,10,1.6,0.5,0.9,0.8,2.6,1.8,1.4,Elche CF,2026/27,2026-08-16,0,,,SP1,2025/26,13,38,43,1.131578947368421,49,57,-8,1.2894736842105263,1.5,2026-05-23,85,1467.1865261401447,1475.3898946051086,5,1.0,0.2,1.0,1.4,3.0,10,1.7,0.5,1.3,1.2,3.5,2.6,0.8,17.421634264294198,0.3999999999999999,0.21052631578947367,preseason_static,1
laliga_102593,2026/27,35,2027-05-09,,,osasuna,CA Osasuna,CA Osasuna,real_sociedad,Real Sociedad,Real Sociedad,scheduled,CA Osasuna,2026/27,2026-08-16,0,,,SP1,2025/26,16,38,42,1.105263157894737,44,50,-6,1.1578947368421053,1.3157894736842106,2026-05-23,85,1462.869415055948,1472.152061291961,5,0.0,0.0,1.0,2.0,5.0,10,0.8,0.2,1.1,1.5,5.5,0.8,0.2,Real Sociedad,2026/27,2026-08-16,0,,,SP1,2025/26,10,38,46,1.2105263157894737,59,61,-2,1.5526315789473684,1.605263157894737,2026-05-23,85,1486.0260664556174,1489.5195498417131,5,0.6,0.0,1.4,1.8,3.0,10,0.8,0.1,1.6,1.9,4.0,1.0,0.6,-17.367488549752125,-0.6,-0.10526315789473673,preseason_static,1
laliga_102594,2026/27,35,2027-05-09,,,racing_santander,Racing de Santander,R. Racing Club,sevilla,Sevilla FC,Sevilla FC,scheduled,Racing de Santander,2026/27,2026-08-16,1,direct,1,SP2,2025/26,1,42,82,1.9523809523809523,90,61,29,2.142857142857143,1.4523809523809523,2026-05-31,77,1460.9465325654298,1470.7098994240723,5,2.6,0.8,3.0,1.2,8.8,10,2.3,0.7,2.8,1.5,8.3,3.0,1.6,Sevilla FC,2026/27,2026-08-16,0,,,SP1,2025/26,15,38,43,1.131578947368421,46,60,-14,1.2105263157894737,1.5789473684210527,2026-05-23,85,1456.2846048483327,1467.2134536362496,5,1.8,0.6,1.2,1.0,4.8,10,1.2,0.4,0.9,1.3,3.0,1.8,0.6,3.496445787822722,0.8,0.8208020050125313,preseason_static,1
laliga_102595,2026/27,35,2027-05-09,,,vallecano,Rayo Vallecano,Rayo Vallecano,deportivo,RC Deportivo,RC Deportivo,scheduled,Rayo Vallecano,2026/27,2026-08-16,0,,,SP1,2025/26,8,38,50,1.3157894736842106,41,44,-3,1.0789473684210527,1.1578947368421053,2026-05-23,85,1525.3080964337516,1518.9810723253138,5,2.2,0.6,1.6,0.6,5.6,10,1.8,0.5,1.3,1.0,5.5,2.2,1.4,RC Deportivo,2026/27,2026-08-16,1,direct,2,SP2,2025/26,2,42,77,1.8333333333333333,65,44,21,1.5476190476190477,1.0476190476190477,2026-05-31,77,1440.2106190968582,1455.1579643226437,5,2.4,0.8,1.6,0.8,5.4,10,2.1,0.6,1.6,0.8,4.8,2.0,1.8,63.8231080026701,-0.19999999999999973,-0.5175438596491226,preseason_static,1
laliga_102596,2026/27,35,2027-05-09,,,real_madrid,Real Madrid,Real Madrid,barcelona,FC Barcelona,FC Barcelona,scheduled,Real Madrid,2026/27,2026-08-16,0,,,SP1,2025/26,2,38,86,2.263157894736842,77,35,42,2.026315789473684,0.9210526315789473,2026-05-23,85,1691.8492105610512,1643.8869079207884,5,2.4,0.8,1.8,0.8,4.4,10,2.0,0.6,1.7,1.1,6.3,2.6,1.4,FC Barcelona,2026/27,2026-08-16,0,,,SP1,2025/26,1,38,94,2.473684210526316,95,36,59,2.5,0.9473684210526315,2026-05-23,85,1726.7586777810607,1670.0690083357954,5,1.8,0.6,1.6,1.2,4.8,10,2.4,0.8,1.8,0.8,5.3,3.0,1.8,-26.18210041500697,0.5999999999999999,-0.2105263157894739,preseason_static,1
laliga_102597,2026/27,35,2027-05-09,,,valencia,Valencia CF,Valencia CF,atletico_madrid,Atlético de Madrid,Atlético de Madrid,scheduled,Valencia CF,2026/27,2026-08-16,0,,,SP1,2025/26,9,38,49,1.2894736842105263,46,55,-9,1.2105263157894737,1.4473684210526316,2026-05-23,85,1517.05524428307,1512.7914332123023,5,2.0,0.6,1.8,1.4,3.6,10,1.7,0.5,1.6,1.3,4.0,1.4,2.0,Atlético de Madrid,2026/27,2026-08-16,0,,,SP1,2025/26,4,38,69,1.8157894736842106,62,44,18,1.631578947368421,1.1578947368421053,2026-05-24,84,1596.245603432995,1572.1842025747462,5,1.8,0.6,1.2,1.4,4.2,10,1.2,0.4,1.5,1.9,3.9,1.8,1.2,-59.392769362443914,0.19999999999999996,-0.5263157894736843,preseason_static,1
laliga_102598,2026/27,35,2027-05-09,,,villarreal,Villarreal CF,Villarreal CF,celta,RC Celta,RC Celta,scheduled,Villarreal CF,2026/27,2026-08-16,0,,,SP1,2025/26,3,38,72,1.894736842105263,72,46,26,1.894736842105263,1.2105263157894737,2026-05-24,84,1603.2044974684716,1577.4033731013537,5,1.4,0.4,2.6,1.6,4.8,10,1.7,0.5,2.1,1.3,4.7,2.4,1.0,RC Celta,2026/27,2026-08-16,0,,,SP1,2025/26,6,38,54,1.4210526315789473,53,48,5,1.394736842105263,1.263157894736842,2026-05-23,85,1527.5555130299024,1520.6666347724267,5,2.0,0.6,1.6,1.0,3.2,10,1.3,0.4,1.5,1.7,3.8,1.2,1.4,56.736738328927004,-0.6000000000000001,0.4736842105263157,preseason_static,1
laliga_102599,2026/27,36,2027-05-16,,,atletico_madrid,Atlético de Madrid,Atlético de Madrid,vallecano,Rayo Vallecano,Rayo Vallecano,scheduled,Atlético de Madrid,2026/27,2026-08-16,0,,,SP1,2025/26,4,38,69,1.8157894736842106,62,44,18,1.631578947368421,1.1578947368421053,2026-05-24,84,1596.245603432995,1572.1842025747462,5,1.8,0.6,1.2,1.4,4.2,10,1.2,0.4,1.5,1.9,3.9,1.8,1.2,Rayo Vallecano,2026/27,2026-08-16,0,,,SP1,2025/26,8,38,50,1.3157894736842106,41,44,-3,1.0789473684210527,1.1578947368421053,2026-05-23,85,1525.3080964337516,1518.9810723253138,5,2.2,0.6,1.6,0.6,5.6,10,1.8,0.5,1.3,1.0,5.5,2.2,1.4,53.203130249432434,-0.40000000000000013,0.5,preseason_static,1
laliga_102600,2026/27,36,2027-05-16,,,deportivo,RC Deportivo,RC Deportivo,alaves,Deportivo Alavés,Deportivo Alavés,scheduled,RC Deportivo,2026/27,2026-08-16,1,direct,2,SP2,2025/26,2,42,77,1.8333333333333333,65,44,21,1.5476190476190477,1.0476190476190477,2026-05-31,77,1440.2106190968582,1455.1579643226437,5,2.4,0.8,1.6,0.8,5.4,10,2.1,0.6,1.6,0.8,4.8,2.0,1.8,Deportivo Alavés,2026/27,2026-08-16,0,,,SP1,2025/26,14,38,43,1.131578947368421,44,56,-12,1.1578947368421053,1.4736842105263157,2026-05-23,85,1474.8795215968157,1481.1596411976118,5,1.4,0.4,1.2,1.4,4.6,10,1.5,0.4,1.8,1.8,4.6,1.4,1.6,-26.001676874968098,1.0,0.7017543859649122,preseason_static,1
laliga_102601,2026/27,36,2027-05-16,,,elche,Elche CF,Elche CF,athletic_bilbao,Athletic Club,Athletic Club,scheduled,Elche CF,2026/27,2026-08-16,0,,,SP1,2025/26,13,38,43,1.131578947368421,49,57,-8,1.2894736842105263,1.5,2026-05-23,85,1467.1865261401447,1475.3898946051086,5,1.0,0.2,1.0,1.4,3.0,10,1.7,0.5,1.3,1.2,3.5,2.6,0.8,Athletic Club,2026/27,2026-08-16,0,,,SP1,2025/26,12,38,45,1.1842105263157894,43,58,-15,1.131578947368421,1.5263157894736843,2026-05-23,85,1494.3913499077144,1495.7935124307858,5,0.8,0.2,1.4,2.0,4.6,10,1.0,0.3,1.3,1.8,4.1,1.4,0.6,-20.403617825677202,0.19999999999999996,-0.05263157894736836,preseason_static,1
laliga_102602,2026/27,36,2027-05-16,,,espanyol,RCD Espanyol,RCD Espanyol de Barcelona,valencia,Valencia CF,Valencia CF,scheduled,RCD Espanyol,2026/27,2026-08-16,0,,,SP1,2025/26,11,38,46,1.2105263157894737,43,55,-12,1.131578947368421,1.4473684210526316,2026-05-23,85,1459.7220649449923,1469.7915487087444,5,1.4,0.4,1.2,1.2,4.8,10,0.9,0.2,0.8,1.3,3.9,1.0,0.8,Valencia CF,2026/27,2026-08-16,0,,,SP1,2025/26,9,38,49,1.2894736842105263,46,55,-9,1.2105263157894737,1.4473684210526316,2026-05-23,85,1517.05524428307,1512.7914332123023,5,2.0,0.6,1.8,1.4,3.6,10,1.7,0.5,1.6,1.3,4.0,1.4,2.0,-42.99988450355795,-0.6000000000000001,-0.07894736842105265,preseason_static,1
laliga_102603,2026/27,36,2027-05-16,,,levante,Levante UD,Levante UD,getafe,Getafe CF,Getafe CF,scheduled,Levante UD,2026/27,2026-08-16,0,,,SP1,2025/26,18,38,42,1.105263157894737,47,61,-14,1.236842105263158,1.605263157894737,2026-05-23,85,1479.1546214464315,1484.3659660848236,5,1.8,0.6,2.0,2.2,6.2,10,1.9,0.6,1.7,1.5,5.4,3.0,0.8,Getafe CF,2026/27,2026-08-16,0,,,SP1,2025/26,7,38,51,1.3421052631578947,32,38,-6,0.8421052631578947,1.0,2026-05-23,85,1490.4153718258704,1492.8115288694028,5,1.4,0.4,0.8,0.8,2.8,10,1.6,0.5,0.9,0.8,2.6,1.8,1.4,-8.445562784579124,0.40000000000000013,-0.23684210526315774,preseason_static,1
laliga_102604,2026/27,36,2027-05-16,,,malaga,Málaga CF,Málaga CF,celta,RC Celta,RC Celta,scheduled,Málaga CF,2026/27,2026-08-16,1,playoff,4,SP2,2025/26,4,42,73,1.7380952380952381,75,52,23,1.7857142857142858,1.2380952380952381,2026-05-31,77,1433.1728222935901,1449.8796167201926,5,2.6,0.8,2.6,1.0,7.2,10,1.8,0.5,2.3,1.5,5.9,1.6,2.0,RC Celta,2026/27,2026-08-16,0,,,SP1,2025/26,6,38,54,1.4210526315789473,53,48,5,1.394736842105263,1.263157894736842,2026-05-23,85,1527.5555130299024,1520.6666347724267,5,2.0,0.6,1.6,1.0,3.2,10,1.3,0.4,1.5,1.7,3.8,1.2,1.4,-70.78701805223409,0.6000000000000001,0.3170426065162908,preseason_static,1
laliga_102605,2026/27,36,2027-05-16,,,osasuna,CA Osasuna,CA Osasuna,betis,Real Betis,Real Betis,scheduled,CA Osasuna,2026/27,2026-08-16,0,,,SP1,2025/26,16,38,42,1.105263157894737,44,50,-6,1.1578947368421053,1.3157894736842106,2026-05-23,85,1462.869415055948,1472.152061291961,5,0.0,0.0,1.0,2.0,5.0,10,0.8,0.2,1.1,1.5,5.5,0.8,0.2,Real Betis,2026/27,2026-08-16,0,,,SP1,2025/26,5,38,60,1.5789473684210527,59,48,11,1.5526315789473684,1.263157894736842,2026-05-23,85,1573.7174382969486,1555.2880787227114,5,2.0,0.6,2.0,1.4,5.6,10,1.6,0.4,1.6,1.3,4.7,2.2,1.0,-83.13601743075037,-2.0,-0.4736842105263157,preseason_static,1
laliga_102606,2026/27,36,2027-05-16,,,real_madrid,Real Madrid,Real Madrid,racing_santander,Racing de Santander,R. Racing Club,scheduled,Real Madrid,2026/27,2026-08-16,0,,,SP1,2025/26,2,38,86,2.263157894736842,77,35,42,2.026315789473684,0.9210526315789473,2026-05-23,85,1691.8492105610512,1643.8869079207884,5,2.4,0.8,1.8,0.8,4.4,10,2.0,0.6,1.7,1.1,6.3,2.6,1.4,Racing de Santander,2026/27,2026-08-16,1,direct,1,SP2,2025/26,1,42,82,1.9523809523809523,90,61,29,2.142857142857143,1.4523809523809523,2026-05-31,77,1460.9465325654298,1470.7098994240723,5,2.6,0.8,3.0,1.2,8.8,10,2.3,0.7,2.8,1.5,8.3,3.0,1.6,173.1770084967161,-0.20000000000000018,0.3107769423558897,preseason_static,1
laliga_102607,2026/27,36,2027-05-16,,,real_sociedad,Real Sociedad,Real Sociedad,barcelona,FC Barcelona,FC Barcelona,scheduled,Real Sociedad,2026/27,2026-08-16,0,,,SP1,2025/26,10,38,46,1.2105263157894737,59,61,-2,1.5526315789473684,1.605263157894737,2026-05-23,85,1486.0260664556174,1489.5195498417131,5,0.6,0.0,1.4,1.8,3.0,10,0.8,0.1,1.6,1.9,4.0,1.0,0.6,FC Barcelona,2026/27,2026-08-16,0,,,SP1,2025/26,1,38,94,2.473684210526316,95,36,59,2.5,0.9473684210526315,2026-05-23,85,1726.7586777810607,1670.0690083357954,5,1.8,0.6,1.6,1.2,4.8,10,2.4,0.8,1.8,0.8,5.3,3.0,1.8,-180.54945849408227,-1.2000000000000002,-1.2631578947368423,preseason_static,1
laliga_102608,2026/27,36,2027-05-16,,,sevilla,Sevilla FC,Sevilla FC,villarreal,Villarreal CF,Villarreal CF,scheduled,Sevilla FC,2026/27,2026-08-16,0,,,SP1,2025/26,15,38,43,1.131578947368421,46,60,-14,1.2105263157894737,1.5789473684210527,2026-05-23,85,1456.2846048483327,1467.2134536362496,5,1.8,0.6,1.2,1.0,4.8,10,1.2,0.4,0.9,1.3,3.0,1.8,0.6,Villarreal CF,2026/27,2026-08-16,0,,,SP1,2025/26,3,38,72,1.894736842105263,72,46,26,1.894736842105263,1.2105263157894737,2026-05-24,84,1603.2044974684716,1577.4033731013537,5,1.4,0.4,2.6,1.6,4.8,10,1.7,0.5,2.1,1.3,4.7,2.4,1.0,-110.18991946510414,0.40000000000000013,-0.763157894736842,preseason_static,1
laliga_102609,2026/27,37,2027-05-23,,,alaves,Deportivo Alavés,Deportivo Alavés,real_madrid,Real Madrid,Real Madrid,scheduled,Deportivo Alavés,2026/27,2026-08-16,0,,,SP1,2025/26,14,38,43,1.131578947368421,44,56,-12,1.1578947368421053,1.4736842105263157,2026-05-23,85,1474.8795215968157,1481.1596411976118,5,1.4,0.4,1.2,1.4,4.6,10,1.5,0.4,1.8,1.8,4.6,1.4,1.6,Real Madrid,2026/27,2026-08-16,0,,,SP1,2025/26,2,38,86,2.263157894736842,77,35,42,2.026315789473684,0.9210526315789473,2026-05-23,85,1691.8492105610512,1643.8869079207884,5,2.4,0.8,1.8,0.8,4.4,10,2.0,0.6,1.7,1.1,6.3,2.6,1.4,-162.72726672317663,-1.0,-1.131578947368421,preseason_static,1
laliga_102610,2026/27,37,2027-05-23,,,atletico_madrid,Atlético de Madrid,Atlético de Madrid,athletic_bilbao,Athletic Club,Athletic Club,scheduled,Atlético de Madrid,2026/27,2026-08-16,0,,,SP1,2025/26,4,38,69,1.8157894736842106,62,44,18,1.631578947368421,1.1578947368421053,2026-05-24,84,1596.245603432995,1572.1842025747462,5,1.8,0.6,1.2,1.4,4.2,10,1.2,0.4,1.5,1.9,3.9,1.8,1.2,Athletic Club,2026/27,2026-08-16,0,,,SP1,2025/26,12,38,45,1.1842105263157894,43,58,-15,1.131578947368421,1.5263157894736843,2026-05-23,85,1494.3913499077144,1495.7935124307858,5,0.8,0.2,1.4,2.0,4.6,10,1.0,0.3,1.3,1.8,4.1,1.4,0.6,76.39069014396046,1.0,0.6315789473684212,preseason_static,1
laliga_102611,2026/27,37,2027-05-23,,,celta,RC Celta,RC Celta,real_sociedad,Real Sociedad,Real Sociedad,scheduled,RC Celta,2026/27,2026-08-16,0,,,SP1,2025/26,6,38,54,1.4210526315789473,53,48,5,1.394736842105263,1.263157894736842,2026-05-23,85,1527.5555130299024,1520.6666347724267,5,2.0,0.6,1.6,1.0,3.2,10,1.3,0.4,1.5,1.7,3.8,1.2,1.4,Real Sociedad,2026/27,2026-08-16,0,,,SP1,2025/26,10,38,46,1.2105263157894737,59,61,-2,1.5526315789473684,1.605263157894737,2026-05-23,85,1486.0260664556174,1489.5195498417131,5,0.6,0.0,1.4,1.8,3.0,10,0.8,0.1,1.6,1.9,4.0,1.0,0.6,31.147084930713618,1.4,0.21052631578947367,preseason_static,1
laliga_102612,2026/27,37,2027-05-23,,,deportivo,RC Deportivo,RC Deportivo,espanyol,RCD Espanyol,RCD Espanyol de Barcelona,scheduled,RC Deportivo,2026/27,2026-08-16,1,direct,2,SP2,2025/26,2,42,77,1.8333333333333333,65,44,21,1.5476190476190477,1.0476190476190477,2026-05-31,77,1440.2106190968582,1455.1579643226437,5,2.4,0.8,1.6,0.8,5.4,10,2.1,0.6,1.6,0.8,4.8,2.0,1.8,RCD Espanyol,2026/27,2026-08-16,0,,,SP1,2025/26,11,38,46,1.2105263157894737,43,55,-12,1.131578947368421,1.4473684210526316,2026-05-23,85,1459.7220649449923,1469.7915487087444,5,1.4,0.4,1.2,1.2,4.8,10,0.9,0.2,0.8,1.3,3.9,1.0,0.8,-14.633584386100665,1.0,0.6228070175438596,preseason_static,1
laliga_102613,2026/27,37,2027-05-23,,,barcelona,FC Barcelona,FC Barcelona,malaga,Málaga CF,Málaga CF,scheduled,FC Barcelona,2026/27,2026-08-16,0,,,SP1,2025/26,1,38,94,2.473684210526316,95,36,59,2.5,0.9473684210526315,2026-05-23,85,1726.7586777810607,1670.0690083357954,5,1.8,0.6,1.6,1.2,4.8,10,2.4,0.8,1.8,0.8,5.3,3.0,1.8,Málaga CF,2026/27,2026-08-16,1,playoff,4,SP2,2025/26,4,42,73,1.7380952380952381,75,52,23,1.7857142857142858,1.2380952380952381,2026-05-31,77,1433.1728222935901,1449.8796167201926,5,2.6,0.8,2.6,1.0,7.2,10,1.8,0.5,2.3,1.5,5.9,1.6,2.0,220.18939161560274,-0.8,0.7355889724310778,preseason_static,1
laliga_102614,2026/27,37,2027-05-23,,,racing_santander,Racing de Santander,R. Racing Club,levante,Levante UD,Levante UD,scheduled,Racing de Santander,2026/27,2026-08-16,1,direct,1,SP2,2025/26,1,42,82,1.9523809523809523,90,61,29,2.142857142857143,1.4523809523809523,2026-05-31,77,1460.9465325654298,1470.7098994240723,5,2.6,0.8,3.0,1.2,8.8,10,2.3,0.7,2.8,1.5,8.3,3.0,1.6,Levante UD,2026/27,2026-08-16,0,,,SP1,2025/26,18,38,42,1.105263157894737,47,61,-14,1.236842105263158,1.605263157894737,2026-05-23,85,1479.1546214464315,1484.3659660848236,5,1.8,0.6,2.0,2.2,6.2,10,1.9,0.6,1.7,1.5,5.4,3.0,0.8,-13.656066660751321,0.8,0.8471177944862154,preseason_static,1
laliga_102615,2026/27,37,2027-05-23,,,vallecano,Rayo Vallecano,Rayo Vallecano,betis,Real Betis,Real Betis,scheduled,Rayo Vallecano,2026/27,2026-08-16,0,,,SP1,2025/26,8,38,50,1.3157894736842106,41,44,-3,1.0789473684210527,1.1578947368421053,2026-05-23,85,1525.3080964337516,1518.9810723253138,5,2.2,0.6,1.6,0.6,5.6,10,1.8,0.5,1.3,1.0,5.5,2.2,1.4,Real Betis,2026/27,2026-08-16,0,,,SP1,2025/26,5,38,60,1.5789473684210527,59,48,11,1.5526315789473684,1.263157894736842,2026-05-23,85,1573.7174382969486,1555.2880787227114,5,2.0,0.6,2.0,1.4,5.6,10,1.6,0.4,1.6,1.3,4.7,2.2,1.0,-36.30700639739757,0.20000000000000018,-0.26315789473684204,preseason_static,1
laliga_102616,2026/27,37,2027-05-23,,,sevilla,Sevilla FC,Sevilla FC,getafe,Getafe CF,Getafe CF,scheduled,Sevilla FC,2026/27,2026-08-16,0,,,SP1,2025/26,15,38,43,1.131578947368421,46,60,-14,1.2105263157894737,1.5789473684210527,2026-05-23,85,1456.2846048483327,1467.2134536362496,5,1.8,0.6,1.2,1.0,4.8,10,1.2,0.4,0.9,1.3,3.0,1.8,0.6,Getafe CF,2026/27,2026-08-16,0,,,SP1,2025/26,7,38,51,1.3421052631578947,32,38,-6,0.8421052631578947,1.0,2026-05-23,85,1490.4153718258704,1492.8115288694028,5,1.4,0.4,0.8,0.8,2.8,10,1.6,0.5,0.9,0.8,2.6,1.8,1.4,-25.598075233153168,0.40000000000000013,-0.21052631578947367,preseason_static,1
laliga_102617,2026/27,37,2027-05-23,,,valencia,Valencia CF,Valencia CF,elche,Elche CF,Elche CF,scheduled,Valencia CF,2026/27,2026-08-16,0,,,SP1,2025/26,9,38,49,1.2894736842105263,46,55,-9,1.2105263157894737,1.4473684210526316,2026-05-23,85,1517.05524428307,1512.7914332123023,5,2.0,0.6,1.8,1.4,3.6,10,1.7,0.5,1.6,1.3,4.0,1.4,2.0,Elche CF,2026/27,2026-08-16,0,,,SP1,2025/26,13,38,43,1.131578947368421,49,57,-8,1.2894736842105263,1.5,2026-05-23,85,1467.1865261401447,1475.3898946051086,5,1.0,0.2,1.0,1.4,3.0,10,1.7,0.5,1.3,1.2,3.5,2.6,0.8,37.40153860719374,1.0,0.1578947368421053,preseason_static,1
laliga_102618,2026/27,37,2027-05-23,,,villarreal,Villarreal CF,Villarreal CF,osasuna,CA Osasuna,CA Osasuna,scheduled,Villarreal CF,2026/27,2026-08-16,0,,,SP1,2025/26,3,38,72,1.894736842105263,72,46,26,1.894736842105263,1.2105263157894737,2026-05-24,84,1603.2044974684716,1577.4033731013537,5,1.4,0.4,2.6,1.6,4.8,10,1.7,0.5,2.1,1.3,4.7,2.4,1.0,CA Osasuna,2026/27,2026-08-16,0,,,SP1,2025/26,16,38,42,1.105263157894737,44,50,-6,1.1578947368421053,1.3157894736842106,2026-05-23,85,1462.869415055948,1472.152061291961,5,0.0,0.0,1.0,2.0,5.0,10,0.8,0.2,1.1,1.5,5.5,0.8,0.2,105.25131180939275,1.4,0.7894736842105261,preseason_static,1
laliga_102619,2026/27,38,2027-05-30,,,athletic_bilbao,Athletic Club,Athletic Club,vallecano,Rayo Vallecano,Rayo Vallecano,scheduled,Athletic Club,2026/27,2026-08-16,0,,,SP1,2025/26,12,38,45,1.1842105263157894,43,58,-15,1.131578947368421,1.5263157894736843,2026-05-23,85,1494.3913499077144,1495.7935124307858,5,0.8,0.2,1.4,2.0,4.6,10,1.0,0.3,1.3,1.8,4.1,1.4,0.6,Rayo Vallecano,2026/27,2026-08-16,0,,,SP1,2025/26,8,38,50,1.3157894736842106,41,44,-3,1.0789473684210527,1.1578947368421053,2026-05-23,85,1525.3080964337516,1518.9810723253138,5,2.2,0.6,1.6,0.6,5.6,10,1.8,0.5,1.3,1.0,5.5,2.2,1.4,-23.18755989452802,-1.4000000000000001,-0.13157894736842124,preseason_static,1
laliga_102620,2026/27,38,2027-05-30,,,betis,Real Betis,Real Betis,atletico_madrid,Atlético de Madrid,Atlético de Madrid,scheduled,Real Betis,2026/27,2026-08-16,0,,,SP1,2025/26,5,38,60,1.5789473684210527,59,48,11,1.5526315789473684,1.263157894736842,2026-05-23,85,1573.7174382969486,1555.2880787227114,5,2.0,0.6,2.0,1.4,5.6,10,1.6,0.4,1.6,1.3,4.7,2.2,1.0,Atlético de Madrid,2026/27,2026-08-16,0,,,SP1,2025/26,4,38,69,1.8157894736842106,62,44,18,1.631578947368421,1.1578947368421053,2026-05-24,84,1596.245603432995,1572.1842025747462,5,1.8,0.6,1.2,1.4,4.2,10,1.2,0.4,1.5,1.9,3.9,1.8,1.2,-16.89612385203486,0.19999999999999996,-0.23684210526315796,preseason_static,1
laliga_102621,2026/27,38,2027-05-30,,,elche,Elche CF,Elche CF,racing_santander,Racing de Santander,R. Racing Club,scheduled,Elche CF,2026/27,2026-08-16,0,,,SP1,2025/26,13,38,43,1.131578947368421,49,57,-8,1.2894736842105263,1.5,2026-05-23,85,1467.1865261401447,1475.3898946051086,5,1.0,0.2,1.0,1.4,3.0,10,1.7,0.5,1.3,1.2,3.5,2.6,0.8,Racing de Santander,2026/27,2026-08-16,1,direct,1,SP2,2025/26,1,42,82,1.9523809523809523,90,61,29,2.142857142857143,1.4523809523809523,2026-05-31,77,1460.9465325654298,1470.7098994240723,5,2.6,0.8,3.0,1.2,8.8,10,2.3,0.7,2.8,1.5,8.3,3.0,1.6,4.679995181036247,-1.6,-0.8208020050125313,preseason_static,1
laliga_102622,2026/27,38,2027-05-30,,,espanyol,RCD Espanyol,RCD Espanyol de Barcelona,alaves,Deportivo Alavés,Deportivo Alavés,scheduled,RCD Espanyol,2026/27,2026-08-16,0,,,SP1,2025/26,11,38,46,1.2105263157894737,43,55,-12,1.131578947368421,1.4473684210526316,2026-05-23,85,1459.7220649449923,1469.7915487087444,5,1.4,0.4,1.2,1.2,4.8,10,0.9,0.2,0.8,1.3,3.9,1.0,0.8,Deportivo Alavés,2026/27,2026-08-16,0,,,SP1,2025/26,14,38,43,1.131578947368421,44,56,-12,1.1578947368421053,1.4736842105263157,2026-05-23,85,1474.8795215968157,1481.1596411976118,5,1.4,0.4,1.2,1.4,4.6,10,1.5,0.4,1.8,1.8,4.6,1.4,1.6,-11.368092488867433,0.0,0.07894736842105265,preseason_static,1
laliga_102623,2026/27,38,2027-05-30,,,getafe,Getafe CF,Getafe CF,barcelona,FC Barcelona,FC Barcelona,scheduled,Getafe CF,2026/27,2026-08-16,0,,,SP1,2025/26,7,38,51,1.3421052631578947,32,38,-6,0.8421052631578947,1.0,2026-05-23,85,1490.4153718258704,1492.8115288694028,5,1.4,0.4,0.8,0.8,2.8,10,1.6,0.5,0.9,0.8,2.6,1.8,1.4,FC Barcelona,2026/27,2026-08-16,0,,,SP1,2025/26,1,38,94,2.473684210526316,95,36,59,2.5,0.9473684210526315,2026-05-23,85,1726.7586777810607,1670.0690083357954,5,1.8,0.6,1.6,1.2,4.8,10,2.4,0.8,1.8,0.8,5.3,3.0,1.8,-177.25747946639262,-0.40000000000000013,-1.1315789473684212,preseason_static,1
laliga_102624,2026/27,38,2027-05-30,,,levante,Levante UD,Levante UD,celta,RC Celta,RC Celta,scheduled,Levante UD,2026/27,2026-08-16,0,,,SP1,2025/26,18,38,42,1.105263157894737,47,61,-14,1.236842105263158,1.605263157894737,2026-05-23,85,1479.1546214464315,1484.3659660848236,5,1.8,0.6,2.0,2.2,6.2,10,1.9,0.6,1.7,1.5,5.4,3.0,0.8,RC Celta,2026/27,2026-08-16,0,,,SP1,2025/26,6,38,54,1.4210526315789473,53,48,5,1.394736842105263,1.263157894736842,2026-05-23,85,1527.5555130299024,1520.6666347724267,5,2.0,0.6,1.6,1.0,3.2,10,1.3,0.4,1.5,1.7,3.8,1.2,1.4,-36.30066868760309,-0.19999999999999996,-0.3157894736842104,preseason_static,1
laliga_102625,2026/27,38,2027-05-30,,,malaga,Málaga CF,Málaga CF,sevilla,Sevilla FC,Sevilla FC,scheduled,Málaga CF,2026/27,2026-08-16,1,playoff,4,SP2,2025/26,4,42,73,1.7380952380952381,75,52,23,1.7857142857142858,1.2380952380952381,2026-05-31,77,1433.1728222935901,1449.8796167201926,5,2.6,0.8,2.6,1.0,7.2,10,1.8,0.5,2.3,1.5,5.9,1.6,2.0,Sevilla FC,2026/27,2026-08-16,0,,,SP1,2025/26,15,38,43,1.131578947368421,46,60,-14,1.2105263157894737,1.5789473684210527,2026-05-23,85,1456.2846048483327,1467.2134536362496,5,1.8,0.6,1.2,1.0,4.8,10,1.2,0.4,0.9,1.3,3.0,1.8,0.6,-17.333836916056953,0.8,0.6065162907268171,preseason_static,1
laliga_102626,2026/27,38,2027-05-30,,,osasuna,CA Osasuna,CA Osasuna,valencia,Valencia CF,Valencia CF,scheduled,CA Osasuna,2026/27,2026-08-16,0,,,SP1,2025/26,16,38,42,1.105263157894737,44,50,-6,1.1578947368421053,1.3157894736842106,2026-05-23,85,1462.869415055948,1472.152061291961,5,0.0,0.0,1.0,2.0,5.0,10,0.8,0.2,1.1,1.5,5.5,0.8,0.2,Valencia CF,2026/27,2026-08-16,0,,,SP1,2025/26,9,38,49,1.2894736842105263,46,55,-9,1.2105263157894737,1.4473684210526316,2026-05-23,85,1517.05524428307,1512.7914332123023,5,2.0,0.6,1.8,1.4,3.6,10,1.7,0.5,1.6,1.3,4.0,1.4,2.0,-40.63937192034132,-2.0,-0.18421052631578938,preseason_static,1
laliga_102627,2026/27,38,2027-05-30,,,real_madrid,Real Madrid,Real Madrid,deportivo,RC Deportivo,RC Deportivo,scheduled,Real Madrid,2026/27,2026-08-16,0,,,SP1,2025/26,2,38,86,2.263157894736842,77,35,42,2.026315789473684,0.9210526315789473,2026-05-23,85,1691.8492105610512,1643.8869079207884,5,2.4,0.8,1.8,0.8,4.4,10,2.0,0.6,1.7,1.1,6.3,2.6,1.4,RC Deportivo,2026/27,2026-08-16,1,direct,2,SP2,2025/26,2,42,77,1.8333333333333333,65,44,21,1.5476190476190477,1.0476190476190477,2026-05-31,77,1440.2106190968582,1455.1579643226437,5,2.4,0.8,1.6,0.8,5.4,10,2.1,0.6,1.6,0.8,4.8,2.0,1.8,188.72894359814472,0.0,0.4298245614035088,preseason_static,1
laliga_102628,2026/27,38,2027-05-30,,,real_sociedad,Real Sociedad,Real Sociedad,villarreal,Villarreal CF,Villarreal CF,scheduled,Real Sociedad,2026/27,2026-08-16,0,,,SP1,2025/26,10,38,46,1.2105263157894737,59,61,-2,1.5526315789473684,1.605263157894737,2026-05-23,85,1486.0260664556174,1489.5195498417131,5,0.6,0.0,1.4,1.8,3.0,10,0.8,0.1,1.6,1.9,4.0,1.0,0.6,Villarreal CF,2026/27,2026-08-16,0,,,SP1,2025/26,3,38,72,1.894736842105263,72,46,26,1.894736842105263,1.2105263157894737,2026-05-24,84,1603.2044974684716,1577.4033731013537,5,1.4,0.4,2.6,1.6,4.8,10,1.7,0.5,2.1,1.3,4.7,2.4,1.0,-87.88382325964062,-0.7999999999999999,-0.6842105263157894,preseason_static,1
