fixture_id,season,matchday,reference_date,scheduled_date,kickoff_time,home_team_id,home_team,away_team_id,away_team,model,expected_home_goals,expected_away_goals,probability_home,probability_draw,probability_away,predicted_ftr,predicted_score,predicted_score_probability,top_2_score,top_2_score_probability,top_3_score,top_3_score_probability,confidence,promoted_adjustment_applied,feature_snapshot,requires_dynamic_update
laliga_102249,2026/27,1,2026-08-16,,,alaves,Deportivo Alavés,getafe,Getafe CF,poisson,0.9990786164516889,0.7913159643737561,0.39311308110706805,0.32732479080322985,0.2795621280897022,H,0-0,0.16689430519701068,1-0,0.16674053152989537,0-1,0.13206612806546048,medium,0,preseason_static,True
laliga_102250,2026/27,1,2026-08-16,,,atletico_madrid,Atlético de Madrid,malaga,Málaga CF,poisson,2.6480570433598976,0.8499889266114916,0.7561274220072036,0.14775578870101053,0.09611678929178587,H,2-0,0.10609300135588229,3-0,0.09364677316387839,2-1,0.09017787634347792,low,1,preseason_static,True
laliga_102251,2026/27,1,2026-08-16,,,celta,RC Celta,osasuna,CA Osasuna,poisson,1.628287356319991,1.0347828849543865,0.5120648984473261,0.24703372077814587,0.240901380774528,H,1-1,0.11749627791618482,1-0,0.11354679288241619,2-1,0.09565885187279177,medium,0,preseason_static,True
laliga_102252,2026/27,1,2026-08-16,,,deportivo,RC Deportivo,elche,Elche CF,poisson,1.5519627578085797,1.631226446833939,0.36564333576595215,0.23477588145286316,0.39958078278118475,A,1-1,0.1049433468474114,1-2,0.08559318139838228,2-1,0.08143408299348547,low,1,preseason_static,True
laliga_102253,2026/27,1,2026-08-16,,,espanyol,RCD Espanyol,levante,Levante UD,poisson,1.5424496604972615,1.180708026785829,0.45655972240107073,0.25207694926805135,0.291363328330878,H,1-1,0.11959182530204217,1-0,0.10128822925647407,2-1,0.0922321851676914,medium,0,preseason_static,True
laliga_102254,2026/27,1,2026-08-16,,,barcelona,FC Barcelona,athletic_bilbao,Athletic Club,poisson,2.478408963320735,0.8189077531059327,0.7367914476523453,0.1599063222517106,0.10330223009594419,H,2-0,0.11358848274023794,3-0,0.09383957125113614,2-1,0.09301848917952028,medium,0,preseason_static,True
laliga_102255,2026/27,1,2026-08-16,,,racing_santander,Racing de Santander,villarreal,Villarreal CF,poisson,1.4752739277546296,2.573612315520647,0.20701197002321445,0.18041227211892627,0.6125757578578593,A,1-2,0.08522257378946124,1-3,0.07310995515497483,1-1,0.06622798101758424,low,1,preseason_static,True
laliga_102256,2026/27,1,2026-08-16,,,real_madrid,Real Madrid,real_sociedad,Real Sociedad,poisson,2.4059277664583303,0.824169623261781,0.7237837270007651,0.16658818805539263,0.10962808494384228,H,2-0,0.11448294793950645,1-0,0.09516740239299222,2-1,0.09435336807320112,medium,0,preseason_static,True
laliga_102257,2026/27,1,2026-08-16,,,sevilla,Sevilla FC,vallecano,Rayo Vallecano,poisson,1.2356830516975954,0.9814451739304607,0.4201454873712984,0.28689259835860126,0.29296191427010043,H,1-0,0.1345924118846495,1-1,0.13209507309185003,0-0,0.10892146792799734,medium,0,preseason_static,True
laliga_102258,2026/27,1,2026-08-16,,,valencia,Valencia CF,betis,Real Betis,poisson,1.3216317467123997,1.3015813043734923,0.37341246400483985,0.2625334211443307,0.36405411485082945,H,1-1,0.12483459061817254,1-0,0.0959099444642537,0-1,0.09445489708362598,medium,0,preseason_static,True
laliga_102259,2026/27,2,2026-08-23,,,athletic_bilbao,Athletic Club,sevilla,Sevilla FC,poisson,1.5872760531793848,0.9420956545771624,0.5244546256948972,0.25160211672790334,0.2239432575771995,H,1-0,0.1265204429317716,1-1,0.11919435950119987,2-0,0.100411434651625,medium,0,preseason_static,True
laliga_102260,2026/27,2,2026-08-23,,,atletico_madrid,Atlético de Madrid,villarreal,Villarreal CF,poisson,1.9323971640577957,1.2763434787881545,0.5271341601652008,0.22123185910329715,0.25163398073150217,H,1-1,0.09966169689965865,2-1,0.096292990227044,1-0,0.0780837592356284,medium,0,preseason_static,True
laliga_102261,2026/27,2,2026-08-23,,,betis,Real Betis,real_sociedad,Real Sociedad,poisson,1.7776664045505874,1.1115128447286844,0.5297033678250094,0.23332885850857013,0.23696777366642058,H,1-1,0.10990345993601998,1-0,0.09887736381746175,2-1,0.09768584423606712,medium,0,preseason_static,True
laliga_102262,2026/27,2,2026-08-23,,,elche,Elche CF,barcelona,FC Barcelona,poisson,1.0776095840055901,2.2979147000702773,0.1646259112027991,0.18821604954481047,0.6471580392523905,A,1-2,0.09730617439680515,0-2,0.09029817091558122,1-1,0.0846908498333983,medium,0,preseason_static,True
laliga_102263,2026/27,2,2026-08-23,,,espanyol,RCD Espanyol,real_madrid,Real Madrid,poisson,0.9188534408589166,1.8513318181938947,0.1828886413154273,0.224092205410452,0.5930191532741207,A,0-1,0.11598714537212818,0-2,0.1073653463644508,1-1,0.10657518762058335,medium,0,preseason_static,True
laliga_102264,2026/27,2,2026-08-23,,,getafe,Getafe CF,racing_santander,Racing de Santander,poisson,1.6684755030324676,0.8781082833319991,0.5605625555042124,0.24269214525962912,0.19674529923615852,H,1-0,0.13072336328823572,1-1,0.11478926812841794,2-0,0.10905436466021753,low,1,preseason_static,True
laliga_102265,2026/27,2,2026-08-23,,,malaga,Málaga CF,deportivo,RC Deportivo,poisson,2.1596398957162783,1.3841023881983927,0.5519613854812039,0.2058494924092903,0.24218912210950572,H,2-1,0.09329976871330614,1-1,0.08640307941927682,2-0,0.06740814083468864,low,1,preseason_static,True
laliga_102266,2026/27,2,2026-08-23,,,osasuna,CA Osasuna,levante,Levante UD,poisson,1.619070667542188,1.1085737507619775,0.4922954047589274,0.24712586096122846,0.2605787342798441,H,1-1,0.1173356509406917,1-0,0.10584379330652662,2-1,0.09498735534752142,medium,0,preseason_static,True
laliga_102267,2026/27,2,2026-08-23,,,vallecano,Rayo Vallecano,alaves,Deportivo Alavés,poisson,1.25118465652296,0.8412730546273299,0.45866725833270555,0.29170229252629004,0.2496304491410044,H,1-0,0.1543755841504502,1-1,0.12987201923812763,0-0,0.12338353363400384,medium,0,preseason_static,True
laliga_102268,2026/27,2,2026-08-23,,,valencia,Valencia CF,celta,RC Celta,poisson,1.4099290438190342,1.2305289620062867,0.4115367063090598,0.2603081561539839,0.3281551375369563,H,1-1,0.12375219799563579,1-0,0.10056829364980321,0-1,0.08777193330270847,medium,0,preseason_static,True
laliga_102269,2026/27,3,2026-08-30,,,alaves,Deportivo Alavés,villarreal,Villarreal CF,poisson,1.2516640122540736,1.6368531196742258,0.2927341405684202,0.24324581010309387,0.464020049328486,A,1-1,0.11403312310893834,1-2,0.09332773665353039,0-1,0.09110521832738522,medium,0,preseason_static,True
laliga_102270,2026/27,3,2026-08-30,,,celta,RC Celta,athletic_bilbao,Athletic Club,poisson,1.479911811040663,1.105780432656076,0.4577116554765269,0.2592580493543759,0.2830302951690973,H,1-1,0.1232971635882636,1-0,0.11150239228967435,2-1,0.09123446433104207,medium,0,preseason_static,True
laliga_102271,2026/27,3,2026-08-30,,,deportivo,RC Deportivo,valencia,Valencia CF,poisson,1.391798507973515,1.5805787830076419,0.3368184460083029,0.2431052021878671,0.4200763518038301,A,1-1,0.11259159485276518,1-2,0.08897994298463653,0-1,0.08089647618368313,low,1,preseason_static,True
laliga_102272,2026/27,3,2026-08-30,,,barcelona,FC Barcelona,vallecano,Rayo Vallecano,poisson,2.4240890457762814,0.6790238894638013,0.7596120944852516,0.1554315894459816,0.08495631606876697,H,2-0,0.1319540522548976,1-0,0.10886898110018982,3-0,0.10662279087229605,medium,0,preseason_static,True
laliga_102273,2026/27,3,2026-08-30,,,levante,Levante UD,betis,Real Betis,poisson,1.4112537003128802,1.5175566192874617,0.3533937213467505,0.24597478641018036,0.40063149224306926,A,1-1,0.11449439787782303,1-2,0.08687586568541134,0-1,0.08112956433874306,medium,0,preseason_static,True
laliga_102274,2026/27,3,2026-08-30,,,osasuna,CA Osasuna,getafe,Getafe CF,poisson,1.0787020386857156,0.7678796793117729,0.42459586952415723,0.3181497746177041,0.2572543558581386,H,1-0,0.17019282952137735,0-0,0.15777557047054377,1-1,0.13068761535403847,medium,0,preseason_static,True
laliga_102275,2026/27,3,2026-08-30,,,racing_santander,Racing de Santander,elche,Elche CF,poisson,1.690363856270744,1.7360340297562844,0.3778429845912746,0.22539929180748877,0.3967577236012367,A,1-1,0.09538376332335384,1-2,0.08279472950778081,2-1,0.08061663299844017,low,1,preseason_static,True
laliga_102276,2026/27,3,2026-08-30,,,real_madrid,Real Madrid,malaga,Málaga CF,poisson,3.1504199981368917,0.7445687263406039,0.839545259980543,0.10456388541019579,0.05589085460926125,H,3-0,0.10606500789838445,2-0,0.1010008265194256,4-0,0.08353733049640441,low,1,preseason_static,True
laliga_102277,2026/27,3,2026-08-30,,,real_sociedad,Real Sociedad,espanyol,RCD Espanyol,poisson,1.6723412060632725,1.004716137595394,0.5301197268448669,0.24292020654265442,0.22696006661247883,H,1-1,0.11554142492659385,1-0,0.11499907347275351,2-1,0.0966123429560045,medium,0,preseason_static,True
laliga_102278,2026/27,3,2026-08-30,,,sevilla,Sevilla FC,atletico_madrid,Atlético de Madrid,poisson,1.1169694947094502,1.583810067305736,0.26838182542139016,0.2500467913760278,0.481571383202582,A,1-1,0.11879855770676069,0-1,0.1063579249652319,1-2,0.09407717583868452,medium,0,preseason_static,True
laliga_102279,2026/27,4,2026-09-06,,,alaves,Deportivo Alavés,osasuna,CA Osasuna,poisson,1.2690919426836396,1.0529680259772232,0.4130641621380644,0.2799815863314066,0.3069542515305291,H,1-1,0.131054064265055,1-0,0.1244615800593074,0-1,0.10326601238041608,medium,0,preseason_static,True
laliga_102280,2026/27,4,2026-09-06,,,athletic_bilbao,Athletic Club,atletico_madrid,Atlético de Madrid,poisson,1.1766009431817188,1.3279141750496122,0.3295950048807079,0.26881763023066674,0.4015873648886254,A,1-1,0.12767392179496112,0-1,0.10851081034297853,1-0,0.09614621501437856,medium,0,preseason_static,True
laliga_102281,2026/27,4,2026-09-06,,,betis,Real Betis,real_madrid,Real Madrid,poisson,1.2123182459749713,1.650100332260157,0.2809425549906298,0.24300006417799666,0.4760573808313735,A,1-1,0.114286524772472,1-2,0.09429211624995737,0-1,0.09427105890051209,medium,0,preseason_static,True
laliga_102282,2026/27,4,2026-09-06,,,elche,Elche CF,real_sociedad,Real Sociedad,poisson,1.483010785139762,1.3231609769979498,0.4103899653683534,0.25157272896037075,0.3380373056712758,H,1-1,0.11859117372812063,1-0,0.0896271699284738,2-1,0.08793599483059306,medium,0,preseason_static,True
laliga_102283,2026/27,4,2026-09-06,,,espanyol,RCD Espanyol,sevilla,Sevilla FC,poisson,1.4150702319455664,1.1039976263964169,0.44112869495694473,0.26490300644380815,0.2939682985992471,H,1-1,0.12581401225743433,1-0,0.11396221264361467,2-1,0.08901783175356497,medium,0,preseason_static,True
laliga_102284,2026/27,4,2026-09-06,,,getafe,Getafe CF,celta,RC Celta,poisson,1.042846702339322,0.9558750722577254,0.36866423381086477,0.30822036818923565,0.3231153979998996,H,1-0,0.14131447325034593,0-0,0.13550838578033395,1-1,0.13507898232923685,medium,0,preseason_static,True
laliga_102285,2026/27,4,2026-09-06,,,malaga,Málaga CF,levante,Levante UD,poisson,1.6761235790965758,1.4982704515343108,0.42090022996059007,0.23437146172099424,0.3447283083184158,H,1-1,0.10502081131323016,2-1,0.08801392906897876,1-2,0.0786747891933865,low,1,preseason_static,True
laliga_102286,2026/27,4,2026-09-06,,,vallecano,Rayo Vallecano,racing_santander,Racing de Santander,poisson,1.967228581669462,0.9915665797398232,0.600732566659268,0.21454474613075478,0.18472268720997714,H,1-0,0.1020632790234317,1-1,0.1012025364982954,2-0,0.10039089981690003,low,1,preseason_static,True
laliga_102287,2026/27,4,2026-09-06,,,valencia,Valencia CF,barcelona,FC Barcelona,poisson,1.0441510730473829,2.0607673959420434,0.1846041599477391,0.20740540478300976,0.6079904352692511,A,1-2,0.09939100658141067,1-1,0.09646018932279918,0-2,0.09518833926142062,medium,0,preseason_static,True
laliga_102288,2026/27,4,2026-09-06,,,villarreal,Villarreal CF,deportivo,RC Deportivo,poisson,3.242915538225713,1.0100369765171582,0.8030591635143995,0.11615071588574105,0.08079012059985934,H,3-1,0.08169581092412273,3-0,0.08088398031310581,2-1,0.07557626151017861,low,1,preseason_static,True
laliga_102289,2026/27,5,2026-09-13,,,athletic_bilbao,Athletic Club,elche,Elche CF,poisson,1.6546905845445032,0.9738069087147617,0.5333598674208633,0.24465383275811164,0.22198629982102513,H,1-0,0.11944705734536844,1-1,0.1163183696685681,2-0,0.09882396057046426,medium,0,preseason_static,True
laliga_102290,2026/27,5,2026-09-13,,,celta,RC Celta,malaga,Málaga CF,poisson,2.2006788731054603,1.0712466277648953,0.6299243973943953,0.19611381759284374,0.17396178501276088,H,2-1,0.09840162203421185,2-0,0.09185711253021361,1-1,0.08942842432558423,low,1,preseason_static,True
laliga_102291,2026/27,5,2026-09-13,,,getafe,Getafe CF,deportivo,RC Deportivo,poisson,1.567746553230414,0.8062118389475372,0.5540087604302532,0.2536422937591045,0.19234894581064227,H,1-0,0.14597523781853908,1-1,0.11768696492248848,2-0,0.11442608797350232,low,1,preseason_static,True
laliga_102292,2026/27,5,2026-09-13,,,levante,Levante UD,barcelona,FC Barcelona,poisson,1.1149566202456285,2.402716750782583,0.16062856383279667,0.181189235525988,0.6581822006412155,A,1-2,0.09548735964537504,0-2,0.08564221953706046,1-1,0.0794828267745452,medium,0,preseason_static,True
laliga_102293,2026/27,5,2026-09-13,,,osasuna,CA Osasuna,espanyol,RCD Espanyol,poisson,1.459394977611569,0.9734275322676172,0.4837467268901926,0.26444430241021105,0.2518089706995963,H,1-0,0.12811844030801992,1-1,0.12471401718701185,2-0,0.09348770416247595,medium,0,preseason_static,True
laliga_102294,2026/27,5,2026-09-13,,,racing_santander,Racing de Santander,alaves,Deportivo Alavés,poisson,1.5414688081156425,1.533369299229848,0.38195349419576785,0.23961621871777988,0.3784302870864523,H,1-1,0.10919352588194091,2-1,0.08415920709759,1-2,0.08371700013101399,low,1,preseason_static,True
laliga_102295,2026/27,5,2026-09-13,,,real_madrid,Real Madrid,vallecano,Rayo Vallecano,poisson,2.0721596642176574,0.637285877917522,0.7093530314571361,0.18814376814772993,0.10250320039513391,H,2-0,0.14293025885141114,1-0,0.13795293993947555,3-0,0.09872477239602767,medium,0,preseason_static,True
laliga_102296,2026/27,5,2026-09-13,,,real_sociedad,Real Sociedad,atletico_madrid,Atlético de Madrid,poisson,1.2617158884091044,1.5080126113020147,0.3179179690368873,0.25219866706509503,0.4298833638980177,A,1-1,0.11925841644805796,0-1,0.09452081688408531,1-2,0.0899215980037895,medium,0,preseason_static,True
laliga_102297,2026/27,5,2026-09-13,,,sevilla,Sevilla FC,valencia,Valencia CF,poisson,1.4087177510259294,1.1254024014147275,0.4345607285879317,0.2646584952857081,0.3007807761263602,H,1-1,0.12577014763656896,1-0,0.1117557128707608,0-1,0.08927987706903964,medium,0,preseason_static,True
laliga_102298,2026/27,5,2026-09-13,,,villarreal,Villarreal CF,betis,Real Betis,poisson,2.0220573105240027,1.2666852107181321,0.548825211133773,0.21452161635041217,0.23665317251581472,H,2-1,0.09659328423809106,1-1,0.09553961080663884,2-0,0.07625673957567455,medium,0,preseason_static,True
laliga_102299,2026/27,6,2026-09-16,,,alaves,Deportivo Alavés,valencia,Valencia CF,poisson,1.2861462847453577,1.069859413186503,0.41396942554793426,0.27759593415857126,0.30843464029349454,H,1-1,0.13044182548332747,1-0,0.12192426768935505,0-1,0.10142067588303415,medium,0,preseason_static,True
laliga_102300,2026/27,6,2026-09-16,,,atletico_madrid,Atlético de Madrid,osasuna,CA Osasuna,poisson,1.9593034927592505,0.8210564877048612,0.6407503298966348,0.20984747604405296,0.14940219405931227,H,1-0,0.1215093511528288,2-0,0.11903684805832386,1-1,0.09976604108083825,medium,0,preseason_static,True
laliga_102301,2026/27,6,2026-09-16,,,betis,Real Betis,getafe,Getafe CF,poisson,1.355866996380367,0.7289490697011375,0.5178120389324553,0.2811242965003186,0.20106366456722602,H,1-0,0.16857496040224068,0-0,0.1243300123480177,1-1,0.12288256056011945,medium,0,preseason_static,True
laliga_102302,2026/27,6,2026-09-16,,,deportivo,RC Deportivo,sevilla,Sevilla FC,poisson,1.4887335093974134,1.57810684381141,0.3606857121232046,0.23971839737185754,0.3995958905049379,A,1-1,0.10940625135929896,1-2,0.08632737701293054,2-1,0.08143837626807233,low,1,preseason_static,True
laliga_102303,2026/27,6,2026-09-16,,,elche,Elche CF,real_madrid,Real Madrid,poisson,1.0113714413459507,1.964303316990401,0.1893357910071614,0.2152987942989336,0.595365414693905,A,1-1,0.10134519677478478,0-1,0.10020571338252622,1-2,0.09953635309287728,medium,0,preseason_static,True
laliga_102304,2026/27,6,2026-09-16,,,barcelona,FC Barcelona,racing_santander,Racing de Santander,poisson,4.418332075356089,0.8365624850951854,0.9217542166227144,0.05195774977880501,0.026288033598480604,H,4-0,0.08340698779937847,3-0,0.07550993123816425,5-0,0.07370395390056561,low,1,preseason_static,True
laliga_102305,2026/27,6,2026-09-16,,,levante,Levante UD,athletic_bilbao,Athletic Club,poisson,1.3511571636151534,1.2901760538405256,0.38350903546978726,0.26135465430698046,0.35513631022323233,H,1-1,0.12423345004395624,1-0,0.0962918585212808,0-1,0.09194596556891833,medium,0,preseason_static,True
laliga_102306,2026/27,6,2026-09-16,,,malaga,Málaga CF,villarreal,Villarreal CF,poisson,1.3990390355085696,2.1467357137808607,0.24706735208801292,0.20685075227104074,0.5460818956409463,A,1-2,0.09299371553748896,1-1,0.08663732097111027,1-3,0.0665443101005019,low,1,preseason_static,True
laliga_102307,2026/27,6,2026-09-16,,,vallecano,Rayo Vallecano,espanyol,RCD Espanyol,poisson,1.2931311754317876,0.8653344806683295,0.4647462793278859,0.28572873326121023,0.24952498741090384,H,1-0,0.14935952222526544,1-1,0.1292459445976699,0-0,0.11550222055035755,medium,0,preseason_static,True
laliga_102308,2026/27,6,2026-09-16,,,real_sociedad,Real Sociedad,celta,RC Celta,poisson,1.5901488223427505,1.2532401831715005,0.4522313498232012,0.2466088599162754,0.30115979026052353,H,1-1,0.11603911007295506,1-0,0.09259127789798582,2-1,0.09225972711410513,medium,0,preseason_static,True
laliga_102309,2026/27,7,2026-09-20,,,athletic_bilbao,Athletic Club,alaves,Deportivo Alavés,poisson,1.5089378027670364,0.8601246240609491,0.5250034588963901,0.2605801772628055,0.2144163638408044,H,1-0,0.14118899741147878,1-1,0.12144013332009053,2-0,0.10652270776447881,medium,0,preseason_static,True
laliga_102310,2026/27,7,2026-09-20,,,atletico_madrid,Atlético de Madrid,real_madrid,Real Madrid,poisson,1.3791383704354354,1.3967572892802211,0.36895979698824527,0.25405898465470306,0.37698121835705173,A,1-1,0.11999767927111392,0-1,0.08700916589915997,1-0,0.08591161842652799,medium,0,preseason_static,True
laliga_102311,2026/27,7,2026-09-20,,,celta,RC Celta,racing_santander,Racing de Santander,poisson,2.6382820269735654,1.1296198176215493,0.6956185422869108,0.16381585200886808,0.14056560570422122,H,2-1,0.09082565014704677,2-0,0.08040373294643775,3-1,0.07987456012371416,low,1,preseason_static,True
laliga_102312,2026/27,7,2026-09-20,,,deportivo,RC Deportivo,betis,Real Betis,poisson,1.3037163049945821,1.955330656936414,0.2542842563297897,0.21961207480784276,0.5261036688623676,A,1-1,0.09795355137590703,1-2,0.09576579098055354,0-1,0.07513410011107752,low,1,preseason_static,True
laliga_102313,2026/27,7,2026-09-20,,,espanyol,RCD Espanyol,elche,Elche CF,poisson,1.4751708655714921,1.1411585549368168,0.4483616784394006,0.25861932935747595,0.2930189922031235,H,1-1,0.12300736266667982,1-0,0.10779164922747343,2-1,0.09072843882833624,medium,0,preseason_static,True
laliga_102314,2026/27,7,2026-09-20,,,getafe,Getafe CF,malaga,Málaga CF,poisson,1.3917309644221547,0.8327319711090384,0.5006444860227895,0.2747733924688554,0.22458212150835505,H,1-0,0.15048160977900163,1-1,0.12531084752692914,0-0,0.10812550243249164,low,1,preseason_static,True
laliga_102315,2026/27,7,2026-09-20,,,osasuna,CA Osasuna,vallecano,Rayo Vallecano,poisson,1.2180785802399365,0.9053743070724035,0.43317431439108695,0.29268229238034654,0.27414339322856657,H,1-0,0.14570399767068093,1-1,0.13191665592877183,0-0,0.11961789660727819,medium,0,preseason_static,True
laliga_102316,2026/27,7,2026-09-20,,,sevilla,Sevilla FC,barcelona,FC Barcelona,poisson,1.042518077595336,2.204294270928295,0.16794776146294926,0.1948245727534819,0.6372276657835689,A,1-2,0.09852099955611754,0-2,0.09450291719004557,1-1,0.0893900608965675,medium,0,preseason_static,True
laliga_102317,2026/27,7,2026-09-20,,,valencia,Valencia CF,real_sociedad,Real Sociedad,poisson,1.4369650433959869,1.186609320570865,0.42821998537648703,0.26009651316799615,0.3116835014555168,H,1-1,0.1236944665267714,1-0,0.10424194752428147,2-1,0.08887231223024275,medium,0,preseason_static,True
laliga_102318,2026/27,7,2026-09-20,,,villarreal,Villarreal CF,levante,Levante UD,poisson,2.5168673765567773,1.0933501522546323,0.6830115589432156,0.17135217252571733,0.14563626853106704,H,2-1,0.093665743008887,2-0,0.08566856904509126,3-1,0.07858141762667292,medium,0,preseason_static,True
laliga_102319,2026/27,8,2026-10-11,,,alaves,Deportivo Alavés,atletico_madrid,Atlético de Madrid,poisson,1.0197828235984345,1.5056428767847982,0.2564254113467636,0.258929232784728,0.48464535586850854,A,1-1,0.12287158887646889,0-1,0.12048799610381816,1-2,0.09250036627554281,medium,0,preseason_static,True
laliga_102320,2026/27,8,2026-10-11,,,betis,Real Betis,osasuna,CA Osasuna,poisson,1.7223067855943823,0.9699792466193748,0.5506119853622731,0.23787520732311795,0.21151280731460903,H,1-0,0.11664508508153758,1-1,0.11314331174924269,2-0,0.10044931077108313,medium,0,preseason_static,True
laliga_102321,2026/27,8,2026-10-11,,,elche,Elche CF,celta,RC Celta,poisson,1.455108450880538,1.3721347669923976,0.39315251479233015,0.2511554482633779,0.35569203694429197,H,1-1,0.1181506955642774,1-0,0.08610720929639706,2-1,0.08596103779649687,medium,0,preseason_static,True
laliga_102322,2026/27,8,2026-10-11,,,barcelona,FC Barcelona,getafe,Getafe CF,poisson,2.146716835887147,0.5759039575272584,0.7382610724107482,0.17576748955319366,0.0859714380360582,H,2-0,0.15139349952898237,1-0,0.14104654791736218,3-0,0.10833299142757978,medium,0,preseason_static,True
laliga_102323,2026/27,8,2026-10-11,,,levante,Levante UD,sevilla,Sevilla FC,poisson,1.611532099328627,1.224788492050288,0.4638280628173125,0.24569982578507188,0.29047211139761564,H,1-1,0.11574498570164547,1-0,0.094502019289787,2-1,0.09326337989726731,medium,0,preseason_static,True
laliga_102324,2026/27,8,2026-10-11,,,malaga,Málaga CF,espanyol,RCD Espanyol,poisson,1.5108212274039805,1.3156163108715706,0.418968290460128,0.2500932621786799,0.3309384473611922,H,1-1,0.11771625165202772,1-0,0.08947612664823451,2-1,0.08892410590315619,low,1,preseason_static,True
laliga_102325,2026/27,8,2026-10-11,,,racing_santander,Racing de Santander,valencia,Valencia CF,poisson,1.51591646207541,1.68213221367136,0.34776104210322334,0.23351730868365161,0.4187216492131251,A,1-1,0.10414573425538957,1-2,0.08759344725372382,2-1,0.07893811650633799,low,1,preseason_static,True
laliga_102326,2026/27,8,2026-10-11,,,vallecano,Rayo Vallecano,athletic_bilbao,Athletic Club,poisson,1.1034926453139875,0.9706406566597142,0.38379609053719776,0.3008961680553618,0.3153077414074405,H,1-0,0.13867073266703175,1-1,0.1345994510154114,0-0,0.12566529850099223,medium,0,preseason_static,True
laliga_102327,2026/27,8,2026-10-11,,,real_madrid,Real Madrid,villarreal,Villarreal CF,poisson,2.298992268786747,1.11804449284173,0.6382735091347154,0.18957784232035746,0.17214864854492723,H,2-1,0.09694304845412112,2-0,0.0867076838844949,1-1,0.08433525398959354,medium,0,preseason_static,True
laliga_102328,2026/27,8,2026-10-11,,,real_sociedad,Real Sociedad,deportivo,RC Deportivo,poisson,2.3905242541967513,1.0570179116934053,0.6688067969965595,0.179800524677351,0.1513926783260894,H,2-1,0.09611876386848972,2-0,0.0909339026379428,1-1,0.08041647241164424,low,1,preseason_static,True
laliga_102329,2026/27,9,2026-10-18,,,betis,Real Betis,barcelona,FC Barcelona,poisson,1.2917170757648526,1.9303484229212822,0.25533975923305086,0.22140319993378843,0.5232570408331608,A,1-1,0.09942154259976711,1-2,0.09595910898093078,0-1,0.07696851304756311,medium,0,preseason_static,True
laliga_102330,2026/27,9,2026-10-18,,,celta,RC Celta,alaves,Deportivo Alavés,poisson,1.6779839529010347,0.9584013156104978,0.5428190839342615,0.24226619043006142,0.21491472563567712,H,1-0,0.12017688194715322,1-1,0.11517768176411912,2-0,0.10082743970850255,medium,0,preseason_static,True
laliga_102331,2026/27,9,2026-10-18,,,deportivo,RC Deportivo,levante,Levante UD,poisson,1.6227438358192168,1.6877603475432887,0.3714668040861487,0.2297165953225043,0.3988166005913471,A,1-1,0.09996047177836516,1-2,0.08435466029462231,2-1,0.08110511970196141,low,1,preseason_static,True
laliga_102332,2026/27,9,2026-10-18,,,espanyol,RCD Espanyol,atletico_madrid,Atlético de Madrid,poisson,1.0489498447610999,1.556120220054421,0.2557468887756025,0.2536446062928024,0.4906085049315951,A,1-1,0.12062314927267256,0-1,0.11499420098598204,1-2,0.09385206079492427,medium,0,preseason_static,True
laliga_102333,2026/27,9,2026-10-18,,,getafe,Getafe CF,vallecano,Rayo Vallecano,poisson,0.915398191232856,0.7127459245923904,0.38406199964447935,0.34683218024858514,0.2691058201069355,H,0-0,0.1962935352198896,1-0,0.17968674709098983,0-1,0.13990741725180916,medium,0,preseason_static,True
laliga_102334,2026/27,9,2026-10-18,,,malaga,Málaga CF,real_sociedad,Real Sociedad,poisson,1.4641140414384648,1.5824722323638694,0.3539506521436452,0.240428075083522,0.4056212727728328,A,1-1,0.11010219745474438,1-2,0.08711683509718847,2-1,0.08060108664336084,low,1,preseason_static,True
laliga_102335,2026/27,9,2026-10-18,,,osasuna,CA Osasuna,racing_santander,Racing de Santander,poisson,2.2201641770361804,1.115427884082123,0.6236737249915956,0.19590068525387733,0.1804255897545271,H,2-1,0.09785021872100765,1-1,0.08814683142183952,2-0,0.08772437924261489,low,1,preseason_static,True
laliga_102336,2026/27,9,2026-10-18,,,real_madrid,Real Madrid,sevilla,Sevilla FC,poisson,2.52685726178185,0.7296193510017043,0.7640071019066581,0.1498329273486361,0.0861599707447059,H,2-0,0.12299599954046207,3-0,0.1035977782029779,1-0,0.09735096746519799,medium,0,preseason_static,True
laliga_102337,2026/27,9,2026-10-18,,,valencia,Valencia CF,athletic_bilbao,Athletic Club,poisson,1.265351652814631,1.1065610400867043,0.3999429903136957,0.27744649852399944,0.32261051116230494,H,1-1,0.13064057276003427,1-0,0.11805997864320068,0-1,0.1032444794847655,medium,0,preseason_static,True
laliga_102338,2026/27,9,2026-10-18,,,villarreal,Villarreal CF,elche,Elche CF,poisson,2.407086287151154,1.056726854973067,0.6718371606516259,0.17844200342251293,0.14972083592586116,H,2-1,0.09585622555215316,2-0,0.09071050395004514,1-1,0.0796450264901815,medium,0,preseason_static,True
laliga_102339,2026/27,10,2026-10-25,,,alaves,Deportivo Alavés,malaga,Málaga CF,poisson,1.7152155701830543,1.0900725779032197,0.5200084854433754,0.23881914010536107,0.24117237445126344,H,1-1,0.11309771591918792,1-0,0.10375246402100495,2-1,0.09699348164836548,low,1,preseason_static,True
laliga_102340,2026/27,10,2026-10-25,,,athletic_bilbao,Athletic Club,getafe,Getafe CF,poisson,1.1527129259559226,0.6979076527621733,0.46595263179194824,0.3113723386404699,0.22267502956758187,H,1-0,0.1811368770856865,0-0,0.15713962514602078,1-1,0.12641681271554173,medium,0,preseason_static,True
laliga_102341,2026/27,10,2026-10-25,,,atletico_madrid,Atlético de Madrid,deportivo,RC Deportivo,poisson,2.98296323687006,0.8229192097618696,0.8064223321254749,0.12105524979394891,0.07252241808057622,H,2-0,0.09897218594315635,3-0,0.09841013071370104,2-1,0.08144611304474704,low,1,preseason_static,True
laliga_102342,2026/27,10,2026-10-25,,,celta,RC Celta,betis,Real Betis,poisson,1.5457350748744891,1.3006631227269732,0.4308773361279731,0.24832216977871402,0.32080049409331296,H,1-1,0.11671461397968075,2-1,0.09020493628941446,1-0,0.0897346991240719,medium,0,preseason_static,True
laliga_102343,2026/27,10,2026-10-25,,,barcelona,FC Barcelona,real_madrid,Real Madrid,poisson,1.9194389980988633,1.3036566629480475,0.5181888284708798,0.22219174331989047,0.25961942820922973,H,1-1,0.09967067806239722,2-1,0.09565589321996107,1-0,0.07645469922809671,medium,0,preseason_static,True
laliga_102344,2026/27,10,2026-10-25,,,racing_santander,Racing de Santander,espanyol,RCD Espanyol,poisson,1.5931472315760757,1.577225514264932,0.38566813919087534,0.23549471402330963,0.37883714678581504,H,1-1,0.10550550810624486,2-1,0.08404290407774562,1-2,0.0832029896403275,low,1,preseason_static,True
laliga_102345,2026/27,10,2026-10-25,,,vallecano,Rayo Vallecano,elche,Elche CF,poisson,1.3720402967429173,0.9524637358290688,0.46533332864046995,0.2740365021989247,0.2606301691606054,H,1-0,0.13422941450492873,1-1,0.12784864959751305,0-0,0.09783197681844738,medium,0,preseason_static,True
laliga_102346,2026/27,10,2026-10-25,,,real_sociedad,Real Sociedad,levante,Levante UD,poisson,1.855315822239202,1.1442063226941928,0.5399372665568599,0.22682386797402562,0.23323886546911457,H,1-1,0.105742139388392,2-1,0.09809253214235344,1-0,0.09241527274504781,medium,0,preseason_static,True
laliga_102347,2026/27,10,2026-10-25,,,sevilla,Sevilla FC,osasuna,CA Osasuna,poisson,1.3900381072876067,1.1076340783114789,0.4336404929874594,0.2669087960816632,0.29945071093087755,H,1-1,0.12667703638718508,1-0,0.11436722548325398,0-1,0.09113206013781239,medium,0,preseason_static,True
laliga_102348,2026/27,10,2026-10-25,,,valencia,Valencia CF,villarreal,Villarreal CF,poisson,1.373096720250767,1.6097196239390257,0.3269677493705586,0.24195253101620884,0.43107971961323266,A,1-1,0.11195184694057851,1-2,0.0901055424782337,0-1,0.08153238245309688,medium,0,preseason_static,True
laliga_102349,2026/27,11,2026-11-01,,,athletic_bilbao,Athletic Club,real_sociedad,Real Sociedad,poisson,1.5113127231752448,1.064180410844952,0.47554572296550124,0.2574963210298866,0.2669579560046121,H,1-1,0.12241859993536706,1-0,0.11503556980358953,2-1,0.09250639381781021,medium,0,preseason_static,True
laliga_102350,2026/27,11,2026-11-01,,,betis,Real Betis,malaga,Málaga CF,poisson,2.3277489328602723,1.0041594348448681,0.6692943276356067,0.18274117499887405,0.1479644973655193,H,2-1,0.09719183631491525,2-0,0.09678924774523513,1-1,0.08350714713505519,low,1,preseason_static,True
laliga_102351,2026/27,11,2026-11-01,,,deportivo,RC Deportivo,osasuna,CA Osasuna,poisson,1.3733432139548654,1.5556239451013831,0.3369226104416373,0.24522696897615193,0.4178504205822109,A,1-1,0.11419573192424402,1-2,0.08882280750486622,0-1,0.08315163373865628,low,1,preseason_static,True
laliga_102352,2026/27,11,2026-11-01,,,elche,Elche CF,valencia,Valencia CF,poisson,1.456135660655266,1.173200309873426,0.43619053403374763,0.259098231738433,0.3047112342278193,H,1-1,0.12321628350047771,1-0,0.10502578499469646,2-1,0.08970981218922736,medium,0,preseason_static,True
laliga_102353,2026/27,11,2026-11-01,,,barcelona,FC Barcelona,alaves,Deportivo Alavés,poisson,2.810120466741794,0.7097632086463833,0.8070640888917107,0.12551493822508666,0.0674209728832027,H,2-0,0.11690340140517021,3-0,0.1095042136401334,1-0,0.08320170098665866,medium,0,preseason_static,True
laliga_102354,2026/27,11,2026-11-01,,,getafe,Getafe CF,sevilla,Sevilla FC,poisson,1.1162656077527768,0.8160124630872686,0.424395806816663,0.309989842171395,0.2656143510119419,H,1-0,0.16165526518276968,0-0,0.144817921523362,1-1,0.13191271111281747,medium,0,preseason_static,True
laliga_102355,2026/27,11,2026-11-01,,,levante,Levante UD,atletico_madrid,Atlético de Madrid,poisson,1.194581235091177,1.72637883651124,0.2643346262440682,0.23726214770266252,0.4984032260532693,A,1-1,0.11112093647482375,1-2,0.0959184165117228,0-1,0.09302082873111797,medium,0,preseason_static,True
laliga_102356,2026/27,11,2026-11-01,,,racing_santander,Racing de Santander,real_madrid,Real Madrid,poisson,1.0528927067958331,2.8164140932485284,0.11395734528439805,0.14696279475630922,0.7390798599592927,A,1-2,0.08717727361378863,0-2,0.08279787014489522,1-3,0.08184243400561915,low,1,preseason_static,True
laliga_102357,2026/27,11,2026-11-01,,,vallecano,Rayo Vallecano,celta,RC Celta,poisson,1.229576242152198,1.0793814317075465,0.39599361157041757,0.2820125712436064,0.321993817185976,H,1-1,0.13187512156576317,1-0,0.12217657047994704,0-1,0.10725249646572103,medium,0,preseason_static,True
laliga_102358,2026/27,11,2026-11-01,,,villarreal,Villarreal CF,espanyol,RCD Espanyol,poisson,2.268649344526314,0.9600598425518431,0.6684791799752392,0.18591570510592284,0.1456051149188381,H,2-0,0.1019308155536183,2-1,0.09785968273158774,1-0,0.08986035307708701,medium,0,preseason_static,True
laliga_102359,2026/27,12,2026-11-08,,,atletico_madrid,Atlético de Madrid,barcelona,FC Barcelona,poisson,1.469462815435299,1.6339783574692286,0.34564667586829195,0.2375145875721599,0.41683873655954823,A,1-1,0.10779491258914037,1-2,0.08806727710797134,2-1,0.07920030787142009,medium,0,preseason_static,True
laliga_102360,2026/27,12,2026-11-08,,,celta,RC Celta,levante,Levante UD,poisson,1.9239861118194397,1.1226784770458402,0.5603137920399922,0.22084402426067534,0.2188421836993325,H,1-1,0.10263848854216061,2-1,0.09873751324662783,1-0,0.09142287007428733,medium,0,preseason_static,True
laliga_102361,2026/27,12,2026-11-08,,,elche,Elche CF,betis,Real Betis,poisson,1.3639817776816106,1.4513636126746106,0.3543690019635368,0.2517387809883547,0.3938922170481085,A,1-1,0.1185485102744015,0-1,0.08691355868104116,1-2,0.08602849707452428,medium,0,preseason_static,True
laliga_102362,2026/27,12,2026-11-08,,,espanyol,RCD Espanyol,deportivo,RC Deportivo,poisson,1.9874046672258998,1.0907381894675598,0.5815853649593858,0.21490767692060644,0.20350695812000782,H,1-1,0.09981361439632293,2-1,0.09918502155196925,1-0,0.0915101491449993,low,1,preseason_static,True
laliga_102363,2026/27,12,2026-11-08,,,malaga,Málaga CF,racing_santander,Racing de Santander,poisson,2.2983984585706305,1.5075340169194664,0.5538049330533644,0.19815802197842927,0.2480370449682064,H,2-1,0.08855340686556266,1-1,0.07705661873845308,3-1,0.06784367128032907,low,1,preseason_static,True
laliga_102364,2026/27,12,2026-11-08,,,osasuna,CA Osasuna,athletic_bilbao,Athletic Club,poisson,1.2453737524847788,1.0918880042791594,0.39764223169559776,0.2799417333422657,0.32241603496213667,H,1-1,0.1313463379826057,1-0,0.12029286654661774,0-1,0.10546740504249633,medium,0,preseason_static,True
laliga_102365,2026/27,12,2026-11-08,,,real_sociedad,Real Sociedad,vallecano,Rayo Vallecano,poisson,1.3958133563623043,0.9344754968670945,0.47622314755557477,0.27202149676913523,0.25175535567529,H,1-0,0.135767518750897,1-1,0.12687141954315703,0-0,0.09726767417151473,medium,0,preseason_static,True
laliga_102366,2026/27,12,2026-11-08,,,sevilla,Sevilla FC,alaves,Deportivo Alavés,poisson,1.4324631514802202,1.025875063555517,0.4639893815759429,0.26581528558247614,0.2701953328415809,H,1-1,0.12575792706935837,1-0,0.1225860063636811,2-1,0.09007179826669637,medium,0,preseason_static,True
laliga_102367,2026/27,12,2026-11-08,,,valencia,Valencia CF,real_madrid,Real Madrid,poisson,0.9799695468608365,1.7615850715741657,0.2084888492710681,0.23407637083933222,0.5574347798895998,A,0-1,0.11356975533004737,1-1,0.11129490166788261,0-2,0.100031392785871,medium,0,preseason_static,True
laliga_102368,2026/27,12,2026-11-08,,,villarreal,Villarreal CF,getafe,Getafe CF,poisson,1.6768569924836962,0.7573346957851862,0.5937051913921102,0.23975424173314858,0.16654056687474122,H,1-0,0.1470079102279922,2-0,0.12325562110811213,1-1,0.11133419097053245,medium,0,preseason_static,True
laliga_102369,2026/27,13,2026-11-22,,,alaves,Deportivo Alavés,deportivo,RC Deportivo,poisson,1.9321430412508658,1.0553568832564526,0.5779190246026538,0.21913302133030454,0.20294795406704175,H,1-1,0.10279843953196062,2-1,0.09931064479656279,1-0,0.09740632876223021,low,1,preseason_static,True
laliga_102370,2026/27,13,2026-11-22,,,athletic_bilbao,Athletic Club,espanyol,RCD Espanyol,poisson,1.559525609887296,0.8847252277698757,0.531791152460988,0.2547578420233516,0.21345100551566032,H,1-0,0.1353531007730882,1-1,0.11975030291082943,2-0,0.10554331351664352,medium,0,preseason_static,True
laliga_102371,2026/27,13,2026-11-22,,,barcelona,FC Barcelona,villarreal,Villarreal CF,poisson,2.6894462194805735,1.1912690150984768,0.6911241532332951,0.16288147103043654,0.14599437573626842,H,2-1,0.08891659222146271,3-1,0.07971213093303622,2-0,0.07464022911240781,medium,0,preseason_static,True
laliga_102372,2026/27,13,2026-11-22,,,getafe,Getafe CF,atletico_madrid,Atlético de Madrid,poisson,0.8274547860105587,1.150195854832892,0.26303895238189745,0.3049666482087318,0.4319943994093707,A,0-1,0.15918020367107652,0-0,0.13839399872833244,1-1,0.13171442136576775,medium,0,preseason_static,True
laliga_102373,2026/27,13,2026-11-22,,,levante,Levante UD,elche,Elche CF,poisson,1.6799768295559072,1.266015281439998,0.47124685440891656,0.2398258594760953,0.2889272861149882,H,1-1,0.11176732996783026,2-1,0.09388326232364218,1-0,0.08828276530809584,medium,0,preseason_static,True
laliga_102374,2026/27,13,2026-11-22,,,osasuna,CA Osasuna,malaga,Málaga CF,poisson,1.851912854378873,1.057788063468826,0.5594703414234744,0.22640321360144705,0.21412644497507846,H,1-1,0.10674657096264639,1-0,0.1009148946269919,2-1,0.0988426734632957,low,1,preseason_static,True
laliga_102375,2026/27,13,2026-11-22,,,racing_santander,Racing de Santander,real_sociedad,Real Sociedad,poisson,1.5438949291421669,1.897145512620304,0.3165475715947966,0.22152301358012902,0.4619294148250745,A,1-1,0.09382013195389846,1-2,0.08899522116489161,2-1,0.0724242129875364,low,1,preseason_static,True
laliga_102376,2026/27,13,2026-11-22,,,vallecano,Rayo Vallecano,valencia,Valencia CF,poisson,1.2304442411896221,0.9228908563599802,0.43254849365748804,0.29043133454920594,0.27702017179330607,H,1-0,0.142850058973864,1-1,0.131835013257463,0-0,0.11609632862010327,medium,0,preseason_static,True
laliga_102377,2026/27,13,2026-11-22,,,real_madrid,Real Madrid,celta,RC Celta,poisson,2.360661068861831,0.8546743847768935,0.7091737569689134,0.17240109987976532,0.11842514315132133,H,2-0,0.11185386150269094,2-1,0.09559863026473224,1-0,0.0947648630954211,medium,0,preseason_static,True
laliga_102378,2026/27,13,2026-11-22,,,sevilla,Sevilla FC,betis,Real Betis,poisson,1.3195647865881683,1.3922329215939104,0.3546246420199004,0.25733109107107116,0.38804426690902843,A,1-1,0.12201803347755551,0-1,0.09246839163770207,1-0,0.08764196822602217,medium,0,preseason_static,True
laliga_102379,2026/27,14,2026-11-29,,,betis,Real Betis,vallecano,Rayo Vallecano,poisson,1.531055367205412,0.8594728792188551,0.5309048871892008,0.25803812739706916,0.21105698541373008,H,1-0,0.1402161256488964,1-1,0.12051195722436972,2-0,0.10733932587174563,medium,0,preseason_static,True
laliga_102380,2026/27,14,2026-11-29,,,celta,RC Celta,villarreal,Villarreal CF,poisson,1.605926739401032,1.60858407058575,0.3825973471932791,0.23367230086845578,0.3837303519382651,A,1-1,0.10378297498624212,1-2,0.08347182018043421,2-1,0.08333392731249732,medium,0,preseason_static,True
laliga_102381,2026/27,14,2026-11-29,,,deportivo,RC Deportivo,barcelona,FC Barcelona,poisson,1.0299970337393005,3.0958355444726244,0.09176357209684405,0.1265967886547382,0.7816396392484177,A,1-3,0.08229183862896321,0-3,0.07989521904758402,1-2,0.07974438962937377,low,1,preseason_static,True
laliga_102382,2026/27,14,2026-11-29,,,elche,Elche CF,atletico_madrid,Atlético de Madrid,poisson,1.154567060666354,1.651077391880377,0.2667249043816957,0.24380335154433788,0.4894717440739665,A,1-1,0.11526867704630295,0-1,0.09983714326630458,1-2,0.0951587533315557,medium,0,preseason_static,True
laliga_102383,2026/27,14,2026-11-29,,,espanyol,RCD Espanyol,getafe,Getafe CF,poisson,1.0276534722689188,0.8178451820151422,0.3959769490109471,0.32133316294458286,0.2826898880444701,H,1-0,0.162314313166312,0-0,0.1579465428243473,1-1,0.13274797899516527,medium,0,preseason_static,True
laliga_102384,2026/27,14,2026-11-29,,,levante,Levante UD,racing_santander,Racing de Santander,poisson,2.4087473549357954,1.3179908014273147,0.6151944038328605,0.18738040847559329,0.19742518769154627,H,2-1,0.09204123510513135,1-1,0.07642248981947272,3-1,0.07390136053483626,low,1,preseason_static,True
laliga_102385,2026/27,14,2026-11-29,,,malaga,Málaga CF,athletic_bilbao,Athletic Club,poisson,1.2892583092104777,1.4757191680497297,0.33084819486001227,0.2533851377979645,0.41576666734202333,A,1-1,0.11982003884759243,0-1,0.09293718566062095,1-2,0.0884103640219277,low,1,preseason_static,True
laliga_102386,2026/27,14,2026-11-29,,,real_madrid,Real Madrid,alaves,Deportivo Alavés,poisson,2.402147022165228,0.6661357229904662,0.7591228956862824,0.15653992810631373,0.08433717620740386,H,2-0,0.13416824770501107,1-0,0.11170694088830214,3-0,0.10743061889790635,medium,0,preseason_static,True
laliga_102387,2026/27,14,2026-11-29,,,real_sociedad,Real Sociedad,sevilla,Sevilla FC,poisson,1.7020991077672631,1.0698674318331673,0.5216549292235332,0.24004639680063616,0.23829867397583074,H,1-1,0.11388482245128022,1-0,0.1064476018829211,2-1,0.09692162734127861,medium,0,preseason_static,True
laliga_102388,2026/27,14,2026-11-29,,,valencia,Valencia CF,osasuna,CA Osasuna,poisson,1.3922154564925322,1.0355133728389858,0.45093981528868726,0.2693375779781989,0.2797226067331138,H,1-1,0.12720759775318366,1-0,0.12284495892547344,0-1,0.09137062597599883,medium,0,preseason_static,True
laliga_102389,2026/27,15,2026-12-06,,,alaves,Deportivo Alavés,espanyol,RCD Espanyol,poisson,1.35167104798021,1.0031372976749449,0.44757066816186925,0.2743878725595293,0.2780414592786015,H,1-1,0.1286918994702001,1-0,0.12828941737933588,0-1,0.09520948137677672,medium,0,preseason_static,True
laliga_102390,2026/27,15,2026-12-06,,,athletic_bilbao,Athletic Club,real_madrid,Real Madrid,poisson,1.030672563192568,1.5798327998167572,0.24736856615131042,0.2516611196588759,0.5009703141898136,A,1-1,0.11967520151517813,0-1,0.11611369681218374,1-2,0.09453340433917926,medium,0,preseason_static,True
laliga_102391,2026/27,15,2026-12-06,,,atletico_madrid,Atlético de Madrid,betis,Real Betis,poisson,1.8599690769120574,1.0320212198721468,0.5674392037736987,0.22533688315535133,0.2072239130709499,H,1-1,0.10646841095403904,1-0,0.10316494361155579,2-1,0.09901397602123878,medium,0,preseason_static,True
laliga_102392,2026/27,15,2026-12-06,,,barcelona,FC Barcelona,celta,RC Celta,poisson,2.7615886635738565,0.9106499062441116,0.7600014788496685,0.14274341484060551,0.097255106309726,H,2-0,0.09694340550146123,3-0,0.0892392698803596,2-1,0.08828150313089057,medium,0,preseason_static,True
laliga_102393,2026/27,15,2026-12-06,,,getafe,Getafe CF,valencia,Valencia CF,poisson,1.0435828827426021,0.8172906612016925,0.4012133759167211,0.31931068900258136,0.2794759350806975,H,1-0,0.16231544346087032,0-0,0.1555367054644429,1-1,0.13265889610938061,medium,0,preseason_static,True
laliga_102394,2026/27,15,2026-12-06,,,osasuna,CA Osasuna,elche,Elche CF,poisson,1.5484498063227805,1.0714405176902357,0.48332940426250093,0.25397320109598875,0.26269739464151043,H,1-1,0.12079852207546343,1-0,0.11274403019205917,2-1,0.09352522405591475,medium,0,preseason_static,True
laliga_102395,2026/27,15,2026-12-06,,,racing_santander,Racing de Santander,deportivo,RC Deportivo,poisson,2.27732061123711,1.6593299908050756,0.5184799577028396,0.20023686419602874,0.2812831781011316,H,2-1,0.08396491207039926,1-1,0.07374008881848829,2-2,0.06966274838686227,low,1,preseason_static,True
laliga_102396,2026/27,15,2026-12-06,,,vallecano,Rayo Vallecano,levante,Levante UD,poisson,1.434615568468269,0.9854735551433205,0.474244422117463,0.2666793405839305,0.2590762372986065,H,1-0,0.12755701478219597,1-1,0.12570406484087973,2-0,0.09149763963693774,medium,0,preseason_static,True
laliga_102397,2026/27,15,2026-12-06,,,sevilla,Sevilla FC,malaga,Málaga CF,poisson,1.8786779149553117,1.1466649559447952,0.5446432917985843,0.22488637524401692,0.23047033295739877,H,1-1,0.1045685763293298,2-1,0.09822533747411533,1-0,0.09119366192121084,low,1,preseason_static,True
laliga_102398,2026/27,15,2026-12-06,,,villarreal,Villarreal CF,real_sociedad,Real Sociedad,poisson,2.1985138282234296,1.1547956875355505,0.6104951840016716,0.19879328455825626,0.19071153144007225,H,2-1,0.09759291784115998,1-1,0.08878080873389155,2-0,0.08451098224087848,medium,0,preseason_static,True
laliga_102399,2026/27,16,2026-12-13,,,atletico_madrid,Atlético de Madrid,valencia,Valencia CF,poisson,1.9856330523793173,0.8342276217871548,0.6429740113053324,0.20761874783312798,0.14940724086153973,H,1-0,0.11837294163855773,2-0,0.11752261271244407,1-1,0.09874997758708366,medium,0,preseason_static,True
laliga_102400,2026/27,16,2026-12-13,,,betis,Real Betis,racing_santander,Racing de Santander,poisson,2.7906198618638043,1.0588769833694776,0.7340546930801489,0.14913957901357816,0.11680572790627297,H,2-1,0.08779519740785088,2-0,0.08291350061125677,3-1,0.08166767388753411,low,1,preseason_static,True
laliga_102401,2026/27,16,2026-12-13,,,deportivo,RC Deportivo,athletic_bilbao,Athletic Club,poisson,1.2481991185743366,1.6623569485691534,0.28759013336234607,0.24143747404647176,0.4709723925911822,A,1-1,0.11297189036636154,1-2,0.09389980347175687,0-1,0.09050790750068415,low,1,preseason_static,True
laliga_102402,2026/27,16,2026-12-13,,,elche,Elche CF,sevilla,Sevilla FC,poisson,1.5575515707387777,1.171365488438275,0.46247793476037724,0.25110776297715903,0.28641430226246367,H,1-1,0.11911915515551574,1-0,0.10169255994927048,2-1,0.09276711360877486,medium,0,preseason_static,True
laliga_102403,2026/27,16,2026-12-13,,,espanyol,RCD Espanyol,celta,RC Celta,poisson,1.3219983798782429,1.2932202124848855,0.3752326041735908,0.26298442187606114,0.36178297395034814,H,1-1,0.12506291002792866,1-0,0.09670658471044453,0-1,0.09460140945062814,medium,0,preseason_static,True
laliga_102404,2026/27,16,2026-12-13,,,levante,Levante UD,alaves,Deportivo Alavés,poisson,1.5319967186417769,1.1182205715106037,0.46821080661835957,0.25446437479010164,0.27732481859153885,H,1-1,0.12100710605285611,1-0,0.10821398669976859,2-1,0.09269124470265654,medium,0,preseason_static,True
laliga_102405,2026/27,16,2026-12-13,,,malaga,Málaga CF,barcelona,FC Barcelona,poisson,1.0638785226248761,2.7482568398082354,0.12086930124695554,0.1524795346759309,0.7266511640771136,A,1-2,0.0888071659410834,0-2,0.08347491189310985,1-3,0.08135496707385582,low,1,preseason_static,True
laliga_102406,2026/27,16,2026-12-13,,,real_madrid,Real Madrid,osasuna,CA Osasuna,poisson,2.3310029976455007,0.7192246441858917,0.7353770825064604,0.1668965673874311,0.09772635010610857,H,2-0,0.12863912131881694,1-0,0.11037233452616986,3-0,0.09995272580288189,medium,0,preseason_static,True
laliga_102407,2026/27,16,2026-12-13,,,real_sociedad,Real Sociedad,getafe,Getafe CF,poisson,1.2360998194682835,0.7925614182484526,0.4665979646569427,0.29556065876737375,0.23784137657568355,H,1-0,0.1625613130220708,0-0,0.13151147703588986,1-1,0.12883982480110306,medium,0,preseason_static,True
laliga_102408,2026/27,16,2026-12-13,,,villarreal,Villarreal CF,vallecano,Rayo Vallecano,poisson,1.8935197222381952,0.8929411649920841,0.6087747795309257,0.219125710308917,0.17209951016015718,H,1-0,0.11671520127033999,2-0,0.11050126774519459,1-1,0.10421980779462296,medium,0,preseason_static,True
laliga_102409,2026/27,17,2026-12-20,,,alaves,Deportivo Alavés,elche,Elche CF,poisson,1.434152374487707,1.1041417156462137,0.44613478057563444,0.26325654784298935,0.29060867158137627,H,1-1,0.12509880606964985,1-0,0.11329959216008255,2-1,0.08970537488518276,medium,0,preseason_static,True
laliga_102410,2026/27,17,2026-12-20,,,athletic_bilbao,Athletic Club,betis,Real Betis,poisson,1.3900121532798801,1.1672901124440236,0.42019949165319204,0.264493330585377,0.315307177761431,H,1-1,0.12576948333508717,1-0,0.10774483737530877,0-1,0.09048085157983751,medium,0,preseason_static,True
laliga_102411,2026/27,17,2026-12-20,,,celta,RC Celta,atletico_madrid,Atlético de Madrid,poisson,1.3084154283938763,1.479639876343308,0.334956921983558,0.25237480316680133,0.41266827484964064,A,1-1,0.11914201008270306,0-1,0.0910582430451419,1-2,0.08814363453303196,medium,0,preseason_static,True
laliga_102412,2026/27,17,2026-12-20,,,deportivo,RC Deportivo,real_madrid,Real Madrid,poisson,0.9666855232697764,2.6463819691298287,0.11390415022426893,0.15486997255318413,0.731225877222547,A,0-2,0.09444602203222682,1-2,0.09129960222897202,0-3,0.08331341658737453,low,1,preseason_static,True
laliga_102413,2026/27,17,2026-12-20,,,barcelona,FC Barcelona,real_sociedad,Real Sociedad,poisson,2.8145433213046207,0.8781472845339877,0.7739796412466187,0.136746663996216,0.08927369475716528,H,2-0,0.09866089157249211,3-0,0.09256178448310569,2-1,0.08663879402408613,medium,0,preseason_static,True
laliga_102414,2026/27,17,2026-12-20,,,getafe,Getafe CF,levante,Levante UD,poisson,1.2167477407363565,0.8727124425704653,0.4407569475905133,0.2944510087862476,0.26479204362323916,H,1-0,0.15057731640156644,1-1,0.13141069759251683,0-0,0.12375393136989876,medium,0,preseason_static,True
laliga_102415,2026/27,17,2026-12-20,,,osasuna,CA Osasuna,villarreal,Villarreal CF,poisson,1.351417695799818,1.5883746887510726,0.32556037839735946,0.24394424738333498,0.43049537421930545,A,1-1,0.11350302883745843,1-2,0.09014266905100103,0-1,0.0839881179521504,medium,0,preseason_static,True
laliga_102416,2026/27,17,2026-12-20,,,vallecano,Rayo Vallecano,malaga,Málaga CF,poisson,1.6409308534824742,0.9403273014341931,0.5382426171376555,0.24601351826559917,0.21574386459674535,H,1-0,0.12418372320125465,1-1,0.11677334531988658,2-0,0.10188845145063306,low,1,preseason_static,True
laliga_102417,2026/27,17,2026-12-20,,,sevilla,Sevilla FC,racing_santander,Racing de Santander,poisson,2.2522514475292312,1.2091477581683998,0.6089335503339867,0.19601417937219642,0.19505227029381694,H,2-1,0.09625586420424873,1-1,0.08547523795342081,2-0,0.07960637031660693,low,1,preseason_static,True
laliga_102418,2026/27,17,2026-12-20,,,valencia,Valencia CF,espanyol,RCD Espanyol,poisson,1.4828061402014658,0.9865086696929176,0.48672773661746666,0.2618112852913247,0.25146097809120865,H,1-0,0.12550897936794736,1-1,0.12381569627078959,2-0,0.09305274262860572,medium,0,preseason_static,True
laliga_102419,2026/27,18,2027-01-03,,,betis,Real Betis,alaves,Deportivo Alavés,poisson,1.7748729282842832,0.8983810996408841,0.5806883108766273,0.2315671378929324,0.18774455123044018,H,1-0,0.12251492055971369,1-1,0.11006508905485113,2-0,0.10872420790616769,medium,0,preseason_static,True
laliga_102420,2026/27,18,2027-01-03,,,celta,RC Celta,deportivo,RC Deportivo,poisson,2.479004064920377,1.0371304857990098,0.6887427939581604,0.17175632823990727,0.13950087780193235,H,2-1,0.09469889565543967,2-0,0.09130856430517828,3-1,0.07825298242443521,low,1,preseason_static,True
laliga_102421,2026/27,18,2027-01-03,,,espanyol,RCD Espanyol,barcelona,FC Barcelona,poisson,0.9790322661754748,2.165756460796311,0.1596814296043116,0.19588565574540168,0.6444329146502867,A,0-2,0.10102580352672598,1-2,0.09890752136896883,0-1,0.09329378012297886,medium,0,preseason_static,True
laliga_102422,2026/27,18,2027-01-03,,,levante,Levante UD,valencia,Valencia CF,poisson,1.5066013878500437,1.2267069950290095,0.43721029860459226,0.2534676332570838,0.30932206813832397,H,1-1,0.12013754155377729,1-0,0.0979349934748976,2-1,0.09049969341890658,medium,0,preseason_static,True
laliga_102423,2026/27,18,2027-01-03,,,malaga,Málaga CF,elche,Elche CF,poisson,1.6030141756351166,1.448083780739439,0.41382976239178143,0.2399062108115662,0.3462640267966524,H,1-1,0.10981373665268311,2-1,0.08801648826685632,1-2,0.07950974547457122,low,1,preseason_static,True
laliga_102424,2026/27,18,2027-01-03,,,racing_santander,Racing de Santander,athletic_bilbao,Athletic Club,poisson,1.3595111511865914,1.7691646907265088,0.2961051577320914,0.23210082059113815,0.4717940216767705,A,1-1,0.10528963722568994,1-2,0.09313735423954705,0-1,0.07744668893211532,low,1,preseason_static,True
laliga_102425,2026/27,18,2027-01-03,,,vallecano,Rayo Vallecano,atletico_madrid,Atlético de Madrid,poisson,0.9756167843762963,1.2988099434387972,0.27978496798304375,0.2807738198061003,0.4394412122108561,A,0-1,0.13359022762784617,1-1,0.13033286830237675,0-0,0.10285587071665443,medium,0,preseason_static,True
laliga_102426,2026/27,18,2027-01-03,,,real_madrid,Real Madrid,getafe,Getafe CF,poisson,1.8350563670806834,0.5405044871966905,0.6874143337705977,0.2107142678519456,0.10187139837745676,H,1-0,0.17059176537721424,2-0,0.15652275261349552,3-0,0.09574269125879653,medium,0,preseason_static,True
laliga_102427,2026/27,18,2027-01-03,,,real_sociedad,Real Sociedad,osasuna,CA Osasuna,poisson,1.570171051014339,1.0546252945866372,0.492811821363633,0.25225586743403944,0.2549323112023276,H,1-1,0.11998058074852336,1-0,0.11376607536760248,2-1,0.09419501728760982,medium,0,preseason_static,True
laliga_102428,2026/27,18,2027-01-03,,,villarreal,Villarreal CF,sevilla,Sevilla FC,poisson,2.3090180467686974,1.022315378167769,0.661734690401989,0.185106229069763,0.153159080528248,H,2-1,0.09741887178740216,2-0,0.0952923861538695,1-1,0.08438121297815991,medium,0,preseason_static,True
laliga_102429,2026/27,19,2027-01-10,,,alaves,Deportivo Alavés,real_sociedad,Real Sociedad,poisson,1.3098840053724654,1.2066108528006032,0.3902456962079983,0.2685688313536204,0.3411854724383813,H,1-1,0.1276145896686359,1-0,0.1057628392554535,0-1,0.09742434379321142,medium,0,preseason_static,True
laliga_102430,2026/27,19,2027-01-10,,,athletic_bilbao,Athletic Club,villarreal,Villarreal CF,poisson,1.4441398926176405,1.4436361328465652,0.37593426932648777,0.24835682883073673,0.37570890184277544,H,1-1,0.11612404281489458,2-1,0.08384968136051407,1-2,0.0838204320499017,medium,0,preseason_static,True
laliga_102431,2026/27,19,2027-01-10,,,atletico_madrid,Atlético de Madrid,racing_santander,Racing de Santander,poisson,3.1746209723177454,0.8963055858225164,0.815379789049598,0.11329622564997621,0.07132398530042586,H,3-0,0.09102188996077101,2-0,0.08601520378760419,3-1,0.0815834284039615,low,1,preseason_static,True
laliga_102432,2026/27,19,2027-01-10,,,deportivo,RC Deportivo,vallecano,Rayo Vallecano,poisson,1.2208420220646579,1.3783971108020339,0.33163030670423255,0.26298307474751614,0.40538661854825125,A,1-1,0.12508313245568967,0-1,0.10245644415495475,1-0,0.09074535304481943,low,1,preseason_static,True
laliga_102433,2026/27,19,2027-01-10,,,elche,Elche CF,getafe,Getafe CF,poisson,1.1311263877743594,0.8677515224603078,0.4163105818210175,0.3048915265258647,0.27879789165311786,H,1-0,0.15325318310934438,0-0,0.135487231812256,1-1,0.13298568296502192,medium,0,preseason_static,True
laliga_102434,2026/27,19,2027-01-10,,,espanyol,RCD Espanyol,betis,Real Betis,poisson,1.2392077712058958,1.367892429174408,0.3384858316618505,0.2628453309826457,0.3986688373555039,A,1-1,0.12501063997398462,0-1,0.10087948355289483,1-0,0.0913892330330645,medium,0,preseason_static,True
laliga_102435,2026/27,19,2027-01-10,,,osasuna,CA Osasuna,barcelona,FC Barcelona,poisson,1.0276655798485175,2.0334415524537266,0.18442248198620384,0.20940172194411297,0.6061757960696832,A,1-2,0.09951017132931819,1-1,0.09787364796321844,0-2,0.09683127787931405,medium,0,preseason_static,True
laliga_102436,2026/27,19,2027-01-10,,,real_madrid,Real Madrid,levante,Levante UD,poisson,2.754315678170794,0.7803163735396011,0.7855970848348536,0.1347893025603812,0.07961361260476517,H,2-0,0.11065933658267102,3-0,0.10159691522854326,2-1,0.08634929222048796,medium,0,preseason_static,True
laliga_102437,2026/27,19,2027-01-10,,,sevilla,Sevilla FC,celta,RC Celta,poisson,1.4077239915275626,1.3162319757693233,0.39271885406081497,0.25655075157603685,0.35073039436314823,H,1-1,0.12157690985381354,1-0,0.09236738818987678,0-1,0.08636416697131581,medium,0,preseason_static,True
laliga_102438,2026/27,19,2027-01-10,,,valencia,Valencia CF,malaga,Málaga CF,poisson,1.8816206672748297,1.0720028566264064,0.5627869327744537,0.22390592154992833,0.2133071456756179,H,1-1,0.10519320335278352,2-1,0.0989668527427207,1-0,0.09812772671504494,low,1,preseason_static,True
laliga_102439,2026/27,20,2027-01-17,,,atletico_madrid,Atlético de Madrid,real_sociedad,Real Sociedad,poisson,2.022280829715675,0.9408601632586139,0.6245499109947266,0.20784927248988586,0.16760081651538766,H,2-0,0.10562850885237633,1-0,0.10446472843954842,2-1,0.09938165608361073,medium,0,preseason_static,True
laliga_102440,2026/27,20,2027-01-17,,,betis,Real Betis,deportivo,RC Deportivo,poisson,2.6221449831668155,0.9721798281440017,0.7262845236646887,0.15706681461955446,0.11664866171575693,H,2-0,0.09447752487498899,2-1,0.09184914389643746,3-0,0.08257792262432347,low,1,preseason_static,True
laliga_102441,2026/27,20,2027-01-17,,,celta,RC Celta,valencia,Valencia CF,poisson,1.6501686468833292,1.0513825517591584,0.5134699801699397,0.24488138774122403,0.2416486320888361,H,1-1,0.11641821151109649,1-0,0.1107286889213704,2-1,0.09605484128092164,medium,0,preseason_static,True
laliga_102442,2026/27,20,2027-01-17,,,barcelona,FC Barcelona,elche,Elche CF,poisson,3.081558344702259,0.8035722926616596,0.8215320735416143,0.11310538226952295,0.06536254418886268,H,3-0,0.10023691560604009,2-0,0.09758398614619614,3-1,0.08054760808287893,medium,0,preseason_static,True
laliga_102443,2026/27,20,2027-01-17,,,getafe,Getafe CF,athletic_bilbao,Athletic Club,poisson,0.9359107851719072,0.8595767729236578,0.3563659536590903,0.3290212743481882,0.31461277199272164,H,0-0,0.1660464765171034,1-0,0.15540468821215087,0-1,0.14272969443991565,medium,0,preseason_static,True
laliga_102444,2026/27,20,2027-01-17,,,levante,Levante UD,espanyol,RCD Espanyol,poisson,1.5833575861138511,1.1502030312255955,0.4737745032445283,0.24946825152619306,0.2767572452292785,H,1-1,0.11835419161313873,1-0,0.10289852173926786,2-1,0.09369850356951778,medium,0,preseason_static,True
laliga_102445,2026/27,20,2027-01-17,,,malaga,Málaga CF,real_madrid,Real Madrid,poisson,0.9984843962176007,2.349264760006877,0.14485042414822066,0.180663402799044,0.6744861730527354,A,0-2,0.09703768300964229,1-2,0.09689061233023763,0-1,0.08261110851495364,low,1,preseason_static,True
laliga_102446,2026/27,20,2027-01-17,,,racing_santander,Racing de Santander,osasuna,CA Osasuna,poisson,1.4958153599007518,1.655574007791114,0.3479092752513744,0.2355188512082387,0.4165718735403869,A,1-1,0.10597329175859545,1-2,0.08772331367779744,2-1,0.07925823877587541,low,1,preseason_static,True
laliga_102447,2026/27,20,2027-01-17,,,vallecano,Rayo Vallecano,sevilla,Sevilla FC,poisson,1.316141354376938,0.9214475052874452,0.45738764694083356,0.2810822574299503,0.26153009562921625,H,1-0,0.14045270567597415,1-1,0.12941979525599817,0-0,0.10671551745478322,medium,0,preseason_static,True
laliga_102448,2026/27,20,2027-01-17,,,villarreal,Villarreal CF,alaves,Deportivo Alavés,poisson,2.195059020175889,0.9333644901620324,0.6608078085472714,0.19136529623410106,0.14782689521862752,H,2-0,0.10549060053571176,2-1,0.09846118058590123,1-0,0.09611641378759721,medium,0,preseason_static,True
laliga_102449,2026/27,21,2027-01-24,,,alaves,Deportivo Alavés,barcelona,FC Barcelona,poisson,0.9518093679891694,2.095503770225787,0.16178492074448683,0.20130863363512788,0.6369064456203852,A,0-2,0.10426082305579361,0-1,0.09950907704123067,1-2,0.09923642809876554,medium,0,preseason_static,True
laliga_102450,2026/27,21,2027-01-24,,,athletic_bilbao,Athletic Club,levante,Levante UD,poisson,1.730156817712037,1.0075564247272148,0.5433132996791403,0.23734152214436263,0.21934517817649715,H,1-1,0.11281894410055154,1-0,0.11197282984036955,2-1,0.09759723265132125,medium,0,preseason_static,True
laliga_102451,2026/27,21,2027-01-24,,,deportivo,RC Deportivo,atletico_madrid,Atlético de Madrid,poisson,1.1035542606433226,2.2243924355861004,0.1776249047837169,0.19518070809730045,0.6271943871189827,A,1-2,0.0979235461362659,0-2,0.08873469083358063,1-1,0.08804520692452746,low,1,preseason_static,True
laliga_102452,2026/27,21,2027-01-24,,,elche,Elche CF,vallecano,Rayo Vallecano,poisson,1.2772765556008632,1.0231289543469486,0.42222677708398815,0.28072056086715386,0.29705266204885805,H,1-1,0.13096702203223098,1-0,0.12800636857728817,0-1,0.10253615120229057,medium,0,preseason_static,True
laliga_102453,2026/27,21,2027-01-24,,,espanyol,RCD Espanyol,villarreal,Villarreal CF,poisson,1.287463115640754,1.691729344360512,0.2920884155666994,0.23859937181773486,0.4693122126155657,A,1-1,0.110718359665235,1-2,0.09365274900256967,0-1,0.08599730611321775,medium,0,preseason_static,True
laliga_102454,2026/27,21,2027-01-24,,,getafe,Getafe CF,osasuna,CA Osasuna,poisson,1.0297449393739986,0.8043869349263228,0.39990332763949044,0.32213544616203627,0.27796122619847335,H,1-0,0.16450394623321374,0-0,0.1597521288458274,1-1,0.13232482509381943,medium,0,preseason_static,True
laliga_102455,2026/27,21,2027-01-24,,,racing_santander,Racing de Santander,celta,RC Celta,poisson,1.5148470808016803,1.9673640329206652,0.2986604511906154,0.21796684982120199,0.48337269898818264,A,1-1,0.09161188404497671,1-2,0.09011696282909284,2-1,0.06938899755613749,low,1,preseason_static,True
laliga_102456,2026/27,21,2027-01-24,,,real_madrid,Real Madrid,betis,Real Betis,poisson,2.212823847776745,0.9040243951176808,0.6710666668293105,0.18841584395140584,0.14051748921928367,H,2-0,0.10845329620875847,2-1,0.09804442550364154,1-0,0.09802253018713893,medium,0,preseason_static,True
laliga_102457,2026/27,21,2027-01-24,,,real_sociedad,Real Sociedad,malaga,Málaga CF,poisson,2.122132955044569,1.0917882454456083,0.609513854912866,0.20338464742998585,0.18710149765714823,H,2-1,0.09882607982936793,1-1,0.09313844318231457,2-0,0.09051762577736175,low,1,preseason_static,True
laliga_102458,2026/27,21,2027-01-24,,,valencia,Valencia CF,sevilla,Sevilla FC,poisson,1.5091914252175904,1.0504792920431287,0.4782400121826175,0.25798204808106034,0.26377793973632224,H,1-1,0.12259738815378782,1-0,0.11670614459742672,2-1,0.09251146347788458,medium,0,preseason_static,True
laliga_102459,2026/27,22,2027-01-31,,,atletico_madrid,Atlético de Madrid,espanyol,RCD Espanyol,poisson,2.086794278883355,0.7822007563338415,0.6761588262663378,0.1948091937774803,0.12903197995618187,H,2-0,0.12357934546144142,1-0,0.11843941370930808,2-1,0.09666385748718058,medium,0,preseason_static,True
laliga_102460,2026/27,22,2027-01-31,,,betis,Real Betis,elche,Elche CF,poisson,1.9463131732861452,1.0171197254632547,0.5901037119321174,0.21708963106384996,0.19280665700403266,H,1-1,0.1022315761504754,1-0,0.10051085785787241,2-1,0.099487331693738,medium,0,preseason_static,True
laliga_102461,2026/27,22,2027-01-31,,,celta,RC Celta,getafe,Getafe CF,poisson,1.2818512390031633,0.7776496496797238,0.4838422834142744,0.2900449736912568,0.2261127428944688,H,1-0,0.16345861254412658,0-0,0.1275176148140566,1-1,0.12711353278207377,medium,0,preseason_static,True
laliga_102462,2026/27,22,2027-01-31,,,barcelona,FC Barcelona,valencia,Valencia CF,poisson,2.763538161473676,0.7786223174955215,0.7871802057907668,0.13396370044281247,0.07885609376642086,H,2-0,0.1105665602215071,3-0,0.10185163618500409,2-1,0.086089591357178,medium,0,preseason_static,True
laliga_102463,2026/27,22,2027-01-31,,,levante,Levante UD,real_sociedad,Real Sociedad,poisson,1.5344079315265882,1.3835069871469086,0.41051342106715477,0.24610980168873886,0.34337677724410637,H,1-1,0.11473297403604925,2-1,0.08802359268427402,1-0,0.08292908897601849,medium,0,preseason_static,True
laliga_102464,2026/27,22,2027-01-31,,,malaga,Málaga CF,alaves,Deportivo Alavés,poisson,1.4618132904002208,1.2790343818377012,0.41442662416607806,0.25471506911105346,0.33085830672286853,H,1-1,0.12062556005330645,1-0,0.09430986513434698,2-1,0.08816602342394667,low,1,preseason_static,True
laliga_102465,2026/27,22,2027-01-31,,,osasuna,CA Osasuna,deportivo,RC Deportivo,poisson,2.086128762351016,1.0241005382922785,0.6179197905543264,0.2045747146613279,0.1775054947843457,H,2-1,0.09936757963085528,2-0,0.09702912547683452,1-1,0.09526504923777615,low,1,preseason_static,True
laliga_102466,2026/27,22,2027-01-31,,,vallecano,Rayo Vallecano,real_madrid,Real Madrid,poisson,0.8546155412111618,1.5452072038436506,0.20779427150240884,0.25642043774758777,0.5357852907500034,A,0-1,0.14020298760999297,1-1,0.11981965213573596,0-2,0.1083213332276816,medium,0,preseason_static,True
laliga_102467,2026/27,22,2027-01-31,,,sevilla,Sevilla FC,athletic_bilbao,Athletic Club,poisson,1.2633727116943045,1.1836300234071524,0.38257367318870367,0.27320354766037763,0.34422277915091876,H,1-1,0.1294278533914368,1-0,0.10934823452591266,0-1,0.10244629490046654,medium,0,preseason_static,True
laliga_102468,2026/27,22,2027-01-31,,,villarreal,Villarreal CF,racing_santander,Racing de Santander,poisson,3.4512754136080876,1.1001101605120926,0.8110356551776552,0.1092433968210561,0.07972094800128865,H,3-1,0.07961201571295247,3-0,0.07236731244795858,2-1,0.06920225670694,low,1,preseason_static,True
laliga_102469,2026/27,23,2027-02-07,,,alaves,Deportivo Alavés,celta,RC Celta,poisson,1.2852389915094884,1.2512708053969606,0.3741880336472603,0.2677118329628366,0.35810013338990304,H,1-1,0.12727499551937702,1-0,0.101716586825503,0-1,0.09902827128664606,medium,0,preseason_static,True
laliga_102470,2026/27,23,2027-02-07,,,athletic_bilbao,Athletic Club,osasuna,CA Osasuna,poisson,1.4642478204103204,0.9286738503057489,0.49602378422205656,0.2647859860986444,0.23919022967929915,H,1-0,0.13377719973063673,1-1,0.12423538715697158,2-0,0.09794148656309044,medium,0,preseason_static,True
laliga_102471,2026/27,23,2027-02-07,,,betis,Real Betis,sevilla,Sevilla FC,poisson,1.8670175081676055,0.9839980236003053,0.580593400919619,0.22388884515599625,0.19551775392438475,H,1-0,0.1078872169002318,1-1,0.10616080820156557,2-0,0.1007136614301044,medium,0,preseason_static,True
laliga_102472,2026/27,23,2027-02-07,,,deportivo,RC Deportivo,malaga,Málaga CF,poisson,1.85611426923055,1.6104411171563173,0.4393174076416808,0.22236505834705514,0.3383175340112641,H,1-1,0.09333530810088901,2-1,0.08662049859454493,1-2,0.07515550892406239,low,1,preseason_static,True
laliga_102473,2026/27,23,2027-02-07,,,elche,Elche CF,levante,Levante UD,poisson,1.6977566464598055,1.2527568913471199,0.4784538213245759,0.23874399044916825,0.28280218822625586,H,1-1,0.11126314074995906,2-1,0.09444886835711792,1-0,0.08881463077031258,medium,0,preseason_static,True
laliga_102474,2026/27,23,2027-02-07,,,espanyol,RCD Espanyol,vallecano,Rayo Vallecano,poisson,1.1604341491790506,0.9642865085622676,0.4022380043545094,0.29553515366871436,0.30222684197677624,H,1-0,0.13863282265982826,1-1,0.1336817605347778,0-0,0.11946634176347194,medium,0,preseason_static,True
laliga_102475,2026/27,23,2027-02-07,,,barcelona,FC Barcelona,atletico_madrid,Atlético de Madrid,poisson,2.191203895587682,1.0957768203871827,0.6224473167521375,0.19769133643109585,0.17986134681676663,H,2-1,0.09829884378961473,1-1,0.08972131163836848,2-0,0.08970699321316335,medium,0,preseason_static,True
laliga_102476,2026/27,23,2027-02-07,,,getafe,Getafe CF,villarreal,Villarreal CF,poisson,1.015603865303622,1.250430432241654,0.29994677040805157,0.2836582871914155,0.4163949424005329,A,1-1,0.13172182351498646,0-1,0.12969803287978557,1-0,0.10534118501806453,medium,0,preseason_static,True
laliga_102477,2026/27,23,2027-02-07,,,real_sociedad,Real Sociedad,real_madrid,Real Madrid,poisson,1.1052310949291482,1.7940977140207364,0.23311217908965837,0.23188753181108948,0.5350002890992522,A,1-1,0.109178723523021,0-1,0.0987836155026203,1-2,0.09793864914617699,medium,0,preseason_static,True
laliga_102478,2026/27,23,2027-02-07,,,valencia,Valencia CF,racing_santander,Racing de Santander,poisson,2.2557793636869685,1.1304172540722035,0.6272204414903922,0.19347161686598535,0.17930794164362246,H,2-1,0.09732093983561192,1-1,0.08628586767151314,2-0,0.08609293558199327,low,1,preseason_static,True
laliga_102479,2026/27,24,2027-02-14,,,celta,RC Celta,vallecano,Rayo Vallecano,poisson,1.4474762087092858,0.9168936640632402,0.4944907739736522,0.2668107869891262,0.23869843903722165,H,1-0,0.13607514849231833,1-1,0.12476644148907128,2-0,0.09848277001960704,medium,0,preseason_static,True
laliga_102480,2026/27,24,2027-02-14,,,elche,Elche CF,deportivo,RC Deportivo,poisson,2.1875135178805403,1.1572969375254578,0.6077387170501446,0.19974208448969305,0.19251919846016252,H,2-1,0.09765438705374573,1-1,0.0892834592842764,2-0,0.08438144428391141,low,1,preseason_static,True
laliga_102481,2026/27,24,2027-02-14,,,levante,Levante UD,malaga,Málaga CF,poisson,2.0092163614276775,1.2498835266779835,0.5498261217301187,0.21533782233258797,0.2348360559372934,H,2-1,0.09693657423279506,1-1,0.0964919220187072,2-0,0.07755648599549028,low,1,preseason_static,True
laliga_102482,2026/27,24,2027-02-14,,,osasuna,CA Osasuna,atletico_madrid,Atlético de Madrid,poisson,1.101056305998418,1.4610504797518398,0.2850744194385426,0.2610280140548615,0.4538975665065959,A,1-1,0.12409837880528062,0-1,0.11270847651406025,1-2,0.09065699794494039,medium,0,preseason_static,True
laliga_102483,2026/27,24,2027-02-14,,,racing_santander,Racing de Santander,getafe,Getafe CF,poisson,1.1775641227984401,1.244180364690094,0.3464270427826023,0.274961656669132,0.37861130054826564,A,1-1,0.1300521996649774,0-1,0.11044171365879665,1-0,0.10452841352899135,low,1,preseason_static,True
laliga_102484,2026/27,24,2027-02-14,,,real_madrid,Real Madrid,athletic_bilbao,Athletic Club,poisson,2.1185934131326856,0.7685714073825688,0.6856254399948631,0.19084032962927597,0.12353423037586103,H,2-0,0.1250810733404659,1-0,0.11807935639289385,2-1,0.09613373657420418,medium,0,preseason_static,True
laliga_102485,2026/27,24,2027-02-14,,,real_sociedad,Real Sociedad,betis,Real Betis,poisson,1.4905651988790836,1.3256039009810014,0.4117714525218773,0.25100099297873907,0.3372275544993838,H,1-1,0.1182274569552521,1-0,0.08918761997287343,2-1,0.08811286644473681,medium,0,preseason_static,True
laliga_102486,2026/27,24,2027-02-14,,,sevilla,Sevilla FC,espanyol,RCD Espanyol,poisson,1.480487112097468,1.055216330143428,0.4696772737998564,0.2605326851576916,0.26979004104245197,H,1-1,0.12373835572472139,1-0,0.1172634958254508,2-1,0.09159652046129099,medium,0,preseason_static,True
laliga_102487,2026/27,24,2027-02-14,,,valencia,Valencia CF,alaves,Deportivo Alavés,poisson,1.4347069550764011,0.9590778831879258,0.4806820649912153,0.2673042877516408,0.25201364725714387,H,1-0,0.13096517157060852,1-1,0.12560579952128273,2-0,0.09394832126256308,medium,0,preseason_static,True
laliga_102488,2026/27,24,2027-02-14,,,villarreal,Villarreal CF,barcelona,FC Barcelona,poisson,1.5975201229835392,2.0055171155261604,0.3104029233388372,0.21499056463742813,0.4746065120237347,A,1-2,0.08751732517432773,1-1,0.08727656772090624,2-2,0.06990534403784121,medium,0,preseason_static,True
laliga_102489,2026/27,25,2027-02-21,,,alaves,Deportivo Alavés,racing_santander,Racing de Santander,poisson,2.056284752174431,1.1494716106733296,0.5826275637907626,0.21021475611912385,0.2071576800901136,H,2-1,0.09849113379925208,1-1,0.09579522845277341,2-0,0.08568383323669786,low,1,preseason_static,True
laliga_102490,2026/27,25,2027-02-21,,,athletic_bilbao,Athletic Club,celta,RC Celta,poisson,1.4828778977546868,1.1035686250251884,0.4589922693846263,0.25906257247130127,0.28194515814407256,H,1-1,0.1232041992799607,1-0,0.11164162924362643,2-1,0.09134839201140883,medium,0,preseason_static,True
laliga_102491,2026/27,25,2027-02-21,,,atletico_madrid,Atlético de Madrid,elche,Elche CF,poisson,2.2141341079991403,0.8609593991570165,0.6814522228408261,0.1862206854622373,0.13232709169693674,H,2-0,0.11321156995145121,1-0,0.10226261321971841,2-1,0.09747056524302397,medium,0,preseason_static,True
laliga_102492,2026/27,25,2027-02-21,,,deportivo,RC Deportivo,real_sociedad,Real Sociedad,poisson,1.417486195714293,1.7826113317104852,0.30725488916886445,0.2302704009390678,0.46247470989206785,A,1-1,0.10298931762053641,1-2,0.09179496231774929,2-1,0.0729929680165726,low,1,preseason_static,True
laliga_102493,2026/27,25,2027-02-21,,,espanyol,RCD Espanyol,osasuna,CA Osasuna,poisson,1.3053895059422629,1.0882692446916435,0.41510876378875994,0.2750063385827979,0.3098848976284422,H,1-1,0.12969515668879816,1-0,0.11917561515353375,0-1,0.09935360756189085,medium,0,preseason_static,True
laliga_102494,2026/27,25,2027-02-21,,,barcelona,FC Barcelona,levante,Levante UD,poisson,3.2221003908907164,0.8314219368936376,0.8319621044685632,0.10607808263695297,0.06195981289448391,H,3-0,0.09684383488104924,2-0,0.09016835895756593,3-1,0.08051808877300956,medium,0,preseason_static,True
laliga_102495,2026/27,25,2027-02-21,,,malaga,Málaga CF,betis,Real Betis,poisson,1.3466017192731614,1.7357998429879935,0.2986725574633415,0.23452148430753594,0.4668059582291226,A,1-1,0.10716917025690358,1-2,0.09301211445254338,0-1,0.0795849052641556,low,1,preseason_static,True
laliga_102496,2026/27,25,2027-02-21,,,vallecano,Rayo Vallecano,getafe,Getafe CF,poisson,0.9558092611153213,0.6826114338117343,0.4055170913097076,0.3432861842146662,0.25119672447562624,H,0-0,0.19428663927132236,1-0,0.18570096912650155,0-1,0.13262228140346052,medium,0,preseason_static,True
laliga_102497,2026/27,25,2027-02-21,,,sevilla,Sevilla FC,real_madrid,Real Madrid,poisson,0.9784369278227716,1.884274706922309,0.19208889502084595,0.22212115319853581,0.5857899517806183,A,0-1,0.10761837630871404,1-1,0.1052977934927731,0-2,0.10139129223927845,medium,0,preseason_static,True
laliga_102498,2026/27,25,2027-02-21,,,villarreal,Villarreal CF,valencia,Valencia CF,poisson,2.1586723561273096,1.0239167282057045,0.6325677074984581,0.19814204651271342,0.16929024598882847,H,2-1,0.09895425464532266,2-0,0.09664287331131756,1-1,0.09168066136988762,medium,0,preseason_static,True
laliga_102499,2026/27,26,2027-02-28,,,athletic_bilbao,Athletic Club,barcelona,FC Barcelona,poisson,1.0981748017225297,1.848146863547678,0.22380432527272287,0.22713171985887576,0.5490639548684013,A,1-1,0.10661994655536629,1-2,0.09852465990896063,0-1,0.09708831999070527,medium,0,preseason_static,True
laliga_102500,2026/27,26,2027-02-28,,,betis,Real Betis,villarreal,Villarreal CF,poisson,1.69865503757821,1.5078459332843246,0.4242139933102535,0.23290837935918265,0.3428776273305638,H,1-1,0.10372836218627791,2-1,0.08809935248372903,1-2,0.07820319454441137,medium,0,preseason_static,True
laliga_102501,2026/27,26,2027-02-28,,,celta,RC Celta,espanyol,RCD Espanyol,poisson,1.734239106960127,0.9858127514651431,0.5495698842680113,0.2368112595195891,0.21361885621239965,H,1-0,0.11423690350908511,1-1,0.11261619616714924,2-0,0.099057052761743,medium,0,preseason_static,True
laliga_102502,2026/27,26,2027-02-28,,,getafe,Getafe CF,alaves,Deportivo Alavés,poisson,1.0611735558493474,0.7450118357217188,0.42474720672500593,0.322196664729616,0.253056128545378,H,1-0,0.174329176342262,0-0,0.16427960853465817,1-1,0.12987729968660383,medium,0,preseason_static,True
laliga_102503,2026/27,26,2027-02-28,,,levante,Levante UD,deportivo,RC Deportivo,poisson,2.263326825260548,1.2100783102770354,0.6108930219421114,0.1951889636606093,0.1939180143972793,H,2-1,0.09611882643186258,1-1,0.08493587877729292,2-0,0.07943190586554445,low,1,preseason_static,True
laliga_102504,2026/27,26,2027-02-28,,,malaga,Málaga CF,atletico_madrid,Atlético de Madrid,poisson,1.1398553956872512,1.9746532519893865,0.21577903332926376,0.21680622660398643,0.5674147400667497,A,1-1,0.0999378286755819,1-2,0.09867127919549797,0-1,0.08767588332143354,low,1,preseason_static,True
laliga_102505,2026/27,26,2027-02-28,,,osasuna,CA Osasuna,sevilla,Sevilla FC,poisson,1.4853636807288562,1.036549902060245,0.4753718283412409,0.2605164063983436,0.26411176526041547,H,1-1,0.12364315742777014,1-0,0.11928336222116967,2-1,0.09182752770692502,medium,0,preseason_static,True
laliga_102506,2026/27,26,2027-02-28,,,racing_santander,Racing de Santander,vallecano,Rayo Vallecano,poisson,1.3297144006397108,1.4669602099172436,0.34273249149745344,0.25230340343875274,0.4049641050637938,A,1-1,0.11901360837609572,0-1,0.08950313564991068,1-2,0.08729411396320298,low,1,preseason_static,True
laliga_102507,2026/27,26,2027-02-28,,,real_madrid,Real Madrid,valencia,Valencia CF,poisson,2.3623275385488753,0.7307622233484932,0.7378977800098316,0.16470354176062504,0.0973986782295434,H,2-0,0.126576960145021,1-0,0.10716292138115138,3-0,0.09967207956546219,medium,0,preseason_static,True
laliga_102508,2026/27,26,2027-02-28,,,real_sociedad,Real Sociedad,elche,Elche CF,poisson,1.7743903853035647,1.1058795266343364,0.5302612246414727,0.23360603372452074,0.23613274163400644,H,1-1,0.11012168864187936,1-0,0.09957837720083913,2-1,0.09769943276977179,medium,0,preseason_static,True
laliga_102509,2026/27,27,2027-03-07,,,alaves,Deportivo Alavés,athletic_bilbao,Athletic Club,poisson,1.1534476073797906,1.1252132754296889,0.3643843000385339,0.2852344941505641,0.35038120581090204,H,1-1,0.13292996942817473,1-0,0.1181375765206932,0-1,0.11524578019641724,medium,0,preseason_static,True
laliga_102510,2026/27,27,2027-03-07,,,atletico_madrid,Atlético de Madrid,celta,RC Celta,poisson,1.9842323163520785,0.9756839593428304,0.6081750791482513,0.21252538258786677,0.1792995382638819,H,1-0,0.10283017414995535,2-0,0.10201947732222677,1-1,0.10032975145454122,medium,0,preseason_static,True
laliga_102511,2026/27,27,2027-03-07,,,deportivo,RC Deportivo,getafe,Getafe CF,poisson,1.0811492784438674,1.1690668965739666,0.33456229301199814,0.2870528728401945,0.3783848341478073,A,1-1,0.13318907062450774,0-1,0.12319211905335685,1-0,0.11392767258642578,low,1,preseason_static,True
laliga_102512,2026/27,27,2027-03-07,,,elche,Elche CF,malaga,Málaga CF,poisson,1.9419148405417925,1.195365924174602,0.547511441247834,0.22009740660127133,0.23239115215089456,H,1-1,0.10074653159119164,2-1,0.0978205924150238,1-0,0.08428091311098476,low,1,preseason_static,True
laliga_102513,2026/27,27,2027-03-07,,,espanyol,RCD Espanyol,racing_santander,Racing de Santander,poisson,2.1150969811071616,1.1880081547405037,0.5860968045789592,0.20622506351901515,0.20767813190202564,H,2-1,0.09770925587128892,1-1,0.09239222290425884,2-0,0.08224628381665572,low,1,preseason_static,True
laliga_102514,2026/27,27,2027-03-07,,,barcelona,FC Barcelona,betis,Real Betis,poisson,2.588643212323764,0.9632320159813952,0.7228982307961687,0.15921462257795999,0.11788714662587138,H,2-0,0.0960706761203922,2-1,0.09253835103614108,3-0,0.08289756788080269,medium,0,preseason_static,True
laliga_102515,2026/27,27,2027-03-07,,,vallecano,Rayo Vallecano,osasuna,CA Osasuna,poisson,1.2141285100585606,0.9083198701027768,0.4313048585818481,0.2929764409161504,0.2757187005020016,H,1-0,0.14537745764545457,1-1,0.13204923344439123,0-0,0.11973811375077803,medium,0,preseason_static,True
laliga_102516,2026/27,27,2027-03-07,,,sevilla,Sevilla FC,real_sociedad,Real Sociedad,poisson,1.4347177082725668,1.2692534501055528,0.4095935242751882,0.2569357896829225,0.3334706860418892,H,1-1,0.1218976297058151,1-0,0.0960388405449502,2-1,0.08744434396769252,medium,0,preseason_static,True
laliga_102517,2026/27,27,2027-03-07,,,valencia,Valencia CF,levante,Levante UD,poisson,1.6450432981348988,1.1234710133717754,0.4952044821311885,0.24469949861312718,0.2600960192556843,H,1-1,0.11598165732271636,1-0,0.10323511327153048,2-1,0.09539742404265647,medium,0,preseason_static,True
laliga_102518,2026/27,27,2027-03-07,,,villarreal,Villarreal CF,real_madrid,Real Madrid,poisson,1.4993242945699718,1.71435602992077,0.33807052379784736,0.2323231465032512,0.42960632969890145,A,1-1,0.1033508522314756,1-2,0.08859007836024035,2-1,0.07747822180758127,medium,0,preseason_static,True
laliga_102519,2026/27,28,2027-03-14,,,alaves,Deportivo Alavés,sevilla,Sevilla FC,poisson,1.3757228945986466,1.0681862112896123,0.4388660950228421,0.2696785389665183,0.2914553660106397,H,1-1,0.1275856426435633,1-0,0.11944138699331291,0-1,0.09274080059617322,medium,0,preseason_static,True
laliga_102520,2026/27,28,2027-03-14,,,athletic_bilbao,Athletic Club,valencia,Valencia CF,poisson,1.4839247109117266,0.9435713488143945,0.497526777981284,0.2624459404443626,0.2400272815743535,H,1-0,0.13096762191458267,1-1,0.12357729566095642,2-0,0.09717304524419669,medium,0,preseason_static,True
laliga_102521,2026/27,28,2027-03-14,,,betis,Real Betis,levante,Levante UD,poisson,2.035079571744071,1.0523703466633132,0.6007022265419742,0.2098930839882978,0.18940468946972788,H,2-1,0.09941299851913901,1-1,0.09769937244659352,2-0,0.09446579223211846,medium,0,preseason_static,True
laliga_102522,2026/27,28,2027-03-14,,,elche,Elche CF,villarreal,Villarreal CF,poisson,1.417095881719908,1.7949616216390856,0.305085885378777,0.2295173089347966,0.46539680568642644,A,1-1,0.10244175586161784,1-2,0.09193951011246243,2-1,0.07258489517382745,medium,0,preseason_static,True
laliga_102523,2026/27,28,2027-03-14,,,barcelona,FC Barcelona,deportivo,RC Deportivo,poisson,4.151589201985484,0.7680676658053041,0.9147166040601171,0.0574289733340735,0.027854422605809455,H,4-0,0.09071790490505154,3-0,0.08740547341405171,5-0,0.07532469488611158,low,1,preseason_static,True
laliga_102524,2026/27,28,2027-03-14,,,getafe,Getafe CF,real_sociedad,Real Sociedad,poisson,1.062843739159631,0.9217582885599497,0.38259281832948094,0.30887394212258795,0.3085332395479311,H,1-0,0.1460722500883497,0-0,0.13743530182888983,1-1,0.13464330724753817,medium,0,preseason_static,True
laliga_102525,2026/27,28,2027-03-14,,,malaga,Málaga CF,vallecano,Rayo Vallecano,poisson,1.2610013080108122,1.2236403495324937,0.3734427873302463,0.27096830325033444,0.3555889094194194,H,1-1,0.12861844125181,1-0,0.10511131093458154,0-1,0.10199707203690477,low,1,preseason_static,True
laliga_102526,2026/27,28,2027-03-14,,,osasuna,CA Osasuna,celta,RC Celta,poisson,1.387668495261702,1.2142121074744079,0.4092623094325123,0.2626214367146925,0.32811625385279525,H,1-1,0.12491023985623856,1-0,0.10287349227315401,0-1,0.090014466915372,medium,0,preseason_static,True
laliga_102527,2026/27,28,2027-03-14,,,racing_santander,Racing de Santander,atletico_madrid,Atlético de Madrid,poisson,1.2019671388629658,2.3673114000848785,0.18043055800824814,0.18702195525965068,0.6325474867321013,A,1-2,0.09490126144738945,1-1,0.08017640724746801,0-2,0.07895495507236906,low,1,preseason_static,True
laliga_102528,2026/27,28,2027-03-14,,,real_madrid,Real Madrid,espanyol,RCD Espanyol,poisson,2.4826800633608044,0.6851880096931505,0.7671886557489263,0.15057009226996085,0.08224125198111303,H,2-0,0.1297325869332502,3-0,0.10736150238246758,1-0,0.10451011296045226,medium,0,preseason_static,True
laliga_102529,2026/27,29,2027-03-21,,,atletico_madrid,Atlético de Madrid,getafe,Getafe CF,poisson,1.5424400367837185,0.6170321323579823,0.5983648256015315,0.25426615470807373,0.14736901969039476,H,1-0,0.17797612881920216,2-0,0.137258753341257,0-0,0.11538609253836302,medium,0,preseason_static,True
laliga_102530,2026/27,29,2027-03-21,,,celta,RC Celta,real_madrid,Real Madrid,poisson,1.146138706685656,1.7603423869442725,0.24765189753195604,0.2347787292179665,0.5175693732500775,A,1-1,0.110297772790417,1-2,0.09708092231425987,0-1,0.09623422727722923,medium,0,preseason_static,True
laliga_102531,2026/27,29,2027-03-21,,,espanyol,RCD Espanyol,athletic_bilbao,Athletic Club,poisson,1.1864376028925212,1.1629365480802982,0.36569643208701047,0.28011197606208343,0.35419159185090615,H,1-1,0.13166815088389236,1-0,0.11322040837158466,0-1,0.11097772909665618,medium,0,preseason_static,True
laliga_102532,2026/27,29,2027-03-21,,,levante,Levante UD,osasuna,CA Osasuna,poisson,1.486623803866165,1.2073392326950299,0.43641694441205336,0.25559100839552146,0.3079920471924252,H,1-1,0.12135491295013198,1-0,0.100514345648524,2-1,0.09020455115388626,medium,0,preseason_static,True
laliga_102533,2026/27,29,2027-03-21,,,racing_santander,Racing de Santander,betis,Real Betis,poisson,1.419979255111417,2.080962190415548,0.2608628164465748,0.21130258336658814,0.527834600186837,A,1-2,0.09275688639733964,1-1,0.08914807469790405,2-2,0.06585642722647433,low,1,preseason_static,True
laliga_102534,2026/27,29,2027-03-21,,,vallecano,Rayo Vallecano,barcelona,FC Barcelona,poisson,0.9105872088138725,1.8076405602201433,0.1864292185733709,0.22838826822615493,0.5851825132004743,A,0-1,0.11928948681345632,1-1,0.10862348083830442,0-2,0.1078162573859248,medium,0,preseason_static,True
laliga_102535,2026/27,29,2027-03-21,,,real_sociedad,Real Sociedad,alaves,Deportivo Alavés,poisson,1.6180938927551538,0.9767790755956465,0.5236106636821514,0.24832293630489247,0.22806640001295617,H,1-0,0.12079951935483757,1-1,0.11799444284781666,2-0,0.09773248225791036,medium,0,preseason_static,True
laliga_102536,2026/27,29,2027-03-21,,,sevilla,Sevilla FC,elche,Elche CF,poisson,1.5708290196684884,1.1614645092381024,0.46806339874468494,0.2502613508019345,0.28167525045338065,H,1-1,0.11871763868294354,1-0,0.10221374629933373,2-1,0.09324255599484303,medium,0,preseason_static,True
laliga_102537,2026/27,29,2027-03-21,,,valencia,Valencia CF,deportivo,RC Deportivo,poisson,2.1195937943595466,1.0378626309336467,0.6215026309263278,0.20203240576252515,0.17646496331114703,H,2-1,0.09916431074248973,2-0,0.09554666271516384,1-1,0.09356916500357376,low,1,preseason_static,True
laliga_102538,2026/27,29,2027-03-21,,,villarreal,Villarreal CF,malaga,Málaga CF,poisson,2.878823723295496,1.043261884427474,0.7500113846856895,0.14200717926274822,0.10798143605156234,H,2-1,0.08561370422250732,3-1,0.08215558758498596,2-0,0.08206348329258746,low,1,preseason_static,True
laliga_102539,2026/27,30,2027-04-04,,,athletic_bilbao,Athletic Club,racing_santander,Racing de Santander,poisson,2.3724919883641156,1.01378598415698,0.6752237962024963,0.17939780661431984,0.14537839718318385,H,2-1,0.09653856549897444,2-0,0.09522578434466292,1-1,0.08138157344467144,low,1,preseason_static,True
laliga_102540,2026/27,30,2027-04-04,,,betis,Real Betis,celta,RC Celta,poisson,1.744220226870572,1.1526529611470047,0.5122638343777605,0.23609953529433353,0.251636630327906,H,1-1,0.11096981855150599,2-1,0.09677790104484699,1-0,0.09627339909930906,medium,0,preseason_static,True
laliga_102541,2026/27,30,2027-04-04,,,deportivo,RC Deportivo,villarreal,Villarreal CF,poisson,1.3544836426474394,2.418238583470725,0.2031486478062335,0.1876560913497895,0.6091952608439771,A,1-2,0.0910520417801699,1-1,0.07530443224463766,1-3,0.0733951868455318,low,1,preseason_static,True
laliga_102542,2026/27,30,2027-04-04,,,elche,Elche CF,alaves,Deportivo Alavés,poisson,1.4806803392133743,1.0694458630457682,0.4663779199923758,0.26016005393183367,0.27346202607579057,H,1-1,0.12362736046094062,1-0,0.11559945644078838,2-1,0.09152630101167983,medium,0,preseason_static,True
laliga_102543,2026/27,30,2027-04-04,,,barcelona,FC Barcelona,sevilla,Sevilla FC,poisson,2.956011119364321,0.7774045945661933,0.8117962364007355,0.11978931831804959,0.06841444528121482,H,2-0,0.10449428984028084,3-0,0.10296209422598279,2-1,0.08123434102776583,medium,0,preseason_static,True
laliga_102544,2026/27,30,2027-04-04,,,getafe,Getafe CF,espanyol,RCD Espanyol,poisson,1.0967498685813803,0.7663200745703153,0.43070872534168453,0.3157362453262456,0.2535550293320698,H,1-0,0.17021060157852985,0-0,0.15519546111155974,1-1,0.13043580089431722,medium,0,preseason_static,True
laliga_102545,2026/27,30,2027-04-04,,,levante,Levante UD,vallecano,Rayo Vallecano,poisson,1.3215435095316748,1.069791266292391,0.42375562253612536,0.27445879117493593,0.30178558628893865,H,1-1,0.1293710476651844,1-0,0.12093111220990772,0-1,0.09789389961971862,medium,0,preseason_static,True
laliga_102546,2026/27,30,2027-04-04,,,malaga,Málaga CF,osasuna,CA Osasuna,poisson,1.4185189875886657,1.3809693977212336,0.3821244583855389,0.2527817704904644,0.3650937711239967,H,1-1,0.11918376410162086,1-0,0.08630442086427727,2-1,0.08453221619521878,low,1,preseason_static,True
laliga_102547,2026/27,30,2027-04-04,,,real_madrid,Real Madrid,atletico_madrid,Atlético de Madrid,poisson,1.8730847929966836,1.0284219801656096,0.5712481195192501,0.22407019479852522,0.2046816856822246,H,1-1,0.1058333103479626,1-0,0.1029084484667665,2-1,0.09911738210263364,medium,0,preseason_static,True
laliga_102548,2026/27,30,2027-04-04,,,real_sociedad,Real Sociedad,valencia,Valencia CF,poisson,1.5912713616370513,1.0715432671860723,0.4940973526570108,0.25008805469328454,0.2558145926497047,H,1-1,0.11893472977864677,1-0,0.11099386596957067,2-1,0.09462871470040102,medium,0,preseason_static,True
laliga_102549,2026/27,31,2027-04-11,,,alaves,Deportivo Alavés,betis,Real Betis,poisson,1.2047504523281436,1.323520808772907,0.3380024357255186,0.2676954885159995,0.3943020757584818,A,1-1,0.12723708575919923,0-1,0.10561281426648768,1-0,0.09613531190126601,medium,0,preseason_static,True
laliga_102550,2026/27,31,2027-04-11,,,atletico_madrid,Atlético de Madrid,levante,Levante UD,poisson,2.3151151387846935,0.8907979254273543,0.6929001380551418,0.17843809638833658,0.12866176555652176,H,2-0,0.10859714782618181,2-1,0.09673811399089048,1-0,0.09381576406881367,medium,0,preseason_static,True
laliga_102551,2026/27,31,2027-04-11,,,celta,RC Celta,elche,Elche CF,poisson,1.8400654041475937,1.0850727863787857,0.5503137029891713,0.22773446150253168,0.22195183550829714,H,1-1,0.10713279451642183,1-0,0.09873327933507224,2-1,0.09856567441966042,medium,0,preseason_static,True
laliga_102552,2026/27,31,2027-04-11,,,espanyol,RCD Espanyol,malaga,Málaga CF,poisson,1.7642728083286554,1.1266177431293345,0.5230353736321409,0.23448292240862184,0.24248170395923724,H,1-1,0.11036862993388272,1-0,0.09796457636759631,2-1,0.0973601863424187,low,1,preseason_static,True
laliga_102553,2026/27,31,2027-04-11,,,osasuna,CA Osasuna,real_madrid,Real Madrid,poisson,0.9644973784008453,1.7382263955528061,0.20802888826747773,0.23623974596847974,0.5557313657640426,A,0-1,0.11650090513301631,1-1,0.1123648175821198,0-2,0.10125247420400119,medium,0,preseason_static,True
laliga_102554,2026/27,31,2027-04-11,,,racing_santander,Racing de Santander,barcelona,FC Barcelona,poisson,1.121850217821874,3.2947454145099937,0.09100212167358217,0.11951998690849294,0.7894778914179249,A,1-3,0.08080154775602624,1-2,0.0735731028566072,0-3,0.07202525477323195,low,1,preseason_static,True
laliga_102555,2026/27,31,2027-04-11,,,vallecano,Rayo Vallecano,real_sociedad,Real Sociedad,poisson,1.2531538987076047,1.0408564990027078,0.4113537755802993,0.28207116061442195,0.30657506380527877,H,1-1,0.13155860468523858,1-0,0.12639456525591272,0-1,0.10498200166868317,medium,0,preseason_static,True
laliga_102556,2026/27,31,2027-04-11,,,sevilla,Sevilla FC,deportivo,RC Deportivo,poisson,2.116278865020563,1.1101469558779573,0.6040936443684034,0.20436180309811489,0.19154455253348168,H,2-1,0.09869232884788647,1-1,0.09326968244038811,2-0,0.0889002382300241,low,1,preseason_static,True
laliga_102557,2026/27,31,2027-04-11,,,valencia,Valencia CF,getafe,Getafe CF,poisson,1.0960062429629251,0.7781986186043297,0.4274844135253906,0.3150821086338825,0.257433477840727,H,1-0,0.16821170385364526,0-0,0.15347695775792708,1-1,0.13090211557198733,medium,0,preseason_static,True
laliga_102558,2026/27,31,2027-04-11,,,villarreal,Villarreal CF,athletic_bilbao,Athletic Club,poisson,1.9359504387830313,1.0768935444331573,0.5736674937217221,0.21916042412694875,0.20717208215132923,H,1-1,0.10247269863472576,2-1,0.09919103294258932,1-0,0.09515582962164024,medium,0,preseason_static,True
laliga_102559,2026/27,32,2027-04-18,,,alaves,Deportivo Alavés,vallecano,Rayo Vallecano,poisson,1.1281672037611852,0.9330070351156328,0.3998998500766074,0.30097197412410287,0.29912817579928985,H,1-0,0.14362065038053554,1-1,0.1339990771929223,0-0,0.1273044012463047,medium,0,preseason_static,True
laliga_102560,2026/27,32,2027-04-18,,,atletico_madrid,Atlético de Madrid,sevilla,Sevilla FC,poisson,2.1239270235662673,0.8329229351881414,0.6710237651428036,0.19356068913409136,0.1354155457231051,H,2-0,0.11724972041492232,1-0,0.11040842657395009,2-1,0.09765998127798606,medium,0,preseason_static,True
laliga_102561,2026/27,32,2027-04-18,,,betis,Real Betis,athletic_bilbao,Athletic Club,poisson,1.5653638433925803,1.0365305481849623,0.4959152948924056,0.25295824727515315,0.2511264578324413,H,1-1,0.12028442454383821,1-0,0.11604522872429054,2-1,0.09414444455210369,medium,0,preseason_static,True
laliga_102562,2026/27,32,2027-04-18,,,deportivo,RC Deportivo,celta,RC Celta,poisson,1.3908166839096783,1.848590630162126,0.29025067490251727,0.22650137862343758,0.4832479464740452,A,1-1,0.10075248664440734,1-2,0.09312505138819305,0-1,0.0724412410420512,low,1,preseason_static,True
laliga_102563,2026/27,32,2027-04-18,,,elche,Elche CF,osasuna,CA Osasuna,poisson,1.4368272538747746,1.1546773334301048,0.4353302889325136,0.26128561723942234,0.3033840938280641,H,1-1,0.12427656251089388,1-0,0.10762882314638993,2-1,0.08928197601676219,medium,0,preseason_static,True
laliga_102564,2026/27,32,2027-04-18,,,barcelona,FC Barcelona,espanyol,RCD Espanyol,poisson,2.9043309980808227,0.7300632941626521,0.8146494530973969,0.1200767787990074,0.06527376810359575,H,2-0,0.11136832567375302,3-0,0.10781682681954706,2-1,0.0813059267067592,medium,0,preseason_static,True
laliga_102565,2026/27,32,2027-04-18,,,getafe,Getafe CF,real_madrid,Real Madrid,poisson,0.724829391107963,1.3683995335093002,0.19812260598283227,0.27945225346714175,0.522425140550026,A,0-1,0.16870783205294498,0-0,0.12328843142783662,1-1,0.12228439518208059,medium,0,preseason_static,True
laliga_102566,2026/27,32,2027-04-18,,,levante,Levante UD,villarreal,Villarreal CF,poisson,1.4662085956709818,1.8768252603946531,0.30261864820684287,0.2238204733193827,0.4735608784737744,A,1-1,0.09722112481851898,1-2,0.09123353145168897,2-1,0.07127322444485697,medium,0,preseason_static,True
laliga_102567,2026/27,32,2027-04-18,,,malaga,Málaga CF,valencia,Valencia CF,poisson,1.4375813637820114,1.4031224814290002,0.38242853983897074,0.2506710590313811,0.3669004011296481,H,1-1,0.11776772809229044,2-1,0.084650345580212,1-0,0.08393260720357837,low,1,preseason_static,True
laliga_102568,2026/27,32,2027-04-18,,,real_sociedad,Real Sociedad,racing_santander,Racing de Santander,poisson,2.5441173187806956,1.1512807664793796,0.675236663701331,0.1717834807964795,0.1529798555021895,H,2-1,0.09254772037676173,2-0,0.08038675106140526,3-1,0.07848408607473088,low,1,preseason_static,True
laliga_102569,2026/27,33,2027-04-21,,,athletic_bilbao,Athletic Club,deportivo,RC Deportivo,poisson,2.2292602621761333,0.9307807227202974,0.6679006686117973,0.18813246998622596,0.14396686140197681,H,2-0,0.10541753899527191,2-1,0.09812061313341432,1-0,0.09457625095094697,low,1,preseason_static,True
laliga_102570,2026/27,33,2027-04-21,,,celta,RC Celta,barcelona,FC Barcelona,poisson,1.2212032142024454,2.0593136574822632,0.22187618697278688,0.21116414138732884,0.5669596716398844,A,1-2,0.09738617674980841,1-1,0.09458119834826298,0-2,0.07974608616913137,medium,0,preseason_static,True
laliga_102571,2026/27,33,2027-04-21,,,espanyol,RCD Espanyol,real_sociedad,Real Sociedad,poisson,1.3473482709212052,1.2470630152282103,0.39158249934968814,0.2638492171065575,0.3445682835437543,H,1-1,0.1254960011113975,1-0,0.10063324754157027,0-1,0.09314295629413895,medium,0,preseason_static,True
laliga_102572,2026/27,33,2027-04-21,,,getafe,Getafe CF,betis,Real Betis,poisson,0.9775380646339002,1.0110685418885412,0.3364411640091863,0.30951488331554194,0.3540439526752719,A,0-1,0.13840116012384998,0-0,0.13688603135187558,1-1,0.13529240221055486,medium,0,preseason_static,True
laliga_102573,2026/27,33,2027-04-21,,,osasuna,CA Osasuna,alaves,Deportivo Alavés,poisson,1.412055202508405,0.9463604788944057,0.4777081087275528,0.2699855160422732,0.2523063752301741,H,1-0,0.13353800838762694,1-1,0.1263750935683198,0-0,0.09456996309379916,medium,0,preseason_static,True
laliga_102574,2026/27,33,2027-04-21,,,racing_santander,Racing de Santander,malaga,Málaga CF,poisson,2.02163902324948,1.7139132262896102,0.4547587800734194,0.21260293824376708,0.33263828168281345,H,2-1,0.08356822320118772,1-1,0.08267373377752117,2-2,0.07161434152101893,low,1,preseason_static,True
laliga_102575,2026/27,33,2027-04-21,,,real_madrid,Real Madrid,elche,Elche CF,poisson,2.634177534010715,0.7541785818514739,0.7743880999495513,0.14251332224602434,0.08309857780442438,H,2-0,0.11715420685716021,3-0,0.10286832657265854,1-0,0.0889493630133463,medium,0,preseason_static,True
laliga_102576,2026/27,33,2027-04-21,,,sevilla,Sevilla FC,levante,Levante UD,poisson,1.6424705399453827,1.2017177305919768,0.4765979262256763,0.24377437288879628,0.2796277008855274,H,1-1,0.11483793777340004,1-0,0.09556149073113024,2-1,0.09430896483044529,medium,0,preseason_static,True
laliga_102577,2026/27,33,2027-04-21,,,valencia,Valencia CF,vallecano,Rayo Vallecano,poisson,1.2376186198637111,0.9175409299997015,0.4359213576366221,0.2899019407961886,0.2741767015671894,H,1-0,0.14342107488389944,1-1,0.13159470643052992,0-0,0.11588471002455768,medium,0,preseason_static,True
laliga_102578,2026/27,33,2027-04-21,,,villarreal,Villarreal CF,atletico_madrid,Atlético de Madrid,poisson,1.7116070051014773,1.4409864597554995,0.44103643975351403,0.23400784030493677,0.32495571994154915,H,1-1,0.10541708842090891,2-1,0.09021631349931476,1-2,0.075952298520689,medium,0,preseason_static,True
laliga_102579,2026/27,34,2027-05-02,,,atletico_madrid,Atlético de Madrid,alaves,Deportivo Alavés,poisson,2.01910295928557,0.7604509404323596,0.6681524355438615,0.20082523959474677,0.13102232486139181,H,2-0,0.1265161454502458,1-0,0.12531916202531018,2-1,0.09620932178751664,medium,0,preseason_static,True
laliga_102580,2026/27,34,2027-05-02,,,betis,Real Betis,valencia,Valencia CF,poisson,1.7454515303278748,0.9855393535128465,0.5522855861865456,0.23571008775893568,0.2120043260545188,H,1-0,0.11372463252587318,1-1,0.1120801008180351,2-0,0.09925041693913027,medium,0,preseason_static,True
laliga_102581,2026/27,34,2027-05-02,,,celta,RC Celta,sevilla,Sevilla FC,poisson,1.7650984296204955,1.0497382466679674,0.5413961655416475,0.2342638303994361,0.22434000405891638,H,1-1,0.11101535433249374,1-0,0.10575527250233453,2-1,0.09797651379802379,medium,0,preseason_static,True
laliga_102582,2026/27,34,2027-05-02,,,deportivo,RC Deportivo,racing_santander,Racing de Santander,poisson,2.2252010397181934,1.6981954984987984,0.5001806235957118,0.2029075273295882,0.29691184907470003,H,2-1,0.08313751477099336,1-1,0.07472359871045374,2-2,0.07059187667023915,low,1,preseason_static,True
laliga_102583,2026/27,34,2027-05-02,,,elche,Elche CF,espanyol,RCD Espanyol,poisson,1.5303208023719814,1.1000333071544204,0.47200861402164385,0.2550176372388953,0.2729737487394609,H,1-1,0.12129428634812056,1-0,0.11026419432870273,2-1,0.09280958480369637,medium,0,preseason_static,True
laliga_102584,2026/27,34,2027-05-02,,,barcelona,FC Barcelona,osasuna,CA Osasuna,poisson,2.7268935545068134,0.7663291031792298,0.7847505975457605,0.1359463069572522,0.07930309549698736,H,2-0,0.11305136536529808,3-0,0.10275967984760873,2-1,0.0866345514335763,medium,0,preseason_static,True
laliga_102585,2026/27,34,2027-05-02,,,levante,Levante UD,real_madrid,Real Madrid,poisson,1.0464228425516502,2.0538902001916277,0.18589571136099609,0.20807531529129542,0.6060289733477086,A,1-2,0.09940023837434321,1-1,0.09679216383141528,0-2,0.09499050893419017,medium,0,preseason_static,True
laliga_102586,2026/27,34,2027-05-02,,,malaga,Málaga CF,getafe,Getafe CF,poisson,1.116713407330976,1.0378122637809908,0.372689717377788,0.29467815815428394,0.3326321244679281,H,1-1,0.13438844792868096,1-0,0.12949205999847474,0-1,0.12034282658957132,low,1,preseason_static,True
laliga_102587,2026/27,34,2027-05-02,,,vallecano,Rayo Vallecano,villarreal,Villarreal CF,poisson,1.1974553703953235,1.4119955937503261,0.3191362349639072,0.2615566413489426,0.4193071236871503,A,1-1,0.12440065955913819,0-1,0.10388751233214563,1-0,0.0881027250437264,medium,0,preseason_static,True
laliga_102588,2026/27,34,2027-05-02,,,real_sociedad,Real Sociedad,athletic_bilbao,Athletic Club,poisson,1.4270912776734692,1.1269842509904473,0.4390491724623035,0.26307069549648476,0.2978801320412117,H,1-1,0.12506876252793162,1-0,0.11097649538404397,2-1,0.08924227005651282,medium,0,preseason_static,True
laliga_102589,2026/27,35,2027-05-09,,,alaves,Deportivo Alavés,levante,Levante UD,poisson,1.4995604202587867,1.1424082838731746,0.45435912788383026,0.256571996291906,0.28906887582426366,H,1-1,0.12200935707050246,1-0,0.10680013336111929,2-1,0.09148020138207351,medium,0,preseason_static,True
laliga_102590,2026/27,35,2027-05-09,,,athletic_bilbao,Athletic Club,malaga,Málaga CF,poisson,1.9789745531466598,0.9613985164407964,0.610495478673025,0.21262328184656176,0.1768812394804133,H,1-0,0.10458169773972113,2-0,0.10348225927589187,1-1,0.1005446890538277,low,1,preseason_static,True
laliga_102591,2026/27,35,2027-05-09,,,betis,Real Betis,espanyol,RCD Espanyol,poisson,1.834376328089343,0.9240758847843553,0.587914427109183,0.2259281828511896,0.1861573900396274,H,1-0,0.11628119441348753,1-1,0.10745264761142513,2-0,0.10665173521702818,medium,0,preseason_static,True
laliga_102592,2026/27,35,2027-05-09,,,getafe,Getafe CF,elche,Elche CF,poisson,1.1636754597913799,0.8434797149217153,0.43212412646874604,0.30237827773066267,0.2654975958005913,H,1-0,0.15636353484208385,0-0,0.13437039814358226,1-1,0.1318894697927526,medium,0,preseason_static,True
laliga_102593,2026/27,35,2027-05-09,,,osasuna,CA Osasuna,real_sociedad,Real Sociedad,poisson,1.41427763918658,1.1708748419297785,0.425794874350384,0.26245700326422444,0.3117481223853915,H,1-1,0.12483255193813383,1-0,0.10661476997181947,2-1,0.08827394342435001,medium,0,preseason_static,True
laliga_102594,2026/27,35,2027-05-09,,,racing_santander,Racing de Santander,sevilla,Sevilla FC,poisson,1.621495943277575,1.6795014504364478,0.37272730085242495,0.23011221809344712,0.397160481054128,A,1-1,0.1003442539744999,1-2,0.08426416004656793,2-1,0.08135390037543314,low,1,preseason_static,True
laliga_102595,2026/27,35,2027-05-09,,,vallecano,Rayo Vallecano,deportivo,RC Deportivo,poisson,1.8484633563532997,0.9103805656605076,0.5944710464196581,0.22418880543362343,0.1813401481467186,H,1-0,0.11712831479005999,2-0,0.10825369894042006,1-1,0.10663134147343682,low,1,preseason_static,True
laliga_102596,2026/27,35,2027-05-09,,,real_madrid,Real Madrid,barcelona,FC Barcelona,poisson,1.7482346356074026,1.4313235695187552,0.45160055105468144,0.23207836007733937,0.31632108886797916,H,1-1,0.10410561241789802,2-1,0.09100051869504473,1-2,0.07450440838646093,medium,0,preseason_static,True
laliga_102597,2026/27,35,2027-05-09,,,valencia,Valencia CF,atletico_madrid,Atlético de Madrid,poisson,1.1187191105138523,1.4806844036726197,0.28624803050019715,0.25882531012782733,0.4549266593719755,A,1-1,0.12310542203363917,0-1,0.110041404385319,1-2,0.09114013920637261,medium,0,preseason_static,True
laliga_102598,2026/27,35,2027-05-09,,,villarreal,Villarreal CF,celta,RC Celta,poisson,2.15714955203387,1.1975378198014024,0.5925536048771782,0.20311201731004472,0.2043343778127771,H,2-1,0.09729818969756938,1-1,0.09020996212880253,2-0,0.08124853185321959,medium,0,preseason_static,True
laliga_102599,2026/27,36,2027-05-16,,,atletico_madrid,Atlético de Madrid,vallecano,Rayo Vallecano,poisson,1.7417350693059621,0.7275163731064119,0.616810842140304,0.23107142657063917,0.1521177312890569,H,1-0,0.14743507548349136,2-0,0.12839642070768426,1-1,0.10726143138441971,medium,0,preseason_static,True
laliga_102600,2026/27,36,2027-05-16,,,deportivo,RC Deportivo,alaves,Deportivo Alavés,poisson,1.415258717017837,1.4407969606552566,0.3693023808358568,0.24991424114806432,0.38078337801607887,A,1-1,0.1172383507098675,1-2,0.08445832968750609,2-1,0.08296129890546713,low,1,preseason_static,True
laliga_102601,2026/27,36,2027-05-16,,,elche,Elche CF,athletic_bilbao,Athletic Club,poisson,1.305898258793901,1.2339009659932556,0.38336430717859593,0.2673453740645504,0.3492903187568538,H,1-1,0.1271068501116337,1-0,0.10301219758695646,0-1,0.0973328888798939,medium,0,preseason_static,True
laliga_102602,2026/27,36,2027-05-16,,,espanyol,RCD Espanyol,valencia,Valencia CF,poisson,1.3229316227971222,1.105726923126824,0.41596814811021254,0.27267480942572503,0.3113570424640624,H,1-1,0.12895327008911683,1-0,0.11662307156676352,0-1,0.09747538562610383,medium,0,preseason_static,True
laliga_102603,2026/27,36,2027-05-16,,,levante,Levante UD,getafe,Getafe CF,poisson,1.1703281718186755,0.9073274645350003,0.41860235399671336,0.29794745954867935,0.2834501864546074,H,1-0,0.14655252448939404,1-1,0.13297113046616543,0-0,0.12522344417434061,medium,0,preseason_static,True
laliga_102604,2026/27,36,2027-05-16,,,malaga,Málaga CF,celta,RC Celta,poisson,1.4365672428668081,1.641043837880583,0.3365306425053591,0.23817159859047693,0.425297758904164,A,1-1,0.10860688472890709,1-2,0.08911432946788989,2-1,0.07801054647567966,low,1,preseason_static,True
laliga_102605,2026/27,36,2027-05-16,,,osasuna,CA Osasuna,betis,Real Betis,poisson,1.3007652727564385,1.2843222934435514,0.3714661788249195,0.26479153406798683,0.36374228710709366,H,1-1,0.12594583279508859,1-0,0.09806404002954745,0-1,0.09682441208489373,medium,0,preseason_static,True
laliga_102606,2026/27,36,2027-05-16,,,real_madrid,Real Madrid,racing_santander,Racing de Santander,poisson,3.7768783806124824,0.7851409442571169,0.888339012634179,0.07363626410698938,0.038024723258831515,H,3-0,0.09392652138944889,4-0,0.08868726200048634,2-0,0.07460647015132414,low,1,preseason_static,True
laliga_102607,2026/27,36,2027-05-16,,,real_sociedad,Real Sociedad,barcelona,FC Barcelona,poisson,1.1776164243392404,2.0988018880542763,0.2076017817924739,0.20731600075238063,0.5850822174551455,A,1-2,0.09794719182045142,1-1,0.09333629093621099,0-2,0.08317410473907877,medium,0,preseason_static,True
laliga_102608,2026/27,36,2027-05-16,,,sevilla,Sevilla FC,villarreal,Villarreal CF,poisson,1.3709492717088179,1.7218322416381218,0.30675642339634585,0.2349689841176258,0.45827459248602836,A,1-1,0.10711129491281922,1-2,0.09221384051225072,0-1,0.07812929123140386,medium,0,preseason_static,True
laliga_102609,2026/27,37,2027-05-23,,,alaves,Deportivo Alavés,real_madrid,Real Madrid,poisson,0.8933038706017956,1.7912784171207565,0.1845136301624673,0.229745270518138,0.5857410993193948,A,0-1,0.12225457412470868,0-2,0.1094959900119402,1-1,0.1092104842643764,medium,0,preseason_static,True
laliga_102610,2026/27,37,2027-05-23,,,atletico_madrid,Atlético de Madrid,athletic_bilbao,Athletic Club,poisson,1.7807645371028786,0.877390041341262,0.5873092656301273,0.23053353549628014,0.18215719887359264,H,1-0,0.12479174588528401,2-0,0.1111123577978339,1-1,0.10949103508133759,medium,0,preseason_static,True
laliga_102611,2026/27,37,2027-05-23,,,celta,RC Celta,real_sociedad,Real Sociedad,poisson,1.6806249354034832,1.1857722442421903,0.48947365114793706,0.2409997687407597,0.2695265801113032,H,1-1,0.11339981338042796,1-0,0.09563372218490418,2-1,0.09529127701862443,medium,0,preseason_static,True
laliga_102612,2026/27,37,2027-05-23,,,deportivo,RC Deportivo,espanyol,RCD Espanyol,poisson,1.4627058913615882,1.4820054949334174,0.3729291523027789,0.24558252885916784,0.3814883188380533,A,1-1,0.11406051281769007,1-2,0.08451915337537008,2-1,0.0834184920350796,low,1,preseason_static,True
laliga_102613,2026/27,37,2027-05-23,,,barcelona,FC Barcelona,malaga,Málaga CF,poisson,3.685477880374377,0.7933330551510166,0.8802960582079092,0.07839353352199614,0.041310408270094606,H,3-0,0.09481350224069031,4-0,0.08735826631722263,2-0,0.07717873121332557,low,1,preseason_static,True
laliga_102614,2026/27,37,2027-05-23,,,racing_santander,Racing de Santander,levante,Levante UD,poisson,1.767457056719706,1.7962002780762427,0.3838720454493336,0.22056286072986592,0.3955650938208005,A,1-1,0.08995584498833818,1-2,0.08078935689131822,2-1,0.07949654650891116,low,1,preseason_static,True
laliga_102615,2026/27,37,2027-05-23,,,vallecano,Rayo Vallecano,betis,Real Betis,poisson,1.1525736020232338,1.141706319132746,0.36063304542500385,0.28410818118771775,0.3552587733872784,H,1-1,0.1326874959284665,1-0,0.11621858765681313,0-1,0.11512279623231536,medium,0,preseason_static,True
laliga_102616,2026/27,37,2027-05-23,,,sevilla,Sevilla FC,getafe,Getafe CF,poisson,1.0942921488472623,0.8323980474514844,0.41354058702205276,0.3117268735467668,0.2747325394311805,H,1-0,0.1593611203170437,0-0,0.14562941028583293,1-1,0.13265188539158826,medium,0,preseason_static,True
laliga_102617,2026/27,37,2027-05-23,,,valencia,Valencia CF,elche,Elche CF,poisson,1.5732895589149434,1.085838775588583,0.4862148545891407,0.25149304384217736,0.262292101568682,H,1-1,0.11959957418674744,1-0,0.11014487313912515,2-1,0.09408238065934146,medium,0,preseason_static,True
laliga_102618,2026/27,37,2027-05-23,,,villarreal,Villarreal CF,osasuna,CA Osasuna,poisson,2.130048289644966,1.0077507032934512,0.6306399018494386,0.20012591111930358,0.1692341870312578,H,2-1,0.09916984752256626,2-0,0.09840712310938333,1-1,0.09311511668976835,medium,0,preseason_static,True
laliga_102619,2026/27,38,2027-05-30,,,athletic_bilbao,Athletic Club,vallecano,Rayo Vallecano,poisson,1.3016522393740486,0.8228732632779185,0.4779074619244339,0.28610908485008624,0.23598345322547976,H,1-0,0.15553399535370108,1-1,0.1279847663073526,0-0,0.11948966909049054,medium,0,preseason_static,True
laliga_102620,2026/27,38,2027-05-30,,,betis,Real Betis,atletico_madrid,Atlético de Madrid,poisson,1.3839650366088683,1.386976914086409,0.372147755144375,0.25433216296498007,0.37352008189064484,A,1-1,0.12016826036737546,0-1,0.08682897124469557,1-0,0.0866404185584656,medium,0,preseason_static,True
laliga_102621,2026/27,38,2027-05-30,,,elche,Elche CF,racing_santander,Racing de Santander,poisson,2.3280629828944286,1.2605024858509788,0.612324218290353,0.19166228314547915,0.1960134985641678,H,2-1,0.0944111512012393,1-1,0.08110704211606856,2-0,0.07489961524153703,low,1,preseason_static,True
laliga_102622,2026/27,38,2027-05-30,,,espanyol,RCD Espanyol,alaves,Deportivo Alavés,poisson,1.3452310089829531,1.0079396277383246,0.44466435245313163,0.2748376058204968,0.2804980417263716,H,1-1,0.12890283090484753,1-0,0.1278874521424338,0-1,0.0958220781739956,medium,0,preseason_static,True
laliga_102623,2026/27,38,2027-05-30,,,getafe,Getafe CF,barcelona,FC Barcelona,poisson,0.7723009239685454,1.6008044055223152,0.1795186833456292,0.2493014180318779,0.5711798986224929,A,0-1,0.14918053792694946,0-2,0.11940443116582475,1-1,0.1152122672791077,medium,0,preseason_static,True
laliga_102624,2026/27,38,2027-05-30,,,levante,Levante UD,celta,RC Celta,poisson,1.5055385777602739,1.4347143472657893,0.39289307719354855,0.2456391112337033,0.36146781157274815,H,1-1,0.11416214311557613,2-1,0.08593775529014466,1-2,0.08189503232126372,medium,0,preseason_static,True
laliga_102625,2026/27,38,2027-05-30,,,malaga,Málaga CF,sevilla,Sevilla FC,poisson,1.5377050172755606,1.400928074230671,0.40770770074521745,0.24525570081038311,0.34703659844439944,H,1-1,0.11403998771631287,2-1,0.08767993064070881,1-0,0.08140317109351865,low,1,preseason_static,True
laliga_102626,2026/27,38,2027-05-30,,,osasuna,CA Osasuna,valencia,Valencia CF,poisson,1.388648096913766,1.0381735489899833,0.44935281461401055,0.26958202574745554,0.28106515963853385,H,1-1,0.1273230499442098,1-0,0.12264139273060815,0-1,0.09168849201405449,medium,0,preseason_static,True
laliga_102627,2026/27,38,2027-05-30,,,real_madrid,Real Madrid,deportivo,RC Deportivo,poisson,3.548861252331173,0.7208563414305162,0.8799427634714112,0.08039662071586698,0.039660615812721844,H,3-0,0.10430256588297035,4-0,0.09253883364519819,2-0,0.08817129648091158,low,1,preseason_static,True
laliga_102628,2026/27,38,2027-05-30,,,real_sociedad,Real Sociedad,villarreal,Villarreal CF,poisson,1.5486085219971504,1.6394293662710209,0.3633144203777863,0.23451498130575446,0.40217059831645924,A,1-1,0.10473406959799447,1-2,0.08585205467401255,2-1,0.08109603636144846,medium,0,preseason_static,True
