fixture_id,season,matchday,reference_date,scheduled_date,kickoff_time,home_team_id,home_team,away_team_id,away_team,expected_home_goals,expected_away_goals,predicted_score,predicted_score_probability,goal_model_source,promoted_adjustment_applied,model,probability_home,probability_draw,probability_away,predicted_ftr,probability_edge,confidence,market_odds_available,feature_snapshot,requires_dynamic_update
laliga_102249,2026/27,1,2026-08-16,,,alaves,Deportivo Alavés,getafe,Getafe CF,0.9990786164516888,0.7913159643737561,0-0,0.1668943051970106,production_2025_26,0,ensemble_sports,0.4466881683908599,0.3084738646684239,0.2448379669407161,H,0.1382143037224359,medium,False,preseason_static,True
laliga_102250,2026/27,1,2026-08-16,,,atletico_madrid,Atlético de Madrid,malaga,Málaga CF,2.6480570433598976,0.8499889266114916,2-0,0.1060930013558822,production_2025_26,1,ensemble_sports,0.6338321868829124,0.2181663188808387,0.1480014942362489,H,0.4156658680020737,low,False,preseason_static,True
laliga_102251,2026/27,1,2026-08-16,,,celta,RC Celta,osasuna,CA Osasuna,1.628287356319991,1.0347828849543863,1-1,0.1174962779161848,production_2025_26,0,ensemble_sports,0.4858050626381866,0.2936842067790828,0.2205107305827305,H,0.1921208558591037,medium,False,preseason_static,True
laliga_102252,2026/27,1,2026-08-16,,,deportivo,RC Deportivo,elche,Elche CF,1.5519627578085795,1.631226446833939,1-1,0.1049433468474114,production_2025_26,1,ensemble_sports,0.4207285367367921,0.2885681313058933,0.2907033319573145,H,0.1300252047794776,low,False,preseason_static,True
laliga_102253,2026/27,1,2026-08-16,,,espanyol,RCD Espanyol de Barcelona,levante,Levante UD,1.5424496604972615,1.180708026785829,1-1,0.1195918253020421,production_2025_26,0,ensemble_sports,0.4319058908432797,0.3013696036556382,0.2667245055010822,H,0.1305362871876414,medium,False,preseason_static,True
laliga_102254,2026/27,1,2026-08-16,,,barcelona,FC Barcelona,athletic_bilbao,Athletic Club,2.478408963320735,0.8189077531059327,2-0,0.1135884827402379,production_2025_26,0,ensemble_sports,0.6788343676205356,0.2072617844359811,0.1139038479434833,H,0.4715725831845545,high,False,preseason_static,True
laliga_102255,2026/27,1,2026-08-16,,,racing_santander,R. Racing Club,villarreal,Villarreal CF,1.4752739277546296,2.573612315520647,1-2,0.0852225737894612,production_2025_26,1,ensemble_sports,0.285164464926567,0.2802472623000818,0.4345882727733512,A,0.1494238078467842,low,False,preseason_static,True
laliga_102256,2026/27,1,2026-08-16,,,real_madrid,Real Madrid,real_sociedad,Real Sociedad,2.4059277664583303,0.824169623261781,2-0,0.1144829479395064,production_2025_26,0,ensemble_sports,0.674660930656671,0.2077562652161731,0.117582804127156,H,0.4669046654404979,high,False,preseason_static,True
laliga_102257,2026/27,1,2026-08-16,,,sevilla,Sevilla FC,vallecano,Rayo Vallecano,1.2356830516975954,0.9814451739304608,1-0,0.1345924118846495,production_2025_26,0,ensemble_sports,0.4043557509269628,0.3144749811934675,0.2811692678795697,H,0.0898807697334952,medium,False,preseason_static,True
laliga_102258,2026/27,1,2026-08-16,,,valencia,Valencia CF,betis,Real Betis,1.3216317467123997,1.3015813043734925,1-1,0.1248345906181725,production_2025_26,0,ensemble_sports,0.3819921045556095,0.3014681843843811,0.3165397110600094,H,0.0654523934956,low,False,preseason_static,True
laliga_102259,2026/27,2,2026-08-23,,,athletic_bilbao,Athletic Club,sevilla,Sevilla FC,1.5872760531793848,0.9420956545771624,1-0,0.1265204429317716,production_2025_26,0,ensemble_sports,0.4842250798145817,0.2936666344181906,0.2221082857672276,H,0.1905584453963911,medium,False,preseason_static,True
laliga_102260,2026/27,2,2026-08-23,,,atletico_madrid,Atlético de Madrid,villarreal,Villarreal CF,1.932397164057796,1.2763434787881545,1-1,0.0996616968996586,production_2025_26,0,ensemble_sports,0.4512354384138679,0.2966038816128882,0.252160679973244,H,0.1546315568009797,medium,False,preseason_static,True
laliga_102261,2026/27,2,2026-08-23,,,betis,Real Betis,real_sociedad,Real Sociedad,1.7776664045505874,1.1115128447286844,1-1,0.1099034599360199,production_2025_26,0,ensemble_sports,0.5388743409771901,0.2706801224460776,0.1904455365767323,H,0.2681942185311124,medium,False,preseason_static,True
laliga_102262,2026/27,2,2026-08-23,,,elche,Elche CF,barcelona,FC Barcelona,1.07760958400559,2.2979147000702773,1-2,0.0973061743968051,production_2025_26,0,ensemble_sports,0.2400465728796823,0.2545576886054865,0.5053957385148312,A,0.2508380499093447,medium,False,preseason_static,True
laliga_102263,2026/27,2,2026-08-23,,,espanyol,RCD Espanyol de Barcelona,real_madrid,Real Madrid,0.9188534408589166,1.8513318181938947,0-1,0.1159871453721281,production_2025_26,0,ensemble_sports,0.2503669736068644,0.2858595690075562,0.4637734573855794,A,0.1779138883780231,medium,False,preseason_static,True
laliga_102264,2026/27,2,2026-08-23,,,getafe,Getafe CF,racing_santander,R. Racing Club,1.6684755030324676,0.8781082833319991,1-0,0.1307233632882357,production_2025_26,1,ensemble_sports,0.5310015124374052,0.2651381514131389,0.2038603361494557,H,0.2658633610242663,low,False,preseason_static,True
laliga_102265,2026/27,2,2026-08-23,,,malaga,Málaga CF,deportivo,RC Deportivo,2.1596398957162783,1.3841023881983927,2-1,0.0932997687133061,production_2025_26,1,ensemble_sports,0.5587375069281818,0.2307183722939837,0.2105441207778343,H,0.3280191346341981,low,False,preseason_static,True
laliga_102266,2026/27,2,2026-08-23,,,osasuna,CA Osasuna,levante,Levante UD,1.619070667542188,1.1085737507619775,1-1,0.1173356509406917,production_2025_26,0,ensemble_sports,0.4454281770812335,0.3015163024307001,0.2530555204880664,H,0.1439118746505334,medium,False,preseason_static,True
laliga_102267,2026/27,2,2026-08-23,,,vallecano,Rayo Vallecano,alaves,Deportivo Alavés,1.25118465652296,0.8412730546273299,1-0,0.1543755841504502,production_2025_26,0,ensemble_sports,0.4864223666649303,0.2917835813279937,0.221794052007076,H,0.1946387853369365,medium,False,preseason_static,True
laliga_102268,2026/27,2,2026-08-23,,,valencia,Valencia CF,celta,RC Celta,1.4099290438190342,1.2305289620062867,1-1,0.1237521979956357,production_2025_26,0,ensemble_sports,0.4432832380795838,0.2956247925006873,0.2610919694197288,H,0.1476584455788965,medium,False,preseason_static,True
laliga_102269,2026/27,3,2026-08-30,,,alaves,Deportivo Alavés,villarreal,Villarreal CF,1.2516640122540736,1.6368531196742258,1-1,0.1140331231089383,production_2025_26,0,ensemble_sports,0.3098623816428173,0.3030036374654075,0.3871339808917752,A,0.0772715992489578,low,False,preseason_static,True
laliga_102270,2026/27,3,2026-08-30,,,celta,RC Celta,athletic_bilbao,Athletic Club,1.479911811040663,1.105780432656076,1-1,0.1232971635882636,production_2025_26,0,ensemble_sports,0.4619571611332911,0.2947214971353769,0.243321341731332,H,0.1672356639979142,medium,False,preseason_static,True
laliga_102271,2026/27,3,2026-08-30,,,deportivo,RC Deportivo,valencia,Valencia CF,1.391798507973515,1.580578783007642,1-1,0.1125915948527651,production_2025_26,1,ensemble_sports,0.3805315337480605,0.3039767993819687,0.3154916668699707,H,0.0650398668780897,low,False,preseason_static,True
laliga_102272,2026/27,3,2026-08-30,,,barcelona,FC Barcelona,vallecano,Rayo Vallecano,2.4240890457762814,0.6790238894638013,2-0,0.1319540522548976,production_2025_26,0,ensemble_sports,0.6885397697189647,0.2031992138851515,0.1082610163958838,H,0.4853405558338131,high,False,preseason_static,True
laliga_102273,2026/27,3,2026-08-30,,,levante,Levante UD,betis,Real Betis,1.4112537003128802,1.5175566192874617,1-1,0.114494397877823,production_2025_26,0,ensemble_sports,0.3522014883414776,0.3007620845552611,0.3470364271032612,H,0.0051650612382164,low,False,preseason_static,True
laliga_102274,2026/27,3,2026-08-30,,,osasuna,CA Osasuna,getafe,Getafe CF,1.0787020386857156,0.7678796793117729,1-0,0.1701928295213773,production_2025_26,0,ensemble_sports,0.4508090231546745,0.3069469890606542,0.2422439877846713,H,0.1438620340940203,medium,False,preseason_static,True
laliga_102275,2026/27,3,2026-08-30,,,racing_santander,R. Racing Club,elche,Elche CF,1.690363856270744,1.7360340297562844,1-1,0.0953837633233538,production_2025_26,1,ensemble_sports,0.4512518578015273,0.2739309252334826,0.2748172169649902,H,0.1764346408365371,low,False,preseason_static,True
laliga_102276,2026/27,3,2026-08-30,,,real_madrid,Real Madrid,malaga,Málaga CF,3.150419998136892,0.7445687263406039,3-0,0.1060650078983844,production_2025_26,1,ensemble_sports,0.7393116783465091,0.1611006491210321,0.0995876725324587,H,0.578211029225477,low,False,preseason_static,True
laliga_102277,2026/27,3,2026-08-30,,,real_sociedad,Real Sociedad,espanyol,RCD Espanyol de Barcelona,1.6723412060632723,1.004716137595394,1-1,0.1155414249265938,production_2025_26,0,ensemble_sports,0.4918991290406411,0.284180178292949,0.2239206926664098,H,0.207718950747692,medium,False,preseason_static,True
laliga_102278,2026/27,3,2026-08-30,,,sevilla,Sevilla FC,atletico_madrid,Atlético de Madrid,1.1169694947094502,1.583810067305736,1-1,0.1187985577067606,production_2025_26,0,ensemble_sports,0.3170044137345933,0.2953508975979778,0.3876446886674289,A,0.0706402749328356,low,False,preseason_static,True
laliga_102279,2026/27,4,2026-09-06,,,alaves,Deportivo Alavés,osasuna,CA Osasuna,1.2690919426836396,1.0529680259772232,1-1,0.131054064265055,production_2025_26,0,ensemble_sports,0.436566672040663,0.3143013861649538,0.2491319417943832,H,0.1222652858757091,medium,False,preseason_static,True
laliga_102280,2026/27,4,2026-09-06,,,athletic_bilbao,Athletic Club,atletico_madrid,Atlético de Madrid,1.1766009431817188,1.3279141750496122,1-1,0.1276739217949611,production_2025_26,0,ensemble_sports,0.34461703553575,0.3001270572738426,0.3552559071904073,A,0.0106388716546572,low,False,preseason_static,True
laliga_102281,2026/27,4,2026-09-06,,,betis,Real Betis,real_madrid,Real Madrid,1.2123182459749713,1.650100332260157,1-1,0.114286524772472,production_2025_26,0,ensemble_sports,0.3161554696192163,0.2937705879466931,0.3900739424340906,A,0.0739184728148743,low,False,preseason_static,True
laliga_102282,2026/27,4,2026-09-06,,,elche,Elche CF,real_sociedad,Real Sociedad,1.483010785139762,1.3231609769979498,1-1,0.1185911737281206,production_2025_26,0,ensemble_sports,0.4370315217414262,0.2929106530638966,0.2700578251946773,H,0.1441208686775296,medium,False,preseason_static,True
laliga_102283,2026/27,4,2026-09-06,,,espanyol,RCD Espanyol de Barcelona,sevilla,Sevilla FC,1.4150702319455664,1.1039976263964169,1-1,0.1258140122574343,production_2025_26,0,ensemble_sports,0.4517058712429413,0.3013459218702123,0.2469482068868462,H,0.150359949372729,medium,False,preseason_static,True
laliga_102284,2026/27,4,2026-09-06,,,getafe,Getafe CF,celta,RC Celta,1.042846702339322,0.9558750722577254,1-0,0.1413144732503459,production_2025_26,0,ensemble_sports,0.4028704557798839,0.3145134812664008,0.2826160629537154,H,0.0883569745134831,medium,False,preseason_static,True
laliga_102285,2026/27,4,2026-09-06,,,malaga,Málaga CF,levante,Levante UD,1.6761235790965758,1.4982704515343108,1-1,0.1050208113132301,production_2025_26,1,ensemble_sports,0.4233677679603321,0.2954467765684951,0.2811854554711727,H,0.127920991391837,low,False,preseason_static,True
laliga_102286,2026/27,4,2026-09-06,,,vallecano,Rayo Vallecano,racing_santander,R. Racing Club,1.967228581669462,0.9915665797398232,1-0,0.1020632790234317,production_2025_26,1,ensemble_sports,0.5625468688867028,0.2415571770346575,0.1958959540786397,H,0.3209896918520452,low,False,preseason_static,True
laliga_102287,2026/27,4,2026-09-06,,,valencia,Valencia CF,barcelona,FC Barcelona,1.0441510730473829,2.0607673959420434,1-2,0.0993910065814106,production_2025_26,0,ensemble_sports,0.2547381396839956,0.2642819264166186,0.4809799338993858,A,0.2166980074827672,medium,False,preseason_static,True
laliga_102288,2026/27,4,2026-09-06,,,villarreal,Villarreal CF,deportivo,RC Deportivo,3.242915538225713,1.0100369765171582,3-1,0.0816958109241227,production_2025_26,1,ensemble_sports,0.6971460742440935,0.1824866935905974,0.1203672321653091,H,0.514659380653496,low,False,preseason_static,True
laliga_102289,2026/27,5,2026-09-13,,,athletic_bilbao,Athletic Club,elche,Elche CF,1.6546905845445032,0.9738069087147616,1-0,0.1194470573453684,production_2025_26,0,ensemble_sports,0.5109671357286952,0.2759000963797181,0.2131327678915867,H,0.2350670393489771,medium,False,preseason_static,True
laliga_102290,2026/27,5,2026-09-13,,,celta,RC Celta,malaga,Málaga CF,2.2006788731054603,1.071246627764895,2-1,0.0984016220342118,production_2025_26,1,ensemble_sports,0.572286912820265,0.2392842833030168,0.1884288038767181,H,0.3330026295172482,low,False,preseason_static,True
laliga_102291,2026/27,5,2026-09-13,,,getafe,Getafe CF,deportivo,RC Deportivo,1.567746553230414,0.8062118389475372,1-0,0.145975237818539,production_2025_26,1,ensemble_sports,0.5476463542384922,0.2558256718640573,0.1965279738974505,H,0.2918206823744348,low,False,preseason_static,True
laliga_102292,2026/27,5,2026-09-13,,,levante,Levante UD,barcelona,FC Barcelona,1.1149566202456285,2.402716750782583,1-2,0.095487359645375,production_2025_26,0,ensemble_sports,0.2519911787301664,0.2645717992149485,0.4834370220548851,A,0.2188652228399366,medium,False,preseason_static,True
laliga_102293,2026/27,5,2026-09-13,,,osasuna,CA Osasuna,espanyol,RCD Espanyol de Barcelona,1.459394977611569,0.9734275322676172,1-0,0.1281184403080199,production_2025_26,0,ensemble_sports,0.4690431691713302,0.299758808983866,0.2311980218448037,H,0.1692843601874642,medium,False,preseason_static,True
laliga_102294,2026/27,5,2026-09-13,,,racing_santander,R. Racing Club,alaves,Deportivo Alavés,1.5414688081156425,1.533369299229848,1-1,0.1091935258819409,production_2025_26,1,ensemble_sports,0.441236873919003,0.2789064323026901,0.279856693778307,H,0.161380180140696,low,False,preseason_static,True
laliga_102295,2026/27,5,2026-09-13,,,real_madrid,Real Madrid,vallecano,Rayo Vallecano,2.0721596642176574,0.637285877917522,2-0,0.1429302588514111,production_2025_26,0,ensemble_sports,0.6590641420491413,0.2210369682325948,0.119898889718264,H,0.4380271738165465,high,False,preseason_static,True
laliga_102296,2026/27,5,2026-09-13,,,real_sociedad,Real Sociedad,atletico_madrid,Atlético de Madrid,1.2617158884091044,1.5080126113020147,1-1,0.1192584164480579,production_2025_26,0,ensemble_sports,0.3398282139121558,0.2883713667311597,0.3718004193566845,A,0.0319722054445287,low,False,preseason_static,True
laliga_102297,2026/27,5,2026-09-13,,,sevilla,Sevilla FC,valencia,Valencia CF,1.4087177510259294,1.1254024014147277,1-1,0.1257701476365689,production_2025_26,0,ensemble_sports,0.4278531945895608,0.3037162460264454,0.2684305593839938,H,0.1241369485631154,medium,False,preseason_static,True
laliga_102298,2026/27,5,2026-09-13,,,villarreal,Villarreal CF,betis,Real Betis,2.0220573105240027,1.266685210718132,2-1,0.096593284238091,production_2025_26,0,ensemble_sports,0.5097862278768979,0.2675065727214112,0.2227071994016909,H,0.2422796551554866,medium,False,preseason_static,True
laliga_102299,2026/27,6,2026-09-16,,,alaves,Deportivo Alavés,valencia,Valencia CF,1.2861462847453575,1.069859413186503,1-1,0.1304418254833274,production_2025_26,0,ensemble_sports,0.42878689236214,0.3030631632768995,0.2681499443609604,H,0.1257237290852405,medium,False,preseason_static,True
laliga_102300,2026/27,6,2026-09-16,,,atletico_madrid,Atlético de Madrid,osasuna,CA Osasuna,1.9593034927592503,0.8210564877048612,1-0,0.1215093511528288,production_2025_26,0,ensemble_sports,0.5627272013238369,0.271555876043268,0.1657169226328951,H,0.2911713252805689,medium,False,preseason_static,True
laliga_102301,2026/27,6,2026-09-16,,,betis,Real Betis,getafe,Getafe CF,1.355866996380367,0.7289490697011375,1-0,0.1685749604022406,production_2025_26,0,ensemble_sports,0.5505072305576171,0.2684470464523507,0.1810457229900322,H,0.2820601841052663,medium,False,preseason_static,True
laliga_102302,2026/27,6,2026-09-16,,,deportivo,RC Deportivo,sevilla,Sevilla FC,1.4887335093974134,1.57810684381141,1-1,0.1094062513592989,production_2025_26,1,ensemble_sports,0.4077179301884939,0.3006593137170039,0.2916227560945023,H,0.1070586164714899,low,False,preseason_static,True
laliga_102303,2026/27,6,2026-09-16,,,elche,Elche CF,real_madrid,Real Madrid,1.0113714413459507,1.964303316990401,1-1,0.1013451967747847,production_2025_26,0,ensemble_sports,0.2545520130694642,0.2735134585940657,0.4719345283364701,A,0.1984210697424043,medium,False,preseason_static,True
laliga_102304,2026/27,6,2026-09-16,,,barcelona,FC Barcelona,racing_santander,R. Racing Club,4.418332075356089,0.8365624850951854,4-0,0.0834069877993784,production_2025_26,1,ensemble_sports,0.7566841625186403,0.1461239533050652,0.0971918841762942,H,0.6105602092135751,low,False,preseason_static,True
laliga_102305,2026/27,6,2026-09-16,,,levante,Levante UD,athletic_bilbao,Athletic Club,1.3511571636151534,1.2901760538405256,1-1,0.1242334500439562,production_2025_26,0,ensemble_sports,0.4191293257766918,0.3011663128201015,0.2797043614032065,H,0.1179630129565902,medium,False,preseason_static,True
laliga_102306,2026/27,6,2026-09-16,,,malaga,Málaga CF,villarreal,Villarreal CF,1.3990390355085696,2.1467357137808607,1-2,0.0929937155374889,production_2025_26,1,ensemble_sports,0.2945326448661458,0.2902567603688342,0.4152105947650201,A,0.1206779498988743,low,False,preseason_static,True
laliga_102307,2026/27,6,2026-09-16,,,vallecano,Rayo Vallecano,espanyol,RCD Espanyol de Barcelona,1.2931311754317876,0.8653344806683295,1-0,0.1493595222252654,production_2025_26,0,ensemble_sports,0.4840255902599965,0.3014867864923263,0.2144876232476772,H,0.1825388037676701,medium,False,preseason_static,True
laliga_102308,2026/27,6,2026-09-16,,,real_sociedad,Real Sociedad,celta,RC Celta,1.5901488223427505,1.2532401831715003,1-1,0.116039110072955,production_2025_26,0,ensemble_sports,0.4299979068541866,0.2920035790230986,0.2779985141227147,H,0.1379943278310879,medium,False,preseason_static,True
laliga_102309,2026/27,7,2026-09-20,,,athletic_bilbao,Athletic Club,alaves,Deportivo Alavés,1.5089378027670364,0.8601246240609491,1-0,0.1411889974114787,production_2025_26,0,ensemble_sports,0.4875535138695901,0.2863492562577593,0.2260972298726504,H,0.2012042576118307,medium,False,preseason_static,True
laliga_102310,2026/27,7,2026-09-20,,,atletico_madrid,Atlético de Madrid,real_madrid,Real Madrid,1.3791383704354354,1.3967572892802211,1-1,0.1199976792711139,production_2025_26,0,ensemble_sports,0.3422199215232724,0.3023195071487446,0.355460571327983,A,0.0132406498047105,low,False,preseason_static,True
laliga_102311,2026/27,7,2026-09-20,,,celta,RC Celta,racing_santander,R. Racing Club,2.6382820269735654,1.1296198176215493,2-1,0.0908256501470467,production_2025_26,1,ensemble_sports,0.5835857542274615,0.2316264690435231,0.1847877767290153,H,0.3519592851839384,low,False,preseason_static,True
laliga_102312,2026/27,7,2026-09-20,,,deportivo,RC Deportivo,betis,Real Betis,1.303716304994582,1.955330656936414,1-1,0.097953551375907,production_2025_26,1,ensemble_sports,0.2919001488527892,0.3027025010417907,0.4053973501054201,A,0.1026948490636293,low,False,preseason_static,True
laliga_102313,2026/27,7,2026-09-20,,,espanyol,RCD Espanyol de Barcelona,elche,Elche CF,1.475170865571492,1.1411585549368168,1-1,0.1230073626666798,production_2025_26,0,ensemble_sports,0.4697782052410154,0.2834770403746693,0.2467447543843152,H,0.186301164866346,medium,False,preseason_static,True
laliga_102314,2026/27,7,2026-09-20,,,getafe,Getafe CF,malaga,Málaga CF,1.3917309644221547,0.8327319711090384,1-0,0.1504816097790016,production_2025_26,1,ensemble_sports,0.5175122902238544,0.2720484520620351,0.2104392577141105,H,0.2454638381618192,low,False,preseason_static,True
laliga_102315,2026/27,7,2026-09-20,,,osasuna,CA Osasuna,vallecano,Rayo Vallecano,1.2180785802399363,0.9053743070724036,1-0,0.1457039976706809,production_2025_26,0,ensemble_sports,0.4091654807068937,0.3212287652827859,0.2696057540103205,H,0.0879367154241078,medium,False,preseason_static,True
laliga_102316,2026/27,7,2026-09-20,,,sevilla,Sevilla FC,barcelona,FC Barcelona,1.042518077595336,2.204294270928295,1-2,0.0985209995561175,production_2025_26,0,ensemble_sports,0.2376513843425911,0.271041257901334,0.4913073577560747,A,0.2202660998547407,medium,False,preseason_static,True
laliga_102317,2026/27,7,2026-09-20,,,valencia,Valencia CF,real_sociedad,Real Sociedad,1.4369650433959869,1.186609320570865,1-1,0.1236944665267714,production_2025_26,0,ensemble_sports,0.4672383811267433,0.2926274624032102,0.2401341564700465,H,0.1746109187235331,medium,False,preseason_static,True
laliga_102318,2026/27,7,2026-09-20,,,villarreal,Villarreal CF,levante,Levante UD,2.5168673765567773,1.0933501522546325,2-1,0.093665743008887,production_2025_26,0,ensemble_sports,0.6084057449589241,0.2357028226927533,0.1558914323483225,H,0.3727029222661707,high,False,preseason_static,True
laliga_102319,2026/27,8,2026-10-11,,,alaves,Deportivo Alavés,atletico_madrid,Atlético de Madrid,1.0197828235984343,1.5056428767847982,1-1,0.1228715888764688,production_2025_26,0,ensemble_sports,0.3158726456866828,0.3019078432953275,0.3822195110179898,A,0.0663468653313069,low,False,preseason_static,True
laliga_102320,2026/27,8,2026-10-11,,,betis,Real Betis,osasuna,CA Osasuna,1.7223067855943823,0.9699792466193748,1-0,0.1166450850815375,production_2025_26,0,ensemble_sports,0.5388846930333198,0.2778588316974464,0.1832564752692339,H,0.2610258613358733,medium,False,preseason_static,True
laliga_102321,2026/27,8,2026-10-11,,,elche,Elche CF,celta,RC Celta,1.455108450880538,1.3721347669923976,1-1,0.1181506955642774,production_2025_26,0,ensemble_sports,0.4080520328892735,0.2981378514945376,0.2938101156161889,H,0.1099141813947359,medium,False,preseason_static,True
laliga_102322,2026/27,8,2026-10-11,,,barcelona,FC Barcelona,getafe,Getafe CF,2.146716835887147,0.5759039575272584,2-0,0.1513934995289823,production_2025_26,0,ensemble_sports,0.7034045218533265,0.1937744764682307,0.1028210016784428,H,0.5096300453850957,high,False,preseason_static,True
laliga_102323,2026/27,8,2026-10-11,,,levante,Levante UD,sevilla,Sevilla FC,1.611532099328627,1.224788492050288,1-1,0.1157449857016454,production_2025_26,0,ensemble_sports,0.4740725740186792,0.2921341582689402,0.2337932677123807,H,0.181938415749739,medium,False,preseason_static,True
laliga_102324,2026/27,8,2026-10-11,,,malaga,Málaga CF,espanyol,RCD Espanyol de Barcelona,1.5108212274039805,1.3156163108715706,1-1,0.1177162516520277,production_2025_26,1,ensemble_sports,0.4400743213684749,0.2959183224754094,0.2640073561561157,H,0.1441559988930655,low,False,preseason_static,True
laliga_102325,2026/27,8,2026-10-11,,,racing_santander,R. Racing Club,valencia,Valencia CF,1.51591646207541,1.68213221367136,1-1,0.1041457342553895,production_2025_26,1,ensemble_sports,0.4036236715921033,0.2874370173815557,0.3089393110263411,H,0.0946843605657621,low,False,preseason_static,True
laliga_102326,2026/27,8,2026-10-11,,,vallecano,Rayo Vallecano,athletic_bilbao,Athletic Club,1.1034926453139875,0.9706406566597142,1-0,0.1386707326670317,production_2025_26,0,ensemble_sports,0.4482295272008645,0.31137983157019,0.2403906412289455,H,0.1368496956306745,medium,False,preseason_static,True
laliga_102327,2026/27,8,2026-10-11,,,real_madrid,Real Madrid,villarreal,Villarreal CF,2.298992268786747,1.11804449284173,2-1,0.0969430484541211,production_2025_26,0,ensemble_sports,0.5897890234633626,0.2419661617667536,0.1682448147698838,H,0.347822861696609,medium,False,preseason_static,True
laliga_102328,2026/27,8,2026-10-11,,,real_sociedad,Real Sociedad,deportivo,RC Deportivo,2.3905242541967517,1.0570179116934053,2-1,0.0961187638684897,production_2025_26,1,ensemble_sports,0.5802063909301467,0.2368886217953127,0.1829049872745404,H,0.3433177691348339,low,False,preseason_static,True
laliga_102329,2026/27,9,2026-10-18,,,betis,Real Betis,barcelona,FC Barcelona,1.2917170757648526,1.9303484229212824,1-1,0.0994215425997671,production_2025_26,0,ensemble_sports,0.2986651860794053,0.2735152364386815,0.4278195774819133,A,0.129154391402508,medium,False,preseason_static,True
laliga_102330,2026/27,9,2026-10-18,,,celta,RC Celta,alaves,Deportivo Alavés,1.6779839529010347,0.9584013156104978,1-0,0.1201768819471532,production_2025_26,0,ensemble_sports,0.4994908543116069,0.2782561501612,0.2222529955271931,H,0.2212347041504068,medium,False,preseason_static,True
laliga_102331,2026/27,9,2026-10-18,,,deportivo,RC Deportivo,levante,Levante UD,1.6227438358192168,1.6877603475432887,1-1,0.0999604717783651,production_2025_26,1,ensemble_sports,0.3922684552222555,0.2999745856636685,0.307756959114076,H,0.0845114961081794,low,False,preseason_static,True
laliga_102332,2026/27,9,2026-10-18,,,espanyol,RCD Espanyol de Barcelona,atletico_madrid,Atlético de Madrid,1.0489498447611,1.556120220054421,1-1,0.1206231492726725,production_2025_26,0,ensemble_sports,0.314815836536725,0.2944289415346335,0.3907552219286415,A,0.0759393853919164,low,False,preseason_static,True
laliga_102333,2026/27,9,2026-10-18,,,getafe,Getafe CF,vallecano,Rayo Vallecano,0.915398191232856,0.7127459245923904,0-0,0.1962935352198896,production_2025_26,0,ensemble_sports,0.4063359474166083,0.3264105507824986,0.2672535018008932,H,0.0799253966341096,low,False,preseason_static,True
laliga_102334,2026/27,9,2026-10-18,,,malaga,Málaga CF,real_sociedad,Real Sociedad,1.4641140414384648,1.5824722323638694,1-1,0.1101021974547443,production_2025_26,1,ensemble_sports,0.4092570931956202,0.294477751759357,0.2962651550450229,H,0.1129919381505973,low,False,preseason_static,True
laliga_102335,2026/27,9,2026-10-18,,,osasuna,CA Osasuna,racing_santander,R. Racing Club,2.2201641770361804,1.115427884082123,2-1,0.0978502187210076,production_2025_26,1,ensemble_sports,0.5394447250300146,0.2580462059723898,0.2025090689975956,H,0.2813985190576248,low,False,preseason_static,True
laliga_102336,2026/27,9,2026-10-18,,,real_madrid,Real Madrid,sevilla,Sevilla FC,2.52685726178185,0.7296193510017043,2-0,0.122995999540462,production_2025_26,0,ensemble_sports,0.6823897908642056,0.2065147242354109,0.1110954849003835,H,0.4758750666287946,high,False,preseason_static,True
laliga_102337,2026/27,9,2026-10-18,,,valencia,Valencia CF,athletic_bilbao,Athletic Club,1.265351652814631,1.1065610400867043,1-1,0.1306405727600342,production_2025_26,0,ensemble_sports,0.4429006128921396,0.3001380191911285,0.2569613679167319,H,0.1427625937010111,medium,False,preseason_static,True
laliga_102338,2026/27,9,2026-10-18,,,villarreal,Villarreal CF,elche,Elche CF,2.407086287151154,1.056726854973067,2-1,0.0958562255521531,production_2025_26,0,ensemble_sports,0.6441732726111808,0.2120320301936131,0.143794697195206,H,0.4321412424175677,high,False,preseason_static,True
laliga_102339,2026/27,10,2026-10-25,,,alaves,Deportivo Alavés,malaga,Málaga CF,1.7152155701830545,1.0900725779032197,1-1,0.1130977159191879,production_2025_26,1,ensemble_sports,0.5175488510342783,0.2651150256588898,0.217336123306832,H,0.2524338253753885,low,False,preseason_static,True
laliga_102340,2026/27,10,2026-10-25,,,athletic_bilbao,Athletic Club,getafe,Getafe CF,1.1527129259559226,0.6979076527621733,1-0,0.1811368770856865,production_2025_26,0,ensemble_sports,0.4834567421943276,0.2990363438270786,0.2175069139785937,H,0.184420398367249,medium,False,preseason_static,True
laliga_102341,2026/27,10,2026-10-25,,,atletico_madrid,Atlético de Madrid,deportivo,RC Deportivo,2.98296323687006,0.8229192097618696,2-0,0.0989721859431563,production_2025_26,1,ensemble_sports,0.6605774952062742,0.2025071792463368,0.1369153255473888,H,0.4580703159599373,low,False,preseason_static,True
laliga_102342,2026/27,10,2026-10-25,,,celta,RC Celta,betis,Real Betis,1.5457350748744891,1.3006631227269732,1-1,0.1167146139796807,production_2025_26,0,ensemble_sports,0.4008924764596375,0.2983617172167655,0.3007458063235969,H,0.1001466701360406,medium,False,preseason_static,True
laliga_102343,2026/27,10,2026-10-25,,,barcelona,FC Barcelona,real_madrid,Real Madrid,1.9194389980988635,1.3036566629480475,1-1,0.0996706780623972,production_2025_26,0,ensemble_sports,0.5308996973743528,0.2562485525844265,0.2128517500412207,H,0.2746511447899263,medium,False,preseason_static,True
laliga_102344,2026/27,10,2026-10-25,,,racing_santander,R. Racing Club,espanyol,RCD Espanyol de Barcelona,1.5931472315760755,1.577225514264932,1-1,0.1055055081062448,production_2025_26,1,ensemble_sports,0.4475515891232986,0.2890214255081305,0.2634269853685709,H,0.1585301636151681,low,False,preseason_static,True
laliga_102345,2026/27,10,2026-10-25,,,vallecano,Rayo Vallecano,elche,Elche CF,1.3720402967429173,0.9524637358290688,1-0,0.1342294145049287,production_2025_26,0,ensemble_sports,0.5000882345044609,0.2808675610898063,0.2190442044057327,H,0.2192206734146546,medium,False,preseason_static,True
laliga_102346,2026/27,10,2026-10-25,,,real_sociedad,Real Sociedad,levante,Levante UD,1.855315822239202,1.1442063226941928,1-1,0.105742139388392,production_2025_26,0,ensemble_sports,0.4844915315112172,0.2881128658700056,0.2273956026187772,H,0.1963786656412116,medium,False,preseason_static,True
laliga_102347,2026/27,10,2026-10-25,,,sevilla,Sevilla FC,osasuna,CA Osasuna,1.390038107287607,1.1076340783114789,1-1,0.126677036387185,production_2025_26,0,ensemble_sports,0.4387708123885291,0.3100762727933934,0.2511529148180775,H,0.1286945395951357,medium,False,preseason_static,True
laliga_102348,2026/27,10,2026-10-25,,,valencia,Valencia CF,villarreal,Villarreal CF,1.373096720250767,1.6097196239390257,1-1,0.1119518469405785,production_2025_26,0,ensemble_sports,0.3359998286044243,0.2945290875330971,0.3694710838624787,A,0.0334712552580543,low,False,preseason_static,True
laliga_102349,2026/27,11,2026-11-01,,,athletic_bilbao,Athletic Club,real_sociedad,Real Sociedad,1.5113127231752448,1.064180410844952,1-1,0.122418599935367,production_2025_26,0,ensemble_sports,0.4812357512751023,0.2915255922115454,0.2272386565133521,H,0.1897101590635568,medium,False,preseason_static,True
laliga_102350,2026/27,11,2026-11-01,,,betis,Real Betis,malaga,Málaga CF,2.3277489328602723,1.004159434844868,2-1,0.0971918363149152,production_2025_26,1,ensemble_sports,0.6239967034423054,0.2181852723671939,0.1578180241905006,H,0.4058114310751114,low,False,preseason_static,True
laliga_102351,2026/27,11,2026-11-01,,,deportivo,RC Deportivo,osasuna,CA Osasuna,1.3733432139548654,1.5556239451013831,1-1,0.114195731924244,production_2025_26,1,ensemble_sports,0.3938905001209651,0.3044874450524888,0.3016220548265461,H,0.0894030550684763,low,False,preseason_static,True
laliga_102352,2026/27,11,2026-11-01,,,elche,Elche CF,valencia,Valencia CF,1.456135660655266,1.173200309873426,1-1,0.1232162835004777,production_2025_26,0,ensemble_sports,0.4321394850542877,0.2952058466504566,0.2726546682952558,H,0.136933638403831,medium,False,preseason_static,True
laliga_102353,2026/27,11,2026-11-01,,,barcelona,FC Barcelona,alaves,Deportivo Alavés,2.810120466741794,0.7097632086463833,2-0,0.1169034014051702,production_2025_26,0,ensemble_sports,0.7118690668198349,0.1848469976195462,0.103283935560619,H,0.5270220692002887,high,False,preseason_static,True
laliga_102354,2026/27,11,2026-11-01,,,getafe,Getafe CF,sevilla,Sevilla FC,1.1162656077527768,0.8160124630872686,1-0,0.1616552651827696,production_2025_26,0,ensemble_sports,0.4522885803326027,0.3181763933311264,0.2295350263362709,H,0.1341121870014762,medium,False,preseason_static,True
laliga_102355,2026/27,11,2026-11-01,,,levante,Levante UD,atletico_madrid,Atlético de Madrid,1.194581235091177,1.72637883651124,1-1,0.1111209364748237,production_2025_26,0,ensemble_sports,0.3213096134266968,0.298032664812331,0.3806577217609723,A,0.0593481083342755,low,False,preseason_static,True
laliga_102356,2026/27,11,2026-11-01,,,racing_santander,R. Racing Club,real_madrid,Real Madrid,1.0528927067958331,2.8164140932485284,1-2,0.0871772736137886,production_2025_26,1,ensemble_sports,0.2395135640009006,0.2667551029902472,0.4937313330088522,A,0.226976230018605,low,False,preseason_static,True
laliga_102357,2026/27,11,2026-11-01,,,vallecano,Rayo Vallecano,celta,RC Celta,1.229576242152198,1.0793814317075463,1-1,0.1318751215657631,production_2025_26,0,ensemble_sports,0.4461101763498623,0.2999620893090493,0.2539277343410883,H,0.146148087040813,medium,False,preseason_static,True
laliga_102358,2026/27,11,2026-11-01,,,villarreal,Villarreal CF,espanyol,RCD Espanyol de Barcelona,2.268649344526314,0.9600598425518432,2-0,0.1019308155536183,production_2025_26,0,ensemble_sports,0.6169707637938453,0.2362425507400065,0.1467866854661481,H,0.3807282130538387,high,False,preseason_static,True
laliga_102359,2026/27,12,2026-11-08,,,atletico_madrid,Atlético de Madrid,barcelona,FC Barcelona,1.469462815435299,1.6339783574692286,1-1,0.1077949125891403,production_2025_26,0,ensemble_sports,0.3285868503091387,0.288361457437183,0.3830516922536783,A,0.0544648419445396,low,False,preseason_static,True
laliga_102360,2026/27,12,2026-11-08,,,celta,RC Celta,levante,Levante UD,1.92398611181944,1.1226784770458402,1-1,0.1026384885421606,production_2025_26,0,ensemble_sports,0.4944742699727126,0.2836591950670533,0.2218665349602342,H,0.2108150749056593,medium,False,preseason_static,True
laliga_102361,2026/27,12,2026-11-08,,,elche,Elche CF,betis,Real Betis,1.3639817776816106,1.4513636126746106,1-1,0.1185485102744015,production_2025_26,0,ensemble_sports,0.3453425693546967,0.2949204750545252,0.3597369555907781,A,0.0143943862360813,low,False,preseason_static,True
laliga_102362,2026/27,12,2026-11-08,,,espanyol,RCD Espanyol de Barcelona,deportivo,RC Deportivo,1.9874046672259,1.0907381894675598,1-1,0.0998136143963229,production_2025_26,1,ensemble_sports,0.5464554709479766,0.2504981086350816,0.2030464204169417,H,0.295957362312895,low,False,preseason_static,True
laliga_102363,2026/27,12,2026-11-08,,,malaga,Málaga CF,racing_santander,R. Racing Club,2.2983984585706305,1.5075340169194664,2-1,0.0885534068655626,production_2025_26,1,ensemble_sports,0.5181932086417647,0.2401690245283128,0.2416377668299225,H,0.2765554418118421,low,False,preseason_static,True
laliga_102364,2026/27,12,2026-11-08,,,osasuna,CA Osasuna,athletic_bilbao,Athletic Club,1.2453737524847788,1.0918880042791594,1-1,0.1313463379826057,production_2025_26,0,ensemble_sports,0.4197429844665654,0.3076410932192149,0.2726159223142198,H,0.1121018912473504,medium,False,preseason_static,True
laliga_102365,2026/27,12,2026-11-08,,,real_sociedad,Real Sociedad,vallecano,Rayo Vallecano,1.3958133563623043,0.9344754968670944,1-0,0.135767518750897,production_2025_26,0,ensemble_sports,0.4364319743068825,0.3048314995511638,0.2587365261419536,H,0.1316004747557187,medium,False,preseason_static,True
laliga_102366,2026/27,12,2026-11-08,,,sevilla,Sevilla FC,alaves,Deportivo Alavés,1.4324631514802202,1.025875063555517,1-1,0.1257579270693583,production_2025_26,0,ensemble_sports,0.4480649022591058,0.2958187692157775,0.2561163285251168,H,0.1522461330433283,medium,False,preseason_static,True
laliga_102367,2026/27,12,2026-11-08,,,valencia,Valencia CF,real_madrid,Real Madrid,0.9799695468608364,1.7615850715741657,0-1,0.1135697553300473,production_2025_26,0,ensemble_sports,0.2684291949363293,0.2821545966715296,0.4494162083921412,A,0.1672616117206116,medium,False,preseason_static,True
laliga_102368,2026/27,12,2026-11-08,,,villarreal,Villarreal CF,getafe,Getafe CF,1.6768569924836962,0.7573346957851862,1-0,0.1470079102279922,production_2025_26,0,ensemble_sports,0.6058088231829493,0.2388756414527567,0.155315535364294,H,0.3669331817301925,high,False,preseason_static,True
laliga_102369,2026/27,13,2026-11-22,,,alaves,Deportivo Alavés,deportivo,RC Deportivo,1.9321430412508656,1.0553568832564526,1-1,0.1027984395319606,production_2025_26,1,ensemble_sports,0.5539434421806443,0.2454813778886451,0.2005751799307105,H,0.3084620642919992,low,False,preseason_static,True
laliga_102370,2026/27,13,2026-11-22,,,athletic_bilbao,Athletic Club,espanyol,RCD Espanyol de Barcelona,1.559525609887296,0.8847252277698757,1-0,0.1353531007730882,production_2025_26,0,ensemble_sports,0.4885849495419733,0.2950831446304713,0.2163319058275553,H,0.1935018049115019,medium,False,preseason_static,True
laliga_102371,2026/27,13,2026-11-22,,,barcelona,FC Barcelona,villarreal,Villarreal CF,2.689446219480573,1.1912690150984768,2-1,0.0889165922214627,production_2025_26,0,ensemble_sports,0.6194500262594187,0.2297768594204037,0.1507731143201776,H,0.3896731668390149,high,False,preseason_static,True
laliga_102372,2026/27,13,2026-11-22,,,getafe,Getafe CF,atletico_madrid,Atlético de Madrid,0.8274547860105587,1.150195854832892,0-1,0.1591802036710765,production_2025_26,0,ensemble_sports,0.3165732941986917,0.3104674944979294,0.3729592113033789,A,0.0563859171046872,low,False,preseason_static,True
laliga_102373,2026/27,13,2026-11-22,,,levante,Levante UD,elche,Elche CF,1.6799768295559072,1.266015281439998,1-1,0.1117673299678302,production_2025_26,0,ensemble_sports,0.4899528746043221,0.2752980543749979,0.2347490710206801,H,0.2146548202293242,medium,False,preseason_static,True
laliga_102374,2026/27,13,2026-11-22,,,osasuna,CA Osasuna,malaga,Málaga CF,1.851912854378873,1.057788063468826,1-1,0.1067465709626463,production_2025_26,1,ensemble_sports,0.5198565161500254,0.266864514779455,0.2132789690705195,H,0.2529920013705704,low,False,preseason_static,True
laliga_102375,2026/27,13,2026-11-22,,,racing_santander,R. Racing Club,real_sociedad,Real Sociedad,1.5438949291421669,1.897145512620304,1-1,0.0938201319538984,production_2025_26,1,ensemble_sports,0.4082924845053368,0.2800085358873401,0.311698979607323,H,0.0965935048980138,low,False,preseason_static,True
laliga_102376,2026/27,13,2026-11-22,,,vallecano,Rayo Vallecano,valencia,Valencia CF,1.230444241189622,0.9228908563599802,1-0,0.142850058973864,production_2025_26,0,ensemble_sports,0.4721035834341791,0.2946657859748208,0.233230630591,H,0.1774377974593583,medium,False,preseason_static,True
laliga_102377,2026/27,13,2026-11-22,,,real_madrid,Real Madrid,celta,RC Celta,2.360661068861831,0.8546743847768935,2-0,0.1118538615026909,production_2025_26,0,ensemble_sports,0.6689471086983558,0.2122045996727034,0.1188482916289408,H,0.4567425090256524,high,False,preseason_static,True
laliga_102378,2026/27,13,2026-11-22,,,sevilla,Sevilla FC,betis,Real Betis,1.3195647865881683,1.3922329215939104,1-1,0.1220180334775555,production_2025_26,0,ensemble_sports,0.3368614425416745,0.3059365747498883,0.3572019827084373,A,0.0203405401667627,low,False,preseason_static,True
laliga_102379,2026/27,14,2026-11-29,,,betis,Real Betis,vallecano,Rayo Vallecano,1.531055367205412,0.8594728792188551,1-0,0.1402161256488964,production_2025_26,0,ensemble_sports,0.5095188976214587,0.2852179732162783,0.205263129162263,H,0.2243009244051804,medium,False,preseason_static,True
laliga_102380,2026/27,14,2026-11-29,,,celta,RC Celta,villarreal,Villarreal CF,1.605926739401032,1.60858407058575,1-1,0.1037829749862421,production_2025_26,0,ensemble_sports,0.3594015864701078,0.299517688894623,0.3410807246352693,H,0.0183208618348384,low,False,preseason_static,True
laliga_102381,2026/27,14,2026-11-29,,,deportivo,RC Deportivo,barcelona,FC Barcelona,1.0299970337393003,3.0958355444726244,1-3,0.0822918386289632,production_2025_26,1,ensemble_sports,0.2125015518215698,0.2520691453444793,0.5354293028339508,A,0.2833601574894715,low,False,preseason_static,True
laliga_102382,2026/27,14,2026-11-29,,,elche,Elche CF,atletico_madrid,Atlético de Madrid,1.154567060666354,1.651077391880377,1-1,0.1152686770463029,production_2025_26,0,ensemble_sports,0.317673629249681,0.2856348081506305,0.3966915625996883,A,0.0790179333500073,low,False,preseason_static,True
laliga_102383,2026/27,14,2026-11-29,,,espanyol,RCD Espanyol de Barcelona,getafe,Getafe CF,1.0276534722689188,0.8178451820151422,1-0,0.162314313166312,production_2025_26,0,ensemble_sports,0.4418967357461527,0.3066612053969674,0.25144205885688,H,0.1352355303491853,medium,False,preseason_static,True
laliga_102384,2026/27,14,2026-11-29,,,levante,Levante UD,racing_santander,R. Racing Club,2.4087473549357954,1.3179908014273147,2-1,0.0920412351051313,production_2025_26,1,ensemble_sports,0.5626973153880154,0.2371690691023606,0.200133615509624,H,0.3255282462856547,low,False,preseason_static,True
laliga_102385,2026/27,14,2026-11-29,,,malaga,Málaga CF,athletic_bilbao,Athletic Club,1.2892583092104777,1.4757191680497297,1-1,0.1198200388475924,production_2025_26,1,ensemble_sports,0.3902786154160359,0.3041962010565567,0.3055251835274074,H,0.0847534318886285,low,False,preseason_static,True
laliga_102386,2026/27,14,2026-11-29,,,real_madrid,Real Madrid,alaves,Deportivo Alavés,2.402147022165228,0.6661357229904662,2-0,0.134168247705011,production_2025_26,0,ensemble_sports,0.6883343416400474,0.1976915473877837,0.1139741109721689,H,0.4906427942522636,high,False,preseason_static,True
laliga_102387,2026/27,14,2026-11-29,,,real_sociedad,Real Sociedad,sevilla,Sevilla FC,1.7020991077672631,1.0698674318331671,1-1,0.1138848224512802,production_2025_26,0,ensemble_sports,0.4855347026396646,0.2868965214116113,0.2275687759487241,H,0.1986381812280532,medium,False,preseason_static,True
laliga_102388,2026/27,14,2026-11-29,,,valencia,Valencia CF,osasuna,CA Osasuna,1.3922154564925322,1.0355133728389858,1-1,0.1272075977531836,production_2025_26,0,ensemble_sports,0.4669927723116924,0.2978901373703313,0.2351170903179761,H,0.1691026349413611,medium,False,preseason_static,True
laliga_102389,2026/27,15,2026-12-06,,,alaves,Deportivo Alavés,espanyol,RCD Espanyol de Barcelona,1.35167104798021,1.0031372976749449,1-1,0.1286918994702001,production_2025_26,0,ensemble_sports,0.4551156286977686,0.3065337383407122,0.2383506329615192,H,0.1485818903570563,medium,False,preseason_static,True
laliga_102390,2026/27,15,2026-12-06,,,athletic_bilbao,Athletic Club,real_madrid,Real Madrid,1.030672563192568,1.5798327998167572,1-1,0.1196752015151781,production_2025_26,0,ensemble_sports,0.2756945197381414,0.2945984816315837,0.4297069986302749,A,0.1351085169986912,medium,False,preseason_static,True
laliga_102391,2026/27,15,2026-12-06,,,atletico_madrid,Atlético de Madrid,betis,Real Betis,1.8599690769120572,1.0320212198721468,1-1,0.106468410954039,production_2025_26,0,ensemble_sports,0.4810790959222007,0.2944932128939839,0.2244276911838155,H,0.1865858830282168,medium,False,preseason_static,True
laliga_102392,2026/27,15,2026-12-06,,,barcelona,FC Barcelona,celta,RC Celta,2.7615886635738565,0.9106499062441116,2-0,0.0969434055014612,production_2025_26,0,ensemble_sports,0.7034680643400198,0.1926827443766157,0.1038491912833643,H,0.510785319963404,high,False,preseason_static,True
laliga_102393,2026/27,15,2026-12-06,,,getafe,Getafe CF,valencia,Valencia CF,1.043582882742602,0.8172906612016925,1-0,0.1623154434608703,production_2025_26,0,ensemble_sports,0.4229849358297719,0.3123554561069478,0.2646596080632802,H,0.1106294797228241,medium,False,preseason_static,True
laliga_102394,2026/27,15,2026-12-06,,,osasuna,CA Osasuna,elche,Elche CF,1.5484498063227805,1.0714405176902355,1-1,0.1207985220754634,production_2025_26,0,ensemble_sports,0.4844300242027256,0.2800702065350898,0.2354997692621847,H,0.2043598176676357,medium,False,preseason_static,True
laliga_102395,2026/27,15,2026-12-06,,,racing_santander,R. Racing Club,deportivo,RC Deportivo,2.27732061123711,1.6593299908050756,2-1,0.0839649120703992,production_2025_26,1,ensemble_sports,0.5578600940300769,0.2310296331220375,0.2111102728478856,H,0.3268304609080393,low,False,preseason_static,True
laliga_102396,2026/27,15,2026-12-06,,,vallecano,Rayo Vallecano,levante,Levante UD,1.434615568468269,0.9854735551433204,1-0,0.1275570147821959,production_2025_26,0,ensemble_sports,0.4719671617795419,0.2972419531413356,0.2307908850791225,H,0.1747252086382063,medium,False,preseason_static,True
laliga_102397,2026/27,15,2026-12-06,,,sevilla,Sevilla FC,malaga,Málaga CF,1.878677914955312,1.1466649559447952,1-1,0.1045685763293298,production_2025_26,1,ensemble_sports,0.5200793036392136,0.2626182620816277,0.2173024342791587,H,0.2574610415575858,low,False,preseason_static,True
laliga_102398,2026/27,15,2026-12-06,,,villarreal,Villarreal CF,real_sociedad,Real Sociedad,2.1985138282234296,1.1547956875355505,2-1,0.0975929178411599,production_2025_26,0,ensemble_sports,0.5963816613557821,0.2393609634379636,0.1642573752062543,H,0.3570206979178185,medium,False,preseason_static,True
laliga_102399,2026/27,16,2026-12-13,,,atletico_madrid,Atlético de Madrid,valencia,Valencia CF,1.9856330523793173,0.8342276217871548,1-0,0.1183729416385577,production_2025_26,0,ensemble_sports,0.5620263160681195,0.2650880732298943,0.1728856107019862,H,0.2969382428382251,medium,False,preseason_static,True
laliga_102400,2026/27,16,2026-12-13,,,betis,Real Betis,racing_santander,R. Racing Club,2.7906198618638043,1.0588769833694776,2-1,0.0877951974078508,production_2025_26,1,ensemble_sports,0.6333225451003497,0.2115380399483762,0.1551394149512742,H,0.4217845051519734,low,False,preseason_static,True
laliga_102401,2026/27,16,2026-12-13,,,deportivo,RC Deportivo,athletic_bilbao,Athletic Club,1.2481991185743366,1.6623569485691534,1-1,0.1129718903663615,production_2025_26,1,ensemble_sports,0.365353248712858,0.3052802358242195,0.3293665154629225,H,0.0359867332499355,low,False,preseason_static,True
laliga_102402,2026/27,16,2026-12-13,,,elche,Elche CF,sevilla,Sevilla FC,1.5575515707387777,1.171365488438275,1-1,0.1191191551555157,production_2025_26,0,ensemble_sports,0.4646618394296871,0.2966942948720196,0.2386438656982931,H,0.1679675445576674,medium,False,preseason_static,True
laliga_102403,2026/27,16,2026-12-13,,,espanyol,RCD Espanyol de Barcelona,celta,RC Celta,1.3219983798782429,1.2932202124848855,1-1,0.1250629100279286,production_2025_26,0,ensemble_sports,0.400354578682022,0.3039731558695636,0.2956722654484143,H,0.0963814228124584,medium,False,preseason_static,True
laliga_102404,2026/27,16,2026-12-13,,,levante,Levante UD,alaves,Deportivo Alavés,1.5319967186417769,1.1182205715106035,1-1,0.1210071060528561,production_2025_26,0,ensemble_sports,0.479369852448659,0.2858552418116097,0.2347749057397312,H,0.1935146106370492,medium,False,preseason_static,True
laliga_102405,2026/27,16,2026-12-13,,,malaga,Málaga CF,barcelona,FC Barcelona,1.063878522624876,2.7482568398082354,1-2,0.0888071659410834,production_2025_26,1,ensemble_sports,0.2284124731302131,0.2625420261127467,0.5090455007570401,A,0.2465034746442934,low,False,preseason_static,True
laliga_102406,2026/27,16,2026-12-13,,,real_madrid,Real Madrid,osasuna,CA Osasuna,2.3310029976455007,0.7192246441858917,2-0,0.1286391213188169,production_2025_26,0,ensemble_sports,0.6644551878003228,0.2172082253819888,0.1183365868176883,H,0.4472469624183339,high,False,preseason_static,True
laliga_102407,2026/27,16,2026-12-13,,,real_sociedad,Real Sociedad,getafe,Getafe CF,1.2360998194682835,0.7925614182484526,1-0,0.1625613130220708,production_2025_26,0,ensemble_sports,0.4794114780754667,0.2922071704237833,0.22838135150075,H,0.1872043076516834,medium,False,preseason_static,True
laliga_102408,2026/27,16,2026-12-13,,,villarreal,Villarreal CF,vallecano,Rayo Vallecano,1.8935197222381952,0.8929411649920841,1-0,0.1167152012703399,production_2025_26,0,ensemble_sports,0.5814898123416758,0.2501551792158835,0.1683550084424407,H,0.3313346331257923,medium,False,preseason_static,True
laliga_102409,2026/27,17,2026-12-20,,,alaves,Deportivo Alavés,elche,Elche CF,1.434152374487707,1.1041417156462137,1-1,0.1250988060696498,production_2025_26,0,ensemble_sports,0.47896852861902,0.2844097448121534,0.2366217265688267,H,0.1945587838068666,medium,False,preseason_static,True
laliga_102410,2026/27,17,2026-12-20,,,athletic_bilbao,Athletic Club,betis,Real Betis,1.39001215327988,1.1672901124440236,1-1,0.1257694833350871,production_2025_26,0,ensemble_sports,0.3741670200322178,0.3101017324362607,0.3157312475315214,H,0.0584357725006964,low,False,preseason_static,True
laliga_102411,2026/27,17,2026-12-20,,,celta,RC Celta,atletico_madrid,Atlético de Madrid,1.3084154283938765,1.479639876343308,1-1,0.119142010082703,production_2025_26,0,ensemble_sports,0.3675382490274458,0.2892514323052371,0.3432103186673172,H,0.0243279303601285,low,False,preseason_static,True
laliga_102412,2026/27,17,2026-12-20,,,deportivo,RC Deportivo,real_madrid,Real Madrid,0.9666855232697764,2.6463819691298287,0-2,0.0944460220322268,production_2025_26,1,ensemble_sports,0.2274410769460436,0.2734486718264168,0.4991102512275396,A,0.2256615794011227,low,False,preseason_static,True
laliga_102413,2026/27,17,2026-12-20,,,barcelona,FC Barcelona,real_sociedad,Real Sociedad,2.8145433213046207,0.8781472845339877,2-0,0.0986608915724921,production_2025_26,0,ensemble_sports,0.7016503733445856,0.192840257666337,0.1055093689890774,H,0.5088101156782485,high,False,preseason_static,True
laliga_102414,2026/27,17,2026-12-20,,,getafe,Getafe CF,levante,Levante UD,1.2167477407363565,0.8727124425704653,1-0,0.1505773164015664,production_2025_26,0,ensemble_sports,0.4515997841921161,0.3115883284032314,0.2368118874046525,H,0.1400114557888847,medium,False,preseason_static,True
laliga_102415,2026/27,17,2026-12-20,,,osasuna,CA Osasuna,villarreal,Villarreal CF,1.351417695799818,1.5883746887510726,1-1,0.1135030288374584,production_2025_26,0,ensemble_sports,0.3215167706757591,0.3049268828542836,0.3735563464699573,A,0.0520395757941981,low,False,preseason_static,True
laliga_102416,2026/27,17,2026-12-20,,,vallecano,Rayo Vallecano,malaga,Málaga CF,1.6409308534824742,0.9403273014341932,1-0,0.1241837232012546,production_2025_26,1,ensemble_sports,0.5543075110806325,0.2509164032994293,0.1947760856199381,H,0.3033911077812031,low,False,preseason_static,True
laliga_102417,2026/27,17,2026-12-20,,,sevilla,Sevilla FC,racing_santander,R. Racing Club,2.2522514475292312,1.2091477581683998,2-1,0.0962558642042487,production_2025_26,1,ensemble_sports,0.5352420340901575,0.2537131309061231,0.2110448350037195,H,0.2815289031840344,low,False,preseason_static,True
laliga_102418,2026/27,17,2026-12-20,,,valencia,Valencia CF,espanyol,RCD Espanyol de Barcelona,1.4828061402014658,0.9865086696929176,1-0,0.1255089793679473,production_2025_26,0,ensemble_sports,0.4801640938419543,0.2925556802547122,0.2272802259033335,H,0.1876084135872421,medium,False,preseason_static,True
laliga_102419,2026/27,18,2027-01-03,,,betis,Real Betis,alaves,Deportivo Alavés,1.7748729282842832,0.8983810996408841,1-0,0.1225149205597136,production_2025_26,0,ensemble_sports,0.5628506498715687,0.2580991699056837,0.1790501802227476,H,0.304751479965885,medium,False,preseason_static,True
laliga_102420,2026/27,18,2027-01-03,,,celta,RC Celta,deportivo,RC Deportivo,2.479004064920377,1.0371304857990098,2-1,0.0946988956554396,production_2025_26,1,ensemble_sports,0.6036496291429793,0.2225507207122802,0.1737996501447406,H,0.381098908430699,low,False,preseason_static,True
laliga_102421,2026/27,18,2027-01-03,,,espanyol,RCD Espanyol de Barcelona,barcelona,FC Barcelona,0.9790322661754748,2.165756460796311,0-2,0.1010258035267259,production_2025_26,0,ensemble_sports,0.2379607882381498,0.2655914904153184,0.4964477213465319,A,0.2308562309312135,medium,False,preseason_static,True
laliga_102422,2026/27,18,2027-01-03,,,levante,Levante UD,valencia,Valencia CF,1.5066013878500435,1.2267069950290097,1-1,0.1201375415537772,production_2025_26,0,ensemble_sports,0.4422136137756143,0.2922801079304836,0.2655062782939021,H,0.1499335058451307,medium,False,preseason_static,True
laliga_102423,2026/27,18,2027-01-03,,,malaga,Málaga CF,elche,Elche CF,1.6030141756351166,1.448083780739439,1-1,0.1098137366526831,production_2025_26,1,ensemble_sports,0.4477272968958585,0.2826369126658482,0.2696357904382934,H,0.1650903842300103,low,False,preseason_static,True
laliga_102424,2026/27,18,2027-01-03,,,racing_santander,R. Racing Club,athletic_bilbao,Athletic Club,1.3595111511865914,1.7691646907265088,1-1,0.1052896372256899,production_2025_26,1,ensemble_sports,0.3917165792202761,0.2891072602909161,0.3191761604888077,H,0.0725404187314683,low,False,preseason_static,True
laliga_102425,2026/27,18,2027-01-03,,,vallecano,Rayo Vallecano,atletico_madrid,Atlético de Madrid,0.9756167843762964,1.2988099434387972,0-1,0.1335902276278461,production_2025_26,0,ensemble_sports,0.3539068915633219,0.3045160286571443,0.3415770797795338,H,0.0123298117837881,low,False,preseason_static,True
laliga_102426,2026/27,18,2027-01-03,,,real_madrid,Real Madrid,getafe,Getafe CF,1.8350563670806836,0.5405044871966905,1-0,0.1705917653772142,production_2025_26,0,ensemble_sports,0.6802234253841893,0.2077598333163853,0.1120167412994253,H,0.472463592067804,high,False,preseason_static,True
laliga_102427,2026/27,18,2027-01-03,,,real_sociedad,Real Sociedad,osasuna,CA Osasuna,1.570171051014339,1.0546252945866372,1-1,0.1199805807485233,production_2025_26,0,ensemble_sports,0.4755857487245771,0.2906901406848199,0.233724110590603,H,0.1848956080397572,medium,False,preseason_static,True
laliga_102428,2026/27,18,2027-01-03,,,villarreal,Villarreal CF,sevilla,Sevilla FC,2.3090180467686974,1.022315378167769,2-1,0.0974188717874021,production_2025_26,0,ensemble_sports,0.6157895844070853,0.2354064934846864,0.1488039221082283,H,0.3803830909223988,high,False,preseason_static,True
laliga_102429,2026/27,19,2027-01-10,,,alaves,Deportivo Alavés,real_sociedad,Real Sociedad,1.3098840053724654,1.2066108528006032,1-1,0.1276145896686359,production_2025_26,0,ensemble_sports,0.4412070810201188,0.3019162355393202,0.2568766834405611,H,0.1392908454807986,medium,False,preseason_static,True
laliga_102430,2026/27,19,2027-01-10,,,athletic_bilbao,Athletic Club,villarreal,Villarreal CF,1.4441398926176403,1.4436361328465652,1-1,0.1161240428148945,production_2025_26,0,ensemble_sports,0.3422343982016336,0.3035237964658452,0.3542418053325212,A,0.0120074071308876,low,False,preseason_static,True
laliga_102431,2026/27,19,2027-01-10,,,atletico_madrid,Atlético de Madrid,racing_santander,R. Racing Club,3.174620972317745,0.8963055858225164,3-0,0.091021889960771,production_2025_26,1,ensemble_sports,0.6455590242971542,0.2094842795401896,0.1449566961626562,H,0.4360747447569645,low,False,preseason_static,True
laliga_102432,2026/27,19,2027-01-10,,,deportivo,RC Deportivo,vallecano,Rayo Vallecano,1.220842022064658,1.378397110802034,1-1,0.1250831324556896,production_2025_26,1,ensemble_sports,0.3579951464342942,0.3122238389224219,0.3297810146432839,H,0.0282141317910103,low,False,preseason_static,True
laliga_102433,2026/27,19,2027-01-10,,,elche,Elche CF,getafe,Getafe CF,1.1311263877743594,0.8677515224603078,1-0,0.1532531831093443,production_2025_26,0,ensemble_sports,0.4504754129074941,0.2992031571270979,0.2503214299654078,H,0.1512722557803962,medium,False,preseason_static,True
laliga_102434,2026/27,19,2027-01-10,,,espanyol,RCD Espanyol de Barcelona,betis,Real Betis,1.2392077712058958,1.367892429174408,1-1,0.1250106399739846,production_2025_26,0,ensemble_sports,0.3360956109105851,0.3060594822519492,0.3578449068374657,A,0.0217492959268805,low,False,preseason_static,True
laliga_102435,2026/27,19,2027-01-10,,,osasuna,CA Osasuna,barcelona,FC Barcelona,1.0276655798485177,2.0334415524537266,1-2,0.0995101713293181,production_2025_26,0,ensemble_sports,0.2478568346106175,0.2708675741903562,0.4812755911990264,A,0.2104080170086701,medium,False,preseason_static,True
laliga_102436,2026/27,19,2027-01-10,,,real_madrid,Real Madrid,levante,Levante UD,2.754315678170794,0.7803163735396011,2-0,0.110659336582671,production_2025_26,0,ensemble_sports,0.6842478072354875,0.2024603163611222,0.1132918764033903,H,0.4817874908743653,high,False,preseason_static,True
laliga_102437,2026/27,19,2027-01-10,,,sevilla,Sevilla FC,celta,RC Celta,1.4077239915275626,1.3162319757693233,1-1,0.1215769098538135,production_2025_26,0,ensemble_sports,0.4043485513460314,0.3042742130022942,0.2913772356516744,H,0.1000743383437371,medium,False,preseason_static,True
laliga_102438,2026/27,19,2027-01-10,,,valencia,Valencia CF,malaga,Málaga CF,1.8816206672748297,1.0720028566264064,1-1,0.1051932033527835,production_2025_26,1,ensemble_sports,0.5649815251026109,0.2417734193043804,0.1932450555930087,H,0.3232081057982304,low,False,preseason_static,True
laliga_102439,2026/27,20,2027-01-17,,,atletico_madrid,Atlético de Madrid,real_sociedad,Real Sociedad,2.022280829715675,0.940860163258614,2-0,0.1056285088523763,production_2025_26,0,ensemble_sports,0.5689939295972906,0.2669230283652473,0.1640830420374622,H,0.3020709012320433,medium,False,preseason_static,True
laliga_102440,2026/27,20,2027-01-17,,,betis,Real Betis,deportivo,RC Deportivo,2.6221449831668155,0.9721798281440016,2-0,0.0944775248749889,production_2025_26,1,ensemble_sports,0.6492483070357005,0.2085335657361386,0.1422181272281608,H,0.4407147412995618,low,False,preseason_static,True
laliga_102441,2026/27,20,2027-01-17,,,celta,RC Celta,valencia,Valencia CF,1.6501686468833292,1.0513825517591584,1-1,0.1164182115110964,production_2025_26,0,ensemble_sports,0.479799637352716,0.2854195053031674,0.2347808573441166,H,0.1943801320495485,medium,False,preseason_static,True
laliga_102442,2026/27,20,2027-01-17,,,barcelona,FC Barcelona,elche,Elche CF,3.081558344702259,0.8035722926616596,3-0,0.10023691560604,production_2025_26,0,ensemble_sports,0.7290141221566282,0.1736404161641827,0.0973454616791891,H,0.5553737059924455,high,False,preseason_static,True
laliga_102443,2026/27,20,2027-01-17,,,getafe,Getafe CF,athletic_bilbao,Athletic Club,0.9359107851719072,0.8595767729236578,0-0,0.1660464765171034,production_2025_26,0,ensemble_sports,0.4146202338760382,0.3277265416550792,0.2576532244688826,H,0.086893692220959,medium,False,preseason_static,True
laliga_102444,2026/27,20,2027-01-17,,,levante,Levante UD,espanyol,RCD Espanyol de Barcelona,1.5833575861138511,1.1502030312255955,1-1,0.1183541916131387,production_2025_26,0,ensemble_sports,0.4739527635831481,0.2949701791077467,0.2310770573091052,H,0.1789825844754013,medium,False,preseason_static,True
laliga_102445,2026/27,20,2027-01-17,,,malaga,Málaga CF,real_madrid,Real Madrid,0.9984843962176008,2.349264760006877,0-2,0.0970376830096422,production_2025_26,1,ensemble_sports,0.2453611796968666,0.276928884750164,0.4777099355529693,A,0.2007810508028054,low,False,preseason_static,True
laliga_102446,2026/27,20,2027-01-17,,,racing_santander,R. Racing Club,osasuna,CA Osasuna,1.4958153599007518,1.655574007791114,1-1,0.1059732917585954,production_2025_26,1,ensemble_sports,0.4289135083946969,0.2901811488751782,0.2809053427301249,H,0.1387323595195186,low,False,preseason_static,True
laliga_102447,2026/27,20,2027-01-17,,,vallecano,Rayo Vallecano,sevilla,Sevilla FC,1.316141354376938,0.9214475052874452,1-0,0.1404527056759741,production_2025_26,0,ensemble_sports,0.4852679792757391,0.2995092830113776,0.2152227377128832,H,0.1857586962643615,medium,False,preseason_static,True
laliga_102448,2026/27,20,2027-01-17,,,villarreal,Villarreal CF,alaves,Deportivo Alavés,2.195059020175889,0.9333644901620324,2-0,0.1054906005357117,production_2025_26,0,ensemble_sports,0.6186325316230801,0.2292084822428815,0.1521589861340384,H,0.3894240493801985,high,False,preseason_static,True
laliga_102449,2026/27,21,2027-01-24,,,alaves,Deportivo Alavés,barcelona,FC Barcelona,0.9518093679891694,2.095503770225787,0-2,0.1042608230557936,production_2025_26,0,ensemble_sports,0.2410696444350072,0.2688645961323267,0.4900657594326661,A,0.2212011633003394,medium,False,preseason_static,True
laliga_102450,2026/27,21,2027-01-24,,,athletic_bilbao,Athletic Club,levante,Levante UD,1.730156817712037,1.0075564247272148,1-1,0.1128189441005515,production_2025_26,0,ensemble_sports,0.4814176479267189,0.291237364758271,0.2273449873150101,H,0.1901802831684479,medium,False,preseason_static,True
laliga_102451,2026/27,21,2027-01-24,,,deportivo,RC Deportivo,atletico_madrid,Atlético de Madrid,1.1035542606433226,2.2243924355861004,1-2,0.0979235461362659,production_2025_26,1,ensemble_sports,0.2752205036627485,0.2874111717977333,0.4373683245395182,A,0.1499571527417848,low,False,preseason_static,True
laliga_102452,2026/27,21,2027-01-24,,,elche,Elche CF,vallecano,Rayo Vallecano,1.2772765556008632,1.0231289543469486,1-1,0.1309670220322309,production_2025_26,0,ensemble_sports,0.4135817518352011,0.3082261861288513,0.2781920620359477,H,0.1053555657063498,medium,False,preseason_static,True
laliga_102453,2026/27,21,2027-01-24,,,espanyol,RCD Espanyol de Barcelona,villarreal,Villarreal CF,1.287463115640754,1.691729344360512,1-1,0.110718359665235,production_2025_26,0,ensemble_sports,0.3117454448742381,0.2994581740918651,0.3887963810338968,A,0.0770509361596586,low,False,preseason_static,True
laliga_102454,2026/27,21,2027-01-24,,,getafe,Getafe CF,osasuna,CA Osasuna,1.0297449393739986,0.8043869349263228,1-0,0.1645039462332137,production_2025_26,0,ensemble_sports,0.4359473712035192,0.3282170290668003,0.2358355997296806,H,0.1077303421367189,medium,False,preseason_static,True
laliga_102455,2026/27,21,2027-01-24,,,racing_santander,R. Racing Club,celta,RC Celta,1.5148470808016803,1.9673640329206648,1-1,0.0916118840449767,production_2025_26,1,ensemble_sports,0.3756868278809092,0.2866070596377809,0.33770611248131,H,0.0379807153995992,low,False,preseason_static,True
laliga_102456,2026/27,21,2027-01-24,,,real_madrid,Real Madrid,betis,Real Betis,2.212823847776745,0.9040243951176808,2-0,0.1084532962087584,production_2025_26,0,ensemble_sports,0.6094869508177428,0.2440190870487007,0.1464939621335564,H,0.3654678637690421,high,False,preseason_static,True
laliga_102457,2026/27,21,2027-01-24,,,real_sociedad,Real Sociedad,malaga,Málaga CF,2.122132955044569,1.0917882454456085,2-1,0.0988260798293679,production_2025_26,1,ensemble_sports,0.5439870034958819,0.2557735497597032,0.2002394467444148,H,0.2882134537361787,low,False,preseason_static,True
laliga_102458,2026/27,21,2027-01-24,,,valencia,Valencia CF,sevilla,Sevilla FC,1.5091914252175904,1.0504792920431287,1-1,0.1225973881537878,production_2025_26,0,ensemble_sports,0.4830513834106864,0.2891942736327263,0.2277543429565872,H,0.1938571097779601,medium,False,preseason_static,True
laliga_102459,2026/27,22,2027-01-31,,,atletico_madrid,Atlético de Madrid,espanyol,RCD Espanyol de Barcelona,2.086794278883355,0.7822007563338415,2-0,0.1235793454614414,production_2025_26,0,ensemble_sports,0.5836549721439607,0.2590816234822322,0.157263404373807,H,0.3245733486617284,medium,False,preseason_static,True
laliga_102460,2026/27,22,2027-01-31,,,betis,Real Betis,elche,Elche CF,1.9463131732861447,1.017119725463255,1-1,0.1022315761504754,production_2025_26,0,ensemble_sports,0.5798957364801831,0.2453074580537343,0.1747968054660826,H,0.3345882784264488,medium,False,preseason_static,True
laliga_102461,2026/27,22,2027-01-31,,,celta,RC Celta,getafe,Getafe CF,1.2818512390031631,0.7776496496797238,1-0,0.1634586125441265,production_2025_26,0,ensemble_sports,0.4935381268209908,0.28945083020531,0.2170110429736992,H,0.2040872966156807,medium,False,preseason_static,True
laliga_102462,2026/27,22,2027-01-31,,,barcelona,FC Barcelona,valencia,Valencia CF,2.763538161473676,0.7786223174955215,2-0,0.1105665602215071,production_2025_26,0,ensemble_sports,0.7154370854770487,0.1862670423682473,0.0982958721547041,H,0.5291700431088013,high,False,preseason_static,True
laliga_102463,2026/27,22,2027-01-31,,,levante,Levante UD,real_sociedad,Real Sociedad,1.5344079315265882,1.3835069871469086,1-1,0.1147329740360492,production_2025_26,0,ensemble_sports,0.4489519824872507,0.2930381198296261,0.2580098976831232,H,0.1559138626576247,medium,False,preseason_static,True
laliga_102464,2026/27,22,2027-01-31,,,malaga,Málaga CF,alaves,Deportivo Alavés,1.4618132904002208,1.2790343818377012,1-1,0.1206255600533064,production_2025_26,1,ensemble_sports,0.4410176256555729,0.2903634847068652,0.2686188896375619,H,0.1506541409487077,low,False,preseason_static,True
laliga_102465,2026/27,22,2027-01-31,,,osasuna,CA Osasuna,deportivo,RC Deportivo,2.086128762351016,1.0241005382922783,2-1,0.0993675796308552,production_2025_26,1,ensemble_sports,0.5528381649675892,0.2527704847360395,0.1943913502963713,H,0.3000676802315496,low,False,preseason_static,True
laliga_102466,2026/27,22,2027-01-31,,,vallecano,Rayo Vallecano,real_madrid,Real Madrid,0.8546155412111618,1.5452072038436506,0-1,0.1402029876099929,production_2025_26,0,ensemble_sports,0.2796865640558993,0.295926643786083,0.4243867921580176,A,0.1284601483719346,medium,False,preseason_static,True
laliga_102467,2026/27,22,2027-01-31,,,sevilla,Sevilla FC,athletic_bilbao,Athletic Club,1.2633727116943043,1.1836300234071524,1-1,0.1294278533914368,production_2025_26,0,ensemble_sports,0.405851087106776,0.3141388782189755,0.2800100346742485,H,0.0917122088878004,medium,False,preseason_static,True
laliga_102468,2026/27,22,2027-01-31,,,villarreal,Villarreal CF,racing_santander,R. Racing Club,3.451275413608088,1.1001101605120926,3-1,0.0796120157129524,production_2025_26,1,ensemble_sports,0.6789714801420101,0.1895364362313164,0.1314920836266735,H,0.4894350439106937,low,False,preseason_static,True
laliga_102469,2026/27,23,2027-02-07,,,alaves,Deportivo Alavés,celta,RC Celta,1.2852389915094884,1.2512708053969606,1-1,0.127274995519377,production_2025_26,0,ensemble_sports,0.4058947651759119,0.3061221134532245,0.2879831213708635,H,0.0997726517226874,medium,False,preseason_static,True
laliga_102470,2026/27,23,2027-02-07,,,athletic_bilbao,Athletic Club,osasuna,CA Osasuna,1.4642478204103204,0.9286738503057488,1-0,0.1337771997306367,production_2025_26,0,ensemble_sports,0.473617480922505,0.3009570263667777,0.2254254927107173,H,0.1726604545557273,medium,False,preseason_static,True
laliga_102471,2026/27,23,2027-02-07,,,betis,Real Betis,sevilla,Sevilla FC,1.8670175081676053,0.9839980236003052,1-0,0.1078872169002318,production_2025_26,0,ensemble_sports,0.5599621741481218,0.2661508411279009,0.1738869847239772,H,0.2938113330202208,medium,False,preseason_static,True
laliga_102472,2026/27,23,2027-02-07,,,deportivo,RC Deportivo,malaga,Málaga CF,1.85611426923055,1.610441117156317,1-1,0.093335308100889,production_2025_26,1,ensemble_sports,0.4931504871154391,0.2583918927015781,0.2484576201829827,H,0.234758594413861,low,False,preseason_static,True
laliga_102473,2026/27,23,2027-02-07,,,elche,Elche CF,levante,Levante UD,1.6977566464598055,1.25275689134712,1-1,0.111263140749959,production_2025_26,0,ensemble_sports,0.4666256654094102,0.2873770602787224,0.2459972743118673,H,0.1792486051306878,medium,False,preseason_static,True
laliga_102474,2026/27,23,2027-02-07,,,espanyol,RCD Espanyol de Barcelona,vallecano,Rayo Vallecano,1.1604341491790506,0.9642865085622676,1-0,0.1386328226598282,production_2025_26,0,ensemble_sports,0.4008286184678297,0.3162533851878749,0.2829179963442954,H,0.0845752332799547,medium,False,preseason_static,True
laliga_102475,2026/27,23,2027-02-07,,,barcelona,FC Barcelona,atletico_madrid,Atlético de Madrid,2.191203895587682,1.0957768203871827,2-1,0.0982988437896147,production_2025_26,0,ensemble_sports,0.6167227000586611,0.2305432979388396,0.1527340020024993,H,0.3861794021198215,high,False,preseason_static,True
laliga_102476,2026/27,23,2027-02-07,,,getafe,Getafe CF,villarreal,Villarreal CF,1.015603865303622,1.250430432241654,1-1,0.1317218235149864,production_2025_26,0,ensemble_sports,0.3130251463745022,0.3144582268762461,0.3725166267492518,A,0.0580583998730057,low,False,preseason_static,True
laliga_102477,2026/27,23,2027-02-07,,,real_sociedad,Real Sociedad,real_madrid,Real Madrid,1.1052310949291482,1.7940977140207364,1-1,0.109178723523021,production_2025_26,0,ensemble_sports,0.2728901660249201,0.2810761583049119,0.4460336756701679,A,0.164957517365256,medium,False,preseason_static,True
laliga_102478,2026/27,23,2027-02-07,,,valencia,Valencia CF,racing_santander,R. Racing Club,2.2557793636869685,1.1304172540722035,2-1,0.0973209398356119,production_2025_26,1,ensemble_sports,0.5722743164220309,0.2350955949900439,0.1926300885879252,H,0.3371787214319869,low,False,preseason_static,True
laliga_102479,2026/27,24,2027-02-14,,,celta,RC Celta,vallecano,Rayo Vallecano,1.4474762087092858,0.9168936640632402,1-0,0.1360751484923183,production_2025_26,0,ensemble_sports,0.464619198013863,0.2967413079299401,0.238639494056197,H,0.1678778900839228,medium,False,preseason_static,True
laliga_102480,2026/27,24,2027-02-14,,,elche,Elche CF,deportivo,RC Deportivo,2.1875135178805403,1.1572969375254578,2-1,0.0976543870537457,production_2025_26,1,ensemble_sports,0.5663983743676558,0.2404928224196305,0.1931088032127138,H,0.3259055519480253,low,False,preseason_static,True
laliga_102481,2026/27,24,2027-02-14,,,levante,Levante UD,malaga,Málaga CF,2.009216361427677,1.2498835266779835,2-1,0.096936574232795,production_2025_26,1,ensemble_sports,0.5416358659180743,0.2481125612519399,0.2102515728299857,H,0.2935233046661344,low,False,preseason_static,True
laliga_102482,2026/27,24,2027-02-14,,,osasuna,CA Osasuna,atletico_madrid,Atlético de Madrid,1.101056305998418,1.4610504797518398,1-1,0.1240983788052806,production_2025_26,0,ensemble_sports,0.3274664697702539,0.3002521840901588,0.3722813461395873,A,0.0448148763693334,low,False,preseason_static,True
laliga_102483,2026/27,24,2027-02-14,,,racing_santander,R. Racing Club,getafe,Getafe CF,1.17756412279844,1.244180364690094,1-1,0.1300521996649774,production_2025_26,1,ensemble_sports,0.4318823421663812,0.2879663624035545,0.2801512954300642,H,0.1439159797628266,low,False,preseason_static,True
laliga_102484,2026/27,24,2027-02-14,,,real_madrid,Real Madrid,athletic_bilbao,Athletic Club,2.1185934131326856,0.7685714073825688,2-0,0.1250810733404659,production_2025_26,0,ensemble_sports,0.6506179776654217,0.2233056081969184,0.1260764141376598,H,0.4273123694685033,high,False,preseason_static,True
laliga_102485,2026/27,24,2027-02-14,,,real_sociedad,Real Sociedad,betis,Real Betis,1.4905651988790836,1.3256039009810014,1-1,0.1182274569552521,production_2025_26,0,ensemble_sports,0.3765656276560586,0.295788956194151,0.3276454161497905,H,0.0489202115062681,low,False,preseason_static,True
laliga_102486,2026/27,24,2027-02-14,,,sevilla,Sevilla FC,espanyol,RCD Espanyol de Barcelona,1.480487112097468,1.055216330143428,1-1,0.1237383557247213,production_2025_26,0,ensemble_sports,0.4555540980429001,0.3054659103127487,0.2389799916443512,H,0.1500881877301513,medium,False,preseason_static,True
laliga_102487,2026/27,24,2027-02-14,,,valencia,Valencia CF,alaves,Deportivo Alavés,1.4347069550764011,0.9590778831879258,1-0,0.1309651715706085,production_2025_26,0,ensemble_sports,0.4851401129132229,0.282689680504082,0.2321702065826951,H,0.2024504324091408,medium,False,preseason_static,True
laliga_102488,2026/27,24,2027-02-14,,,villarreal,Villarreal CF,barcelona,FC Barcelona,1.5975201229835392,2.0055171155261604,1-2,0.0875173251743277,production_2025_26,0,ensemble_sports,0.3361902617557676,0.26378600519015,0.4000237330540822,A,0.0638334712983145,low,False,preseason_static,True
laliga_102489,2026/27,25,2027-02-21,,,alaves,Deportivo Alavés,racing_santander,R. Racing Club,2.056284752174431,1.1494716106733296,2-1,0.098491133799252,production_2025_26,1,ensemble_sports,0.535258617723712,0.2551287522141599,0.209612630062128,H,0.280129865509552,low,False,preseason_static,True
laliga_102490,2026/27,25,2027-02-21,,,athletic_bilbao,Athletic Club,celta,RC Celta,1.4828778977546868,1.1035686250251884,1-1,0.1232041992799607,production_2025_26,0,ensemble_sports,0.4326942997085314,0.3016477382349492,0.2656579620565193,H,0.1310465614735822,medium,False,preseason_static,True
laliga_102491,2026/27,25,2027-02-21,,,atletico_madrid,Atlético de Madrid,elche,Elche CF,2.2141341079991403,0.8609593991570165,2-0,0.1132115699514512,production_2025_26,0,ensemble_sports,0.6053316781652599,0.2409048083123535,0.1537635135223865,H,0.3644268698529063,high,False,preseason_static,True
laliga_102492,2026/27,25,2027-02-21,,,deportivo,RC Deportivo,real_sociedad,Real Sociedad,1.417486195714293,1.7826113317104852,1-1,0.1029893176205364,production_2025_26,1,ensemble_sports,0.3894324009409136,0.2942355357394202,0.3163320633196662,H,0.0731003376212474,low,False,preseason_static,True
laliga_102493,2026/27,25,2027-02-21,,,espanyol,RCD Espanyol de Barcelona,osasuna,CA Osasuna,1.3053895059422629,1.0882692446916435,1-1,0.1296951566887981,production_2025_26,0,ensemble_sports,0.4363528214402804,0.3067475012830163,0.2568996772767034,H,0.1296053201572641,medium,False,preseason_static,True
laliga_102494,2026/27,25,2027-02-21,,,barcelona,FC Barcelona,levante,Levante UD,3.2221003908907164,0.8314219368936376,3-0,0.0968438348810492,production_2025_26,0,ensemble_sports,0.703297039052606,0.1931124913225783,0.1035904696248157,H,0.5101845477300276,high,False,preseason_static,True
laliga_102495,2026/27,25,2027-02-21,,,malaga,Málaga CF,betis,Real Betis,1.3466017192731614,1.7357998429879935,1-1,0.1071691702569035,production_2025_26,1,ensemble_sports,0.3212371119977213,0.3048382388829624,0.3739246491193162,A,0.0526875371215948,low,False,preseason_static,True
laliga_102496,2026/27,25,2027-02-21,,,vallecano,Rayo Vallecano,getafe,Getafe CF,0.9558092611153212,0.6826114338117343,0-0,0.1942866392713223,production_2025_26,0,ensemble_sports,0.4777050437152285,0.3038625634417969,0.2184323928429746,H,0.1738424802734315,medium,False,preseason_static,True
laliga_102497,2026/27,25,2027-02-21,,,sevilla,Sevilla FC,real_madrid,Real Madrid,0.9784369278227716,1.884274706922309,0-1,0.107618376308714,production_2025_26,0,ensemble_sports,0.2508475200143084,0.2885069750982455,0.4606455048874461,A,0.1721385297892006,medium,False,preseason_static,True
laliga_102498,2026/27,25,2027-02-21,,,villarreal,Villarreal CF,valencia,Valencia CF,2.1586723561273096,1.0239167282057045,2-1,0.0989542546453226,production_2025_26,0,ensemble_sports,0.605900169611694,0.2333739864084082,0.1607258439798977,H,0.3725261832032857,high,False,preseason_static,True
laliga_102499,2026/27,26,2027-02-28,,,athletic_bilbao,Athletic Club,barcelona,FC Barcelona,1.0981748017225297,1.848146863547678,1-1,0.1066199465553662,production_2025_26,0,ensemble_sports,0.261850264121121,0.2720262205348988,0.4661235153439802,A,0.1940972948090814,medium,False,preseason_static,True
laliga_102500,2026/27,26,2027-02-28,,,betis,Real Betis,villarreal,Villarreal CF,1.69865503757821,1.5078459332843246,1-1,0.1037283621862779,production_2025_26,0,ensemble_sports,0.4110714909054536,0.2892940448481459,0.2996344642464003,H,0.1114370266590533,medium,False,preseason_static,True
laliga_102501,2026/27,26,2027-02-28,,,celta,RC Celta,espanyol,RCD Espanyol de Barcelona,1.734239106960127,0.9858127514651432,1-0,0.1142369035090851,production_2025_26,0,ensemble_sports,0.5021626832746141,0.2837071723400846,0.2141301443853011,H,0.2184555109345294,medium,False,preseason_static,True
laliga_102502,2026/27,26,2027-02-28,,,getafe,Getafe CF,alaves,Deportivo Alavés,1.0611735558493474,0.7450118357217188,1-0,0.174329176342262,production_2025_26,0,ensemble_sports,0.4520128369138578,0.3101941215384499,0.2377930415476921,H,0.1418187153754079,medium,False,preseason_static,True
laliga_102503,2026/27,26,2027-02-28,,,levante,Levante UD,deportivo,RC Deportivo,2.263326825260548,1.2100783102770354,2-1,0.0961188264318625,production_2025_26,1,ensemble_sports,0.5888654101666334,0.2289295367444604,0.182205053088906,H,0.3599358734221729,low,False,preseason_static,True
laliga_102504,2026/27,26,2027-02-28,,,malaga,Málaga CF,atletico_madrid,Atlético de Madrid,1.1398553956872512,1.9746532519893865,1-1,0.0999378286755819,production_2025_26,1,ensemble_sports,0.2964263208362233,0.2905625418132208,0.4130111373505559,A,0.1165848165143326,low,False,preseason_static,True
laliga_102505,2026/27,26,2027-02-28,,,osasuna,CA Osasuna,sevilla,Sevilla FC,1.4853636807288562,1.036549902060245,1-1,0.1236431574277701,production_2025_26,0,ensemble_sports,0.4647895425931008,0.2999258033022745,0.2352846541046247,H,0.1648637392908263,medium,False,preseason_static,True
laliga_102506,2026/27,26,2027-02-28,,,racing_santander,R. Racing Club,vallecano,Rayo Vallecano,1.3297144006397108,1.4669602099172436,1-1,0.1190136083760957,production_2025_26,1,ensemble_sports,0.3907985360666538,0.2988902822085751,0.3103111817247711,H,0.0804873543418827,low,False,preseason_static,True
laliga_102507,2026/27,26,2027-02-28,,,real_madrid,Real Madrid,valencia,Valencia CF,2.362327538548876,0.7307622233484932,2-0,0.126576960145021,production_2025_26,0,ensemble_sports,0.688541862232087,0.2014693634787326,0.1099887742891803,H,0.4870724987533543,high,False,preseason_static,True
laliga_102508,2026/27,26,2027-02-28,,,real_sociedad,Real Sociedad,elche,Elche CF,1.7743903853035647,1.1058795266343364,1-1,0.1101216886418793,production_2025_26,0,ensemble_sports,0.5048813100675301,0.2711804661738741,0.2239382237585957,H,0.233700843893656,medium,False,preseason_static,True
laliga_102509,2026/27,27,2027-03-07,,,alaves,Deportivo Alavés,athletic_bilbao,Athletic Club,1.1534476073797906,1.1252132754296889,1-1,0.1329299694281747,production_2025_26,0,ensemble_sports,0.40756810234651,0.3141630382335437,0.2782688594199463,H,0.0934050641129662,medium,False,preseason_static,True
laliga_102510,2026/27,27,2027-03-07,,,atletico_madrid,Atlético de Madrid,celta,RC Celta,1.9842323163520783,0.9756839593428304,1-0,0.1028301741499553,production_2025_26,0,ensemble_sports,0.5367930224208414,0.2727631960871223,0.1904437814920363,H,0.2640298263337191,medium,False,preseason_static,True
laliga_102511,2026/27,27,2027-03-07,,,deportivo,RC Deportivo,getafe,Getafe CF,1.0811492784438674,1.1690668965739666,1-1,0.1331890706245077,production_2025_26,1,ensemble_sports,0.4099795247477333,0.3047009007692076,0.285319574483059,H,0.1052786239785257,low,False,preseason_static,True
laliga_102512,2026/27,27,2027-03-07,,,elche,Elche CF,malaga,Málaga CF,1.9419148405417923,1.195365924174602,1-1,0.1007465315911916,production_2025_26,1,ensemble_sports,0.5326016871918127,0.2555638370717474,0.21183447573644,H,0.2770378501200652,low,False,preseason_static,True
laliga_102513,2026/27,27,2027-03-07,,,espanyol,RCD Espanyol de Barcelona,racing_santander,R. Racing Club,2.1150969811071616,1.1880081547405037,2-1,0.0977092558712889,production_2025_26,1,ensemble_sports,0.5266588140874431,0.2591989881092055,0.2141421978033513,H,0.2674598259782375,low,False,preseason_static,True
laliga_102514,2026/27,27,2027-03-07,,,barcelona,FC Barcelona,betis,Real Betis,2.588643212323764,0.9632320159813952,2-0,0.0960706761203922,production_2025_26,0,ensemble_sports,0.6462134469288103,0.2238841474379917,0.1299024056331979,H,0.4223292994908186,high,False,preseason_static,True
laliga_102515,2026/27,27,2027-03-07,,,vallecano,Rayo Vallecano,osasuna,CA Osasuna,1.2141285100585606,0.9083198701027768,1-0,0.1453774576454545,production_2025_26,0,ensemble_sports,0.4660730312156591,0.3088537933264461,0.2250731754578948,H,0.157219237889213,medium,False,preseason_static,True
laliga_102516,2026/27,27,2027-03-07,,,sevilla,Sevilla FC,real_sociedad,Real Sociedad,1.4347177082725668,1.2692534501055528,1-1,0.1218976297058151,production_2025_26,0,ensemble_sports,0.4329013379484924,0.3008493900310333,0.2662492720204744,H,0.1320519479174591,medium,False,preseason_static,True
laliga_102517,2026/27,27,2027-03-07,,,valencia,Valencia CF,levante,Levante UD,1.6450432981348988,1.1234710133717754,1-1,0.1159816573227163,production_2025_26,0,ensemble_sports,0.4822969940152765,0.2860370882792465,0.2316659177054769,H,0.19625990573603,medium,False,preseason_static,True
laliga_102518,2026/27,27,2027-03-07,,,villarreal,Villarreal CF,real_madrid,Real Madrid,1.4993242945699718,1.71435602992077,1-1,0.1033508522314756,production_2025_26,0,ensemble_sports,0.3581684106544562,0.2756608606433186,0.3661707287022252,A,0.0080023180477689,low,False,preseason_static,True
laliga_102519,2026/27,28,2027-03-14,,,alaves,Deportivo Alavés,sevilla,Sevilla FC,1.3757228945986466,1.0681862112896123,1-1,0.1275856426435633,production_2025_26,0,ensemble_sports,0.4536979745419292,0.3018355111721555,0.2444665142859153,H,0.1518624633697737,medium,False,preseason_static,True
laliga_102520,2026/27,28,2027-03-14,,,athletic_bilbao,Athletic Club,valencia,Valencia CF,1.4839247109117266,0.9435713488143944,1-0,0.1309676219145826,production_2025_26,0,ensemble_sports,0.4615407278743961,0.2967952877737447,0.2416639843518592,H,0.1647454401006514,medium,False,preseason_static,True
laliga_102521,2026/27,28,2027-03-14,,,betis,Real Betis,levante,Levante UD,2.035079571744071,1.0523703466633132,2-1,0.099412998519139,production_2025_26,0,ensemble_sports,0.5502155921956583,0.2644791456163989,0.1853052621879427,H,0.2857364465792593,medium,False,preseason_static,True
laliga_102522,2026/27,28,2027-03-14,,,elche,Elche CF,villarreal,Villarreal CF,1.417095881719908,1.7949616216390856,1-1,0.1024417558616178,production_2025_26,0,ensemble_sports,0.3136901995903313,0.2911814477478363,0.3951283526618325,A,0.0814381530715012,medium,False,preseason_static,True
laliga_102523,2026/27,28,2027-03-14,,,barcelona,FC Barcelona,deportivo,RC Deportivo,4.151589201985484,0.7680676658053041,4-0,0.0907179049050515,production_2025_26,1,ensemble_sports,0.7719306615179664,0.1434418063403617,0.0846275321416717,H,0.6284888551776047,low,False,preseason_static,True
laliga_102524,2026/27,28,2027-03-14,,,getafe,Getafe CF,real_sociedad,Real Sociedad,1.062843739159631,0.9217582885599496,1-0,0.1460722500883497,production_2025_26,0,ensemble_sports,0.4365507735865689,0.3177782616873909,0.24567096472604,H,0.1187725118991779,medium,False,preseason_static,True
laliga_102525,2026/27,28,2027-03-14,,,malaga,Málaga CF,vallecano,Rayo Vallecano,1.2610013080108122,1.2236403495324937,1-1,0.12861844125181,production_2025_26,1,ensemble_sports,0.3831436188274704,0.310198040687095,0.3066583404854346,H,0.0729455781403754,low,False,preseason_static,True
laliga_102526,2026/27,28,2027-03-14,,,osasuna,CA Osasuna,celta,RC Celta,1.387668495261702,1.214212107474408,1-1,0.1249102398562385,production_2025_26,0,ensemble_sports,0.413060883145966,0.3047441716223112,0.2821949452317228,H,0.1083167115236548,medium,False,preseason_static,True
laliga_102527,2026/27,28,2027-03-14,,,racing_santander,R. Racing Club,atletico_madrid,Atlético de Madrid,1.2019671388629658,2.3673114000848785,1-2,0.0949012614473894,production_2025_26,1,ensemble_sports,0.289203891358999,0.2794499238908199,0.4313461847501812,A,0.1421422933911822,low,False,preseason_static,True
laliga_102528,2026/27,28,2027-03-14,,,real_madrid,Real Madrid,espanyol,RCD Espanyol de Barcelona,2.4826800633608044,0.6851880096931505,2-0,0.1297325869332502,production_2025_26,0,ensemble_sports,0.6807920677647394,0.2070758708195491,0.1121320614157115,H,0.4737161969451903,high,False,preseason_static,True
laliga_102529,2026/27,29,2027-03-21,,,atletico_madrid,Atlético de Madrid,getafe,Getafe CF,1.5424400367837183,0.6170321323579823,1-0,0.1779761288192021,production_2025_26,0,ensemble_sports,0.5724270741286337,0.2643690236213001,0.1632039022500662,H,0.3080580505073335,medium,False,preseason_static,True
laliga_102530,2026/27,29,2027-03-21,,,celta,RC Celta,real_madrid,Real Madrid,1.146138706685656,1.7603423869442725,1-1,0.110297772790417,production_2025_26,0,ensemble_sports,0.2791694765328964,0.2867381685739726,0.4340923548931308,A,0.1473541863191582,medium,False,preseason_static,True
laliga_102531,2026/27,29,2027-03-21,,,espanyol,RCD Espanyol de Barcelona,athletic_bilbao,Athletic Club,1.1864376028925212,1.1629365480802982,1-1,0.1316681508838923,production_2025_26,0,ensemble_sports,0.4017921260412066,0.3125077982326588,0.2857000757261346,H,0.0892843278085477,medium,False,preseason_static,True
laliga_102532,2026/27,29,2027-03-21,,,levante,Levante UD,osasuna,CA Osasuna,1.486623803866165,1.20733923269503,1-1,0.1213549129501319,production_2025_26,0,ensemble_sports,0.4566143065659588,0.3007827077233394,0.2426029857107016,H,0.1558315988426194,medium,False,preseason_static,True
laliga_102533,2026/27,29,2027-03-21,,,racing_santander,R. Racing Club,betis,Real Betis,1.419979255111417,2.080962190415548,1-2,0.0927568863973396,production_2025_26,1,ensemble_sports,0.3125226623009239,0.2982265117986879,0.389250825900388,A,0.076728163599464,low,False,preseason_static,True
laliga_102534,2026/27,29,2027-03-21,,,vallecano,Rayo Vallecano,barcelona,FC Barcelona,0.9105872088138725,1.8076405602201435,0-1,0.1192894868134563,production_2025_26,0,ensemble_sports,0.263051039064435,0.2757698543856056,0.4611791065499593,A,0.1854092521643537,medium,False,preseason_static,True
laliga_102535,2026/27,29,2027-03-21,,,real_sociedad,Real Sociedad,alaves,Deportivo Alavés,1.6180938927551538,0.9767790755956464,1-0,0.1207995193548375,production_2025_26,0,ensemble_sports,0.4916502974884857,0.2770211797087332,0.2313285228027809,H,0.2146291177797525,medium,False,preseason_static,True
laliga_102536,2026/27,29,2027-03-21,,,sevilla,Sevilla FC,elche,Elche CF,1.5708290196684884,1.1614645092381024,1-1,0.1187176386829435,production_2025_26,0,ensemble_sports,0.4736922712685145,0.2834734187366276,0.2428343099948577,H,0.1902188525318869,medium,False,preseason_static,True
laliga_102537,2026/27,29,2027-03-21,,,valencia,Valencia CF,deportivo,RC Deportivo,2.119593794359546,1.0378626309336467,2-1,0.0991643107424897,production_2025_26,1,ensemble_sports,0.5906332362080126,0.2297693688398038,0.1795973949521836,H,0.3608638673682087,low,False,preseason_static,True
laliga_102538,2026/27,29,2027-03-21,,,villarreal,Villarreal CF,malaga,Málaga CF,2.878823723295496,1.043261884427474,2-1,0.0856137042225073,production_2025_26,1,ensemble_sports,0.6732278033808452,0.1926447187872559,0.134127477831899,H,0.4805830845935892,low,False,preseason_static,True
laliga_102539,2026/27,30,2027-04-04,,,athletic_bilbao,Athletic Club,racing_santander,R. Racing Club,2.372491988364116,1.01378598415698,2-1,0.0965385654989744,production_2025_26,1,ensemble_sports,0.5623782203979655,0.2486286568366388,0.1889931227653957,H,0.3137495635613266,low,False,preseason_static,True
laliga_102540,2026/27,30,2027-04-04,,,betis,Real Betis,celta,RC Celta,1.744220226870572,1.1526529611470049,1-1,0.1109698185515059,production_2025_26,0,ensemble_sports,0.5078642828625526,0.2765648494838299,0.2155708676536175,H,0.2312994333787226,medium,False,preseason_static,True
laliga_102541,2026/27,30,2027-04-04,,,deportivo,RC Deportivo,villarreal,Villarreal CF,1.3544836426474394,2.418238583470725,1-2,0.0910520417801699,production_2025_26,1,ensemble_sports,0.2662942296678762,0.2926117365009825,0.4410940338311413,A,0.1484822973301587,low,False,preseason_static,True
laliga_102542,2026/27,30,2027-04-04,,,elche,Elche CF,alaves,Deportivo Alavés,1.4806803392133745,1.0694458630457682,1-1,0.1236273604609406,production_2025_26,0,ensemble_sports,0.4662629641346681,0.2867601952813938,0.2469768405839381,H,0.1795027688532743,medium,False,preseason_static,True
laliga_102543,2026/27,30,2027-04-04,,,barcelona,FC Barcelona,sevilla,Sevilla FC,2.956011119364321,0.7774045945661933,2-0,0.1044942898402808,production_2025_26,0,ensemble_sports,0.7081609455685813,0.1905126254649122,0.1013264289665063,H,0.517648320103669,high,False,preseason_static,True
laliga_102544,2026/27,30,2027-04-04,,,getafe,Getafe CF,espanyol,RCD Espanyol de Barcelona,1.0967498685813803,0.7663200745703153,1-0,0.1702106015785298,production_2025_26,0,ensemble_sports,0.4509988111943377,0.3221789143749433,0.226822274430719,H,0.1288198968193943,medium,False,preseason_static,True
laliga_102545,2026/27,30,2027-04-04,,,levante,Levante UD,vallecano,Rayo Vallecano,1.3215435095316748,1.069791266292391,1-1,0.1293710476651844,production_2025_26,0,ensemble_sports,0.4219577165660361,0.3062698071097349,0.2717724763242291,H,0.1156879094563011,medium,False,preseason_static,True
laliga_102546,2026/27,30,2027-04-04,,,malaga,Málaga CF,osasuna,CA Osasuna,1.4185189875886657,1.3809693977212336,1-1,0.1191837641016208,production_2025_26,1,ensemble_sports,0.423314164904339,0.301091379793804,0.2755944553018569,H,0.1222227851105349,low,False,preseason_static,True
laliga_102547,2026/27,30,2027-04-04,,,real_madrid,Real Madrid,atletico_madrid,Atlético de Madrid,1.873084792996684,1.0284219801656096,1-1,0.1058333103479626,production_2025_26,0,ensemble_sports,0.57538735387312,0.2504846295259166,0.1741280166009633,H,0.3249027243472034,medium,False,preseason_static,True
laliga_102548,2026/27,30,2027-04-04,,,real_sociedad,Real Sociedad,valencia,Valencia CF,1.5912713616370513,1.0715432671860723,1-1,0.1189347297786467,production_2025_26,0,ensemble_sports,0.4550999653022407,0.2896066879368775,0.2552933467608818,H,0.1654932773653632,medium,False,preseason_static,True
laliga_102549,2026/27,31,2027-04-11,,,alaves,Deportivo Alavés,betis,Real Betis,1.2047504523281436,1.323520808772907,1-1,0.1272370857591992,production_2025_26,0,ensemble_sports,0.3355867727758667,0.3058371204882634,0.35857610673587,A,0.0229893339600033,low,False,preseason_static,True
laliga_102550,2026/27,31,2027-04-11,,,atletico_madrid,Atlético de Madrid,levante,Levante UD,2.315115138784693,0.8907979254273543,2-0,0.1085971478261818,production_2025_26,0,ensemble_sports,0.5741716601572782,0.2601772144678698,0.1656511253748519,H,0.3139944456894084,medium,False,preseason_static,True
laliga_102551,2026/27,31,2027-04-11,,,celta,RC Celta,elche,Elche CF,1.8400654041475937,1.0850727863787857,1-1,0.1071327945164218,production_2025_26,0,ensemble_sports,0.5160374261741306,0.2702021210703135,0.213760452755556,H,0.2458353051038171,medium,False,preseason_static,True
laliga_102552,2026/27,31,2027-04-11,,,espanyol,RCD Espanyol de Barcelona,malaga,Málaga CF,1.7642728083286554,1.1266177431293345,1-1,0.1103686299338827,production_2025_26,1,ensemble_sports,0.5108879970646061,0.267598523683722,0.2215134792516718,H,0.243289473380884,low,False,preseason_static,True
laliga_102553,2026/27,31,2027-04-11,,,osasuna,CA Osasuna,real_madrid,Real Madrid,0.9644973784008452,1.738226395552806,0-1,0.1165009051330163,production_2025_26,0,ensemble_sports,0.2599870279064223,0.2909428261058214,0.4490701459877563,A,0.1581273198819349,medium,False,preseason_static,True
laliga_102554,2026/27,31,2027-04-11,,,racing_santander,R. Racing Club,barcelona,FC Barcelona,1.121850217821874,3.2947454145099937,1-3,0.0808015477560262,production_2025_26,1,ensemble_sports,0.2272548242717356,0.253042742844385,0.5197024328838793,A,0.2666596900394943,low,False,preseason_static,True
laliga_102555,2026/27,31,2027-04-11,,,vallecano,Rayo Vallecano,real_sociedad,Real Sociedad,1.2531538987076047,1.0408564990027078,1-1,0.1315586046852385,production_2025_26,0,ensemble_sports,0.4687561595216991,0.298159593664336,0.2330842468139648,H,0.1705965658573631,medium,False,preseason_static,True
laliga_102556,2026/27,31,2027-04-11,,,sevilla,Sevilla FC,deportivo,RC Deportivo,2.116278865020563,1.1101469558779573,2-1,0.0986923288478864,production_2025_26,1,ensemble_sports,0.5571539980183793,0.244664255727467,0.1981817462541537,H,0.3124897422909122,low,False,preseason_static,True
laliga_102557,2026/27,31,2027-04-11,,,valencia,Valencia CF,getafe,Getafe CF,1.0960062429629251,0.7781986186043297,1-0,0.1682117038536452,production_2025_26,0,ensemble_sports,0.4829202583402679,0.294008179681937,0.2230715619777952,H,0.1889120786583309,medium,False,preseason_static,True
laliga_102558,2026/27,31,2027-04-11,,,villarreal,Villarreal CF,athletic_bilbao,Athletic Club,1.9359504387830315,1.076893544433157,1-1,0.1024726986347257,production_2025_26,0,ensemble_sports,0.5678190961027841,0.2566410611232124,0.1755398427740034,H,0.3111780349795717,medium,False,preseason_static,True
laliga_102559,2026/27,32,2027-04-18,,,alaves,Deportivo Alavés,vallecano,Rayo Vallecano,1.1281672037611852,0.9330070351156328,1-0,0.1436206503805355,production_2025_26,0,ensemble_sports,0.4051643211279263,0.3181034881823613,0.2767321906897123,H,0.087060832945565,medium,False,preseason_static,True
laliga_102560,2026/27,32,2027-04-18,,,atletico_madrid,Atlético de Madrid,sevilla,Sevilla FC,2.1239270235662677,0.8329229351881414,2-0,0.1172497204149223,production_2025_26,0,ensemble_sports,0.5816566971928443,0.25769228675022,0.1606510160569357,H,0.3239644104426242,medium,False,preseason_static,True
laliga_102561,2026/27,32,2027-04-18,,,betis,Real Betis,athletic_bilbao,Athletic Club,1.5653638433925805,1.0365305481849625,1-1,0.1202844245438382,production_2025_26,0,ensemble_sports,0.5185433188480212,0.2815147877161473,0.1999418934358313,H,0.2370285311318738,medium,False,preseason_static,True
laliga_102562,2026/27,32,2027-04-18,,,deportivo,RC Deportivo,celta,RC Celta,1.3908166839096785,1.848590630162126,1-1,0.1007524866444073,production_2025_26,1,ensemble_sports,0.352090563984925,0.3012073337321654,0.3467021022829096,H,0.0053884617020154,low,False,preseason_static,True
laliga_102563,2026/27,32,2027-04-18,,,elche,Elche CF,osasuna,CA Osasuna,1.4368272538747746,1.1546773334301048,1-1,0.1242765625108938,production_2025_26,0,ensemble_sports,0.4491757565412845,0.3036673980995069,0.2471568453592085,H,0.1455083584417776,medium,False,preseason_static,True
laliga_102564,2026/27,32,2027-04-18,,,barcelona,FC Barcelona,espanyol,RCD Espanyol de Barcelona,2.9043309980808227,0.7300632941626521,2-0,0.111368325673753,production_2025_26,0,ensemble_sports,0.7073026767139357,0.1910057854569211,0.1016915378291432,H,0.5162968912570145,high,False,preseason_static,True
laliga_102565,2026/27,32,2027-04-18,,,getafe,Getafe CF,real_madrid,Real Madrid,0.724829391107963,1.3683995335093002,0-1,0.1687078320529449,production_2025_26,0,ensemble_sports,0.2545755119732295,0.3008901968043113,0.4445342912224592,A,0.1436440944181479,medium,False,preseason_static,True
laliga_102566,2026/27,32,2027-04-18,,,levante,Levante UD,villarreal,Villarreal CF,1.4662085956709818,1.8768252603946527,1-1,0.0972211248185189,production_2025_26,0,ensemble_sports,0.317333534252177,0.3002370011100525,0.3824294646377705,A,0.0650959303855934,low,False,preseason_static,True
laliga_102567,2026/27,32,2027-04-18,,,malaga,Málaga CF,valencia,Valencia CF,1.4375813637820114,1.4031224814290002,1-1,0.1177677280922904,production_2025_26,1,ensemble_sports,0.400489852855074,0.3007967210022803,0.2987134261426458,H,0.0996931318527937,low,False,preseason_static,True
laliga_102568,2026/27,32,2027-04-18,,,real_sociedad,Real Sociedad,racing_santander,R. Racing Club,2.544117318780696,1.1512807664793796,2-1,0.0925477203767617,production_2025_26,1,ensemble_sports,0.5632019677695389,0.2447597039352446,0.1920383282952164,H,0.3184422638342942,low,False,preseason_static,True
laliga_102569,2026/27,33,2027-04-21,,,athletic_bilbao,Athletic Club,deportivo,RC Deportivo,2.2292602621761333,0.9307807227202974,2-0,0.1054175389952719,production_2025_26,1,ensemble_sports,0.5765412577987932,0.2427653443142123,0.1806933978869945,H,0.3337759134845808,low,False,preseason_static,True
laliga_102570,2026/27,33,2027-04-21,,,celta,RC Celta,barcelona,FC Barcelona,1.2212032142024454,2.0593136574822632,1-2,0.0973861767498084,production_2025_26,0,ensemble_sports,0.2663617975414943,0.2720459704359388,0.4615922320225669,A,0.1895462615866281,medium,False,preseason_static,True
laliga_102571,2026/27,33,2027-04-21,,,espanyol,RCD Espanyol de Barcelona,real_sociedad,Real Sociedad,1.3473482709212052,1.2470630152282105,1-1,0.1254960011113975,production_2025_26,0,ensemble_sports,0.4326016187585314,0.2977118271537352,0.2696865540877332,H,0.1348897916047962,medium,False,preseason_static,True
laliga_102572,2026/27,33,2027-04-21,,,getafe,Getafe CF,betis,Real Betis,0.9775380646339002,1.0110685418885412,0-1,0.1384011601238499,production_2025_26,0,ensemble_sports,0.3451508825623322,0.3181141134517398,0.3367350039859281,H,0.008415878576404,low,False,preseason_static,True
laliga_102573,2026/27,33,2027-04-21,,,osasuna,CA Osasuna,alaves,Deportivo Alavés,1.412055202508405,0.9463604788944056,1-0,0.1335380083876269,production_2025_26,0,ensemble_sports,0.4612695224344,0.2951828046899516,0.2435476728756483,H,0.1660867177444484,medium,False,preseason_static,True
laliga_102574,2026/27,33,2027-04-21,,,racing_santander,R. Racing Club,malaga,Málaga CF,2.02163902324948,1.7139132262896102,2-1,0.0835682232011877,production_2025_26,1,ensemble_sports,0.5239378546264895,0.241976514267215,0.2340856311062955,H,0.2819613403592744,low,False,preseason_static,True
laliga_102575,2026/27,33,2027-04-21,,,real_madrid,Real Madrid,elche,Elche CF,2.634177534010715,0.7541785818514739,2-0,0.1171542068571602,production_2025_26,0,ensemble_sports,0.7034984689476577,0.187480493353013,0.1090210376993294,H,0.5160179755946446,high,False,preseason_static,True
laliga_102576,2026/27,33,2027-04-21,,,sevilla,Sevilla FC,levante,Levante UD,1.6424705399453827,1.2017177305919768,1-1,0.1148379377734,production_2025_26,0,ensemble_sports,0.4386091327460754,0.2979716202776933,0.2634192469762313,H,0.140637512468382,medium,False,preseason_static,True
laliga_102577,2026/27,33,2027-04-21,,,valencia,Valencia CF,vallecano,Rayo Vallecano,1.2376186198637111,0.9175409299997016,1-0,0.1434210748838994,production_2025_26,0,ensemble_sports,0.448803493642986,0.3017907149683588,0.2494057913886551,H,0.1470127786746272,medium,False,preseason_static,True
laliga_102578,2026/27,33,2027-04-21,,,villarreal,Villarreal CF,atletico_madrid,Atlético de Madrid,1.7116070051014771,1.4409864597554995,1-1,0.1054170884209089,production_2025_26,0,ensemble_sports,0.4719822250420766,0.2703733741853512,0.2576444007725722,H,0.2016088508567254,medium,False,preseason_static,True
laliga_102579,2026/27,34,2027-05-02,,,atletico_madrid,Atlético de Madrid,alaves,Deportivo Alavés,2.01910295928557,0.7604509404323596,2-0,0.1265161454502458,production_2025_26,0,ensemble_sports,0.5755386598994534,0.2549496335109804,0.1695117065895661,H,0.320589026388473,medium,False,preseason_static,True
laliga_102580,2026/27,34,2027-05-02,,,betis,Real Betis,valencia,Valencia CF,1.7454515303278748,0.9855393535128464,1-0,0.1137246325258731,production_2025_26,0,ensemble_sports,0.5302113931715142,0.2694118640208655,0.2003767428076203,H,0.2607995291506487,medium,False,preseason_static,True
laliga_102581,2026/27,34,2027-05-02,,,celta,RC Celta,sevilla,Sevilla FC,1.7650984296204957,1.0497382466679674,1-1,0.1110153543324937,production_2025_26,0,ensemble_sports,0.5055892443307972,0.2804038533326609,0.2140069023365418,H,0.2251853909981362,medium,False,preseason_static,True
laliga_102582,2026/27,34,2027-05-02,,,deportivo,RC Deportivo,racing_santander,R. Racing Club,2.2252010397181934,1.6981954984987984,2-1,0.0831375147709933,production_2025_26,1,ensemble_sports,0.4965328099783525,0.2457580342738404,0.257709155747807,H,0.2388236542305454,low,False,preseason_static,True
laliga_102583,2026/27,34,2027-05-02,,,elche,Elche CF,espanyol,RCD Espanyol de Barcelona,1.5303208023719814,1.1000333071544204,1-1,0.1212942863481205,production_2025_26,0,ensemble_sports,0.4663580581673393,0.2984458493479512,0.2351960924847094,H,0.167912208819388,medium,False,preseason_static,True
laliga_102584,2026/27,34,2027-05-02,,,barcelona,FC Barcelona,osasuna,CA Osasuna,2.7268935545068134,0.7663291031792298,2-0,0.113051365365298,production_2025_26,0,ensemble_sports,0.6916486519302514,0.1992888155957232,0.1090625324740254,H,0.4923598363345282,high,False,preseason_static,True
laliga_102585,2026/27,34,2027-05-02,,,levante,Levante UD,real_madrid,Real Madrid,1.0464228425516502,2.053890200191628,1-2,0.0994002383743432,production_2025_26,0,ensemble_sports,0.2598331913636637,0.281589070226771,0.4585777384095654,A,0.1769886681827944,medium,False,preseason_static,True
laliga_102586,2026/27,34,2027-05-02,,,malaga,Málaga CF,getafe,Getafe CF,1.116713407330976,1.0378122637809908,1-1,0.1343884479286809,production_2025_26,1,ensemble_sports,0.4320755246217506,0.2998754585800382,0.2680490167982112,H,0.1322000660417123,low,False,preseason_static,True
laliga_102587,2026/27,34,2027-05-02,,,vallecano,Rayo Vallecano,villarreal,Villarreal CF,1.1974553703953237,1.411995593750326,1-1,0.1244006595591381,production_2025_26,0,ensemble_sports,0.344877638546561,0.3063463270305006,0.3487760344229384,A,0.0038983958763773,low,False,preseason_static,True
laliga_102588,2026/27,34,2027-05-02,,,real_sociedad,Real Sociedad,athletic_bilbao,Athletic Club,1.4270912776734692,1.1269842509904473,1-1,0.1250687625279316,production_2025_26,0,ensemble_sports,0.4465818874137484,0.2929948496895536,0.260423262896698,H,0.1535870377241948,medium,False,preseason_static,True
laliga_102589,2026/27,35,2027-05-09,,,alaves,Deportivo Alavés,levante,Levante UD,1.4995604202587869,1.1424082838731746,1-1,0.1220093570705024,production_2025_26,0,ensemble_sports,0.4453250636897542,0.3001946309988665,0.2544803053113794,H,0.1451304326908877,medium,False,preseason_static,True
laliga_102590,2026/27,35,2027-05-09,,,athletic_bilbao,Athletic Club,malaga,Málaga CF,1.97897455314666,0.9613985164407964,1-0,0.1045816977397211,production_2025_26,1,ensemble_sports,0.5438773897947866,0.2570986251526228,0.1990239850525905,H,0.2867787646421638,low,False,preseason_static,True
laliga_102591,2026/27,35,2027-05-09,,,betis,Real Betis,espanyol,RCD Espanyol de Barcelona,1.834376328089343,0.9240758847843552,1-0,0.1162811944134875,production_2025_26,0,ensemble_sports,0.5596387576374858,0.2681382294329711,0.1722230129295431,H,0.2915005282045146,medium,False,preseason_static,True
laliga_102592,2026/27,35,2027-05-09,,,getafe,Getafe CF,elche,Elche CF,1.16367545979138,0.8434797149217153,1-0,0.1563635348420838,production_2025_26,0,ensemble_sports,0.4610575025840237,0.3041313689553681,0.2348111284606083,H,0.1569261336286556,medium,False,preseason_static,True
laliga_102593,2026/27,35,2027-05-09,,,osasuna,CA Osasuna,real_sociedad,Real Sociedad,1.41427763918658,1.1708748419297783,1-1,0.1248325519381338,production_2025_26,0,ensemble_sports,0.4467892163899736,0.2923623605905393,0.2608484230194872,H,0.1544268557994342,medium,False,preseason_static,True
laliga_102594,2026/27,35,2027-05-09,,,racing_santander,R. Racing Club,sevilla,Sevilla FC,1.621495943277575,1.6795014504364478,1-1,0.1003442539744999,production_2025_26,1,ensemble_sports,0.4399613482981408,0.2894980232682088,0.2705406284336504,H,0.1504633250299319,low,False,preseason_static,True
laliga_102595,2026/27,35,2027-05-09,,,vallecano,Rayo Vallecano,deportivo,RC Deportivo,1.8484633563533,0.9103805656605076,1-0,0.1171283147900599,production_2025_26,1,ensemble_sports,0.5874799445988077,0.2392088155951609,0.1733112398060313,H,0.3482711290036467,low,False,preseason_static,True
laliga_102596,2026/27,35,2027-05-09,,,real_madrid,Real Madrid,barcelona,FC Barcelona,1.7482346356074026,1.4313235695187552,1-1,0.104105612417898,production_2025_26,0,ensemble_sports,0.4503129574466818,0.2587756753807321,0.2909113671725861,H,0.1594015902740957,medium,False,preseason_static,True
laliga_102597,2026/27,35,2027-05-09,,,valencia,Valencia CF,atletico_madrid,Atlético de Madrid,1.1187191105138523,1.4806844036726197,1-1,0.1231054220336391,production_2025_26,0,ensemble_sports,0.3425164451740953,0.2914405921062221,0.3660429627196827,A,0.0235265175455874,low,False,preseason_static,True
laliga_102598,2026/27,35,2027-05-09,,,villarreal,Villarreal CF,celta,RC Celta,2.15714955203387,1.1975378198014024,2-1,0.0972981896975693,production_2025_26,0,ensemble_sports,0.5761172617610861,0.24767888985212,0.1762038483867938,H,0.3284383719089661,medium,False,preseason_static,True
laliga_102599,2026/27,36,2027-05-16,,,atletico_madrid,Atlético de Madrid,vallecano,Rayo Vallecano,1.741735069305962,0.7275163731064119,1-0,0.1474350754834913,production_2025_26,0,ensemble_sports,0.5304842539480317,0.2809153176903807,0.1886004283615877,H,0.2495689362576509,medium,False,preseason_static,True
laliga_102600,2026/27,36,2027-05-16,,,deportivo,RC Deportivo,alaves,Deportivo Alavés,1.415258717017837,1.4407969606552566,1-1,0.1172383507098675,production_2025_26,1,ensemble_sports,0.4140260100196719,0.2959307024005507,0.2900432875797775,H,0.1180953076191211,low,False,preseason_static,True
laliga_102601,2026/27,36,2027-05-16,,,elche,Elche CF,athletic_bilbao,Athletic Club,1.305898258793901,1.2339009659932556,1-1,0.1271068501116337,production_2025_26,0,ensemble_sports,0.4124625989825017,0.3025299629200774,0.2850074380974208,H,0.1099326360624242,medium,False,preseason_static,True
laliga_102602,2026/27,36,2027-05-16,,,espanyol,RCD Espanyol de Barcelona,valencia,Valencia CF,1.3229316227971222,1.105726923126824,1-1,0.1289532700891168,production_2025_26,0,ensemble_sports,0.4231259346189648,0.3032200054705884,0.2736540599104466,H,0.1199059291483763,medium,False,preseason_static,True
laliga_102603,2026/27,36,2027-05-16,,,levante,Levante UD,getafe,Getafe CF,1.1703281718186755,0.9073274645350003,1-0,0.146552524489394,production_2025_26,0,ensemble_sports,0.4650475909002975,0.29604386046894,0.2389085486307624,H,0.1690037304313575,medium,False,preseason_static,True
laliga_102604,2026/27,36,2027-05-16,,,malaga,Málaga CF,celta,RC Celta,1.436567242866808,1.641043837880583,1-1,0.108606884728907,production_2025_26,1,ensemble_sports,0.3723905763519646,0.3009540697683016,0.3266553538797337,H,0.0457352224722308,low,False,preseason_static,True
laliga_102605,2026/27,36,2027-05-16,,,osasuna,CA Osasuna,betis,Real Betis,1.3007652727564385,1.2843222934435514,1-1,0.1259458327950885,production_2025_26,0,ensemble_sports,0.3479183453556464,0.3112815062095345,0.3408001484348191,H,0.0071181969208273,low,False,preseason_static,True
laliga_102606,2026/27,36,2027-05-16,,,real_madrid,Real Madrid,racing_santander,R. Racing Club,3.7768783806124815,0.7851409442571169,3-0,0.0939265213894488,production_2025_26,1,ensemble_sports,0.7398088782133909,0.1544871169216723,0.1057040048649367,H,0.5853217612917185,low,False,preseason_static,True
laliga_102607,2026/27,36,2027-05-16,,,real_sociedad,Real Sociedad,barcelona,FC Barcelona,1.1776164243392404,2.0988018880542763,1-2,0.0979471918204514,production_2025_26,0,ensemble_sports,0.2616427467974416,0.2600265157516539,0.4783307374509045,A,0.2166879906534629,medium,False,preseason_static,True
laliga_102608,2026/27,36,2027-05-16,,,sevilla,Sevilla FC,villarreal,Villarreal CF,1.370949271708818,1.7218322416381218,1-1,0.1071112949128192,production_2025_26,0,ensemble_sports,0.3111005174469843,0.301584574213555,0.3873149083394608,A,0.0762143908924765,low,False,preseason_static,True
laliga_102609,2026/27,37,2027-05-23,,,alaves,Deportivo Alavés,real_madrid,Real Madrid,0.8933038706017956,1.7912784171207563,0-1,0.1222545741247086,production_2025_26,0,ensemble_sports,0.2542423892770191,0.2899895241289568,0.4557680865940241,A,0.1657785624650672,medium,False,preseason_static,True
laliga_102610,2026/27,37,2027-05-23,,,atletico_madrid,Atlético de Madrid,athletic_bilbao,Athletic Club,1.7807645371028786,0.877390041341262,1-0,0.124791745885284,production_2025_26,0,ensemble_sports,0.5367602917857103,0.2804044688982847,0.182835239316005,H,0.2563558228874256,medium,False,preseason_static,True
laliga_102611,2026/27,37,2027-05-23,,,celta,RC Celta,real_sociedad,Real Sociedad,1.6806249354034832,1.1857722442421903,1-1,0.1133998133804279,production_2025_26,0,ensemble_sports,0.4847874099350138,0.288384768191549,0.2268278218734372,H,0.1964026417434647,medium,False,preseason_static,True
laliga_102612,2026/27,37,2027-05-23,,,deportivo,RC Deportivo,espanyol,RCD Espanyol de Barcelona,1.4627058913615882,1.4820054949334174,1-1,0.11406051281769,production_2025_26,1,ensemble_sports,0.4104593468524496,0.3020051416300795,0.2875355115174709,H,0.1084542052223701,low,False,preseason_static,True
laliga_102613,2026/27,37,2027-05-23,,,barcelona,FC Barcelona,malaga,Málaga CF,3.685477880374377,0.7933330551510166,3-0,0.0948135022406903,production_2025_26,1,ensemble_sports,0.7535275293179606,0.1544320835371657,0.0920403871448737,H,0.5990954457807949,low,False,preseason_static,True
laliga_102614,2026/27,37,2027-05-23,,,racing_santander,R. Racing Club,levante,Levante UD,1.767457056719706,1.7962002780762427,1-1,0.0899558449883381,production_2025_26,1,ensemble_sports,0.4233325765961856,0.2840444019085292,0.2926230214952851,H,0.1307095551009005,low,False,preseason_static,True
laliga_102615,2026/27,37,2027-05-23,,,vallecano,Rayo Vallecano,betis,Real Betis,1.1525736020232338,1.141706319132746,1-1,0.1326874959284665,production_2025_26,0,ensemble_sports,0.3845765778799647,0.3063651111151858,0.3090583110048494,H,0.0755182668751152,low,False,preseason_static,True
laliga_102616,2026/27,37,2027-05-23,,,sevilla,Sevilla FC,getafe,Getafe CF,1.0942921488472623,0.8323980474514844,1-0,0.1593611203170437,production_2025_26,0,ensemble_sports,0.4426783737419215,0.3065942947322861,0.2507273315257922,H,0.1360840790096353,medium,False,preseason_static,True
laliga_102617,2026/27,37,2027-05-23,,,valencia,Valencia CF,elche,Elche CF,1.5732895589149434,1.085838775588583,1-1,0.1195995741867474,production_2025_26,0,ensemble_sports,0.5020578656798521,0.2744272049317537,0.2235149293883943,H,0.2276306607480984,medium,False,preseason_static,True
laliga_102618,2026/27,37,2027-05-23,,,villarreal,Villarreal CF,osasuna,CA Osasuna,2.130048289644966,1.0077507032934512,2-1,0.0991698475225662,production_2025_26,0,ensemble_sports,0.5997500807554789,0.2436330063898032,0.1566169128547178,H,0.3561170743656756,medium,False,preseason_static,True
laliga_102619,2026/27,38,2027-05-30,,,athletic_bilbao,Athletic Club,vallecano,Rayo Vallecano,1.3016522393740486,0.8228732632779185,1-0,0.155533995353701,production_2025_26,0,ensemble_sports,0.4318297250034827,0.3147054842780201,0.2534647907184973,H,0.1171242407254626,medium,False,preseason_static,True
laliga_102620,2026/27,38,2027-05-30,,,betis,Real Betis,atletico_madrid,Atlético de Madrid,1.3839650366088685,1.386976914086409,1-1,0.1201682603673754,production_2025_26,0,ensemble_sports,0.408781667684284,0.2894270841122744,0.3017912482034416,H,0.1069904194808424,medium,False,preseason_static,True
laliga_102621,2026/27,38,2027-05-30,,,elche,Elche CF,racing_santander,R. Racing Club,2.3280629828944286,1.2605024858509788,2-1,0.0944111512012393,production_2025_26,1,ensemble_sports,0.5515442236006075,0.2463502312048863,0.2021055451945061,H,0.3051939923957212,low,False,preseason_static,True
laliga_102622,2026/27,38,2027-05-30,,,espanyol,RCD Espanyol de Barcelona,alaves,Deportivo Alavés,1.3452310089829531,1.0079396277383246,1-1,0.1289028309048475,production_2025_26,0,ensemble_sports,0.4422061985387901,0.2990463452855932,0.2587474561756168,H,0.1431598532531968,medium,False,preseason_static,True
laliga_102623,2026/27,38,2027-05-30,,,getafe,Getafe CF,barcelona,FC Barcelona,0.7723009239685454,1.6008044055223152,0-1,0.1491805379269494,production_2025_26,0,ensemble_sports,0.2436495947829743,0.2794435076374356,0.47690689757959,A,0.1974633899421544,medium,False,preseason_static,True
laliga_102624,2026/27,38,2027-05-30,,,levante,Levante UD,celta,RC Celta,1.505538577760274,1.4347143472657893,1-1,0.1141621431155761,production_2025_26,0,ensemble_sports,0.4151011794857212,0.2954185130069768,0.2894803075073019,H,0.1196826664787443,medium,False,preseason_static,True
laliga_102625,2026/27,38,2027-05-30,,,malaga,Málaga CF,sevilla,Sevilla FC,1.5377050172755606,1.400928074230671,1-1,0.1140399877163128,production_2025_26,1,ensemble_sports,0.4336208634779708,0.2946713182894103,0.2717078182326189,H,0.1389495451885604,low,False,preseason_static,True
laliga_102626,2026/27,38,2027-05-30,,,osasuna,CA Osasuna,valencia,Valencia CF,1.388648096913766,1.0381735489899833,1-1,0.1273230499442098,production_2025_26,0,ensemble_sports,0.434626175900172,0.30453554465234,0.260838279447488,H,0.130090631247832,medium,False,preseason_static,True
laliga_102627,2026/27,38,2027-05-30,,,real_madrid,Real Madrid,deportivo,RC Deportivo,3.548861252331173,0.7208563414305162,3-0,0.1043025658829703,production_2025_26,1,ensemble_sports,0.7531839351909124,0.1520260583967826,0.094790006412305,H,0.6011578767941298,low,False,preseason_static,True
laliga_102628,2026/27,38,2027-05-30,,,real_sociedad,Real Sociedad,villarreal,Villarreal CF,1.5486085219971504,1.6394293662710209,1-1,0.1047340695979944,production_2025_26,0,ensemble_sports,0.3417987983734804,0.2931363381818486,0.365064863444671,A,0.0232660650711906,low,False,preseason_static,True
