fixture_id,season,matchday,reference_date,scheduled_date,kickoff_time,home_team_id,home_team,home_team_official,away_team_id,away_team,away_team_official,status,home_promoted,away_promoted,home_segunda_position,away_segunda_position,history_ready_5,history_ready_10,home_season_matches_pre,away_season_matches_pre,home_days_rest,away_days_rest,home_division_changed,away_division_changed,home_form_ppg_5,home_form_win_rate_5,home_form_draw_rate_5,home_form_goals_for_avg_5,home_form_goals_against_avg_5,home_form_goal_difference_avg_5,home_form_shots_on_target_for_avg_5,home_form_shots_on_target_against_avg_5,home_form_ppg_10,home_form_goals_for_avg_10,home_form_goals_against_avg_10,home_form_goal_difference_avg_10,home_venue_ppg_5,home_venue_win_rate_5,home_venue_goals_for_avg_5,home_venue_goals_against_avg_5,home_venue_shots_on_target_for_avg_5,home_season_ppg_pre,home_season_win_rate_pre,home_season_goals_for_avg_pre,home_season_goals_against_avg_pre,home_season_goal_difference_avg_pre,home_league_position_pre,away_form_ppg_5,away_form_win_rate_5,away_form_draw_rate_5,away_form_goals_for_avg_5,away_form_goals_against_avg_5,away_form_goal_difference_avg_5,away_form_shots_on_target_for_avg_5,away_form_shots_on_target_against_avg_5,away_form_ppg_10,away_form_goals_for_avg_10,away_form_goals_against_avg_10,away_form_goal_difference_avg_10,away_venue_ppg_5,away_venue_win_rate_5,away_venue_goals_for_avg_5,away_venue_goals_against_avg_5,away_venue_shots_on_target_for_avg_5,away_season_ppg_pre,away_season_win_rate_pre,away_season_goals_for_avg_pre,away_season_goals_against_avg_pre,away_season_goal_difference_avg_pre,away_league_position_pre,home_elo_pre,away_elo_pre,elo_difference_pre,elo_expected_home,season_ppg_difference,season_win_rate_difference,season_goal_difference_avg,form_ppg_5_difference,form_ppg_10_difference,form_goal_difference_5_difference,form_shots_on_target_5_difference,venue_ppg_5_difference,days_rest_difference,league_position_advantage
laliga_102249,2026/27,1,2026-08-16,,,alaves,Deportivo Alavés,Deportivo Alavés,getafe,Getafe CF,Getafe CF,scheduled,0.0,0.0,,,1.0,1.0,0.0,0.0,85.0,85.0,0.0,0.0,1.4,0.4,0.2,1.2,1.4,-0.19999999999999996,4.6,3.2,1.5,1.8,1.8,0.0,1.4,0.4,1.6,1.8,5.6,,,,,,,1.4,0.4,0.2,0.8,0.8,0.0,2.8,4.0,1.6,0.9,0.8,0.09999999999999998,1.4,0.4,0.6,0.6,2.0,,,,,,,1481.1596411976118,1492.8115288694028,-11.651887671790973,0.5691328563929516,,,,0.0,-0.10000000000000009,-0.19999999999999996,1.7999999999999998,0.0,0.0,
laliga_102250,2026/27,1,2026-08-16,,,atletico_madrid,Atlético de Madrid,Atlético de Madrid,malaga,Málaga CF,Málaga CF,scheduled,0.0,1.0,,4.0,1.0,1.0,0.0,0.0,84.0,77.0,0.0,1.0,1.8,0.6,0.0,1.2,1.4,-0.19999999999999996,4.2,5.0,1.2,1.5,1.9,-0.3999999999999999,1.8,0.6,1.2,1.0,3.8,,,,,,,2.6,0.8,0.2,2.6,1.0,1.6,7.2,4.6,1.8,2.3,1.5,0.7999999999999998,2.0,0.6,2.6,1.4,5.6,,,,,,,1572.1842025747462,1449.8796167201926,122.30458585455358,0.7406653429312509,,,,-0.8,-0.6000000000000001,-1.8,-3.0,-0.19999999999999996,7.0,
laliga_102251,2026/27,1,2026-08-16,,,celta,RC Celta,RC Celta,osasuna,CA Osasuna,CA Osasuna,scheduled,0.0,0.0,,,1.0,1.0,0.0,0.0,85.0,85.0,0.0,0.0,2.0,0.6,0.2,1.6,1.0,0.6000000000000001,3.2,5.0,1.3,1.5,1.7,-0.19999999999999996,1.2,0.4,1.8,2.2,4.8,,,,,,,0.0,0.0,0.0,1.0,2.0,-1.0,5.0,5.2,0.8,1.1,1.5,-0.3999999999999999,0.2,0.0,1.0,2.0,4.2,,,,,,,1520.6666347724267,1472.152061291961,48.51457348046574,0.6512776718098751,,,,2.0,0.5,1.6,-1.7999999999999998,1.0,0.0,
laliga_102252,2026/27,1,2026-08-16,,,deportivo,RC Deportivo,RC Deportivo,elche,Elche CF,Elche CF,scheduled,1.0,0.0,2.0,,1.0,1.0,0.0,0.0,77.0,85.0,1.0,0.0,2.4,0.8,0.0,1.6,0.8,0.8,5.4,3.0,2.1,1.6,0.8,0.8,2.0,0.6,1.8,1.2,5.2,,,,,,,1.0,0.2,0.4,1.0,1.4,-0.3999999999999999,3.0,4.4,1.7,1.3,1.2,0.10000000000000009,0.8,0.2,1.0,1.6,3.0,,,,,,,1455.1579643226437,1475.3898946051086,-20.231930282464873,0.5569822193928297,,,,1.4,0.40000000000000013,1.2,2.4000000000000004,1.2,-8.0,
laliga_102253,2026/27,1,2026-08-16,,,espanyol,RCD Espanyol,RCD Espanyol de Barcelona,levante,Levante UD,Levante UD,scheduled,0.0,0.0,,,1.0,1.0,0.0,0.0,85.0,85.0,0.0,0.0,1.4,0.4,0.2,1.2,1.2,0.0,4.8,5.4,0.9,0.8,1.3,-0.5,1.0,0.2,0.8,1.0,4.8,,,,,,,1.8,0.6,0.0,2.0,2.2,-0.20000000000000018,6.2,5.6,1.9,1.7,1.5,0.19999999999999996,0.8,0.2,1.0,2.2,4.8,,,,,,,1469.7915487087444,1484.3659660848236,-14.574417376079282,0.5650026969899506,,,,-0.40000000000000013,-0.9999999999999999,0.20000000000000018,-1.4000000000000004,0.19999999999999996,0.0,
laliga_102254,2026/27,1,2026-08-16,,,barcelona,FC Barcelona,FC Barcelona,athletic_bilbao,Athletic Club,Athletic Club,scheduled,0.0,0.0,,,1.0,1.0,0.0,0.0,85.0,85.0,0.0,0.0,1.8,0.6,0.0,1.6,1.2,0.40000000000000013,4.8,3.2,2.4,1.8,0.8,1.0,3.0,1.0,2.2,0.4,6.6,,,,,,,0.8,0.2,0.2,1.4,2.0,-0.6000000000000001,4.6,4.4,1.0,1.3,1.8,-0.5,0.6,0.2,1.6,2.6,2.8,,,,,,,1670.0690083357954,1495.7935124307858,174.27549590500962,0.7939003502305987,,,,1.0,1.4,1.0000000000000002,0.20000000000000018,2.4,0.0,
laliga_102255,2026/27,1,2026-08-16,,,racing_santander,Racing de Santander,R. Racing Club,villarreal,Villarreal CF,Villarreal CF,scheduled,1.0,0.0,1.0,,1.0,1.0,0.0,0.0,77.0,84.0,1.0,0.0,2.6,0.8,0.2,3.0,1.2,1.8,8.8,3.8,2.3,2.8,1.5,1.2999999999999998,3.0,1.0,4.0,1.2,10.2,,,,,,,1.4,0.4,0.2,2.6,1.6,1.0,4.8,5.4,1.7,2.1,1.3,0.8,1.0,0.2,0.8,1.2,2.6,,,,,,,1470.7098994240723,1577.4033731013535,-106.69347367728119,0.4332043586972333,,,,1.2000000000000002,0.5999999999999999,0.8,4.000000000000001,2.0,-7.0,
laliga_102256,2026/27,1,2026-08-16,,,real_madrid,Real Madrid,Real Madrid,real_sociedad,Real Sociedad,Real Sociedad,scheduled,0.0,0.0,,,1.0,1.0,0.0,0.0,85.0,85.0,0.0,0.0,2.4,0.8,0.0,1.8,0.8,1.0,4.4,3.8,2.0,1.7,1.1,0.5999999999999999,2.6,0.8,2.4,1.2,8.4,,,,,,,0.6,0.0,0.6,1.4,1.8,-0.40000000000000013,3.0,5.8,0.8,1.6,1.9,-0.2999999999999998,0.6,0.0,1.2,1.8,3.6,,,,,,,1643.8869079207884,1489.5195498417131,154.3673580790753,0.7745175006337491,,,,1.7999999999999998,1.2,1.4000000000000001,1.4000000000000004,2.0,0.0,
laliga_102257,2026/27,1,2026-08-16,,,sevilla,Sevilla FC,Sevilla FC,vallecano,Rayo Vallecano,Rayo Vallecano,scheduled,0.0,0.0,,,1.0,1.0,0.0,0.0,85.0,85.0,0.0,0.0,1.8,0.6,0.0,1.2,1.0,0.19999999999999996,4.8,2.6,1.2,0.9,1.3,-0.4,1.8,0.6,1.0,1.0,4.2,,,,,,,2.2,0.6,0.4,1.6,0.6,1.0,5.6,4.8,1.8,1.3,1.0,0.30000000000000004,1.4,0.4,1.0,1.2,4.6,,,,,,,1467.2134536362496,1518.9810723253138,-51.76761868906419,0.5118451323649916,,,,-0.40000000000000013,-0.6000000000000001,-0.8,-0.7999999999999998,0.40000000000000013,0.0,
laliga_102258,2026/27,1,2026-08-16,,,valencia,Valencia CF,Valencia CF,betis,Real Betis,Real Betis,scheduled,0.0,0.0,,,1.0,1.0,0.0,0.0,85.0,85.0,0.0,0.0,2.0,0.6,0.2,1.8,1.4,0.40000000000000013,3.6,3.8,1.7,1.6,1.3,0.30000000000000004,1.4,0.4,1.6,1.6,3.2,,,,,,,2.0,0.6,0.2,2.0,1.4,0.6000000000000001,5.6,5.8,1.6,1.6,1.3,0.30000000000000004,1.0,0.2,1.6,2.0,3.4,,,,,,,1512.7914332123023,1555.2880787227114,-42.49664551040905,0.5251680632576571,,,,0.0,0.09999999999999987,-0.19999999999999996,-1.9999999999999996,0.3999999999999999,0.0,
laliga_102259,2026/27,2,2026-08-23,,,athletic_bilbao,Athletic Club,Athletic Club,sevilla,Sevilla FC,Sevilla FC,scheduled,0.0,0.0,,,1.0,1.0,0.0,0.0,92.0,92.0,0.0,0.0,0.8,0.2,0.2,1.4,2.0,-0.6000000000000001,4.6,4.4,1.0,1.3,1.8,-0.5,1.4,0.4,1.0,1.0,5.4,,,,,,,1.8,0.6,0.0,1.2,1.0,0.19999999999999996,4.8,2.6,1.2,0.9,1.3,-0.4,0.6,0.2,0.8,1.6,1.8,,,,,,,1495.7935124307858,1467.2134536362496,28.58005879453617,0.6247848620968925,,,,-1.0,-0.19999999999999996,-0.8,-0.20000000000000018,0.7999999999999999,0.0,
laliga_102260,2026/27,2,2026-08-23,,,atletico_madrid,Atlético de Madrid,Atlético de Madrid,villarreal,Villarreal CF,Villarreal CF,scheduled,0.0,0.0,,,1.0,1.0,0.0,0.0,91.0,91.0,0.0,0.0,1.8,0.6,0.0,1.2,1.4,-0.19999999999999996,4.2,5.0,1.2,1.5,1.9,-0.3999999999999999,1.8,0.6,1.2,1.0,3.8,,,,,,,1.4,0.4,0.2,2.6,1.6,1.0,4.8,5.4,1.7,2.1,1.3,0.8,1.0,0.2,0.8,1.2,2.6,,,,,,,1572.1842025747462,1577.4033731013535,-5.219170526607286,0.5781890841142076,,,,0.40000000000000013,-0.5,-1.2,-0.5999999999999996,0.8,0.0,
laliga_102261,2026/27,2,2026-08-23,,,betis,Real Betis,Real Betis,real_sociedad,Real Sociedad,Real Sociedad,scheduled,0.0,0.0,,,1.0,1.0,0.0,0.0,92.0,92.0,0.0,0.0,2.0,0.6,0.2,2.0,1.4,0.6000000000000001,5.6,5.8,1.6,1.6,1.3,0.30000000000000004,2.2,0.6,1.6,0.6,6.0,,,,,,,0.6,0.0,0.6,1.4,1.8,-0.40000000000000013,3.0,5.8,0.8,1.6,1.9,-0.2999999999999998,0.6,0.0,1.2,1.8,3.6,,,,,,,1555.2880787227114,1489.5195498417131,65.76852888099825,0.6734832440732881,,,,1.4,0.8,1.0000000000000002,2.5999999999999996,1.6,0.0,
laliga_102262,2026/27,2,2026-08-23,,,elche,Elche CF,Elche CF,barcelona,FC Barcelona,FC Barcelona,scheduled,0.0,0.0,,,1.0,1.0,0.0,0.0,92.0,92.0,0.0,0.0,1.0,0.2,0.4,1.0,1.4,-0.3999999999999999,3.0,4.4,1.7,1.3,1.2,0.10000000000000009,2.6,0.8,1.6,0.8,4.0,,,,,,,1.8,0.6,0.0,1.6,1.2,0.40000000000000013,4.8,3.2,2.4,1.8,0.8,1.0,1.8,0.6,1.4,1.2,4.0,,,,,,,1475.3898946051086,1670.0690083357954,-194.67911373068682,0.31533905950077684,,,,-0.8,-0.7,-0.8,-1.7999999999999998,0.8,0.0,
laliga_102263,2026/27,2,2026-08-23,,,espanyol,RCD Espanyol,RCD Espanyol de Barcelona,real_madrid,Real Madrid,Real Madrid,scheduled,0.0,0.0,,,1.0,1.0,0.0,0.0,92.0,92.0,0.0,0.0,1.4,0.4,0.2,1.2,1.2,0.0,4.8,5.4,0.9,0.8,1.3,-0.5,1.0,0.2,0.8,1.0,4.8,,,,,,,2.4,0.8,0.0,1.8,0.8,1.0,4.4,3.8,2.0,1.7,1.1,0.5999999999999999,1.4,0.4,1.0,1.0,4.2,,,,,,,1469.7915487087444,1643.8869079207884,-174.09535921204406,0.34146203241371764,,,,-1.0,-1.1,-1.0,0.39999999999999947,-0.3999999999999999,0.0,
laliga_102264,2026/27,2,2026-08-23,,,getafe,Getafe CF,Getafe CF,racing_santander,Racing de Santander,R. Racing Club,scheduled,0.0,1.0,,1.0,1.0,1.0,0.0,0.0,92.0,84.0,0.0,1.0,1.4,0.4,0.2,0.8,0.8,0.0,2.8,4.0,1.6,0.9,0.8,0.09999999999999998,1.8,0.6,1.2,1.0,3.2,,,,,,,2.6,0.8,0.2,3.0,1.2,1.8,8.8,3.8,2.3,2.8,1.5,1.2999999999999998,1.6,0.4,1.6,1.8,6.4,,,,,,,1492.8115288694028,1470.7098994240723,22.101629445330445,0.616002497720046,,,,-1.2000000000000002,-0.6999999999999997,-1.8,-6.000000000000001,0.19999999999999996,8.0,
laliga_102265,2026/27,2,2026-08-23,,,malaga,Málaga CF,Málaga CF,deportivo,RC Deportivo,RC Deportivo,scheduled,1.0,1.0,4.0,2.0,1.0,1.0,0.0,0.0,84.0,84.0,1.0,1.0,2.6,0.8,0.2,2.6,1.0,1.6,7.2,4.6,1.8,2.3,1.5,0.7999999999999998,1.6,0.4,1.4,1.0,6.2,,,,,,,2.4,0.8,0.0,1.6,0.8,0.8,5.4,3.0,2.1,1.6,0.8,0.8,1.8,0.4,1.2,0.6,4.0,,,,,,,1449.8796167201926,1455.1579643226437,-5.278347602451049,0.5781060018230085,,,,0.20000000000000018,-0.30000000000000004,0.8,1.7999999999999998,-0.19999999999999996,0.0,
laliga_102266,2026/27,2,2026-08-23,,,osasuna,CA Osasuna,CA Osasuna,levante,Levante UD,Levante UD,scheduled,0.0,0.0,,,1.0,1.0,0.0,0.0,92.0,92.0,0.0,0.0,0.0,0.0,0.0,1.0,2.0,-1.0,5.0,5.2,0.8,1.1,1.5,-0.3999999999999999,0.8,0.2,1.2,1.6,5.6,,,,,,,1.8,0.6,0.0,2.0,2.2,-0.20000000000000018,6.2,5.6,1.9,1.7,1.5,0.19999999999999996,0.8,0.2,1.0,2.2,4.8,,,,,,,1472.152061291961,1484.3659660848236,-12.21390479286265,0.5683393342575809,,,,-1.8,-1.0999999999999999,-0.7999999999999998,-1.2000000000000002,0.0,0.0,
laliga_102267,2026/27,2,2026-08-23,,,vallecano,Rayo Vallecano,Rayo Vallecano,alaves,Deportivo Alavés,Deportivo Alavés,scheduled,0.0,0.0,,,1.0,1.0,0.0,0.0,92.0,92.0,0.0,0.0,2.2,0.6,0.4,1.6,0.6,1.0,5.6,4.8,1.8,1.3,1.0,0.30000000000000004,2.2,0.6,1.6,0.8,6.4,,,,,,,1.4,0.4,0.2,1.2,1.4,-0.19999999999999996,4.6,3.2,1.5,1.8,1.8,0.0,1.6,0.4,2.0,1.8,3.6,,,,,,,1518.9810723253138,1481.1596411976118,37.821431127702,0.6371707702566762,,,,0.8000000000000003,0.30000000000000004,1.2,1.0,0.6000000000000001,0.0,
laliga_102268,2026/27,2,2026-08-23,,,valencia,Valencia CF,Valencia CF,celta,RC Celta,RC Celta,scheduled,0.0,0.0,,,1.0,1.0,0.0,0.0,92.0,92.0,0.0,0.0,2.0,0.6,0.2,1.8,1.4,0.40000000000000013,3.6,3.8,1.7,1.6,1.3,0.30000000000000004,1.4,0.4,1.6,1.6,3.2,,,,,,,2.0,0.6,0.2,1.6,1.0,0.6000000000000001,3.2,5.0,1.3,1.5,1.7,-0.19999999999999996,1.4,0.4,1.2,1.2,2.8,,,,,,,1512.7914332123023,1520.6666347724267,-7.875201560124424,0.5744558298735966,,,,0.0,0.3999999999999999,-0.19999999999999996,0.3999999999999999,0.0,0.0,
laliga_102269,2026/27,3,2026-08-30,,,alaves,Deportivo Alavés,Deportivo Alavés,villarreal,Villarreal CF,Villarreal CF,scheduled,0.0,0.0,,,1.0,1.0,0.0,0.0,99.0,98.0,0.0,0.0,1.4,0.4,0.2,1.2,1.4,-0.19999999999999996,4.6,3.2,1.5,1.8,1.8,0.0,1.4,0.4,1.6,1.8,5.6,,,,,,,1.4,0.4,0.2,2.6,1.6,1.0,4.8,5.4,1.7,2.1,1.3,0.8,1.0,0.2,0.8,1.2,2.6,,,,,,,1481.1596411976118,1577.4033731013535,-96.24373190374172,0.4480294585449091,,,,0.0,-0.19999999999999996,-1.2,-0.20000000000000018,0.3999999999999999,1.0,
laliga_102270,2026/27,3,2026-08-30,,,celta,RC Celta,RC Celta,athletic_bilbao,Athletic Club,Athletic Club,scheduled,0.0,0.0,,,1.0,1.0,0.0,0.0,99.0,99.0,0.0,0.0,2.0,0.6,0.2,1.6,1.0,0.6000000000000001,3.2,5.0,1.3,1.5,1.7,-0.19999999999999996,1.2,0.4,1.8,2.2,4.8,,,,,,,0.8,0.2,0.2,1.4,2.0,-0.6000000000000001,4.6,4.4,1.0,1.3,1.8,-0.5,0.6,0.2,1.6,2.6,2.8,,,,,,,1520.6666347724267,1495.7935124307858,24.873122341640965,0.6197692593492896,,,,1.2,0.30000000000000004,1.2000000000000002,-1.3999999999999995,0.6,0.0,
laliga_102271,2026/27,3,2026-08-30,,,deportivo,RC Deportivo,RC Deportivo,valencia,Valencia CF,Valencia CF,scheduled,1.0,0.0,2.0,,1.0,1.0,0.0,0.0,91.0,99.0,1.0,0.0,2.4,0.8,0.0,1.6,0.8,0.8,5.4,3.0,2.1,1.6,0.8,0.8,2.0,0.6,1.8,1.2,5.2,,,,,,,2.0,0.6,0.2,1.8,1.4,0.40000000000000013,3.6,3.8,1.7,1.6,1.3,0.30000000000000004,2.0,0.6,1.6,1.0,4.8,,,,,,,1455.1579643226437,1512.7914332123023,-57.633468889658616,0.5034056593665623,,,,0.3999999999999999,0.40000000000000013,0.3999999999999999,1.8000000000000003,0.0,-8.0,
laliga_102272,2026/27,3,2026-08-30,,,barcelona,FC Barcelona,FC Barcelona,vallecano,Rayo Vallecano,Rayo Vallecano,scheduled,0.0,0.0,,,1.0,1.0,0.0,0.0,99.0,99.0,0.0,0.0,1.8,0.6,0.0,1.6,1.2,0.40000000000000013,4.8,3.2,2.4,1.8,0.8,1.0,3.0,1.0,2.2,0.4,6.6,,,,,,,2.2,0.6,0.4,1.6,0.6,1.0,5.6,4.8,1.8,1.3,1.0,0.30000000000000004,1.4,0.4,1.0,1.2,4.6,,,,,,,1670.0690083357954,1518.9810723253138,151.0879360104816,0.7712035913015124,,,,-0.40000000000000013,0.5999999999999999,-0.5999999999999999,-0.7999999999999998,1.6,0.0,
laliga_102273,2026/27,3,2026-08-30,,,levante,Levante UD,Levante UD,betis,Real Betis,Real Betis,scheduled,0.0,0.0,,,1.0,1.0,0.0,0.0,99.0,99.0,0.0,0.0,1.8,0.6,0.0,2.0,2.2,-0.20000000000000018,6.2,5.6,1.9,1.7,1.5,0.19999999999999996,3.0,1.0,2.4,0.8,6.0,,,,,,,2.0,0.6,0.2,2.0,1.4,0.6000000000000001,5.6,5.8,1.6,1.6,1.3,0.30000000000000004,1.0,0.2,1.6,2.0,3.4,,,,,,,1484.3659660848236,1555.2880787227114,-70.92211263788772,0.4842869921704383,,,,-0.19999999999999996,0.2999999999999998,-0.8000000000000003,0.6000000000000005,2.0,0.0,
laliga_102274,2026/27,3,2026-08-30,,,osasuna,CA Osasuna,CA Osasuna,getafe,Getafe CF,Getafe CF,scheduled,0.0,0.0,,,1.0,1.0,0.0,0.0,99.0,99.0,0.0,0.0,0.0,0.0,0.0,1.0,2.0,-1.0,5.0,5.2,0.8,1.1,1.5,-0.3999999999999999,0.8,0.2,1.2,1.6,5.6,,,,,,,1.4,0.4,0.2,0.8,0.8,0.0,2.8,4.0,1.6,0.9,0.8,0.09999999999999998,1.4,0.4,0.6,0.6,2.0,,,,,,,1472.152061291961,1492.8115288694028,-20.659467577441774,0.5563748500303473,,,,-1.4,-0.8,-1.0,2.2,-0.5999999999999999,0.0,
laliga_102275,2026/27,3,2026-08-30,,,racing_santander,Racing de Santander,R. Racing Club,elche,Elche CF,Elche CF,scheduled,1.0,0.0,1.0,,1.0,1.0,0.0,0.0,91.0,99.0,1.0,0.0,2.6,0.8,0.2,3.0,1.2,1.8,8.8,3.8,2.3,2.8,1.5,1.2999999999999998,3.0,1.0,4.0,1.2,10.2,,,,,,,1.0,0.2,0.4,1.0,1.4,-0.3999999999999999,3.0,4.4,1.7,1.3,1.2,0.10000000000000009,0.8,0.2,1.0,1.6,3.0,,,,,,,1470.7098994240723,1475.3898946051086,-4.679995181036247,0.5789458607152749,,,,1.6,0.5999999999999999,2.2,5.800000000000001,2.2,-8.0,
laliga_102276,2026/27,3,2026-08-30,,,real_madrid,Real Madrid,Real Madrid,malaga,Málaga CF,Málaga CF,scheduled,0.0,1.0,,4.0,1.0,1.0,0.0,0.0,99.0,91.0,0.0,1.0,2.4,0.8,0.0,1.8,0.8,1.0,4.4,3.8,2.0,1.7,1.1,0.5999999999999999,2.6,0.8,2.4,1.2,8.4,,,,,,,2.6,0.8,0.2,2.6,1.0,1.6,7.2,4.6,1.8,2.3,1.5,0.7999999999999998,2.0,0.6,2.6,1.4,5.6,,,,,,,1643.8869079207884,1449.8796167201926,194.00729120059577,0.8118664091207715,,,,-0.20000000000000018,0.19999999999999996,-0.6000000000000001,-2.8,0.6000000000000001,8.0,
laliga_102277,2026/27,3,2026-08-30,,,real_sociedad,Real Sociedad,Real Sociedad,espanyol,RCD Espanyol,RCD Espanyol de Barcelona,scheduled,0.0,0.0,,,1.0,1.0,0.0,0.0,99.0,99.0,0.0,0.0,0.6,0.0,0.6,1.4,1.8,-0.40000000000000013,3.0,5.8,0.8,1.6,1.9,-0.2999999999999998,1.0,0.2,2.0,2.0,4.4,,,,,,,1.4,0.4,0.2,1.2,1.2,0.0,4.8,5.4,0.9,0.8,1.3,-0.5,0.8,0.2,0.8,1.6,3.0,,,,,,,1489.5195498417131,1469.7915487087444,19.728001132968757,0.6127653581147179,,,,-0.7999999999999999,-0.09999999999999998,-0.40000000000000013,-1.7999999999999998,0.19999999999999996,0.0,
laliga_102278,2026/27,3,2026-08-30,,,sevilla,Sevilla FC,Sevilla FC,atletico_madrid,Atlético de Madrid,Atlético de Madrid,scheduled,0.0,0.0,,,1.0,1.0,0.0,0.0,99.0,98.0,0.0,0.0,1.8,0.6,0.0,1.2,1.0,0.19999999999999996,4.8,2.6,1.2,0.9,1.3,-0.4,1.8,0.6,1.0,1.0,4.2,,,,,,,1.8,0.6,0.0,1.2,1.4,-0.19999999999999996,4.2,5.0,1.2,1.5,1.9,-0.3999999999999999,1.2,0.4,1.6,2.2,3.6,,,,,,,1467.2134536362496,1572.1842025747462,-104.97074893849663,0.4356409075156719,,,,0.0,0.0,0.3999999999999999,0.5999999999999996,0.6000000000000001,1.0,
laliga_102279,2026/27,4,2026-09-06,,,alaves,Deportivo Alavés,Deportivo Alavés,osasuna,CA Osasuna,CA Osasuna,scheduled,0.0,0.0,,,1.0,1.0,0.0,0.0,106.0,106.0,0.0,0.0,1.4,0.4,0.2,1.2,1.4,-0.19999999999999996,4.6,3.2,1.5,1.8,1.8,0.0,1.4,0.4,1.6,1.8,5.6,,,,,,,0.0,0.0,0.0,1.0,2.0,-1.0,5.0,5.2,0.8,1.1,1.5,-0.3999999999999999,0.2,0.0,1.0,2.0,4.2,,,,,,,1481.1596411976118,1472.152061291961,9.0075799056508,0.5980242549122466,,,,1.4,0.7,0.8,-0.40000000000000036,1.2,0.0,
laliga_102280,2026/27,4,2026-09-06,,,athletic_bilbao,Athletic Club,Athletic Club,atletico_madrid,Atlético de Madrid,Atlético de Madrid,scheduled,0.0,0.0,,,1.0,1.0,0.0,0.0,106.0,105.0,0.0,0.0,0.8,0.2,0.2,1.4,2.0,-0.6000000000000001,4.6,4.4,1.0,1.3,1.8,-0.5,1.4,0.4,1.0,1.0,5.4,,,,,,,1.8,0.6,0.0,1.2,1.4,-0.19999999999999996,4.2,5.0,1.2,1.5,1.9,-0.3999999999999999,1.2,0.4,1.6,2.2,3.6,,,,,,,1495.7935124307858,1572.1842025747462,-76.39069014396046,0.476429384367297,,,,-1.0,-0.19999999999999996,-0.40000000000000013,0.39999999999999947,0.19999999999999996,1.0,
laliga_102281,2026/27,4,2026-09-06,,,betis,Real Betis,Real Betis,real_madrid,Real Madrid,Real Madrid,scheduled,0.0,0.0,,,1.0,1.0,0.0,0.0,106.0,106.0,0.0,0.0,2.0,0.6,0.2,2.0,1.4,0.6000000000000001,5.6,5.8,1.6,1.6,1.3,0.30000000000000004,2.2,0.6,1.6,0.6,6.0,,,,,,,2.4,0.8,0.0,1.8,0.8,1.0,4.4,3.8,2.0,1.7,1.1,0.5999999999999999,1.4,0.4,1.0,1.0,4.2,,,,,,,1555.2880787227114,1643.8869079207884,-88.59882919807706,0.45893567968424676,,,,-0.3999999999999999,-0.3999999999999999,-0.3999999999999999,1.1999999999999993,0.8000000000000003,0.0,
laliga_102282,2026/27,4,2026-09-06,,,elche,Elche CF,Elche CF,real_sociedad,Real Sociedad,Real Sociedad,scheduled,0.0,0.0,,,1.0,1.0,0.0,0.0,106.0,106.0,0.0,0.0,1.0,0.2,0.4,1.0,1.4,-0.3999999999999999,3.0,4.4,1.7,1.3,1.2,0.10000000000000009,2.6,0.8,1.6,0.8,4.0,,,,,,,0.6,0.0,0.6,1.4,1.8,-0.40000000000000013,3.0,5.8,0.8,1.6,1.9,-0.2999999999999998,0.6,0.0,1.2,1.8,3.6,,,,,,,1475.3898946051086,1489.5195498417131,-14.129655236604549,0.5656318381303939,,,,0.4,0.8999999999999999,2.220446049250313e-16,0.0,2.0,0.0,
laliga_102283,2026/27,4,2026-09-06,,,espanyol,RCD Espanyol,RCD Espanyol de Barcelona,sevilla,Sevilla FC,Sevilla FC,scheduled,0.0,0.0,,,1.0,1.0,0.0,0.0,106.0,106.0,0.0,0.0,1.4,0.4,0.2,1.2,1.2,0.0,4.8,5.4,0.9,0.8,1.3,-0.5,1.0,0.2,0.8,1.0,4.8,,,,,,,1.8,0.6,0.0,1.2,1.0,0.19999999999999996,4.8,2.6,1.2,0.9,1.3,-0.4,0.6,0.2,0.8,1.6,1.8,,,,,,,1469.7915487087444,1467.2134536362496,2.5780950724947616,0.5890957395993259,,,,-0.40000000000000013,-0.29999999999999993,-0.19999999999999996,0.0,0.4,0.0,
laliga_102284,2026/27,4,2026-09-06,,,getafe,Getafe CF,Getafe CF,celta,RC Celta,RC Celta,scheduled,0.0,0.0,,,1.0,1.0,0.0,0.0,106.0,106.0,0.0,0.0,1.4,0.4,0.2,0.8,0.8,0.0,2.8,4.0,1.6,0.9,0.8,0.09999999999999998,1.8,0.6,1.2,1.0,3.2,,,,,,,2.0,0.6,0.2,1.6,1.0,0.6000000000000001,3.2,5.0,1.3,1.5,1.7,-0.19999999999999996,1.4,0.4,1.2,1.2,2.8,,,,,,,1492.8115288694028,1520.6666347724267,-27.85510590302397,0.546128675294977,,,,-0.6000000000000001,0.30000000000000004,-0.6000000000000001,-0.40000000000000036,0.40000000000000013,0.0,
laliga_102285,2026/27,4,2026-09-06,,,malaga,Málaga CF,Málaga CF,levante,Levante UD,Levante UD,scheduled,1.0,0.0,4.0,,1.0,1.0,0.0,0.0,98.0,106.0,1.0,0.0,2.6,0.8,0.2,2.6,1.0,1.6,7.2,4.6,1.8,2.3,1.5,0.7999999999999998,1.6,0.4,1.4,1.0,6.2,,,,,,,1.8,0.6,0.0,2.0,2.2,-0.20000000000000018,6.2,5.6,1.9,1.7,1.5,0.19999999999999996,0.8,0.2,1.0,2.2,4.8,,,,,,,1449.8796167201926,1484.3659660848236,-34.486349364630996,0.536651236857703,,,,0.8,-0.09999999999999987,1.8000000000000003,1.0,0.8,-8.0,
laliga_102286,2026/27,4,2026-09-06,,,vallecano,Rayo Vallecano,Rayo Vallecano,racing_santander,Racing de Santander,R. Racing Club,scheduled,0.0,1.0,,1.0,1.0,1.0,0.0,0.0,106.0,98.0,0.0,1.0,2.2,0.6,0.4,1.6,0.6,1.0,5.6,4.8,1.8,1.3,1.0,0.30000000000000004,2.2,0.6,1.6,0.8,6.4,,,,,,,2.6,0.8,0.2,3.0,1.2,1.8,8.8,3.8,2.3,2.8,1.5,1.2999999999999998,1.6,0.4,1.6,1.8,6.4,,,,,,,1518.9810723253138,1470.7098994240723,48.27117290124147,0.6509593874921691,,,,-0.3999999999999999,-0.4999999999999998,-0.8,-3.200000000000001,0.6000000000000001,8.0,
laliga_102287,2026/27,4,2026-09-06,,,valencia,Valencia CF,Valencia CF,barcelona,FC Barcelona,FC Barcelona,scheduled,0.0,0.0,,,1.0,1.0,0.0,0.0,106.0,106.0,0.0,0.0,2.0,0.6,0.2,1.8,1.4,0.40000000000000013,3.6,3.8,1.7,1.6,1.3,0.30000000000000004,1.4,0.4,1.6,1.6,3.2,,,,,,,1.8,0.6,0.0,1.6,1.2,0.40000000000000013,4.8,3.2,2.4,1.8,0.8,1.0,1.8,0.6,1.4,1.2,4.0,,,,,,,1512.7914332123023,1670.0690083357954,-157.27757512349308,0.36355330536269975,,,,0.19999999999999996,-0.7,0.0,-1.1999999999999997,-0.40000000000000013,0.0,
laliga_102288,2026/27,4,2026-09-06,,,villarreal,Villarreal CF,Villarreal CF,deportivo,RC Deportivo,RC Deportivo,scheduled,0.0,1.0,,2.0,1.0,1.0,0.0,0.0,105.0,98.0,0.0,1.0,1.4,0.4,0.2,2.6,1.6,1.0,4.8,5.4,1.7,2.1,1.3,0.8,2.4,0.8,3.4,1.4,6.8,,,,,,,2.4,0.8,0.0,1.6,0.8,0.8,5.4,3.0,2.1,1.6,0.8,0.8,1.8,0.4,1.2,0.6,4.0,,,,,,,1577.4033731013535,1455.1579643226437,122.24540877870982,0.740599905328139,,,,-1.0,-0.40000000000000013,0.19999999999999996,-0.6000000000000005,0.5999999999999999,7.0,
laliga_102289,2026/27,5,2026-09-13,,,athletic_bilbao,Athletic Club,Athletic Club,elche,Elche CF,Elche CF,scheduled,0.0,0.0,,,1.0,1.0,0.0,0.0,113.0,113.0,0.0,0.0,0.8,0.2,0.2,1.4,2.0,-0.6000000000000001,4.6,4.4,1.0,1.3,1.8,-0.5,1.4,0.4,1.0,1.0,5.4,,,,,,,1.0,0.2,0.4,1.0,1.4,-0.3999999999999999,3.0,4.4,1.7,1.3,1.2,0.10000000000000009,0.8,0.2,1.0,1.6,3.0,,,,,,,1495.7935124307858,1475.3898946051086,20.403617825677202,0.6136877882976812,,,,-0.19999999999999996,-0.7,-0.20000000000000018,1.5999999999999996,0.5999999999999999,0.0,
laliga_102290,2026/27,5,2026-09-13,,,celta,RC Celta,RC Celta,malaga,Málaga CF,Málaga CF,scheduled,0.0,1.0,,4.0,1.0,1.0,0.0,0.0,113.0,105.0,0.0,1.0,2.0,0.6,0.2,1.6,1.0,0.6000000000000001,3.2,5.0,1.3,1.5,1.7,-0.19999999999999996,1.2,0.4,1.8,2.2,4.8,,,,,,,2.6,0.8,0.2,2.6,1.0,1.6,7.2,4.6,1.8,2.3,1.5,0.7999999999999998,2.0,0.6,2.6,1.4,5.6,,,,,,,1520.6666347724267,1449.8796167201926,70.78701805223409,0.6798038655393515,,,,-0.6000000000000001,-0.5,-1.0,-4.0,-0.8,8.0,
laliga_102291,2026/27,5,2026-09-13,,,getafe,Getafe CF,Getafe CF,deportivo,RC Deportivo,RC Deportivo,scheduled,0.0,1.0,,2.0,1.0,1.0,0.0,0.0,113.0,105.0,0.0,1.0,1.4,0.4,0.2,0.8,0.8,0.0,2.8,4.0,1.6,0.9,0.8,0.09999999999999998,1.8,0.6,1.2,1.0,3.2,,,,,,,2.4,0.8,0.0,1.6,0.8,0.8,5.4,3.0,2.1,1.6,0.8,0.8,1.8,0.4,1.2,0.6,4.0,,,,,,,1492.8115288694028,1455.1579643226437,37.65356454675907,0.6369473432898245,,,,-1.0,-0.5,-0.8,-2.6000000000000005,0.0,8.0,
laliga_102292,2026/27,5,2026-09-13,,,levante,Levante UD,Levante UD,barcelona,FC Barcelona,FC Barcelona,scheduled,0.0,0.0,,,1.0,1.0,0.0,0.0,113.0,113.0,0.0,0.0,1.8,0.6,0.0,2.0,2.2,-0.20000000000000018,6.2,5.6,1.9,1.7,1.5,0.19999999999999996,3.0,1.0,2.4,0.8,6.0,,,,,,,1.8,0.6,0.0,1.6,1.2,0.40000000000000013,4.8,3.2,2.4,1.8,0.8,1.0,1.8,0.6,1.4,1.2,4.0,,,,,,,1484.3659660848236,1670.0690083357954,-185.70304225097175,0.32659965868977286,,,,0.0,-0.5,-0.6000000000000003,1.4000000000000004,1.2,0.0,
laliga_102293,2026/27,5,2026-09-13,,,osasuna,CA Osasuna,CA Osasuna,espanyol,RCD Espanyol,RCD Espanyol de Barcelona,scheduled,0.0,0.0,,,1.0,1.0,0.0,0.0,113.0,113.0,0.0,0.0,0.0,0.0,0.0,1.0,2.0,-1.0,5.0,5.2,0.8,1.1,1.5,-0.3999999999999999,0.8,0.2,1.2,1.6,5.6,,,,,,,1.4,0.4,0.2,1.2,1.2,0.0,4.8,5.4,0.9,0.8,1.3,-0.5,0.8,0.2,0.8,1.6,3.0,,,,,,,1472.152061291961,1469.7915487087444,2.3605125832166323,0.5887925218815592,,,,-1.4,-0.09999999999999998,-1.0,0.20000000000000018,0.0,0.0,
laliga_102294,2026/27,5,2026-09-13,,,racing_santander,Racing de Santander,R. Racing Club,alaves,Deportivo Alavés,Deportivo Alavés,scheduled,1.0,0.0,1.0,,1.0,1.0,0.0,0.0,105.0,113.0,1.0,0.0,2.6,0.8,0.2,3.0,1.2,1.8,8.8,3.8,2.3,2.8,1.5,1.2999999999999998,3.0,1.0,4.0,1.2,10.2,,,,,,,1.4,0.4,0.2,1.2,1.4,-0.19999999999999996,4.6,3.2,1.5,1.8,1.8,0.0,1.6,0.4,2.0,1.8,3.6,,,,,,,1470.7098994240723,1481.1596411976118,-10.449741773539472,0.5708289915660197,,,,1.2000000000000002,0.7999999999999998,2.0,4.200000000000001,1.4,-8.0,
laliga_102295,2026/27,5,2026-09-13,,,real_madrid,Real Madrid,Real Madrid,vallecano,Rayo Vallecano,Rayo Vallecano,scheduled,0.0,0.0,,,1.0,1.0,0.0,0.0,113.0,113.0,0.0,0.0,2.4,0.8,0.0,1.8,0.8,1.0,4.4,3.8,2.0,1.7,1.1,0.5999999999999999,2.6,0.8,2.4,1.2,8.4,,,,,,,2.2,0.6,0.4,1.6,0.6,1.0,5.6,4.8,1.8,1.3,1.0,0.30000000000000004,1.4,0.4,1.0,1.2,4.6,,,,,,,1643.8869079207884,1518.9810723253138,124.90583559547463,0.743531170004981,,,,0.19999999999999973,0.19999999999999996,0.0,-1.1999999999999993,1.2000000000000002,0.0,
laliga_102296,2026/27,5,2026-09-13,,,real_sociedad,Real Sociedad,Real Sociedad,atletico_madrid,Atlético de Madrid,Atlético de Madrid,scheduled,0.0,0.0,,,1.0,1.0,0.0,0.0,113.0,112.0,0.0,0.0,0.6,0.0,0.6,1.4,1.8,-0.40000000000000013,3.0,5.8,0.8,1.6,1.9,-0.2999999999999998,1.0,0.2,2.0,2.0,4.4,,,,,,,1.8,0.6,0.0,1.2,1.4,-0.19999999999999996,4.2,5.0,1.2,1.5,1.9,-0.3999999999999999,1.2,0.4,1.6,2.2,3.6,,,,,,,1489.5195498417131,1572.1842025747462,-82.66465273303311,0.46742913136246095,,,,-1.2000000000000002,-0.3999999999999999,-0.20000000000000018,-1.2000000000000002,-0.19999999999999996,1.0,
laliga_102297,2026/27,5,2026-09-13,,,sevilla,Sevilla FC,Sevilla FC,valencia,Valencia CF,Valencia CF,scheduled,0.0,0.0,,,1.0,1.0,0.0,0.0,113.0,113.0,0.0,0.0,1.8,0.6,0.0,1.2,1.0,0.19999999999999996,4.8,2.6,1.2,0.9,1.3,-0.4,1.8,0.6,1.0,1.0,4.2,,,,,,,2.0,0.6,0.2,1.8,1.4,0.40000000000000013,3.6,3.8,1.7,1.6,1.3,0.30000000000000004,2.0,0.6,1.6,1.0,4.8,,,,,,,1467.2134536362496,1512.7914332123023,-45.57797957605271,0.520743043218523,,,,-0.19999999999999996,-0.5,-0.20000000000000018,1.1999999999999997,-0.19999999999999996,0.0,
laliga_102298,2026/27,5,2026-09-13,,,villarreal,Villarreal CF,Villarreal CF,betis,Real Betis,Real Betis,scheduled,0.0,0.0,,,1.0,1.0,0.0,0.0,112.0,113.0,0.0,0.0,1.4,0.4,0.2,2.6,1.6,1.0,4.8,5.4,1.7,2.1,1.3,0.8,2.4,0.8,3.4,1.4,6.8,,,,,,,2.0,0.6,0.2,2.0,1.4,0.6000000000000001,5.6,5.8,1.6,1.6,1.3,0.30000000000000004,1.0,0.2,1.6,2.0,3.4,,,,,,,1577.4033731013535,1555.2880787227114,22.115294378642147,0.6160211044529484,,,,-0.6000000000000001,0.09999999999999987,0.3999999999999999,-0.7999999999999998,1.4,-1.0,
laliga_102299,2026/27,6,2026-09-16,,,alaves,Deportivo Alavés,Deportivo Alavés,valencia,Valencia CF,Valencia CF,scheduled,0.0,0.0,,,1.0,1.0,0.0,0.0,116.0,116.0,0.0,0.0,1.4,0.4,0.2,1.2,1.4,-0.19999999999999996,4.6,3.2,1.5,1.8,1.8,0.0,1.4,0.4,1.6,1.8,5.6,,,,,,,2.0,0.6,0.2,1.8,1.4,0.40000000000000013,3.6,3.8,1.7,1.6,1.3,0.30000000000000004,2.0,0.6,1.6,1.0,4.8,,,,,,,1481.1596411976118,1512.7914332123023,-31.631792014690518,0.540734650427747,,,,-0.6000000000000001,-0.19999999999999996,-0.6000000000000001,0.9999999999999996,-0.6000000000000001,0.0,
laliga_102300,2026/27,6,2026-09-16,,,atletico_madrid,Atlético de Madrid,Atlético de Madrid,osasuna,CA Osasuna,CA Osasuna,scheduled,0.0,0.0,,,1.0,1.0,0.0,0.0,115.0,116.0,0.0,0.0,1.8,0.6,0.0,1.2,1.4,-0.19999999999999996,4.2,5.0,1.2,1.5,1.9,-0.3999999999999999,1.8,0.6,1.2,1.0,3.8,,,,,,,0.0,0.0,0.0,1.0,2.0,-1.0,5.0,5.2,0.8,1.1,1.5,-0.3999999999999999,0.2,0.0,1.0,2.0,4.2,,,,,,,1572.1842025747462,1472.152061291961,100.03214128278523,0.7152904318982305,,,,1.8,0.3999999999999999,0.8,-0.7999999999999998,1.6,-1.0,
laliga_102301,2026/27,6,2026-09-16,,,betis,Real Betis,Real Betis,getafe,Getafe CF,Getafe CF,scheduled,0.0,0.0,,,1.0,1.0,0.0,0.0,116.0,116.0,0.0,0.0,2.0,0.6,0.2,2.0,1.4,0.6000000000000001,5.6,5.8,1.6,1.6,1.3,0.30000000000000004,2.2,0.6,1.6,0.6,6.0,,,,,,,1.4,0.4,0.2,0.8,0.8,0.0,2.8,4.0,1.6,0.9,0.8,0.09999999999999998,1.4,0.4,0.6,0.6,2.0,,,,,,,1555.2880787227114,1492.8115288694028,62.4765498533086,0.6693024180447602,,,,0.6000000000000001,0.0,0.6000000000000001,2.8,0.8000000000000003,0.0,
laliga_102302,2026/27,6,2026-09-16,,,deportivo,RC Deportivo,RC Deportivo,sevilla,Sevilla FC,Sevilla FC,scheduled,1.0,0.0,2.0,,1.0,1.0,0.0,0.0,108.0,116.0,1.0,0.0,2.4,0.8,0.0,1.6,0.8,0.8,5.4,3.0,2.1,1.6,0.8,0.8,2.0,0.6,1.8,1.2,5.2,,,,,,,1.8,0.6,0.0,1.2,1.0,0.19999999999999996,4.8,2.6,1.2,0.9,1.3,-0.4,0.6,0.2,0.8,1.6,1.8,,,,,,,1455.1579643226437,1467.2134536362496,-12.055489313605904,0.5685630396274296,,,,0.5999999999999999,0.9000000000000001,0.6000000000000001,0.6000000000000005,1.4,-8.0,
laliga_102303,2026/27,6,2026-09-16,,,elche,Elche CF,Elche CF,real_madrid,Real Madrid,Real Madrid,scheduled,0.0,0.0,,,1.0,1.0,0.0,0.0,116.0,116.0,0.0,0.0,1.0,0.2,0.4,1.0,1.4,-0.3999999999999999,3.0,4.4,1.7,1.3,1.2,0.10000000000000009,2.6,0.8,1.6,0.8,4.0,,,,,,,2.4,0.8,0.0,1.8,0.8,1.0,4.4,3.8,2.0,1.7,1.1,0.5999999999999999,1.4,0.4,1.0,1.0,4.2,,,,,,,1475.3898946051086,1643.8869079207884,-168.49701331567985,0.3487452863391158,,,,-1.4,-0.30000000000000004,-1.4,-1.4000000000000004,1.2000000000000002,0.0,
laliga_102304,2026/27,6,2026-09-16,,,barcelona,FC Barcelona,FC Barcelona,racing_santander,Racing de Santander,R. Racing Club,scheduled,0.0,1.0,,1.0,1.0,1.0,0.0,0.0,116.0,108.0,0.0,1.0,1.8,0.6,0.0,1.6,1.2,0.40000000000000013,4.8,3.2,2.4,1.8,0.8,1.0,3.0,1.0,2.2,0.4,6.6,,,,,,,2.6,0.8,0.2,3.0,1.2,1.8,8.8,3.8,2.3,2.8,1.5,1.2999999999999998,1.6,0.4,1.6,1.8,6.4,,,,,,,1670.0690083357954,1470.7098994240723,199.35910891172307,0.8165267876654817,,,,-0.8,0.10000000000000009,-1.4,-4.000000000000001,1.4,8.0,
laliga_102305,2026/27,6,2026-09-16,,,levante,Levante UD,Levante UD,athletic_bilbao,Athletic Club,Athletic Club,scheduled,0.0,0.0,,,1.0,1.0,0.0,0.0,116.0,116.0,0.0,0.0,1.8,0.6,0.0,2.0,2.2,-0.20000000000000018,6.2,5.6,1.9,1.7,1.5,0.19999999999999996,3.0,1.0,2.4,0.8,6.0,,,,,,,0.8,0.2,0.2,1.4,2.0,-0.6000000000000001,4.6,4.4,1.0,1.3,1.8,-0.5,0.6,0.2,1.6,2.6,2.8,,,,,,,1484.3659660848236,1495.7935124307858,-11.427546345962128,0.5694495090842592,,,,1.0,0.8999999999999999,0.3999999999999999,1.6000000000000005,2.4,0.0,
laliga_102306,2026/27,6,2026-09-16,,,malaga,Málaga CF,Málaga CF,villarreal,Villarreal CF,Villarreal CF,scheduled,1.0,0.0,4.0,,1.0,1.0,0.0,0.0,108.0,115.0,1.0,0.0,2.6,0.8,0.2,2.6,1.0,1.6,7.2,4.6,1.8,2.3,1.5,0.7999999999999998,1.6,0.4,1.4,1.0,6.2,,,,,,,1.4,0.4,0.2,2.6,1.6,1.0,4.8,5.4,1.7,2.1,1.3,0.8,1.0,0.2,0.8,1.2,2.6,,,,,,,1449.8796167201926,1577.4033731013535,-127.52375638116087,0.40403077303950646,,,,1.2000000000000002,0.10000000000000009,0.6000000000000001,2.4000000000000004,0.6000000000000001,-7.0,
laliga_102307,2026/27,6,2026-09-16,,,vallecano,Rayo Vallecano,Rayo Vallecano,espanyol,RCD Espanyol,RCD Espanyol de Barcelona,scheduled,0.0,0.0,,,1.0,1.0,0.0,0.0,116.0,116.0,0.0,0.0,2.2,0.6,0.4,1.6,0.6,1.0,5.6,4.8,1.8,1.3,1.0,0.30000000000000004,2.2,0.6,1.6,0.8,6.4,,,,,,,1.4,0.4,0.2,1.2,1.2,0.0,4.8,5.4,0.9,0.8,1.3,-0.5,0.8,0.2,0.8,1.6,3.0,,,,,,,1518.9810723253138,1469.7915487087444,49.18952361656943,0.6521595682674591,,,,0.8000000000000003,0.9,1.0,0.7999999999999998,1.4000000000000001,0.0,
laliga_102308,2026/27,6,2026-09-16,,,real_sociedad,Real Sociedad,Real Sociedad,celta,RC Celta,RC Celta,scheduled,0.0,0.0,,,1.0,1.0,0.0,0.0,116.0,116.0,0.0,0.0,0.6,0.0,0.6,1.4,1.8,-0.40000000000000013,3.0,5.8,0.8,1.6,1.9,-0.2999999999999998,1.0,0.2,2.0,2.0,4.4,,,,,,,2.0,0.6,0.2,1.6,1.0,0.6000000000000001,3.2,5.0,1.3,1.5,1.7,-0.19999999999999996,1.4,0.4,1.2,1.2,2.8,,,,,,,1489.5195498417131,1520.6666347724267,-31.147084930713618,0.5414274909890726,,,,-1.4,-0.5,-1.0000000000000002,-0.20000000000000018,-0.3999999999999999,0.0,
laliga_102309,2026/27,7,2026-09-20,,,athletic_bilbao,Athletic Club,Athletic Club,alaves,Deportivo Alavés,Deportivo Alavés,scheduled,0.0,0.0,,,1.0,1.0,0.0,0.0,120.0,120.0,0.0,0.0,0.8,0.2,0.2,1.4,2.0,-0.6000000000000001,4.6,4.4,1.0,1.3,1.8,-0.5,1.4,0.4,1.0,1.0,5.4,,,,,,,1.4,0.4,0.2,1.2,1.4,-0.19999999999999996,4.6,3.2,1.5,1.8,1.8,0.0,1.6,0.4,2.0,1.8,3.6,,,,,,,1495.7935124307858,1481.1596411976118,14.633871233173977,0.6057846194427109,,,,-0.5999999999999999,-0.5,-0.40000000000000013,0.0,-0.20000000000000018,0.0,
laliga_102310,2026/27,7,2026-09-20,,,atletico_madrid,Atlético de Madrid,Atlético de Madrid,real_madrid,Real Madrid,Real Madrid,scheduled,0.0,0.0,,,1.0,1.0,0.0,0.0,119.0,120.0,0.0,0.0,1.8,0.6,0.0,1.2,1.4,-0.19999999999999996,4.2,5.0,1.2,1.5,1.9,-0.3999999999999999,1.8,0.6,1.2,1.0,3.8,,,,,,,2.4,0.8,0.0,1.8,0.8,1.0,4.4,3.8,2.0,1.7,1.1,0.5999999999999999,1.4,0.4,1.0,1.0,4.2,,,,,,,1572.1842025747462,1643.8869079207884,-71.7027053460422,0.4831648195091849,,,,-0.5999999999999999,-0.8,-1.2,-0.20000000000000018,0.40000000000000013,-1.0,
laliga_102311,2026/27,7,2026-09-20,,,celta,RC Celta,RC Celta,racing_santander,Racing de Santander,R. Racing Club,scheduled,0.0,1.0,,1.0,1.0,1.0,0.0,0.0,120.0,112.0,0.0,1.0,2.0,0.6,0.2,1.6,1.0,0.6000000000000001,3.2,5.0,1.3,1.5,1.7,-0.19999999999999996,1.2,0.4,1.8,2.2,4.8,,,,,,,2.6,0.8,0.2,3.0,1.2,1.8,8.8,3.8,2.3,2.8,1.5,1.2999999999999998,1.6,0.4,1.6,1.8,6.4,,,,,,,1520.6666347724267,1470.7098994240723,49.956735348354414,0.6531607488327501,,,,-0.6000000000000001,-0.9999999999999998,-1.2,-5.6000000000000005,-0.40000000000000013,8.0,
laliga_102312,2026/27,7,2026-09-20,,,deportivo,RC Deportivo,RC Deportivo,betis,Real Betis,Real Betis,scheduled,1.0,0.0,2.0,,1.0,1.0,0.0,0.0,112.0,120.0,1.0,0.0,2.4,0.8,0.0,1.6,0.8,0.8,5.4,3.0,2.1,1.6,0.8,0.8,2.0,0.6,1.8,1.2,5.2,,,,,,,2.0,0.6,0.2,2.0,1.4,0.6000000000000001,5.6,5.8,1.6,1.6,1.3,0.30000000000000004,1.0,0.2,1.6,2.0,3.4,,,,,,,1455.1579643226437,1555.2880787227114,-100.13011440006767,0.4425035846832176,,,,0.3999999999999999,0.5,0.19999999999999996,-0.1999999999999993,1.0,-8.0,
laliga_102313,2026/27,7,2026-09-20,,,espanyol,RCD Espanyol,RCD Espanyol de Barcelona,elche,Elche CF,Elche CF,scheduled,0.0,0.0,,,1.0,1.0,0.0,0.0,120.0,120.0,0.0,0.0,1.4,0.4,0.2,1.2,1.2,0.0,4.8,5.4,0.9,0.8,1.3,-0.5,1.0,0.2,0.8,1.0,4.8,,,,,,,1.0,0.2,0.4,1.0,1.4,-0.3999999999999999,3.0,4.4,1.7,1.3,1.2,0.10000000000000009,0.8,0.2,1.0,1.6,3.0,,,,,,,1469.7915487087444,1475.3898946051086,-5.598345896364208,0.5776566603012614,,,,0.3999999999999999,-0.7999999999999999,0.3999999999999999,1.7999999999999998,0.19999999999999996,0.0,
laliga_102314,2026/27,7,2026-09-20,,,getafe,Getafe CF,Getafe CF,malaga,Málaga CF,Málaga CF,scheduled,0.0,1.0,,4.0,1.0,1.0,0.0,0.0,120.0,112.0,0.0,1.0,1.4,0.4,0.2,0.8,0.8,0.0,2.8,4.0,1.6,0.9,0.8,0.09999999999999998,1.8,0.6,1.2,1.0,3.2,,,,,,,2.6,0.8,0.2,2.6,1.0,1.6,7.2,4.6,1.8,2.3,1.5,0.7999999999999998,2.0,0.6,2.6,1.4,5.6,,,,,,,1492.8115288694028,1449.8796167201926,42.93191214921012,0.6439439936536687,,,,-1.2000000000000002,-0.19999999999999996,-1.6,-4.4,-0.19999999999999996,8.0,
laliga_102315,2026/27,7,2026-09-20,,,osasuna,CA Osasuna,CA Osasuna,vallecano,Rayo Vallecano,Rayo Vallecano,scheduled,0.0,0.0,,,1.0,1.0,0.0,0.0,120.0,120.0,0.0,0.0,0.0,0.0,0.0,1.0,2.0,-1.0,5.0,5.2,0.8,1.1,1.5,-0.3999999999999999,0.8,0.2,1.2,1.6,5.6,,,,,,,2.2,0.6,0.4,1.6,0.6,1.0,5.6,4.8,1.8,1.3,1.0,0.30000000000000004,1.4,0.4,1.0,1.2,4.6,,,,,,,1472.152061291961,1518.9810723253138,-46.8290110333528,0.5189455021016953,,,,-2.2,-1.0,-2.0,-0.5999999999999996,-0.5999999999999999,0.0,
laliga_102316,2026/27,7,2026-09-20,,,sevilla,Sevilla FC,Sevilla FC,barcelona,FC Barcelona,FC Barcelona,scheduled,0.0,0.0,,,1.0,1.0,0.0,0.0,120.0,120.0,0.0,0.0,1.8,0.6,0.0,1.2,1.0,0.19999999999999996,4.8,2.6,1.2,0.9,1.3,-0.4,1.8,0.6,1.0,1.0,4.2,,,,,,,1.8,0.6,0.0,1.6,1.2,0.40000000000000013,4.8,3.2,2.4,1.8,0.8,1.0,1.8,0.6,1.4,1.2,4.0,,,,,,,1467.2134536362496,1670.0690083357954,-202.8555546995458,0.3052666010449769,,,,0.0,-1.2,-0.20000000000000018,0.0,0.0,0.0,
laliga_102317,2026/27,7,2026-09-20,,,valencia,Valencia CF,Valencia CF,real_sociedad,Real Sociedad,Real Sociedad,scheduled,0.0,0.0,,,1.0,1.0,0.0,0.0,120.0,120.0,0.0,0.0,2.0,0.6,0.2,1.8,1.4,0.40000000000000013,3.6,3.8,1.7,1.6,1.3,0.30000000000000004,1.4,0.4,1.6,1.6,3.2,,,,,,,0.6,0.0,0.6,1.4,1.8,-0.40000000000000013,3.0,5.8,0.8,1.6,1.9,-0.2999999999999998,0.6,0.0,1.2,1.8,3.6,,,,,,,1512.7914332123023,1489.5195498417131,23.271883370589194,0.6175947276634631,,,,1.4,0.8999999999999999,0.8000000000000003,0.6000000000000001,0.7999999999999999,0.0,
laliga_102318,2026/27,7,2026-09-20,,,villarreal,Villarreal CF,Villarreal CF,levante,Levante UD,Levante UD,scheduled,0.0,0.0,,,1.0,1.0,0.0,0.0,119.0,120.0,0.0,0.0,1.4,0.4,0.2,2.6,1.6,1.0,4.8,5.4,1.7,2.1,1.3,0.8,2.4,0.8,3.4,1.4,6.8,,,,,,,1.8,0.6,0.0,2.0,2.2,-0.20000000000000018,6.2,5.6,1.9,1.7,1.5,0.19999999999999996,0.8,0.2,1.0,2.2,4.8,,,,,,,1577.4033731013535,1484.3659660848236,93.03740701652987,0.707019901281743,,,,-0.40000000000000013,-0.19999999999999996,1.2000000000000002,-1.4000000000000004,1.5999999999999999,-1.0,
laliga_102319,2026/27,8,2026-10-11,,,alaves,Deportivo Alavés,Deportivo Alavés,atletico_madrid,Atlético de Madrid,Atlético de Madrid,scheduled,0.0,0.0,,,1.0,1.0,0.0,0.0,141.0,140.0,0.0,0.0,1.4,0.4,0.2,1.2,1.4,-0.19999999999999996,4.6,3.2,1.5,1.8,1.8,0.0,1.4,0.4,1.6,1.8,5.6,,,,,,,1.8,0.6,0.0,1.2,1.4,-0.19999999999999996,4.2,5.0,1.2,1.5,1.9,-0.3999999999999999,1.2,0.4,1.6,2.2,3.6,,,,,,,1481.1596411976118,1572.1842025747462,-91.02456137713443,0.45547036038725164,,,,-0.40000000000000013,0.30000000000000004,0.0,0.39999999999999947,0.19999999999999996,1.0,
laliga_102320,2026/27,8,2026-10-11,,,betis,Real Betis,Real Betis,osasuna,CA Osasuna,CA Osasuna,scheduled,0.0,0.0,,,1.0,1.0,0.0,0.0,141.0,141.0,0.0,0.0,2.0,0.6,0.2,2.0,1.4,0.6000000000000001,5.6,5.8,1.6,1.6,1.3,0.30000000000000004,2.2,0.6,1.6,0.6,6.0,,,,,,,0.0,0.0,0.0,1.0,2.0,-1.0,5.0,5.2,0.8,1.1,1.5,-0.3999999999999999,0.2,0.0,1.0,2.0,4.2,,,,,,,1555.2880787227114,1472.152061291961,83.13601743075037,0.6950756869865471,,,,2.0,0.8,1.6,0.5999999999999996,2.0,0.0,
laliga_102321,2026/27,8,2026-10-11,,,elche,Elche CF,Elche CF,celta,RC Celta,RC Celta,scheduled,0.0,0.0,,,1.0,1.0,0.0,0.0,141.0,141.0,0.0,0.0,1.0,0.2,0.4,1.0,1.4,-0.3999999999999999,3.0,4.4,1.7,1.3,1.2,0.10000000000000009,2.6,0.8,1.6,0.8,4.0,,,,,,,2.0,0.6,0.2,1.6,1.0,0.6000000000000001,3.2,5.0,1.3,1.5,1.7,-0.19999999999999996,1.4,0.4,1.2,1.2,2.8,,,,,,,1475.3898946051086,1520.6666347724267,-45.27674016731817,0.5211757997748921,,,,-1.0,0.3999999999999999,-1.0,-0.20000000000000018,1.2000000000000002,0.0,
laliga_102322,2026/27,8,2026-10-11,,,barcelona,FC Barcelona,FC Barcelona,getafe,Getafe CF,Getafe CF,scheduled,0.0,0.0,,,1.0,1.0,0.0,0.0,141.0,141.0,0.0,0.0,1.8,0.6,0.0,1.6,1.2,0.40000000000000013,4.8,3.2,2.4,1.8,0.8,1.0,3.0,1.0,2.2,0.4,6.6,,,,,,,1.4,0.4,0.2,0.8,0.8,0.0,2.8,4.0,1.6,0.9,0.8,0.09999999999999998,1.4,0.4,0.6,0.6,2.0,,,,,,,1670.0690083357954,1492.8115288694028,177.25747946639262,0.7966948757027117,,,,0.40000000000000013,0.7999999999999998,0.40000000000000013,2.0,1.6,0.0,
laliga_102323,2026/27,8,2026-10-11,,,levante,Levante UD,Levante UD,sevilla,Sevilla FC,Sevilla FC,scheduled,0.0,0.0,,,1.0,1.0,0.0,0.0,141.0,141.0,0.0,0.0,1.8,0.6,0.0,2.0,2.2,-0.20000000000000018,6.2,5.6,1.9,1.7,1.5,0.19999999999999996,3.0,1.0,2.4,0.8,6.0,,,,,,,1.8,0.6,0.0,1.2,1.0,0.19999999999999996,4.8,2.6,1.2,0.9,1.3,-0.4,0.6,0.2,0.8,1.6,1.8,,,,,,,1484.3659660848236,1467.2134536362496,17.152512448574043,0.6092416294851188,,,,0.0,0.7,-0.40000000000000013,1.4000000000000004,2.4,0.0,
laliga_102324,2026/27,8,2026-10-11,,,malaga,Málaga CF,Málaga CF,espanyol,RCD Espanyol,RCD Espanyol de Barcelona,scheduled,1.0,0.0,4.0,,1.0,1.0,0.0,0.0,133.0,141.0,1.0,0.0,2.6,0.8,0.2,2.6,1.0,1.6,7.2,4.6,1.8,2.3,1.5,0.7999999999999998,1.6,0.4,1.4,1.0,6.2,,,,,,,1.4,0.4,0.2,1.2,1.2,0.0,4.8,5.4,0.9,0.8,1.3,-0.5,0.8,0.2,0.8,1.6,3.0,,,,,,,1449.8796167201926,1469.7915487087444,-19.911931988551714,0.5574367050087581,,,,1.2000000000000002,0.9,1.6,2.4000000000000004,0.8,-8.0,
laliga_102325,2026/27,8,2026-10-11,,,racing_santander,Racing de Santander,R. Racing Club,valencia,Valencia CF,Valencia CF,scheduled,1.0,0.0,1.0,,1.0,1.0,0.0,0.0,133.0,141.0,1.0,0.0,2.6,0.8,0.2,3.0,1.2,1.8,8.8,3.8,2.3,2.8,1.5,1.2999999999999998,3.0,1.0,4.0,1.2,10.2,,,,,,,2.0,0.6,0.2,1.8,1.4,0.40000000000000013,3.6,3.8,1.7,1.6,1.3,0.30000000000000004,2.0,0.6,1.6,1.0,4.8,,,,,,,1470.7098994240723,1512.7914332123023,-42.08153378822999,0.5257639072971653,,,,0.6000000000000001,0.5999999999999999,1.4,5.200000000000001,1.0,-8.0,
laliga_102326,2026/27,8,2026-10-11,,,vallecano,Rayo Vallecano,Rayo Vallecano,athletic_bilbao,Athletic Club,Athletic Club,scheduled,0.0,0.0,,,1.0,1.0,0.0,0.0,141.0,141.0,0.0,0.0,2.2,0.6,0.4,1.6,0.6,1.0,5.6,4.8,1.8,1.3,1.0,0.30000000000000004,2.2,0.6,1.6,0.8,6.4,,,,,,,0.8,0.2,0.2,1.4,2.0,-0.6000000000000001,4.6,4.4,1.0,1.3,1.8,-0.5,0.6,0.2,1.6,2.6,2.8,,,,,,,1518.9810723253138,1495.7935124307858,23.18755989452802,0.6174800823167921,,,,1.4000000000000001,0.8,1.6,1.0,1.6,0.0,
laliga_102327,2026/27,8,2026-10-11,,,real_madrid,Real Madrid,Real Madrid,villarreal,Villarreal CF,Villarreal CF,scheduled,0.0,0.0,,,1.0,1.0,0.0,0.0,141.0,140.0,0.0,0.0,2.4,0.8,0.0,1.8,0.8,1.0,4.4,3.8,2.0,1.7,1.1,0.5999999999999999,2.6,0.8,2.4,1.2,8.4,,,,,,,1.4,0.4,0.2,2.6,1.6,1.0,4.8,5.4,1.7,2.1,1.3,0.8,1.0,0.2,0.8,1.2,2.6,,,,,,,1643.8869079207884,1577.4033731013535,66.48353481943491,0.6743876991659028,,,,1.0,0.30000000000000004,0.0,-0.39999999999999947,1.6,1.0,
laliga_102328,2026/27,8,2026-10-11,,,real_sociedad,Real Sociedad,Real Sociedad,deportivo,RC Deportivo,RC Deportivo,scheduled,0.0,1.0,,2.0,1.0,1.0,0.0,0.0,141.0,133.0,0.0,1.0,0.6,0.0,0.6,1.4,1.8,-0.40000000000000013,3.0,5.8,0.8,1.6,1.9,-0.2999999999999998,1.0,0.2,2.0,2.0,4.4,,,,,,,2.4,0.8,0.0,1.6,0.8,0.8,5.4,3.0,2.1,1.6,0.8,0.8,1.8,0.4,1.2,0.6,4.0,,,,,,,1489.5195498417131,1455.1579643226437,34.36158551906942,0.6325539365579378,,,,-1.7999999999999998,-1.3,-1.2000000000000002,-2.4000000000000004,-0.8,8.0,
laliga_102329,2026/27,9,2026-10-18,,,betis,Real Betis,Real Betis,barcelona,FC Barcelona,FC Barcelona,scheduled,0.0,0.0,,,1.0,1.0,0.0,0.0,148.0,148.0,0.0,0.0,2.0,0.6,0.2,2.0,1.4,0.6000000000000001,5.6,5.8,1.6,1.6,1.3,0.30000000000000004,2.2,0.6,1.6,0.6,6.0,,,,,,,1.8,0.6,0.0,1.6,1.2,0.40000000000000013,4.8,3.2,2.4,1.8,0.8,1.0,1.8,0.6,1.4,1.2,4.0,,,,,,,1555.2880787227114,1670.0690083357954,-114.78092961308403,0.421810775297347,,,,0.19999999999999996,-0.7999999999999998,0.19999999999999996,0.7999999999999998,0.40000000000000013,0.0,
laliga_102330,2026/27,9,2026-10-18,,,celta,RC Celta,RC Celta,alaves,Deportivo Alavés,Deportivo Alavés,scheduled,0.0,0.0,,,1.0,1.0,0.0,0.0,148.0,148.0,0.0,0.0,2.0,0.6,0.2,1.6,1.0,0.6000000000000001,3.2,5.0,1.3,1.5,1.7,-0.19999999999999996,1.2,0.4,1.8,2.2,4.8,,,,,,,1.4,0.4,0.2,1.2,1.4,-0.19999999999999996,4.6,3.2,1.5,1.8,1.8,0.0,1.6,0.4,2.0,1.8,3.6,,,,,,,1520.6666347724267,1481.1596411976118,39.50699357481494,0.6394109229034616,,,,0.6000000000000001,-0.19999999999999996,0.8,-1.3999999999999995,-0.40000000000000013,0.0,
laliga_102331,2026/27,9,2026-10-18,,,deportivo,RC Deportivo,RC Deportivo,levante,Levante UD,Levante UD,scheduled,1.0,0.0,2.0,,1.0,1.0,0.0,0.0,140.0,148.0,1.0,0.0,2.4,0.8,0.0,1.6,0.8,0.8,5.4,3.0,2.1,1.6,0.8,0.8,2.0,0.6,1.8,1.2,5.2,,,,,,,1.8,0.6,0.0,2.0,2.2,-0.20000000000000018,6.2,5.6,1.9,1.7,1.5,0.19999999999999996,0.8,0.2,1.0,2.2,4.8,,,,,,,1455.1579643226437,1484.3659660848236,-29.208001762179947,0.5441975891811259,,,,0.5999999999999999,0.20000000000000018,1.0000000000000002,-0.7999999999999998,1.2,-8.0,
laliga_102332,2026/27,9,2026-10-18,,,espanyol,RCD Espanyol,RCD Espanyol de Barcelona,atletico_madrid,Atlético de Madrid,Atlético de Madrid,scheduled,0.0,0.0,,,1.0,1.0,0.0,0.0,148.0,147.0,0.0,0.0,1.4,0.4,0.2,1.2,1.2,0.0,4.8,5.4,0.9,0.8,1.3,-0.5,1.0,0.2,0.8,1.0,4.8,,,,,,,1.8,0.6,0.0,1.2,1.4,-0.19999999999999996,4.2,5.0,1.2,1.5,1.9,-0.3999999999999999,1.2,0.4,1.6,2.2,3.6,,,,,,,1469.7915487087444,1572.1842025747462,-102.39265386600187,0.4392930342184764,,,,-0.40000000000000013,-0.29999999999999993,0.19999999999999996,0.5999999999999996,-0.19999999999999996,1.0,
laliga_102333,2026/27,9,2026-10-18,,,getafe,Getafe CF,Getafe CF,vallecano,Rayo Vallecano,Rayo Vallecano,scheduled,0.0,0.0,,,1.0,1.0,0.0,0.0,148.0,148.0,0.0,0.0,1.4,0.4,0.2,0.8,0.8,0.0,2.8,4.0,1.6,0.9,0.8,0.09999999999999998,1.8,0.6,1.2,1.0,3.2,,,,,,,2.2,0.6,0.4,1.6,0.6,1.0,5.6,4.8,1.8,1.3,1.0,0.30000000000000004,1.4,0.4,1.0,1.2,4.6,,,,,,,1492.8115288694028,1518.9810723253138,-26.169543455911025,0.5485326534993165,,,,-0.8000000000000003,-0.19999999999999996,-1.0,-2.8,0.40000000000000013,0.0,
laliga_102334,2026/27,9,2026-10-18,,,malaga,Málaga CF,Málaga CF,real_sociedad,Real Sociedad,Real Sociedad,scheduled,1.0,0.0,4.0,,1.0,1.0,0.0,0.0,140.0,148.0,1.0,0.0,2.6,0.8,0.2,2.6,1.0,1.6,7.2,4.6,1.8,2.3,1.5,0.7999999999999998,1.6,0.4,1.4,1.0,6.2,,,,,,,0.6,0.0,0.6,1.4,1.8,-0.40000000000000013,3.0,5.8,0.8,1.6,1.9,-0.2999999999999998,0.6,0.0,1.2,1.8,3.6,,,,,,,1449.8796167201926,1489.5195498417131,-39.63993312152047,0.5292669975311911,,,,2.0,1.0,2.0,4.2,1.0,-8.0,
laliga_102335,2026/27,9,2026-10-18,,,osasuna,CA Osasuna,CA Osasuna,racing_santander,Racing de Santander,R. Racing Club,scheduled,0.0,1.0,,1.0,1.0,1.0,0.0,0.0,148.0,140.0,0.0,1.0,0.0,0.0,0.0,1.0,2.0,-1.0,5.0,5.2,0.8,1.1,1.5,-0.3999999999999999,0.8,0.2,1.2,1.6,5.6,,,,,,,2.6,0.8,0.2,3.0,1.2,1.8,8.8,3.8,2.3,2.8,1.5,1.2999999999999998,1.6,0.4,1.6,1.8,6.4,,,,,,,1472.152061291961,1470.7098994240723,1.4421618678886716,0.5875119898450815,,,,-2.6,-1.4999999999999998,-2.8,-3.8000000000000007,-0.8,8.0,
laliga_102336,2026/27,9,2026-10-18,,,real_madrid,Real Madrid,Real Madrid,sevilla,Sevilla FC,Sevilla FC,scheduled,0.0,0.0,,,1.0,1.0,0.0,0.0,148.0,148.0,0.0,0.0,2.4,0.8,0.0,1.8,0.8,1.0,4.4,3.8,2.0,1.7,1.1,0.5999999999999999,2.6,0.8,2.4,1.2,8.4,,,,,,,1.8,0.6,0.0,1.2,1.0,0.19999999999999996,4.8,2.6,1.2,0.9,1.3,-0.4,0.6,0.2,0.8,1.6,1.8,,,,,,,1643.8869079207884,1467.2134536362496,176.67345428453882,0.7961497952353916,,,,0.5999999999999999,0.8,0.8,-0.39999999999999947,2.0,0.0,
laliga_102337,2026/27,9,2026-10-18,,,valencia,Valencia CF,Valencia CF,athletic_bilbao,Athletic Club,Athletic Club,scheduled,0.0,0.0,,,1.0,1.0,0.0,0.0,148.0,148.0,0.0,0.0,2.0,0.6,0.2,1.8,1.4,0.40000000000000013,3.6,3.8,1.7,1.6,1.3,0.30000000000000004,1.4,0.4,1.6,1.6,3.2,,,,,,,0.8,0.2,0.2,1.4,2.0,-0.6000000000000001,4.6,4.4,1.0,1.3,1.8,-0.5,0.6,0.2,1.6,2.6,2.8,,,,,,,1512.7914332123023,1495.7935124307858,16.99792078151654,0.6090297534526948,,,,1.2,0.7,1.0000000000000002,-0.9999999999999996,0.7999999999999999,0.0,
laliga_102338,2026/27,9,2026-10-18,,,villarreal,Villarreal CF,Villarreal CF,elche,Elche CF,Elche CF,scheduled,0.0,0.0,,,1.0,1.0,0.0,0.0,147.0,148.0,0.0,0.0,1.4,0.4,0.2,2.6,1.6,1.0,4.8,5.4,1.7,2.1,1.3,0.8,2.4,0.8,3.4,1.4,6.8,,,,,,,1.0,0.2,0.4,1.0,1.4,-0.3999999999999999,3.0,4.4,1.7,1.3,1.2,0.10000000000000009,0.8,0.2,1.0,1.6,3.0,,,,,,,1577.4033731013535,1475.3898946051086,102.01347849624494,0.7176074465258547,,,,0.3999999999999999,0.0,1.4,1.7999999999999998,1.5999999999999999,-1.0,
laliga_102339,2026/27,10,2026-10-25,,,alaves,Deportivo Alavés,Deportivo Alavés,malaga,Málaga CF,Málaga CF,scheduled,0.0,1.0,,4.0,1.0,1.0,0.0,0.0,155.0,147.0,0.0,1.0,1.4,0.4,0.2,1.2,1.4,-0.19999999999999996,4.6,3.2,1.5,1.8,1.8,0.0,1.4,0.4,1.6,1.8,5.6,,,,,,,2.6,0.8,0.2,2.6,1.0,1.6,7.2,4.6,1.8,2.3,1.5,0.7999999999999998,2.0,0.6,2.6,1.4,5.6,,,,,,,1481.1596411976118,1449.8796167201926,31.280024477419147,0.628421286761948,,,,-1.2000000000000002,-0.30000000000000004,-1.8,-2.6000000000000005,-0.6000000000000001,8.0,
laliga_102340,2026/27,10,2026-10-25,,,athletic_bilbao,Athletic Club,Athletic Club,getafe,Getafe CF,Getafe CF,scheduled,0.0,0.0,,,1.0,1.0,0.0,0.0,155.0,155.0,0.0,0.0,0.8,0.2,0.2,1.4,2.0,-0.6000000000000001,4.6,4.4,1.0,1.3,1.8,-0.5,1.4,0.4,1.0,1.0,5.4,,,,,,,1.4,0.4,0.2,0.8,0.8,0.0,2.8,4.0,1.6,0.9,0.8,0.09999999999999998,1.4,0.4,0.6,0.6,2.0,,,,,,,1495.7935124307858,1492.8115288694028,2.9819835613830037,0.5896584093279928,,,,-0.5999999999999999,-0.6000000000000001,-0.6000000000000001,1.7999999999999998,0.0,0.0,
laliga_102341,2026/27,10,2026-10-25,,,atletico_madrid,Atlético de Madrid,Atlético de Madrid,deportivo,RC Deportivo,RC Deportivo,scheduled,0.0,1.0,,2.0,1.0,1.0,0.0,0.0,154.0,147.0,0.0,1.0,1.8,0.6,0.0,1.2,1.4,-0.19999999999999996,4.2,5.0,1.2,1.5,1.9,-0.3999999999999999,1.8,0.6,1.2,1.0,3.8,,,,,,,2.4,0.8,0.0,1.6,0.8,0.8,5.4,3.0,2.1,1.6,0.8,0.8,1.8,0.4,1.2,0.6,4.0,,,,,,,1572.1842025747462,1455.1579643226437,117.02623825210253,0.734786524230355,,,,-0.5999999999999999,-0.9000000000000001,-1.0,-1.2000000000000002,0.0,7.0,
laliga_102342,2026/27,10,2026-10-25,,,celta,RC Celta,RC Celta,betis,Real Betis,Real Betis,scheduled,0.0,0.0,,,1.0,1.0,0.0,0.0,155.0,155.0,0.0,0.0,2.0,0.6,0.2,1.6,1.0,0.6000000000000001,3.2,5.0,1.3,1.5,1.7,-0.19999999999999996,1.2,0.4,1.8,2.2,4.8,,,,,,,2.0,0.6,0.2,2.0,1.4,0.6000000000000001,5.6,5.8,1.6,1.6,1.3,0.30000000000000004,1.0,0.2,1.6,2.0,3.4,,,,,,,1520.6666347724267,1555.2880787227114,-34.62144395028463,0.536457859269041,,,,0.0,-0.30000000000000004,0.0,-2.3999999999999995,0.19999999999999996,0.0,
laliga_102343,2026/27,10,2026-10-25,,,barcelona,FC Barcelona,FC Barcelona,real_madrid,Real Madrid,Real Madrid,scheduled,0.0,0.0,,,1.0,1.0,0.0,0.0,155.0,155.0,0.0,0.0,1.8,0.6,0.0,1.6,1.2,0.40000000000000013,4.8,3.2,2.4,1.8,0.8,1.0,3.0,1.0,2.2,0.4,6.6,,,,,,,2.4,0.8,0.0,1.8,0.8,1.0,4.4,3.8,2.0,1.7,1.1,0.5999999999999999,1.4,0.4,1.0,1.0,4.2,,,,,,,1670.0690083357954,1643.8869079207884,26.18210041500697,0.6215433324518903,,,,-0.5999999999999999,0.3999999999999999,-0.5999999999999999,0.39999999999999947,1.6,0.0,
laliga_102344,2026/27,10,2026-10-25,,,racing_santander,Racing de Santander,R. Racing Club,espanyol,RCD Espanyol,RCD Espanyol de Barcelona,scheduled,1.0,0.0,1.0,,1.0,1.0,0.0,0.0,147.0,155.0,1.0,0.0,2.6,0.8,0.2,3.0,1.2,1.8,8.8,3.8,2.3,2.8,1.5,1.2999999999999998,3.0,1.0,4.0,1.2,10.2,,,,,,,1.4,0.4,0.2,1.2,1.2,0.0,4.8,5.4,0.9,0.8,1.3,-0.5,0.8,0.2,0.8,1.6,3.0,,,,,,,1470.7098994240723,1469.7915487087444,0.9183507153279606,0.5867810648945969,,,,1.2000000000000002,1.4,1.8,4.000000000000001,2.2,-8.0,
laliga_102345,2026/27,10,2026-10-25,,,vallecano,Rayo Vallecano,Rayo Vallecano,elche,Elche CF,Elche CF,scheduled,0.0,0.0,,,1.0,1.0,0.0,0.0,155.0,155.0,0.0,0.0,2.2,0.6,0.4,1.6,0.6,1.0,5.6,4.8,1.8,1.3,1.0,0.30000000000000004,2.2,0.6,1.6,0.8,6.4,,,,,,,1.0,0.2,0.4,1.0,1.4,-0.3999999999999999,3.0,4.4,1.7,1.3,1.2,0.10000000000000009,0.8,0.2,1.0,1.6,3.0,,,,,,,1518.9810723253138,1475.3898946051086,43.59117772020522,0.6448136442657917,,,,1.2000000000000002,0.10000000000000009,1.4,2.5999999999999996,1.4000000000000001,0.0,
laliga_102346,2026/27,10,2026-10-25,,,real_sociedad,Real Sociedad,Real Sociedad,levante,Levante UD,Levante UD,scheduled,0.0,0.0,,,1.0,1.0,0.0,0.0,155.0,155.0,0.0,0.0,0.6,0.0,0.6,1.4,1.8,-0.40000000000000013,3.0,5.8,0.8,1.6,1.9,-0.2999999999999998,1.0,0.2,2.0,2.0,4.4,,,,,,,1.8,0.6,0.0,2.0,2.2,-0.20000000000000018,6.2,5.6,1.9,1.7,1.5,0.19999999999999996,0.8,0.2,1.0,2.2,4.8,,,,,,,1489.5195498417131,1484.3659660848236,5.153583756889475,0.5926796788631037,,,,-1.2000000000000002,-1.0999999999999999,-0.19999999999999996,-3.2,0.19999999999999996,0.0,
laliga_102347,2026/27,10,2026-10-25,,,sevilla,Sevilla FC,Sevilla FC,osasuna,CA Osasuna,CA Osasuna,scheduled,0.0,0.0,,,1.0,1.0,0.0,0.0,155.0,155.0,0.0,0.0,1.8,0.6,0.0,1.2,1.0,0.19999999999999996,4.8,2.6,1.2,0.9,1.3,-0.4,1.8,0.6,1.0,1.0,4.2,,,,,,,0.0,0.0,0.0,1.0,2.0,-1.0,5.0,5.2,0.8,1.1,1.5,-0.3999999999999999,0.2,0.0,1.0,2.0,4.2,,,,,,,1467.2134536362496,1472.152061291961,-4.938607655711394,0.5785829230630194,,,,1.8,0.3999999999999999,1.2,-0.20000000000000018,1.6,0.0,
laliga_102348,2026/27,10,2026-10-25,,,valencia,Valencia CF,Valencia CF,villarreal,Villarreal CF,Villarreal CF,scheduled,0.0,0.0,,,1.0,1.0,0.0,0.0,155.0,154.0,0.0,0.0,2.0,0.6,0.2,1.8,1.4,0.40000000000000013,3.6,3.8,1.7,1.6,1.3,0.30000000000000004,1.4,0.4,1.6,1.6,3.2,,,,,,,1.4,0.4,0.2,2.6,1.6,1.0,4.8,5.4,1.7,2.1,1.3,0.8,1.0,0.2,0.8,1.2,2.6,,,,,,,1512.7914332123023,1577.4033731013535,-64.6119398890512,0.4933632747799363,,,,0.6000000000000001,0.0,-0.5999999999999999,-1.1999999999999997,0.3999999999999999,1.0,
laliga_102349,2026/27,11,2026-11-01,,,athletic_bilbao,Athletic Club,Athletic Club,real_sociedad,Real Sociedad,Real Sociedad,scheduled,0.0,0.0,,,1.0,1.0,0.0,0.0,162.0,162.0,0.0,0.0,0.8,0.2,0.2,1.4,2.0,-0.6000000000000001,4.6,4.4,1.0,1.3,1.8,-0.5,1.4,0.4,1.0,1.0,5.4,,,,,,,0.6,0.0,0.6,1.4,1.8,-0.40000000000000013,3.0,5.8,0.8,1.6,1.9,-0.2999999999999998,0.6,0.0,1.2,1.8,3.6,,,,,,,1495.7935124307858,1489.5195498417131,6.273962589072653,0.5942357007049444,,,,0.20000000000000007,0.19999999999999996,-0.19999999999999996,1.5999999999999996,0.7999999999999999,0.0,
laliga_102350,2026/27,11,2026-11-01,,,betis,Real Betis,Real Betis,malaga,Málaga CF,Málaga CF,scheduled,0.0,1.0,,4.0,1.0,1.0,0.0,0.0,162.0,154.0,0.0,1.0,2.0,0.6,0.2,2.0,1.4,0.6000000000000001,5.6,5.8,1.6,1.6,1.3,0.30000000000000004,2.2,0.6,1.6,0.6,6.0,,,,,,,2.6,0.8,0.2,2.6,1.0,1.6,7.2,4.6,1.8,2.3,1.5,0.7999999999999998,2.0,0.6,2.6,1.4,5.6,,,,,,,1555.2880787227114,1449.8796167201926,105.40846200251872,0.7215509003639351,,,,-0.6000000000000001,-0.19999999999999996,-1.0,-1.6000000000000005,0.20000000000000018,8.0,
laliga_102351,2026/27,11,2026-11-01,,,deportivo,RC Deportivo,RC Deportivo,osasuna,CA Osasuna,CA Osasuna,scheduled,1.0,0.0,2.0,,1.0,1.0,0.0,0.0,154.0,162.0,1.0,0.0,2.4,0.8,0.0,1.6,0.8,0.8,5.4,3.0,2.1,1.6,0.8,0.8,2.0,0.6,1.8,1.2,5.2,,,,,,,0.0,0.0,0.0,1.0,2.0,-1.0,5.0,5.2,0.8,1.1,1.5,-0.3999999999999999,0.2,0.0,1.0,2.0,4.2,,,,,,,1455.1579643226437,1472.152061291961,-16.994096969317297,0.5615763052930259,,,,2.4,1.3,1.8,0.40000000000000036,1.8,-8.0,
laliga_102352,2026/27,11,2026-11-01,,,elche,Elche CF,Elche CF,valencia,Valencia CF,Valencia CF,scheduled,0.0,0.0,,,1.0,1.0,0.0,0.0,162.0,162.0,0.0,0.0,1.0,0.2,0.4,1.0,1.4,-0.3999999999999999,3.0,4.4,1.7,1.3,1.2,0.10000000000000009,2.6,0.8,1.6,0.8,4.0,,,,,,,2.0,0.6,0.2,1.8,1.4,0.40000000000000013,3.6,3.8,1.7,1.6,1.3,0.30000000000000004,2.0,0.6,1.6,1.0,4.8,,,,,,,1475.3898946051086,1512.7914332123023,-37.40153860719374,0.5324760146836143,,,,-1.0,0.0,-0.8,-0.6000000000000001,0.6000000000000001,0.0,
laliga_102353,2026/27,11,2026-11-01,,,barcelona,FC Barcelona,FC Barcelona,alaves,Deportivo Alavés,Deportivo Alavés,scheduled,0.0,0.0,,,1.0,1.0,0.0,0.0,162.0,162.0,0.0,0.0,1.8,0.6,0.0,1.6,1.2,0.40000000000000013,4.8,3.2,2.4,1.8,0.8,1.0,3.0,1.0,2.2,0.4,6.6,,,,,,,1.4,0.4,0.2,1.2,1.4,-0.19999999999999996,4.6,3.2,1.5,1.8,1.8,0.0,1.6,0.4,2.0,1.8,3.6,,,,,,,1670.0690083357954,1481.1596411976118,188.9093671381836,0.807343045493006,,,,0.40000000000000013,0.8999999999999999,0.6000000000000001,0.20000000000000018,1.4,0.0,
laliga_102354,2026/27,11,2026-11-01,,,getafe,Getafe CF,Getafe CF,sevilla,Sevilla FC,Sevilla FC,scheduled,0.0,0.0,,,1.0,1.0,0.0,0.0,162.0,162.0,0.0,0.0,1.4,0.4,0.2,0.8,0.8,0.0,2.8,4.0,1.6,0.9,0.8,0.09999999999999998,1.8,0.6,1.2,1.0,3.2,,,,,,,1.8,0.6,0.0,1.2,1.0,0.19999999999999996,4.8,2.6,1.2,0.9,1.3,-0.4,0.6,0.2,0.8,1.6,1.8,,,,,,,1492.8115288694028,1467.2134536362496,25.598075233153168,0.620752195023049,,,,-0.40000000000000013,0.40000000000000013,-0.19999999999999996,-2.0,1.2000000000000002,0.0,
laliga_102355,2026/27,11,2026-11-01,,,levante,Levante UD,Levante UD,atletico_madrid,Atlético de Madrid,Atlético de Madrid,scheduled,0.0,0.0,,,1.0,1.0,0.0,0.0,162.0,161.0,0.0,0.0,1.8,0.6,0.0,2.0,2.2,-0.20000000000000018,6.2,5.6,1.9,1.7,1.5,0.19999999999999996,3.0,1.0,2.4,0.8,6.0,,,,,,,1.8,0.6,0.0,1.2,1.4,-0.19999999999999996,4.2,5.0,1.2,1.5,1.9,-0.3999999999999999,1.2,0.4,1.6,2.2,3.6,,,,,,,1484.3659660848236,1572.1842025747462,-87.81823648992258,0.46005166972559397,,,,0.0,0.7,-2.220446049250313e-16,2.0,1.8,1.0,
laliga_102356,2026/27,11,2026-11-01,,,racing_santander,Racing de Santander,R. Racing Club,real_madrid,Real Madrid,Real Madrid,scheduled,1.0,0.0,1.0,,1.0,1.0,0.0,0.0,154.0,162.0,1.0,0.0,2.6,0.8,0.2,3.0,1.2,1.8,8.8,3.8,2.3,2.8,1.5,1.2999999999999998,3.0,1.0,4.0,1.2,10.2,,,,,,,2.4,0.8,0.0,1.8,0.8,1.0,4.4,3.8,2.0,1.7,1.1,0.5999999999999999,1.4,0.4,1.0,1.0,4.2,,,,,,,1470.7098994240723,1643.8869079207884,-173.1770084967161,0.3426517684874145,,,,0.20000000000000018,0.2999999999999998,0.8,4.4,1.6,-8.0,
laliga_102357,2026/27,11,2026-11-01,,,vallecano,Rayo Vallecano,Rayo Vallecano,celta,RC Celta,RC Celta,scheduled,0.0,0.0,,,1.0,1.0,0.0,0.0,162.0,162.0,0.0,0.0,2.2,0.6,0.4,1.6,0.6,1.0,5.6,4.8,1.8,1.3,1.0,0.30000000000000004,2.2,0.6,1.6,0.8,6.4,,,,,,,2.0,0.6,0.2,1.6,1.0,0.6000000000000001,3.2,5.0,1.3,1.5,1.7,-0.19999999999999996,1.4,0.4,1.2,1.2,2.8,,,,,,,1518.9810723253138,1520.6666347724267,-1.6855624471129431,0.5831419509745008,,,,0.20000000000000018,0.5,0.3999999999999999,2.3999999999999995,0.8000000000000003,0.0,
laliga_102358,2026/27,11,2026-11-01,,,villarreal,Villarreal CF,Villarreal CF,espanyol,RCD Espanyol,RCD Espanyol de Barcelona,scheduled,0.0,0.0,,,1.0,1.0,0.0,0.0,161.0,162.0,0.0,0.0,1.4,0.4,0.2,2.6,1.6,1.0,4.8,5.4,1.7,2.1,1.3,0.8,2.4,0.8,3.4,1.4,6.8,,,,,,,1.4,0.4,0.2,1.2,1.2,0.0,4.8,5.4,0.9,0.8,1.3,-0.5,0.8,0.2,0.8,1.6,3.0,,,,,,,1577.4033731013535,1469.7915487087444,107.61182439260915,0.7240920482115419,,,,0.0,0.7999999999999999,1.0,0.0,1.5999999999999999,-1.0,
laliga_102359,2026/27,12,2026-11-08,,,atletico_madrid,Atlético de Madrid,Atlético de Madrid,barcelona,FC Barcelona,FC Barcelona,scheduled,0.0,0.0,,,1.0,1.0,0.0,0.0,168.0,169.0,0.0,0.0,1.8,0.6,0.0,1.2,1.4,-0.19999999999999996,4.2,5.0,1.2,1.5,1.9,-0.3999999999999999,1.8,0.6,1.2,1.0,3.8,,,,,,,1.8,0.6,0.0,1.6,1.2,0.40000000000000013,4.8,3.2,2.4,1.8,0.8,1.0,1.8,0.6,1.4,1.2,4.0,,,,,,,1572.1842025747462,1670.0690083357954,-97.88480576104917,0.4456944423316552,,,,0.0,-1.2,-0.6000000000000001,-0.5999999999999996,0.0,-1.0,
laliga_102360,2026/27,12,2026-11-08,,,celta,RC Celta,RC Celta,levante,Levante UD,Levante UD,scheduled,0.0,0.0,,,1.0,1.0,0.0,0.0,169.0,169.0,0.0,0.0,2.0,0.6,0.2,1.6,1.0,0.6000000000000001,3.2,5.0,1.3,1.5,1.7,-0.19999999999999996,1.2,0.4,1.8,2.2,4.8,,,,,,,1.8,0.6,0.0,2.0,2.2,-0.20000000000000018,6.2,5.6,1.9,1.7,1.5,0.19999999999999996,0.8,0.2,1.0,2.2,4.8,,,,,,,1520.6666347724267,1484.3659660848236,36.30066868760309,0.635144514631726,,,,0.19999999999999996,-0.5999999999999999,0.8000000000000003,-3.0,0.3999999999999999,0.0,
laliga_102361,2026/27,12,2026-11-08,,,elche,Elche CF,Elche CF,betis,Real Betis,Real Betis,scheduled,0.0,0.0,,,1.0,1.0,0.0,0.0,169.0,169.0,0.0,0.0,1.0,0.2,0.4,1.0,1.4,-0.3999999999999999,3.0,4.4,1.7,1.3,1.2,0.10000000000000009,2.6,0.8,1.6,0.8,4.0,,,,,,,2.0,0.6,0.2,2.0,1.4,0.6000000000000001,5.6,5.8,1.6,1.6,1.3,0.30000000000000004,1.0,0.2,1.6,2.0,3.4,,,,,,,1475.3898946051086,1555.2880787227114,-79.8981841176028,0.4713954789308878,,,,-1.0,0.09999999999999987,-1.0,-2.5999999999999996,1.6,0.0,
laliga_102362,2026/27,12,2026-11-08,,,espanyol,RCD Espanyol,RCD Espanyol de Barcelona,deportivo,RC Deportivo,RC Deportivo,scheduled,0.0,1.0,,2.0,1.0,1.0,0.0,0.0,169.0,161.0,0.0,1.0,1.4,0.4,0.2,1.2,1.2,0.0,4.8,5.4,0.9,0.8,1.3,-0.5,1.0,0.2,0.8,1.0,4.8,,,,,,,2.4,0.8,0.0,1.6,0.8,0.8,5.4,3.0,2.1,1.6,0.8,0.8,1.8,0.4,1.2,0.6,4.0,,,,,,,1469.7915487087444,1455.1579643226437,14.633584386100665,0.6057842251143591,,,,-1.0,-1.2000000000000002,-0.8,-0.6000000000000005,-0.8,8.0,
laliga_102363,2026/27,12,2026-11-08,,,malaga,Málaga CF,Málaga CF,racing_santander,Racing de Santander,R. Racing Club,scheduled,1.0,1.0,4.0,1.0,1.0,1.0,0.0,0.0,161.0,161.0,1.0,1.0,2.6,0.8,0.2,2.6,1.0,1.6,7.2,4.6,1.8,2.3,1.5,0.7999999999999998,1.6,0.4,1.4,1.0,6.2,,,,,,,2.6,0.8,0.2,3.0,1.2,1.8,8.8,3.8,2.3,2.8,1.5,1.2999999999999998,1.6,0.4,1.6,1.8,6.4,,,,,,,1449.8796167201926,1470.7098994240723,-20.830282703879675,0.5561321388885138,,,,0.0,-0.4999999999999998,-0.19999999999999996,-1.6000000000000005,0.0,0.0,
laliga_102364,2026/27,12,2026-11-08,,,osasuna,CA Osasuna,CA Osasuna,athletic_bilbao,Athletic Club,Athletic Club,scheduled,0.0,0.0,,,1.0,1.0,0.0,0.0,169.0,169.0,0.0,0.0,0.0,0.0,0.0,1.0,2.0,-1.0,5.0,5.2,0.8,1.1,1.5,-0.3999999999999999,0.8,0.2,1.2,1.6,5.6,,,,,,,0.8,0.2,0.2,1.4,2.0,-0.6000000000000001,4.6,4.4,1.0,1.3,1.8,-0.5,0.6,0.2,1.6,2.6,2.8,,,,,,,1472.152061291961,1495.7935124307858,-23.641451138824777,0.5521339855628997,,,,-0.8,-0.19999999999999996,-0.3999999999999999,0.40000000000000036,0.20000000000000007,0.0,
laliga_102365,2026/27,12,2026-11-08,,,real_sociedad,Real Sociedad,Real Sociedad,vallecano,Rayo Vallecano,Rayo Vallecano,scheduled,0.0,0.0,,,1.0,1.0,0.0,0.0,169.0,169.0,0.0,0.0,0.6,0.0,0.6,1.4,1.8,-0.40000000000000013,3.0,5.8,0.8,1.6,1.9,-0.2999999999999998,1.0,0.2,2.0,2.0,4.4,,,,,,,2.2,0.6,0.4,1.6,0.6,1.0,5.6,4.8,1.8,1.3,1.0,0.30000000000000004,1.4,0.4,1.0,1.2,4.6,,,,,,,1489.5195498417131,1518.9810723253138,-29.461522483600675,0.5438355710457671,,,,-1.6,-1.0,-1.4000000000000001,-2.5999999999999996,-0.3999999999999999,0.0,
laliga_102366,2026/27,12,2026-11-08,,,sevilla,Sevilla FC,Sevilla FC,alaves,Deportivo Alavés,Deportivo Alavés,scheduled,0.0,0.0,,,1.0,1.0,0.0,0.0,169.0,169.0,0.0,0.0,1.8,0.6,0.0,1.2,1.0,0.19999999999999996,4.8,2.6,1.2,0.9,1.3,-0.4,1.8,0.6,1.0,1.0,4.2,,,,,,,1.4,0.4,0.2,1.2,1.4,-0.19999999999999996,4.6,3.2,1.5,1.8,1.8,0.0,1.6,0.4,2.0,1.8,3.6,,,,,,,1467.2134536362496,1481.1596411976118,-13.946187561362194,0.5658913020321696,,,,0.40000000000000013,-0.30000000000000004,0.3999999999999999,0.20000000000000018,0.19999999999999996,0.0,
laliga_102367,2026/27,12,2026-11-08,,,valencia,Valencia CF,Valencia CF,real_madrid,Real Madrid,Real Madrid,scheduled,0.0,0.0,,,1.0,1.0,0.0,0.0,169.0,169.0,0.0,0.0,2.0,0.6,0.2,1.8,1.4,0.40000000000000013,3.6,3.8,1.7,1.6,1.3,0.30000000000000004,1.4,0.4,1.6,1.6,3.2,,,,,,,2.4,0.8,0.0,1.8,0.8,1.0,4.4,3.8,2.0,1.7,1.1,0.5999999999999999,1.4,0.4,1.0,1.0,4.2,,,,,,,1512.7914332123023,1643.8869079207884,-131.0954747084861,0.3990899441067384,,,,-0.3999999999999999,-0.30000000000000004,-0.5999999999999999,-0.8000000000000003,0.0,0.0,
laliga_102368,2026/27,12,2026-11-08,,,villarreal,Villarreal CF,Villarreal CF,getafe,Getafe CF,Getafe CF,scheduled,0.0,0.0,,,1.0,1.0,0.0,0.0,168.0,169.0,0.0,0.0,1.4,0.4,0.2,2.6,1.6,1.0,4.8,5.4,1.7,2.1,1.3,0.8,2.4,0.8,3.4,1.4,6.8,,,,,,,1.4,0.4,0.2,0.8,0.8,0.0,2.8,4.0,1.6,0.9,0.8,0.09999999999999998,1.4,0.4,0.6,0.6,2.0,,,,,,,1577.4033731013535,1492.8115288694028,84.59184423195074,0.6968489681891429,,,,0.0,0.09999999999999987,1.0,2.0,1.0,-1.0,
laliga_102369,2026/27,13,2026-11-22,,,alaves,Deportivo Alavés,Deportivo Alavés,deportivo,RC Deportivo,RC Deportivo,scheduled,0.0,1.0,,2.0,1.0,1.0,0.0,0.0,183.0,175.0,0.0,1.0,1.4,0.4,0.2,1.2,1.4,-0.19999999999999996,4.6,3.2,1.5,1.8,1.8,0.0,1.4,0.4,1.6,1.8,5.6,,,,,,,2.4,0.8,0.0,1.6,0.8,0.8,5.4,3.0,2.1,1.6,0.8,0.8,1.8,0.4,1.2,0.6,4.0,,,,,,,1481.1596411976118,1455.1579643226437,26.001676874968098,0.6212989943152231,,,,-1.0,-0.6000000000000001,-1.0,-0.8000000000000007,-0.40000000000000013,8.0,
laliga_102370,2026/27,13,2026-11-22,,,athletic_bilbao,Athletic Club,Athletic Club,espanyol,RCD Espanyol,RCD Espanyol de Barcelona,scheduled,0.0,0.0,,,1.0,1.0,0.0,0.0,183.0,183.0,0.0,0.0,0.8,0.2,0.2,1.4,2.0,-0.6000000000000001,4.6,4.4,1.0,1.3,1.8,-0.5,1.4,0.4,1.0,1.0,5.4,,,,,,,1.4,0.4,0.2,1.2,1.2,0.0,4.8,5.4,0.9,0.8,1.3,-0.5,0.8,0.2,0.8,1.6,3.0,,,,,,,1495.7935124307858,1469.7915487087444,26.00196372204141,0.6212993828260647,,,,-0.5999999999999999,0.09999999999999998,-0.6000000000000001,-0.20000000000000018,0.5999999999999999,0.0,
laliga_102371,2026/27,13,2026-11-22,,,barcelona,FC Barcelona,FC Barcelona,villarreal,Villarreal CF,Villarreal CF,scheduled,0.0,0.0,,,1.0,1.0,0.0,0.0,183.0,182.0,0.0,0.0,1.8,0.6,0.0,1.6,1.2,0.40000000000000013,4.8,3.2,2.4,1.8,0.8,1.0,3.0,1.0,2.2,0.4,6.6,,,,,,,1.4,0.4,0.2,2.6,1.6,1.0,4.8,5.4,1.7,2.1,1.3,0.8,1.0,0.2,0.8,1.2,2.6,,,,,,,1670.0690083357954,1577.4033731013535,92.66563523444188,0.7065764007270519,,,,0.40000000000000013,0.7,-0.5999999999999999,0.0,2.0,1.0,
laliga_102372,2026/27,13,2026-11-22,,,getafe,Getafe CF,Getafe CF,atletico_madrid,Atlético de Madrid,Atlético de Madrid,scheduled,0.0,0.0,,,1.0,1.0,0.0,0.0,183.0,182.0,0.0,0.0,1.4,0.4,0.2,0.8,0.8,0.0,2.8,4.0,1.6,0.9,0.8,0.09999999999999998,1.8,0.6,1.2,1.0,3.2,,,,,,,1.8,0.6,0.0,1.2,1.4,-0.19999999999999996,4.2,5.0,1.2,1.5,1.9,-0.3999999999999999,1.2,0.4,1.6,2.2,3.6,,,,,,,1492.8115288694028,1572.1842025747462,-79.37267370534346,0.4721493386864583,,,,-0.40000000000000013,0.40000000000000013,0.19999999999999996,-1.4000000000000004,0.6000000000000001,1.0,
laliga_102373,2026/27,13,2026-11-22,,,levante,Levante UD,Levante UD,elche,Elche CF,Elche CF,scheduled,0.0,0.0,,,1.0,1.0,0.0,0.0,183.0,183.0,0.0,0.0,1.8,0.6,0.0,2.0,2.2,-0.20000000000000018,6.2,5.6,1.9,1.7,1.5,0.19999999999999996,3.0,1.0,2.4,0.8,6.0,,,,,,,1.0,0.2,0.4,1.0,1.4,-0.3999999999999999,3.0,4.4,1.7,1.3,1.2,0.10000000000000009,0.8,0.2,1.0,1.6,3.0,,,,,,,1484.3659660848236,1475.3898946051086,8.976071479715074,0.5979806526750717,,,,0.8,0.19999999999999996,0.19999999999999973,3.2,2.2,0.0,
laliga_102374,2026/27,13,2026-11-22,,,osasuna,CA Osasuna,CA Osasuna,malaga,Málaga CF,Málaga CF,scheduled,0.0,1.0,,4.0,1.0,1.0,0.0,0.0,183.0,175.0,0.0,1.0,0.0,0.0,0.0,1.0,2.0,-1.0,5.0,5.2,0.8,1.1,1.5,-0.3999999999999999,0.8,0.2,1.2,1.6,5.6,,,,,,,2.6,0.8,0.2,2.6,1.0,1.6,7.2,4.6,1.8,2.3,1.5,0.7999999999999998,2.0,0.6,2.6,1.4,5.6,,,,,,,1472.152061291961,1449.8796167201926,22.272444571768347,0.6162350621691279,,,,-2.6,-1.0,-2.6,-2.2,-1.2,8.0,
laliga_102375,2026/27,13,2026-11-22,,,racing_santander,Racing de Santander,R. Racing Club,real_sociedad,Real Sociedad,Real Sociedad,scheduled,1.0,0.0,1.0,,1.0,1.0,0.0,0.0,175.0,183.0,1.0,0.0,2.6,0.8,0.2,3.0,1.2,1.8,8.8,3.8,2.3,2.8,1.5,1.2999999999999998,3.0,1.0,4.0,1.2,10.2,,,,,,,0.6,0.0,0.6,1.4,1.8,-0.40000000000000013,3.0,5.8,0.8,1.6,1.9,-0.2999999999999998,0.6,0.0,1.2,1.8,3.6,,,,,,,1470.7098994240723,1489.5195498417131,-18.809650417640796,0.5590015073646892,,,,2.0,1.4999999999999998,2.2,5.800000000000001,2.4,-8.0,
laliga_102376,2026/27,13,2026-11-22,,,vallecano,Rayo Vallecano,Rayo Vallecano,valencia,Valencia CF,Valencia CF,scheduled,0.0,0.0,,,1.0,1.0,0.0,0.0,183.0,183.0,0.0,0.0,2.2,0.6,0.4,1.6,0.6,1.0,5.6,4.8,1.8,1.3,1.0,0.30000000000000004,2.2,0.6,1.6,0.8,6.4,,,,,,,2.0,0.6,0.2,1.8,1.4,0.40000000000000013,3.6,3.8,1.7,1.6,1.3,0.30000000000000004,2.0,0.6,1.6,1.0,4.8,,,,,,,1518.9810723253138,1512.7914332123023,6.189639113011481,0.5941186546906293,,,,0.20000000000000018,0.10000000000000009,0.5999999999999999,1.9999999999999996,0.20000000000000018,0.0,
laliga_102377,2026/27,13,2026-11-22,,,real_madrid,Real Madrid,Real Madrid,celta,RC Celta,RC Celta,scheduled,0.0,0.0,,,1.0,1.0,0.0,0.0,183.0,183.0,0.0,0.0,2.4,0.8,0.0,1.8,0.8,1.0,4.4,3.8,2.0,1.7,1.1,0.5999999999999999,2.6,0.8,2.4,1.2,8.4,,,,,,,2.0,0.6,0.2,1.6,1.0,0.6000000000000001,3.2,5.0,1.3,1.5,1.7,-0.19999999999999996,1.4,0.4,1.2,1.2,2.8,,,,,,,1643.8869079207884,1520.6666347724267,123.22027314836168,0.7416765355188699,,,,0.3999999999999999,0.7,0.3999999999999999,1.2000000000000002,1.2000000000000002,0.0,
laliga_102378,2026/27,13,2026-11-22,,,sevilla,Sevilla FC,Sevilla FC,betis,Real Betis,Real Betis,scheduled,0.0,0.0,,,1.0,1.0,0.0,0.0,183.0,183.0,0.0,0.0,1.8,0.6,0.0,1.2,1.0,0.19999999999999996,4.8,2.6,1.2,0.9,1.3,-0.4,1.8,0.6,1.0,1.0,4.2,,,,,,,2.0,0.6,0.2,2.0,1.4,0.6000000000000001,5.6,5.8,1.6,1.6,1.3,0.30000000000000004,1.0,0.2,1.6,2.0,3.4,,,,,,,1467.2134536362496,1555.2880787227114,-88.07462508646177,0.4596850738856252,,,,-0.19999999999999996,-0.40000000000000013,-0.40000000000000013,-0.7999999999999998,0.8,0.0,
laliga_102379,2026/27,14,2026-11-29,,,betis,Real Betis,Real Betis,vallecano,Rayo Vallecano,Rayo Vallecano,scheduled,0.0,0.0,,,1.0,1.0,0.0,0.0,190.0,190.0,0.0,0.0,2.0,0.6,0.2,2.0,1.4,0.6000000000000001,5.6,5.8,1.6,1.6,1.3,0.30000000000000004,2.2,0.6,1.6,0.6,6.0,,,,,,,2.2,0.6,0.4,1.6,0.6,1.0,5.6,4.8,1.8,1.3,1.0,0.30000000000000004,1.4,0.4,1.0,1.2,4.6,,,,,,,1555.2880787227114,1518.9810723253138,36.30700639739757,0.6351529689644675,,,,-0.20000000000000018,-0.19999999999999996,-0.3999999999999999,0.0,0.8000000000000003,0.0,
laliga_102380,2026/27,14,2026-11-29,,,celta,RC Celta,RC Celta,villarreal,Villarreal CF,Villarreal CF,scheduled,0.0,0.0,,,1.0,1.0,0.0,0.0,190.0,189.0,0.0,0.0,2.0,0.6,0.2,1.6,1.0,0.6000000000000001,3.2,5.0,1.3,1.5,1.7,-0.19999999999999996,1.2,0.4,1.8,2.2,4.8,,,,,,,1.4,0.4,0.2,2.6,1.6,1.0,4.8,5.4,1.7,2.1,1.3,0.8,1.0,0.2,0.8,1.2,2.6,,,,,,,1520.6666347724267,1577.4033731013535,-56.736738328926776,0.504696072957698,,,,0.6000000000000001,-0.3999999999999999,-0.3999999999999999,-1.5999999999999996,0.19999999999999996,1.0,
laliga_102381,2026/27,14,2026-11-29,,,deportivo,RC Deportivo,RC Deportivo,barcelona,FC Barcelona,FC Barcelona,scheduled,1.0,0.0,2.0,,1.0,1.0,0.0,0.0,182.0,190.0,1.0,0.0,2.4,0.8,0.0,1.6,0.8,0.8,5.4,3.0,2.1,1.6,0.8,0.8,2.0,0.6,1.8,1.2,5.2,,,,,,,1.8,0.6,0.0,1.6,1.2,0.40000000000000013,4.8,3.2,2.4,1.8,0.8,1.0,1.8,0.6,1.4,1.2,4.0,,,,,,,1455.1579643226437,1670.0690083357954,-214.9110440131517,0.29075095489298713,,,,0.5999999999999999,-0.2999999999999998,0.3999999999999999,0.6000000000000005,0.19999999999999996,-8.0,
laliga_102382,2026/27,14,2026-11-29,,,elche,Elche CF,Elche CF,atletico_madrid,Atlético de Madrid,Atlético de Madrid,scheduled,0.0,0.0,,,1.0,1.0,0.0,0.0,190.0,189.0,0.0,0.0,1.0,0.2,0.4,1.0,1.4,-0.3999999999999999,3.0,4.4,1.7,1.3,1.2,0.10000000000000009,2.6,0.8,1.6,0.8,4.0,,,,,,,1.8,0.6,0.0,1.2,1.4,-0.19999999999999996,4.2,5.0,1.2,1.5,1.9,-0.3999999999999999,1.2,0.4,1.6,2.2,3.6,,,,,,,1475.3898946051086,1572.1842025747462,-96.79430796963766,0.44724580589909296,,,,-0.8,0.5,-0.19999999999999996,-1.2000000000000002,1.4000000000000001,1.0,
laliga_102383,2026/27,14,2026-11-29,,,espanyol,RCD Espanyol,RCD Espanyol de Barcelona,getafe,Getafe CF,Getafe CF,scheduled,0.0,0.0,,,1.0,1.0,0.0,0.0,190.0,190.0,0.0,0.0,1.4,0.4,0.2,1.2,1.2,0.0,4.8,5.4,0.9,0.8,1.3,-0.5,1.0,0.2,0.8,1.0,4.8,,,,,,,1.4,0.4,0.2,0.8,0.8,0.0,2.8,4.0,1.6,0.9,0.8,0.09999999999999998,1.4,0.4,0.6,0.6,2.0,,,,,,,1469.7915487087444,1492.8115288694028,-23.019980160658406,0.5530184648827363,,,,0.0,-0.7000000000000001,0.0,2.0,-0.3999999999999999,0.0,
laliga_102384,2026/27,14,2026-11-29,,,levante,Levante UD,Levante UD,racing_santander,Racing de Santander,R. Racing Club,scheduled,0.0,1.0,,1.0,1.0,1.0,0.0,0.0,190.0,182.0,0.0,1.0,1.8,0.6,0.0,2.0,2.2,-0.20000000000000018,6.2,5.6,1.9,1.7,1.5,0.19999999999999996,3.0,1.0,2.4,0.8,6.0,,,,,,,2.6,0.8,0.2,3.0,1.2,1.8,8.8,3.8,2.3,2.8,1.5,1.2999999999999998,1.6,0.4,1.6,1.8,6.4,,,,,,,1484.3659660848236,1470.7098994240723,13.656066660751321,0.6044396355301196,,,,-0.8,-0.3999999999999999,-2.0,-2.6000000000000005,1.4,8.0,
laliga_102385,2026/27,14,2026-11-29,,,malaga,Málaga CF,Málaga CF,athletic_bilbao,Athletic Club,Athletic Club,scheduled,1.0,0.0,4.0,,1.0,1.0,0.0,0.0,182.0,190.0,1.0,0.0,2.6,0.8,0.2,2.6,1.0,1.6,7.2,4.6,1.8,2.3,1.5,0.7999999999999998,1.6,0.4,1.4,1.0,6.2,,,,,,,0.8,0.2,0.2,1.4,2.0,-0.6000000000000001,4.6,4.4,1.0,1.3,1.8,-0.5,0.6,0.2,1.6,2.6,2.8,,,,,,,1449.8796167201926,1495.7935124307858,-45.913895710593124,0.5202604338493961,,,,1.8,0.8,2.2,2.6000000000000005,1.0,-8.0,
laliga_102386,2026/27,14,2026-11-29,,,real_madrid,Real Madrid,Real Madrid,alaves,Deportivo Alavés,Deportivo Alavés,scheduled,0.0,0.0,,,1.0,1.0,0.0,0.0,190.0,190.0,0.0,0.0,2.4,0.8,0.0,1.8,0.8,1.0,4.4,3.8,2.0,1.7,1.1,0.5999999999999999,2.6,0.8,2.4,1.2,8.4,,,,,,,1.4,0.4,0.2,1.2,1.4,-0.19999999999999996,4.6,3.2,1.5,1.8,1.8,0.0,1.6,0.4,2.0,1.8,3.6,,,,,,,1643.8869079207884,1481.1596411976118,162.72726672317663,0.782810637022795,,,,1.0,0.5,1.2,-0.1999999999999993,1.0,0.0,
laliga_102387,2026/27,14,2026-11-29,,,real_sociedad,Real Sociedad,Real Sociedad,sevilla,Sevilla FC,Sevilla FC,scheduled,0.0,0.0,,,1.0,1.0,0.0,0.0,190.0,190.0,0.0,0.0,0.6,0.0,0.6,1.4,1.8,-0.40000000000000013,3.0,5.8,0.8,1.6,1.9,-0.2999999999999998,1.0,0.2,2.0,2.0,4.4,,,,,,,1.8,0.6,0.0,1.2,1.0,0.19999999999999996,4.8,2.6,1.2,0.9,1.3,-0.4,0.6,0.2,0.8,1.6,1.8,,,,,,,1489.5195498417131,1467.2134536362496,22.30609620546352,0.6162808725358748,,,,-1.2000000000000002,-0.3999999999999999,-0.6000000000000001,-1.7999999999999998,0.4,0.0,
laliga_102388,2026/27,14,2026-11-29,,,valencia,Valencia CF,Valencia CF,osasuna,CA Osasuna,CA Osasuna,scheduled,0.0,0.0,,,1.0,1.0,0.0,0.0,190.0,190.0,0.0,0.0,2.0,0.6,0.2,1.8,1.4,0.40000000000000013,3.6,3.8,1.7,1.6,1.3,0.30000000000000004,1.4,0.4,1.6,1.6,3.2,,,,,,,0.0,0.0,0.0,1.0,2.0,-1.0,5.0,5.2,0.8,1.1,1.5,-0.3999999999999999,0.2,0.0,1.0,2.0,4.2,,,,,,,1512.7914332123023,1472.152061291961,40.63937192034132,0.6409124869090291,,,,2.0,0.8999999999999999,1.4000000000000001,-1.4,1.2,0.0,
laliga_102389,2026/27,15,2026-12-06,,,alaves,Deportivo Alavés,Deportivo Alavés,espanyol,RCD Espanyol,RCD Espanyol de Barcelona,scheduled,0.0,0.0,,,1.0,1.0,0.0,0.0,197.0,197.0,0.0,0.0,1.4,0.4,0.2,1.2,1.4,-0.19999999999999996,4.6,3.2,1.5,1.8,1.8,0.0,1.4,0.4,1.6,1.8,5.6,,,,,,,1.4,0.4,0.2,1.2,1.2,0.0,4.8,5.4,0.9,0.8,1.3,-0.5,0.8,0.2,0.8,1.6,3.0,,,,,,,1481.1596411976118,1469.7915487087444,11.368092488867433,0.6012863446770034,,,,0.0,0.6,-0.19999999999999996,-0.20000000000000018,0.5999999999999999,0.0,
laliga_102390,2026/27,15,2026-12-06,,,athletic_bilbao,Athletic Club,Athletic Club,real_madrid,Real Madrid,Real Madrid,scheduled,0.0,0.0,,,1.0,1.0,0.0,0.0,197.0,197.0,0.0,0.0,0.8,0.2,0.2,1.4,2.0,-0.6000000000000001,4.6,4.4,1.0,1.3,1.8,-0.5,1.4,0.4,1.0,1.0,5.4,,,,,,,2.4,0.8,0.0,1.8,0.8,1.0,4.4,3.8,2.0,1.7,1.1,0.5999999999999999,1.4,0.4,1.0,1.0,4.2,,,,,,,1495.7935124307858,1643.8869079207884,-148.09339549000265,0.37587210967711343,,,,-1.5999999999999999,-1.0,-1.6,0.1999999999999993,0.0,0.0,
laliga_102391,2026/27,15,2026-12-06,,,atletico_madrid,Atlético de Madrid,Atlético de Madrid,betis,Real Betis,Real Betis,scheduled,0.0,0.0,,,1.0,1.0,0.0,0.0,196.0,197.0,0.0,0.0,1.8,0.6,0.0,1.2,1.4,-0.19999999999999996,4.2,5.0,1.2,1.5,1.9,-0.3999999999999999,1.8,0.6,1.2,1.0,3.8,,,,,,,2.0,0.6,0.2,2.0,1.4,0.6000000000000001,5.6,5.8,1.6,1.6,1.3,0.30000000000000004,1.0,0.2,1.6,2.0,3.4,,,,,,,1572.1842025747462,1555.2880787227114,16.89612385203486,0.608890212935014,,,,-0.19999999999999996,-0.40000000000000013,-0.8,-1.3999999999999995,0.8,-1.0,
laliga_102392,2026/27,15,2026-12-06,,,barcelona,FC Barcelona,FC Barcelona,celta,RC Celta,RC Celta,scheduled,0.0,0.0,,,1.0,1.0,0.0,0.0,197.0,197.0,0.0,0.0,1.8,0.6,0.0,1.6,1.2,0.40000000000000013,4.8,3.2,2.4,1.8,0.8,1.0,3.0,1.0,2.2,0.4,6.6,,,,,,,2.0,0.6,0.2,1.6,1.0,0.6000000000000001,3.2,5.0,1.3,1.5,1.7,-0.19999999999999996,1.4,0.4,1.2,1.2,2.8,,,,,,,1670.0690083357954,1520.6666347724267,149.40237356336866,0.7694870284584947,,,,-0.19999999999999996,1.0999999999999999,-0.19999999999999996,1.5999999999999996,1.6,0.0,
laliga_102393,2026/27,15,2026-12-06,,,getafe,Getafe CF,Getafe CF,valencia,Valencia CF,Valencia CF,scheduled,0.0,0.0,,,1.0,1.0,0.0,0.0,197.0,197.0,0.0,0.0,1.4,0.4,0.2,0.8,0.8,0.0,2.8,4.0,1.6,0.9,0.8,0.09999999999999998,1.8,0.6,1.2,1.0,3.2,,,,,,,2.0,0.6,0.2,1.8,1.4,0.40000000000000013,3.6,3.8,1.7,1.6,1.3,0.30000000000000004,2.0,0.6,1.6,1.0,4.8,,,,,,,1492.8115288694028,1512.7914332123023,-19.979904342899545,0.5573401735834371,,,,-0.6000000000000001,-0.09999999999999987,-0.40000000000000013,-0.8000000000000003,-0.19999999999999996,0.0,
laliga_102394,2026/27,15,2026-12-06,,,osasuna,CA Osasuna,CA Osasuna,elche,Elche CF,Elche CF,scheduled,0.0,0.0,,,1.0,1.0,0.0,0.0,197.0,197.0,0.0,0.0,0.0,0.0,0.0,1.0,2.0,-1.0,5.0,5.2,0.8,1.1,1.5,-0.3999999999999999,0.8,0.2,1.2,1.6,5.6,,,,,,,1.0,0.2,0.4,1.0,1.4,-0.3999999999999999,3.0,4.4,1.7,1.3,1.2,0.10000000000000009,0.8,0.2,1.0,1.6,3.0,,,,,,,1472.152061291961,1475.3898946051086,-3.2378333131475756,0.5809682211900833,,,,-1.0,-0.8999999999999999,-0.6000000000000001,2.0,0.0,0.0,
laliga_102395,2026/27,15,2026-12-06,,,racing_santander,Racing de Santander,R. Racing Club,deportivo,RC Deportivo,RC Deportivo,scheduled,1.0,1.0,1.0,2.0,1.0,1.0,0.0,0.0,189.0,189.0,1.0,1.0,2.6,0.8,0.2,3.0,1.2,1.8,8.8,3.8,2.3,2.8,1.5,1.2999999999999998,3.0,1.0,4.0,1.2,10.2,,,,,,,2.4,0.8,0.0,1.6,0.8,0.8,5.4,3.0,2.1,1.6,0.8,0.8,1.8,0.4,1.2,0.6,4.0,,,,,,,1470.7098994240723,1455.1579643226437,15.551935101428626,0.6070459725023605,,,,0.20000000000000018,0.19999999999999973,1.0,3.4000000000000004,1.2,0.0,
laliga_102396,2026/27,15,2026-12-06,,,vallecano,Rayo Vallecano,Rayo Vallecano,levante,Levante UD,Levante UD,scheduled,0.0,0.0,,,1.0,1.0,0.0,0.0,197.0,197.0,0.0,0.0,2.2,0.6,0.4,1.6,0.6,1.0,5.6,4.8,1.8,1.3,1.0,0.30000000000000004,2.2,0.6,1.6,0.8,6.4,,,,,,,1.8,0.6,0.0,2.0,2.2,-0.20000000000000018,6.2,5.6,1.9,1.7,1.5,0.19999999999999996,0.8,0.2,1.0,2.2,4.8,,,,,,,1518.9810723253138,1484.3659660848236,34.61510624049015,0.632893074389796,,,,0.40000000000000013,-0.09999999999999987,1.2000000000000002,-0.6000000000000005,1.4000000000000001,0.0,
laliga_102397,2026/27,15,2026-12-06,,,sevilla,Sevilla FC,Sevilla FC,malaga,Málaga CF,Málaga CF,scheduled,0.0,1.0,,4.0,1.0,1.0,0.0,0.0,197.0,189.0,0.0,1.0,1.8,0.6,0.0,1.2,1.0,0.19999999999999996,4.8,2.6,1.2,0.9,1.3,-0.4,1.8,0.6,1.0,1.0,4.2,,,,,,,2.6,0.8,0.2,2.6,1.0,1.6,7.2,4.6,1.8,2.3,1.5,0.7999999999999998,2.0,0.6,2.6,1.4,5.6,,,,,,,1467.2134536362496,1449.8796167201926,17.333836916056953,0.6094900917340831,,,,-0.8,-0.6000000000000001,-1.4000000000000001,-2.4000000000000004,-0.19999999999999996,8.0,
laliga_102398,2026/27,15,2026-12-06,,,villarreal,Villarreal CF,Villarreal CF,real_sociedad,Real Sociedad,Real Sociedad,scheduled,0.0,0.0,,,1.0,1.0,0.0,0.0,196.0,197.0,0.0,0.0,1.4,0.4,0.2,2.6,1.6,1.0,4.8,5.4,1.7,2.1,1.3,0.8,2.4,0.8,3.4,1.4,6.8,,,,,,,0.6,0.0,0.6,1.4,1.8,-0.40000000000000013,3.0,5.8,0.8,1.6,1.9,-0.2999999999999998,0.6,0.0,1.2,1.8,3.6,,,,,,,1577.4033731013535,1489.5195498417131,87.8838232596404,0.7008372007854228,,,,0.7999999999999999,0.8999999999999999,1.4000000000000001,1.7999999999999998,1.7999999999999998,-1.0,
laliga_102399,2026/27,16,2026-12-13,,,atletico_madrid,Atlético de Madrid,Atlético de Madrid,valencia,Valencia CF,Valencia CF,scheduled,0.0,0.0,,,1.0,1.0,0.0,0.0,203.0,204.0,0.0,0.0,1.8,0.6,0.0,1.2,1.4,-0.19999999999999996,4.2,5.0,1.2,1.5,1.9,-0.3999999999999999,1.8,0.6,1.2,1.0,3.8,,,,,,,2.0,0.6,0.2,1.8,1.4,0.40000000000000013,3.6,3.8,1.7,1.6,1.3,0.30000000000000004,2.0,0.6,1.6,1.0,4.8,,,,,,,1572.1842025747462,1512.7914332123023,59.392769362443914,0.6653615824007184,,,,-0.19999999999999996,-0.5,-0.6000000000000001,0.6000000000000001,-0.19999999999999996,-1.0,
laliga_102400,2026/27,16,2026-12-13,,,betis,Real Betis,Real Betis,racing_santander,Racing de Santander,R. Racing Club,scheduled,0.0,1.0,,1.0,1.0,1.0,0.0,0.0,204.0,196.0,0.0,1.0,2.0,0.6,0.2,2.0,1.4,0.6000000000000001,5.6,5.8,1.6,1.6,1.3,0.30000000000000004,2.2,0.6,1.6,0.6,6.0,,,,,,,2.6,0.8,0.2,3.0,1.2,1.8,8.8,3.8,2.3,2.8,1.5,1.2999999999999998,1.6,0.4,1.6,1.8,6.4,,,,,,,1555.2880787227114,1470.7098994240723,84.57817929863904,0.6968323506140238,,,,-0.6000000000000001,-0.6999999999999997,-1.2,-3.200000000000001,0.6000000000000001,8.0,
laliga_102401,2026/27,16,2026-12-13,,,deportivo,RC Deportivo,RC Deportivo,athletic_bilbao,Athletic Club,Athletic Club,scheduled,1.0,0.0,2.0,,1.0,1.0,0.0,0.0,196.0,204.0,1.0,0.0,2.4,0.8,0.0,1.6,0.8,0.8,5.4,3.0,2.1,1.6,0.8,0.8,2.0,0.6,1.8,1.2,5.2,,,,,,,0.8,0.2,0.2,1.4,2.0,-0.6000000000000001,4.6,4.4,1.0,1.3,1.8,-0.5,0.6,0.2,1.6,2.6,2.8,,,,,,,1455.1579643226437,1495.7935124307858,-40.635548108142075,0.5278388658681068,,,,1.5999999999999999,1.1,1.4000000000000001,0.8000000000000007,1.4,-8.0,
laliga_102402,2026/27,16,2026-12-13,,,elche,Elche CF,Elche CF,sevilla,Sevilla FC,Sevilla FC,scheduled,0.0,0.0,,,1.0,1.0,0.0,0.0,204.0,204.0,0.0,0.0,1.0,0.2,0.4,1.0,1.4,-0.3999999999999999,3.0,4.4,1.7,1.3,1.2,0.10000000000000009,2.6,0.8,1.6,0.8,4.0,,,,,,,1.8,0.6,0.0,1.2,1.0,0.19999999999999996,4.8,2.6,1.2,0.9,1.3,-0.4,0.6,0.2,0.8,1.6,1.8,,,,,,,1475.3898946051086,1467.2134536362496,8.17644096885897,0.5968735846969563,,,,-0.8,0.5,-0.5999999999999999,-1.7999999999999998,2.0,0.0,
laliga_102403,2026/27,16,2026-12-13,,,espanyol,RCD Espanyol,RCD Espanyol de Barcelona,celta,RC Celta,RC Celta,scheduled,0.0,0.0,,,1.0,1.0,0.0,0.0,204.0,204.0,0.0,0.0,1.4,0.4,0.2,1.2,1.2,0.0,4.8,5.4,0.9,0.8,1.3,-0.5,1.0,0.2,0.8,1.0,4.8,,,,,,,2.0,0.6,0.2,1.6,1.0,0.6000000000000001,3.2,5.0,1.3,1.5,1.7,-0.19999999999999996,1.4,0.4,1.2,1.2,2.8,,,,,,,1469.7915487087444,1520.6666347724267,-50.875086063682375,0.5131287882445749,,,,-0.6000000000000001,-0.4,-0.6000000000000001,1.5999999999999996,-0.3999999999999999,0.0,
laliga_102404,2026/27,16,2026-12-13,,,levante,Levante UD,Levante UD,alaves,Deportivo Alavés,Deportivo Alavés,scheduled,0.0,0.0,,,1.0,1.0,0.0,0.0,204.0,204.0,0.0,0.0,1.8,0.6,0.0,2.0,2.2,-0.20000000000000018,6.2,5.6,1.9,1.7,1.5,0.19999999999999996,3.0,1.0,2.4,0.8,6.0,,,,,,,1.4,0.4,0.2,1.2,1.4,-0.19999999999999996,4.6,3.2,1.5,1.8,1.8,0.0,1.6,0.4,2.0,1.8,3.6,,,,,,,1484.3659660848236,1481.1596411976118,3.2063248872118493,0.5899708450416803,,,,0.40000000000000013,0.3999999999999999,-2.220446049250313e-16,1.6000000000000005,1.4,0.0,
laliga_102405,2026/27,16,2026-12-13,,,malaga,Málaga CF,Málaga CF,barcelona,FC Barcelona,FC Barcelona,scheduled,1.0,0.0,4.0,,1.0,1.0,0.0,0.0,196.0,204.0,1.0,0.0,2.6,0.8,0.2,2.6,1.0,1.6,7.2,4.6,1.8,2.3,1.5,0.7999999999999998,1.6,0.4,1.4,1.0,6.2,,,,,,,1.8,0.6,0.0,1.6,1.2,0.40000000000000013,4.8,3.2,2.4,1.8,0.8,1.0,1.8,0.6,1.4,1.2,4.0,,,,,,,1449.8796167201926,1670.0690083357954,-220.18939161560274,0.28452525886899255,,,,0.8,-0.5999999999999999,1.2,2.4000000000000004,-0.19999999999999996,-8.0,
laliga_102406,2026/27,16,2026-12-13,,,real_madrid,Real Madrid,Real Madrid,osasuna,CA Osasuna,CA Osasuna,scheduled,0.0,0.0,,,1.0,1.0,0.0,0.0,204.0,204.0,0.0,0.0,2.4,0.8,0.0,1.8,0.8,1.0,4.4,3.8,2.0,1.7,1.1,0.5999999999999999,2.6,0.8,2.4,1.2,8.4,,,,,,,0.0,0.0,0.0,1.0,2.0,-1.0,5.0,5.2,0.8,1.1,1.5,-0.3999999999999999,0.2,0.0,1.0,2.0,4.2,,,,,,,1643.8869079207884,1472.152061291961,171.73484662882743,0.7914970575984748,,,,2.4,1.2,2.0,-0.5999999999999996,2.4,0.0,
laliga_102407,2026/27,16,2026-12-13,,,real_sociedad,Real Sociedad,Real Sociedad,getafe,Getafe CF,Getafe CF,scheduled,0.0,0.0,,,1.0,1.0,0.0,0.0,204.0,204.0,0.0,0.0,0.6,0.0,0.6,1.4,1.8,-0.40000000000000013,3.0,5.8,0.8,1.6,1.9,-0.2999999999999998,1.0,0.2,2.0,2.0,4.4,,,,,,,1.4,0.4,0.2,0.8,0.8,0.0,2.8,4.0,1.6,0.9,0.8,0.09999999999999998,1.4,0.4,0.6,0.6,2.0,,,,,,,1489.5195498417131,1492.8115288694028,-3.2919790276896492,0.5808923407080155,,,,-0.7999999999999999,-0.8,-0.40000000000000013,0.20000000000000018,-0.3999999999999999,0.0,
laliga_102408,2026/27,16,2026-12-13,,,villarreal,Villarreal CF,Villarreal CF,vallecano,Rayo Vallecano,Rayo Vallecano,scheduled,0.0,0.0,,,1.0,1.0,0.0,0.0,203.0,204.0,0.0,0.0,1.4,0.4,0.2,2.6,1.6,1.0,4.8,5.4,1.7,2.1,1.3,0.8,2.4,0.8,3.4,1.4,6.8,,,,,,,2.2,0.6,0.4,1.6,0.6,1.0,5.6,4.8,1.8,1.3,1.0,0.30000000000000004,1.4,0.4,1.0,1.2,4.6,,,,,,,1577.4033731013535,1518.9810723253138,58.42230077603972,0.6641165778204896,,,,-0.8000000000000003,-0.10000000000000009,0.0,-0.7999999999999998,1.0,-1.0,
laliga_102409,2026/27,17,2026-12-20,,,alaves,Deportivo Alavés,Deportivo Alavés,elche,Elche CF,Elche CF,scheduled,0.0,0.0,,,1.0,1.0,0.0,0.0,211.0,211.0,0.0,0.0,1.4,0.4,0.2,1.2,1.4,-0.19999999999999996,4.6,3.2,1.5,1.8,1.8,0.0,1.4,0.4,1.6,1.8,5.6,,,,,,,1.0,0.2,0.4,1.0,1.4,-0.3999999999999999,3.0,4.4,1.7,1.3,1.2,0.10000000000000009,0.8,0.2,1.0,1.6,3.0,,,,,,,1481.1596411976118,1475.3898946051086,5.769746592503225,0.5935356598447797,,,,0.3999999999999999,-0.19999999999999996,0.19999999999999996,1.5999999999999996,0.5999999999999999,0.0,
laliga_102410,2026/27,17,2026-12-20,,,athletic_bilbao,Athletic Club,Athletic Club,betis,Real Betis,Real Betis,scheduled,0.0,0.0,,,1.0,1.0,0.0,0.0,211.0,211.0,0.0,0.0,0.8,0.2,0.2,1.4,2.0,-0.6000000000000001,4.6,4.4,1.0,1.3,1.8,-0.5,1.4,0.4,1.0,1.0,5.4,,,,,,,2.0,0.6,0.2,2.0,1.4,0.6000000000000001,5.6,5.8,1.6,1.6,1.3,0.30000000000000004,1.0,0.2,1.6,2.0,3.4,,,,,,,1495.7935124307858,1555.2880787227114,-59.494566291925594,0.500727377062949,,,,-1.2,-0.6000000000000001,-1.2000000000000002,-1.0,0.3999999999999999,0.0,
laliga_102411,2026/27,17,2026-12-20,,,celta,RC Celta,RC Celta,atletico_madrid,Atlético de Madrid,Atlético de Madrid,scheduled,0.0,0.0,,,1.0,1.0,0.0,0.0,211.0,210.0,0.0,0.0,2.0,0.6,0.2,1.6,1.0,0.6000000000000001,3.2,5.0,1.3,1.5,1.7,-0.19999999999999996,1.2,0.4,1.8,2.2,4.8,,,,,,,1.8,0.6,0.0,1.2,1.4,-0.19999999999999996,4.2,5.0,1.2,1.5,1.9,-0.3999999999999999,1.2,0.4,1.6,2.2,3.6,,,,,,,1520.6666347724267,1572.1842025747462,-51.51756780231949,0.5122047763643286,,,,0.19999999999999996,0.10000000000000009,0.8,-1.0,0.0,1.0,
laliga_102412,2026/27,17,2026-12-20,,,deportivo,RC Deportivo,RC Deportivo,real_madrid,Real Madrid,Real Madrid,scheduled,1.0,0.0,2.0,,1.0,1.0,0.0,0.0,203.0,211.0,1.0,0.0,2.4,0.8,0.0,1.6,0.8,0.8,5.4,3.0,2.1,1.6,0.8,0.8,2.0,0.6,1.8,1.2,5.2,,,,,,,2.4,0.8,0.0,1.8,0.8,1.0,4.4,3.8,2.0,1.7,1.1,0.5999999999999999,1.4,0.4,1.0,1.0,4.2,,,,,,,1455.1579643226437,1643.8869079207884,-188.72894359814472,0.32278040224920285,,,,0.0,0.10000000000000009,-0.19999999999999996,1.0,0.6000000000000001,-8.0,
laliga_102413,2026/27,17,2026-12-20,,,barcelona,FC Barcelona,FC Barcelona,real_sociedad,Real Sociedad,Real Sociedad,scheduled,0.0,0.0,,,1.0,1.0,0.0,0.0,211.0,211.0,0.0,0.0,1.8,0.6,0.0,1.6,1.2,0.40000000000000013,4.8,3.2,2.4,1.8,0.8,1.0,3.0,1.0,2.2,0.4,6.6,,,,,,,0.6,0.0,0.6,1.4,1.8,-0.40000000000000013,3.0,5.8,0.8,1.6,1.9,-0.2999999999999998,0.6,0.0,1.2,1.8,3.6,,,,,,,1670.0690083357954,1489.5195498417131,180.54945849408227,0.7997470212361142,,,,1.2000000000000002,1.5999999999999999,0.8000000000000003,1.7999999999999998,2.4,0.0,
laliga_102414,2026/27,17,2026-12-20,,,getafe,Getafe CF,Getafe CF,levante,Levante UD,Levante UD,scheduled,0.0,0.0,,,1.0,1.0,0.0,0.0,211.0,211.0,0.0,0.0,1.4,0.4,0.2,0.8,0.8,0.0,2.8,4.0,1.6,0.9,0.8,0.09999999999999998,1.8,0.6,1.2,1.0,3.2,,,,,,,1.8,0.6,0.0,2.0,2.2,-0.20000000000000018,6.2,5.6,1.9,1.7,1.5,0.19999999999999996,0.8,0.2,1.0,2.2,4.8,,,,,,,1492.8115288694028,1484.3659660848236,8.445562784579124,0.5972462877570079,,,,-0.40000000000000013,-0.2999999999999998,0.20000000000000018,-3.4000000000000004,1.0,0.0,
laliga_102415,2026/27,17,2026-12-20,,,osasuna,CA Osasuna,CA Osasuna,villarreal,Villarreal CF,Villarreal CF,scheduled,0.0,0.0,,,1.0,1.0,0.0,0.0,211.0,210.0,0.0,0.0,0.0,0.0,0.0,1.0,2.0,-1.0,5.0,5.2,0.8,1.1,1.5,-0.3999999999999999,0.8,0.2,1.2,1.6,5.6,,,,,,,1.4,0.4,0.2,2.6,1.6,1.0,4.8,5.4,1.7,2.1,1.3,0.8,1.0,0.2,0.8,1.2,2.6,,,,,,,1472.152061291961,1577.4033731013535,-105.25131180939252,0.4352438761288052,,,,-1.4,-0.8999999999999999,-2.0,0.20000000000000018,-0.19999999999999996,1.0,
laliga_102416,2026/27,17,2026-12-20,,,vallecano,Rayo Vallecano,Rayo Vallecano,malaga,Málaga CF,Málaga CF,scheduled,0.0,1.0,,4.0,1.0,1.0,0.0,0.0,211.0,203.0,0.0,1.0,2.2,0.6,0.4,1.6,0.6,1.0,5.6,4.8,1.8,1.3,1.0,0.30000000000000004,2.2,0.6,1.6,0.8,6.4,,,,,,,2.6,0.8,0.2,2.6,1.0,1.6,7.2,4.6,1.8,2.3,1.5,0.7999999999999998,2.0,0.6,2.6,1.4,5.6,,,,,,,1518.9810723253138,1449.8796167201926,69.10145560512115,0.6776881601911785,,,,-0.3999999999999999,0.0,-0.6000000000000001,-1.6000000000000005,0.20000000000000018,8.0,
laliga_102417,2026/27,17,2026-12-20,,,sevilla,Sevilla FC,Sevilla FC,racing_santander,Racing de Santander,R. Racing Club,scheduled,0.0,1.0,,1.0,1.0,1.0,0.0,0.0,211.0,203.0,0.0,1.0,1.8,0.6,0.0,1.2,1.0,0.19999999999999996,4.8,2.6,1.2,0.9,1.3,-0.4,1.8,0.6,1.0,1.0,4.2,,,,,,,2.6,0.8,0.2,3.0,1.2,1.8,8.8,3.8,2.3,2.8,1.5,1.2999999999999998,1.6,0.4,1.6,1.8,6.4,,,,,,,1467.2134536362496,1470.7098994240723,-3.496445787822722,0.5806057639521331,,,,-0.8,-1.0999999999999999,-1.6,-4.000000000000001,0.19999999999999996,8.0,
laliga_102418,2026/27,17,2026-12-20,,,valencia,Valencia CF,Valencia CF,espanyol,RCD Espanyol,RCD Espanyol de Barcelona,scheduled,0.0,0.0,,,1.0,1.0,0.0,0.0,211.0,211.0,0.0,0.0,2.0,0.6,0.2,1.8,1.4,0.40000000000000013,3.6,3.8,1.7,1.6,1.3,0.30000000000000004,1.4,0.4,1.6,1.6,3.2,,,,,,,1.4,0.4,0.2,1.2,1.2,0.0,4.8,5.4,0.9,0.8,1.3,-0.5,0.8,0.2,0.8,1.6,3.0,,,,,,,1512.7914332123023,1469.7915487087444,42.99988450355795,0.6440337014023695,,,,0.6000000000000001,0.7999999999999999,0.40000000000000013,-1.1999999999999997,0.5999999999999999,0.0,
laliga_102419,2026/27,18,2027-01-03,,,betis,Real Betis,Real Betis,alaves,Deportivo Alavés,Deportivo Alavés,scheduled,0.0,0.0,,,1.0,1.0,0.0,0.0,225.0,225.0,0.0,0.0,2.0,0.6,0.2,2.0,1.4,0.6000000000000001,5.6,5.8,1.6,1.6,1.3,0.30000000000000004,2.2,0.6,1.6,0.6,6.0,,,,,,,1.4,0.4,0.2,1.2,1.4,-0.19999999999999996,4.6,3.2,1.5,1.8,1.8,0.0,1.6,0.4,2.0,1.8,3.6,,,,,,,1555.2880787227114,1481.1596411976118,74.12843752509957,0.6839761475809261,,,,0.6000000000000001,0.10000000000000009,0.8,1.0,0.6000000000000001,0.0,
laliga_102420,2026/27,18,2027-01-03,,,celta,RC Celta,RC Celta,deportivo,RC Deportivo,RC Deportivo,scheduled,0.0,1.0,,2.0,1.0,1.0,0.0,0.0,225.0,217.0,0.0,1.0,2.0,0.6,0.2,1.6,1.0,0.6000000000000001,3.2,5.0,1.3,1.5,1.7,-0.19999999999999996,1.2,0.4,1.8,2.2,4.8,,,,,,,2.4,0.8,0.0,1.6,0.8,0.8,5.4,3.0,2.1,1.6,0.8,0.8,1.8,0.4,1.2,0.6,4.0,,,,,,,1520.6666347724267,1455.1579643226437,65.50867044978304,0.6731542126212186,,,,-0.3999999999999999,-0.8,-0.19999999999999996,-2.2,-0.6000000000000001,8.0,
laliga_102421,2026/27,18,2027-01-03,,,espanyol,RCD Espanyol,RCD Espanyol de Barcelona,barcelona,FC Barcelona,FC Barcelona,scheduled,0.0,0.0,,,1.0,1.0,0.0,0.0,225.0,225.0,0.0,0.0,1.4,0.4,0.2,1.2,1.2,0.0,4.8,5.4,0.9,0.8,1.3,-0.5,1.0,0.2,0.8,1.0,4.8,,,,,,,1.8,0.6,0.0,1.6,1.2,0.40000000000000013,4.8,3.2,2.4,1.8,0.8,1.0,1.8,0.6,1.4,1.2,4.0,,,,,,,1469.7915487087444,1670.0690083357954,-200.27745962705103,0.3084230663592246,,,,-0.40000000000000013,-1.5,-0.40000000000000013,0.0,-0.8,0.0,
laliga_102422,2026/27,18,2027-01-03,,,levante,Levante UD,Levante UD,valencia,Valencia CF,Valencia CF,scheduled,0.0,0.0,,,1.0,1.0,0.0,0.0,225.0,225.0,0.0,0.0,1.8,0.6,0.0,2.0,2.2,-0.20000000000000018,6.2,5.6,1.9,1.7,1.5,0.19999999999999996,3.0,1.0,2.4,0.8,6.0,,,,,,,2.0,0.6,0.2,1.8,1.4,0.40000000000000013,3.6,3.8,1.7,1.6,1.3,0.30000000000000004,2.0,0.6,1.6,1.0,4.8,,,,,,,1484.3659660848236,1512.7914332123023,-28.42546712747867,0.5453147232747121,,,,-0.19999999999999996,0.19999999999999996,-0.6000000000000003,2.6,1.0,0.0,
laliga_102423,2026/27,18,2027-01-03,,,malaga,Málaga CF,Málaga CF,elche,Elche CF,Elche CF,scheduled,1.0,0.0,4.0,,1.0,1.0,0.0,0.0,217.0,225.0,1.0,0.0,2.6,0.8,0.2,2.6,1.0,1.6,7.2,4.6,1.8,2.3,1.5,0.7999999999999998,1.6,0.4,1.4,1.0,6.2,,,,,,,1.0,0.2,0.4,1.0,1.4,-0.3999999999999999,3.0,4.4,1.7,1.3,1.2,0.10000000000000009,0.8,0.2,1.0,1.6,3.0,,,,,,,1449.8796167201926,1475.3898946051086,-25.510277884915922,0.5494722998251921,,,,1.6,0.10000000000000009,2.0,4.2,0.8,-8.0,
laliga_102424,2026/27,18,2027-01-03,,,racing_santander,Racing de Santander,R. Racing Club,athletic_bilbao,Athletic Club,Athletic Club,scheduled,1.0,0.0,1.0,,1.0,1.0,0.0,0.0,217.0,225.0,1.0,0.0,2.6,0.8,0.2,3.0,1.2,1.8,8.8,3.8,2.3,2.8,1.5,1.2999999999999998,3.0,1.0,4.0,1.2,10.2,,,,,,,0.8,0.2,0.2,1.4,2.0,-0.6000000000000001,4.6,4.4,1.0,1.3,1.8,-0.5,0.6,0.2,1.6,2.6,2.8,,,,,,,1470.7098994240723,1495.7935124307858,-25.08361300671345,0.5500802344906447,,,,1.8,1.2999999999999998,2.4000000000000004,4.200000000000001,2.4,-8.0,
laliga_102425,2026/27,18,2027-01-03,,,vallecano,Rayo Vallecano,Rayo Vallecano,atletico_madrid,Atlético de Madrid,Atlético de Madrid,scheduled,0.0,0.0,,,1.0,1.0,0.0,0.0,225.0,224.0,0.0,0.0,2.2,0.6,0.4,1.6,0.6,1.0,5.6,4.8,1.8,1.3,1.0,0.30000000000000004,2.2,0.6,1.6,0.8,6.4,,,,,,,1.8,0.6,0.0,1.2,1.4,-0.19999999999999996,4.2,5.0,1.2,1.5,1.9,-0.3999999999999999,1.2,0.4,1.6,2.2,3.6,,,,,,,1518.9810723253138,1572.1842025747462,-53.203130249432434,0.5097802342229963,,,,0.40000000000000013,0.6000000000000001,1.2,1.3999999999999995,1.0000000000000002,1.0,
laliga_102426,2026/27,18,2027-01-03,,,real_madrid,Real Madrid,Real Madrid,getafe,Getafe CF,Getafe CF,scheduled,0.0,0.0,,,1.0,1.0,0.0,0.0,225.0,225.0,0.0,0.0,2.4,0.8,0.0,1.8,0.8,1.0,4.4,3.8,2.0,1.7,1.1,0.5999999999999999,2.6,0.8,2.4,1.2,8.4,,,,,,,1.4,0.4,0.2,0.8,0.8,0.0,2.8,4.0,1.6,0.9,0.8,0.09999999999999998,1.4,0.4,0.6,0.6,2.0,,,,,,,1643.8869079207884,1492.8115288694028,151.07537905138565,0.7711908366987527,,,,1.0,0.3999999999999999,1.0,1.6000000000000005,1.2000000000000002,0.0,
laliga_102427,2026/27,18,2027-01-03,,,real_sociedad,Real Sociedad,Real Sociedad,osasuna,CA Osasuna,CA Osasuna,scheduled,0.0,0.0,,,1.0,1.0,0.0,0.0,225.0,225.0,0.0,0.0,0.6,0.0,0.6,1.4,1.8,-0.40000000000000013,3.0,5.8,0.8,1.6,1.9,-0.2999999999999998,1.0,0.2,2.0,2.0,4.4,,,,,,,0.0,0.0,0.0,1.0,2.0,-1.0,5.0,5.2,0.8,1.1,1.5,-0.3999999999999999,0.2,0.0,1.0,2.0,4.2,,,,,,,1489.5195498417131,1472.152061291961,17.367488549752125,0.6095361970864026,,,,0.6,0.0,0.5999999999999999,-2.0,0.8,0.0,
laliga_102428,2026/27,18,2027-01-03,,,villarreal,Villarreal CF,Villarreal CF,sevilla,Sevilla FC,Sevilla FC,scheduled,0.0,0.0,,,1.0,1.0,0.0,0.0,224.0,225.0,0.0,0.0,1.4,0.4,0.2,2.6,1.6,1.0,4.8,5.4,1.7,2.1,1.3,0.8,2.4,0.8,3.4,1.4,6.8,,,,,,,1.8,0.6,0.0,1.2,1.0,0.19999999999999996,4.8,2.6,1.2,0.9,1.3,-0.4,0.6,0.2,0.8,1.6,1.8,,,,,,,1577.4033731013535,1467.2134536362496,110.18991946510391,0.7270470840135687,,,,-0.40000000000000013,0.5,0.8,0.0,1.7999999999999998,-1.0,
laliga_102429,2026/27,19,2027-01-10,,,alaves,Deportivo Alavés,Deportivo Alavés,real_sociedad,Real Sociedad,Real Sociedad,scheduled,0.0,0.0,,,1.0,1.0,0.0,0.0,232.0,232.0,0.0,0.0,1.4,0.4,0.2,1.2,1.4,-0.19999999999999996,4.6,3.2,1.5,1.8,1.8,0.0,1.4,0.4,1.6,1.8,5.6,,,,,,,0.6,0.0,0.6,1.4,1.8,-0.40000000000000013,3.0,5.8,0.8,1.6,1.9,-0.2999999999999998,0.6,0.0,1.2,1.8,3.6,,,,,,,1481.1596411976118,1489.5195498417131,-8.359908644101324,0.5737736069605844,,,,0.7999999999999999,0.7,0.20000000000000018,1.5999999999999996,0.7999999999999999,0.0,
laliga_102430,2026/27,19,2027-01-10,,,athletic_bilbao,Athletic Club,Athletic Club,villarreal,Villarreal CF,Villarreal CF,scheduled,0.0,0.0,,,1.0,1.0,0.0,0.0,232.0,231.0,0.0,0.0,0.8,0.2,0.2,1.4,2.0,-0.6000000000000001,4.6,4.4,1.0,1.3,1.8,-0.5,1.4,0.4,1.0,1.0,5.4,,,,,,,1.4,0.4,0.2,2.6,1.6,1.0,4.8,5.4,1.7,2.1,1.3,0.8,1.0,0.2,0.8,1.2,2.6,,,,,,,1495.7935124307858,1577.4033731013535,-81.60986067056774,0.46894095208984965,,,,-0.5999999999999999,-0.7,-1.6,-0.20000000000000018,0.3999999999999999,1.0,
laliga_102431,2026/27,19,2027-01-10,,,atletico_madrid,Atlético de Madrid,Atlético de Madrid,racing_santander,Racing de Santander,R. Racing Club,scheduled,0.0,1.0,,1.0,1.0,1.0,0.0,0.0,231.0,224.0,0.0,1.0,1.8,0.6,0.0,1.2,1.4,-0.19999999999999996,4.2,5.0,1.2,1.5,1.9,-0.3999999999999999,1.8,0.6,1.2,1.0,3.8,,,,,,,2.6,0.8,0.2,3.0,1.2,1.8,8.8,3.8,2.3,2.8,1.5,1.2999999999999998,1.6,0.4,1.6,1.8,6.4,,,,,,,1572.1842025747462,1470.7098994240723,101.4743031506739,0.7169780577821718,,,,-0.8,-1.0999999999999999,-2.0,-4.6000000000000005,0.19999999999999996,7.0,
laliga_102432,2026/27,19,2027-01-10,,,deportivo,RC Deportivo,RC Deportivo,vallecano,Rayo Vallecano,Rayo Vallecano,scheduled,1.0,0.0,2.0,,1.0,1.0,0.0,0.0,224.0,232.0,1.0,0.0,2.4,0.8,0.0,1.6,0.8,0.8,5.4,3.0,2.1,1.6,0.8,0.8,2.0,0.6,1.8,1.2,5.2,,,,,,,2.2,0.6,0.4,1.6,0.6,1.0,5.6,4.8,1.8,1.3,1.0,0.30000000000000004,1.4,0.4,1.0,1.2,4.6,,,,,,,1455.1579643226437,1518.9810723253138,-63.8231080026701,0.4944983273670055,,,,0.19999999999999973,0.30000000000000004,-0.19999999999999996,-0.1999999999999993,0.6000000000000001,-8.0,
laliga_102433,2026/27,19,2027-01-10,,,elche,Elche CF,Elche CF,getafe,Getafe CF,Getafe CF,scheduled,0.0,0.0,,,1.0,1.0,0.0,0.0,232.0,232.0,0.0,0.0,1.0,0.2,0.4,1.0,1.4,-0.3999999999999999,3.0,4.4,1.7,1.3,1.2,0.10000000000000009,2.6,0.8,1.6,0.8,4.0,,,,,,,1.4,0.4,0.2,0.8,0.8,0.0,2.8,4.0,1.6,0.9,0.8,0.09999999999999998,1.4,0.4,0.6,0.6,2.0,,,,,,,1475.3898946051086,1492.8115288694028,-17.421634264294198,0.560970269748667,,,,-0.3999999999999999,0.09999999999999987,-0.3999999999999999,0.20000000000000018,1.2000000000000002,0.0,
laliga_102434,2026/27,19,2027-01-10,,,espanyol,RCD Espanyol,RCD Espanyol de Barcelona,betis,Real Betis,Real Betis,scheduled,0.0,0.0,,,1.0,1.0,0.0,0.0,232.0,232.0,0.0,0.0,1.4,0.4,0.2,1.2,1.2,0.0,4.8,5.4,0.9,0.8,1.3,-0.5,1.0,0.2,0.8,1.0,4.8,,,,,,,2.0,0.6,0.2,2.0,1.4,0.6000000000000001,5.6,5.8,1.6,1.6,1.3,0.30000000000000004,1.0,0.2,1.6,2.0,3.4,,,,,,,1469.7915487087444,1555.2880787227114,-85.496530013967,0.46337326939638174,,,,-0.6000000000000001,-0.7000000000000001,-0.6000000000000001,-0.7999999999999998,0.0,0.0,
laliga_102435,2026/27,19,2027-01-10,,,osasuna,CA Osasuna,CA Osasuna,barcelona,FC Barcelona,FC Barcelona,scheduled,0.0,0.0,,,1.0,1.0,0.0,0.0,232.0,232.0,0.0,0.0,0.0,0.0,0.0,1.0,2.0,-1.0,5.0,5.2,0.8,1.1,1.5,-0.3999999999999999,0.8,0.2,1.2,1.6,5.6,,,,,,,1.8,0.6,0.0,1.6,1.2,0.40000000000000013,4.8,3.2,2.4,1.8,0.8,1.0,1.8,0.6,1.4,1.2,4.0,,,,,,,1472.152061291961,1670.0690083357954,-197.9169470438344,0.3113289263897452,,,,-1.8,-1.5999999999999999,-1.4000000000000001,0.20000000000000018,-1.0,0.0,
laliga_102436,2026/27,19,2027-01-10,,,real_madrid,Real Madrid,Real Madrid,levante,Levante UD,Levante UD,scheduled,0.0,0.0,,,1.0,1.0,0.0,0.0,232.0,232.0,0.0,0.0,2.4,0.8,0.0,1.8,0.8,1.0,4.4,3.8,2.0,1.7,1.1,0.5999999999999999,2.6,0.8,2.4,1.2,8.4,,,,,,,1.8,0.6,0.0,2.0,2.2,-0.20000000000000018,6.2,5.6,1.9,1.7,1.5,0.19999999999999996,0.8,0.2,1.0,2.2,4.8,,,,,,,1643.8869079207884,1484.3659660848236,159.52094183596478,0.7796562208265069,,,,0.5999999999999999,0.10000000000000009,1.2000000000000002,-1.7999999999999998,1.8,0.0,
laliga_102437,2026/27,19,2027-01-10,,,sevilla,Sevilla FC,Sevilla FC,celta,RC Celta,RC Celta,scheduled,0.0,0.0,,,1.0,1.0,0.0,0.0,232.0,232.0,0.0,0.0,1.8,0.6,0.0,1.2,1.0,0.19999999999999996,4.8,2.6,1.2,0.9,1.3,-0.4,1.8,0.6,1.0,1.0,4.2,,,,,,,2.0,0.6,0.2,1.6,1.0,0.6000000000000001,3.2,5.0,1.3,1.5,1.7,-0.19999999999999996,1.4,0.4,1.2,1.2,2.8,,,,,,,1467.2134536362496,1520.6666347724267,-53.453181136177136,0.5094205147520954,,,,-0.19999999999999996,-0.10000000000000009,-0.40000000000000013,1.5999999999999996,0.40000000000000013,0.0,
laliga_102438,2026/27,19,2027-01-10,,,valencia,Valencia CF,Valencia CF,malaga,Málaga CF,Málaga CF,scheduled,0.0,1.0,,4.0,1.0,1.0,0.0,0.0,232.0,224.0,0.0,1.0,2.0,0.6,0.2,1.8,1.4,0.40000000000000013,3.6,3.8,1.7,1.6,1.3,0.30000000000000004,1.4,0.4,1.6,1.6,3.2,,,,,,,2.6,0.8,0.2,2.6,1.0,1.6,7.2,4.6,1.8,2.3,1.5,0.7999999999999998,2.0,0.6,2.6,1.4,5.6,,,,,,,1512.7914332123023,1449.8796167201926,62.911816492109665,0.6698567629688634,,,,-0.6000000000000001,-0.10000000000000009,-1.2,-3.6,-0.6000000000000001,8.0,
laliga_102439,2026/27,20,2027-01-17,,,atletico_madrid,Atlético de Madrid,Atlético de Madrid,real_sociedad,Real Sociedad,Real Sociedad,scheduled,0.0,0.0,,,1.0,1.0,0.0,0.0,238.0,239.0,0.0,0.0,1.8,0.6,0.0,1.2,1.4,-0.19999999999999996,4.2,5.0,1.2,1.5,1.9,-0.3999999999999999,1.8,0.6,1.2,1.0,3.8,,,,,,,0.6,0.0,0.6,1.4,1.8,-0.40000000000000013,3.0,5.8,0.8,1.6,1.9,-0.2999999999999998,0.6,0.0,1.2,1.8,3.6,,,,,,,1572.1842025747462,1489.5195498417131,82.66465273303311,0.694500291334001,,,,1.2000000000000002,0.3999999999999999,0.20000000000000018,1.2000000000000002,1.2000000000000002,-1.0,
laliga_102440,2026/27,20,2027-01-17,,,betis,Real Betis,Real Betis,deportivo,RC Deportivo,RC Deportivo,scheduled,0.0,1.0,,2.0,1.0,1.0,0.0,0.0,239.0,231.0,0.0,1.0,2.0,0.6,0.2,2.0,1.4,0.6000000000000001,5.6,5.8,1.6,1.6,1.3,0.30000000000000004,2.2,0.6,1.6,0.6,6.0,,,,,,,2.4,0.8,0.0,1.6,0.8,0.8,5.4,3.0,2.1,1.6,0.8,0.8,1.8,0.4,1.2,0.6,4.0,,,,,,,1555.2880787227114,1455.1579643226437,100.13011440006767,0.7154052722098184,,,,-0.3999999999999999,-0.5,-0.19999999999999996,0.1999999999999993,0.40000000000000013,8.0,
laliga_102441,2026/27,20,2027-01-17,,,celta,RC Celta,RC Celta,valencia,Valencia CF,Valencia CF,scheduled,0.0,0.0,,,1.0,1.0,0.0,0.0,239.0,239.0,0.0,0.0,2.0,0.6,0.2,1.6,1.0,0.6000000000000001,3.2,5.0,1.3,1.5,1.7,-0.19999999999999996,1.2,0.4,1.8,2.2,4.8,,,,,,,2.0,0.6,0.2,1.8,1.4,0.40000000000000013,3.6,3.8,1.7,1.6,1.3,0.30000000000000004,2.0,0.6,1.6,1.0,4.8,,,,,,,1520.6666347724267,1512.7914332123023,7.875201560124424,0.596456269738223,,,,0.0,-0.3999999999999999,0.19999999999999996,-0.3999999999999999,-0.8,0.0,
laliga_102442,2026/27,20,2027-01-17,,,barcelona,FC Barcelona,FC Barcelona,elche,Elche CF,Elche CF,scheduled,0.0,0.0,,,1.0,1.0,0.0,0.0,239.0,239.0,0.0,0.0,1.8,0.6,0.0,1.6,1.2,0.40000000000000013,4.8,3.2,2.4,1.8,0.8,1.0,3.0,1.0,2.2,0.4,6.6,,,,,,,1.0,0.2,0.4,1.0,1.4,-0.3999999999999999,3.0,4.4,1.7,1.3,1.2,0.10000000000000009,0.8,0.2,1.0,1.6,3.0,,,,,,,1670.0690083357954,1475.3898946051086,194.67911373068682,0.8124563889408444,,,,0.8,0.7,0.8,1.7999999999999998,2.2,0.0,
laliga_102443,2026/27,20,2027-01-17,,,getafe,Getafe CF,Getafe CF,athletic_bilbao,Athletic Club,Athletic Club,scheduled,0.0,0.0,,,1.0,1.0,0.0,0.0,239.0,239.0,0.0,0.0,1.4,0.4,0.2,0.8,0.8,0.0,2.8,4.0,1.6,0.9,0.8,0.09999999999999998,1.8,0.6,1.2,1.0,3.2,,,,,,,0.8,0.2,0.2,1.4,2.0,-0.6000000000000001,4.6,4.4,1.0,1.3,1.8,-0.5,0.6,0.2,1.6,2.6,2.8,,,,,,,1492.8115288694028,1495.7935124307858,-2.9819835613830037,0.5813267203732141,,,,0.5999999999999999,0.6000000000000001,0.6000000000000001,-1.7999999999999998,1.2000000000000002,0.0,
laliga_102444,2026/27,20,2027-01-17,,,levante,Levante UD,Levante UD,espanyol,RCD Espanyol,RCD Espanyol de Barcelona,scheduled,0.0,0.0,,,1.0,1.0,0.0,0.0,239.0,239.0,0.0,0.0,1.8,0.6,0.0,2.0,2.2,-0.20000000000000018,6.2,5.6,1.9,1.7,1.5,0.19999999999999996,3.0,1.0,2.4,0.8,6.0,,,,,,,1.4,0.4,0.2,1.2,1.2,0.0,4.8,5.4,0.9,0.8,1.3,-0.5,0.8,0.2,0.8,1.6,3.0,,,,,,,1484.3659660848236,1469.7915487087444,14.574417376079282,0.6057028853476187,,,,0.40000000000000013,0.9999999999999999,-0.20000000000000018,1.4000000000000004,2.2,0.0,
laliga_102445,2026/27,20,2027-01-17,,,malaga,Málaga CF,Málaga CF,real_madrid,Real Madrid,Real Madrid,scheduled,1.0,0.0,4.0,,1.0,1.0,0.0,0.0,231.0,239.0,1.0,0.0,2.6,0.8,0.2,2.6,1.0,1.6,7.2,4.6,1.8,2.3,1.5,0.7999999999999998,1.6,0.4,1.4,1.0,6.2,,,,,,,2.4,0.8,0.0,1.8,0.8,1.0,4.4,3.8,2.0,1.7,1.1,0.5999999999999999,1.4,0.4,1.0,1.0,4.2,,,,,,,1449.8796167201926,1643.8869079207884,-194.00729120059577,0.31617461114745476,,,,0.20000000000000018,-0.19999999999999996,0.6000000000000001,2.8,0.20000000000000018,-8.0,
laliga_102446,2026/27,20,2027-01-17,,,racing_santander,Racing de Santander,R. Racing Club,osasuna,CA Osasuna,CA Osasuna,scheduled,1.0,0.0,1.0,,1.0,1.0,0.0,0.0,231.0,239.0,1.0,0.0,2.6,0.8,0.2,3.0,1.2,1.8,8.8,3.8,2.3,2.8,1.5,1.2999999999999998,3.0,1.0,4.0,1.2,10.2,,,,,,,0.0,0.0,0.0,1.0,2.0,-1.0,5.0,5.2,0.8,1.1,1.5,-0.3999999999999999,0.2,0.0,1.0,2.0,4.2,,,,,,,1470.7098994240723,1472.152061291961,-1.4421618678886716,0.5834825074336992,,,,2.6,1.4999999999999998,2.8,3.8000000000000007,2.8,-8.0,
laliga_102447,2026/27,20,2027-01-17,,,vallecano,Rayo Vallecano,Rayo Vallecano,sevilla,Sevilla FC,Sevilla FC,scheduled,0.0,0.0,,,1.0,1.0,0.0,0.0,239.0,239.0,0.0,0.0,2.2,0.6,0.4,1.6,0.6,1.0,5.6,4.8,1.8,1.3,1.0,0.30000000000000004,2.2,0.6,1.6,0.8,6.4,,,,,,,1.8,0.6,0.0,1.2,1.0,0.19999999999999996,4.8,2.6,1.2,0.9,1.3,-0.4,0.6,0.2,0.8,1.6,1.8,,,,,,,1518.9810723253138,1467.2134536362496,51.76761868906419,0.6555184986771277,,,,0.40000000000000013,0.6000000000000001,0.8,0.7999999999999998,1.6,0.0,
laliga_102448,2026/27,20,2027-01-17,,,villarreal,Villarreal CF,Villarreal CF,alaves,Deportivo Alavés,Deportivo Alavés,scheduled,0.0,0.0,,,1.0,1.0,0.0,0.0,238.0,239.0,0.0,0.0,1.4,0.4,0.2,2.6,1.6,1.0,4.8,5.4,1.7,2.1,1.3,0.8,2.4,0.8,3.4,1.4,6.8,,,,,,,1.4,0.4,0.2,1.2,1.4,-0.19999999999999996,4.6,3.2,1.5,1.8,1.8,0.0,1.6,0.4,2.0,1.8,3.6,,,,,,,1577.4033731013535,1481.1596411976118,96.24373190374172,0.7108284931048554,,,,0.0,0.19999999999999996,1.2,0.20000000000000018,0.7999999999999998,-1.0,
laliga_102449,2026/27,21,2027-01-24,,,alaves,Deportivo Alavés,Deportivo Alavés,barcelona,FC Barcelona,FC Barcelona,scheduled,0.0,0.0,,,1.0,1.0,0.0,0.0,246.0,246.0,0.0,0.0,1.4,0.4,0.2,1.2,1.4,-0.19999999999999996,4.6,3.2,1.5,1.8,1.8,0.0,1.4,0.4,1.6,1.8,5.6,,,,,,,1.8,0.6,0.0,1.6,1.2,0.40000000000000013,4.8,3.2,2.4,1.8,0.8,1.0,1.8,0.6,1.4,1.2,4.0,,,,,,,1481.1596411976118,1670.0690083357954,-188.9093671381836,0.3225534128345588,,,,-0.40000000000000013,-0.8999999999999999,-0.6000000000000001,-0.20000000000000018,-0.40000000000000013,0.0,
laliga_102450,2026/27,21,2027-01-24,,,athletic_bilbao,Athletic Club,Athletic Club,levante,Levante UD,Levante UD,scheduled,0.0,0.0,,,1.0,1.0,0.0,0.0,246.0,246.0,0.0,0.0,0.8,0.2,0.2,1.4,2.0,-0.6000000000000001,4.6,4.4,1.0,1.3,1.8,-0.5,1.4,0.4,1.0,1.0,5.4,,,,,,,1.8,0.6,0.0,2.0,2.2,-0.20000000000000018,6.2,5.6,1.9,1.7,1.5,0.19999999999999996,0.8,0.2,1.0,2.2,4.8,,,,,,,1495.7935124307858,1484.3659660848236,11.427546345962128,0.6013683917560788,,,,-1.0,-0.8999999999999999,-0.3999999999999999,-1.6000000000000005,0.5999999999999999,0.0,
laliga_102451,2026/27,21,2027-01-24,,,deportivo,RC Deportivo,RC Deportivo,atletico_madrid,Atlético de Madrid,Atlético de Madrid,scheduled,1.0,0.0,2.0,,1.0,1.0,0.0,0.0,238.0,245.0,1.0,0.0,2.4,0.8,0.0,1.6,0.8,0.8,5.4,3.0,2.1,1.6,0.8,0.8,2.0,0.6,1.8,1.2,5.2,,,,,,,1.8,0.6,0.0,1.2,1.4,-0.19999999999999996,4.2,5.0,1.2,1.5,1.9,-0.3999999999999999,1.2,0.4,1.6,2.2,3.6,,,,,,,1455.1579643226437,1572.1842025747462,-117.02623825210253,0.4186617605631879,,,,0.5999999999999999,0.9000000000000001,1.0,1.2000000000000002,0.8,-7.0,
laliga_102452,2026/27,21,2027-01-24,,,elche,Elche CF,Elche CF,vallecano,Rayo Vallecano,Rayo Vallecano,scheduled,0.0,0.0,,,1.0,1.0,0.0,0.0,246.0,246.0,0.0,0.0,1.0,0.2,0.4,1.0,1.4,-0.3999999999999999,3.0,4.4,1.7,1.3,1.2,0.10000000000000009,2.6,0.8,1.6,0.8,4.0,,,,,,,2.2,0.6,0.4,1.6,0.6,1.0,5.6,4.8,1.8,1.3,1.0,0.30000000000000004,1.4,0.4,1.0,1.2,4.6,,,,,,,1475.3898946051086,1518.9810723253138,-43.59117772020522,0.5235966518205527,,,,-1.2000000000000002,-0.10000000000000009,-1.4,-2.5999999999999996,1.2000000000000002,0.0,
laliga_102453,2026/27,21,2027-01-24,,,espanyol,RCD Espanyol,RCD Espanyol de Barcelona,villarreal,Villarreal CF,Villarreal CF,scheduled,0.0,0.0,,,1.0,1.0,0.0,0.0,246.0,245.0,0.0,0.0,1.4,0.4,0.2,1.2,1.2,0.0,4.8,5.4,0.9,0.8,1.3,-0.5,1.0,0.2,0.8,1.0,4.8,,,,,,,1.4,0.4,0.2,2.6,1.6,1.0,4.8,5.4,1.7,2.1,1.3,0.8,1.0,0.2,0.8,1.2,2.6,,,,,,,1469.7915487087444,1577.4033731013535,-107.61182439260915,0.4319067933256601,,,,0.0,-0.7999999999999999,-1.0,0.0,0.0,1.0,
laliga_102454,2026/27,21,2027-01-24,,,getafe,Getafe CF,Getafe CF,osasuna,CA Osasuna,CA Osasuna,scheduled,0.0,0.0,,,1.0,1.0,0.0,0.0,246.0,246.0,0.0,0.0,1.4,0.4,0.2,0.8,0.8,0.0,2.8,4.0,1.6,0.9,0.8,0.09999999999999998,1.8,0.6,1.2,1.0,3.2,,,,,,,0.0,0.0,0.0,1.0,2.0,-1.0,5.0,5.2,0.8,1.1,1.5,-0.3999999999999999,0.2,0.0,1.0,2.0,4.2,,,,,,,1492.8115288694028,1472.152061291961,20.659467577441774,0.6140368914944067,,,,1.4,0.8,1.0,-2.2,1.6,0.0,
laliga_102455,2026/27,21,2027-01-24,,,racing_santander,Racing de Santander,R. Racing Club,celta,RC Celta,RC Celta,scheduled,1.0,0.0,1.0,,1.0,1.0,0.0,0.0,238.0,246.0,1.0,0.0,2.6,0.8,0.2,3.0,1.2,1.8,8.8,3.8,2.3,2.8,1.5,1.2999999999999998,3.0,1.0,4.0,1.2,10.2,,,,,,,2.0,0.6,0.2,1.6,1.0,0.6000000000000001,3.2,5.0,1.3,1.5,1.7,-0.19999999999999996,1.4,0.4,1.2,1.2,2.8,,,,,,,1470.7098994240723,1520.6666347724267,-49.956735348354414,0.5144493952300676,,,,0.6000000000000001,0.9999999999999998,1.2,5.6000000000000005,1.6,-8.0,
laliga_102456,2026/27,21,2027-01-24,,,real_madrid,Real Madrid,Real Madrid,betis,Real Betis,Real Betis,scheduled,0.0,0.0,,,1.0,1.0,0.0,0.0,246.0,246.0,0.0,0.0,2.4,0.8,0.0,1.8,0.8,1.0,4.4,3.8,2.0,1.7,1.1,0.5999999999999999,2.6,0.8,2.4,1.2,8.4,,,,,,,2.0,0.6,0.2,2.0,1.4,0.6000000000000001,5.6,5.8,1.6,1.6,1.3,0.30000000000000004,1.0,0.2,1.6,2.0,3.4,,,,,,,1643.8869079207884,1555.2880787227114,88.59882919807706,0.7016994456509912,,,,0.3999999999999999,0.3999999999999999,0.3999999999999999,-1.1999999999999993,1.6,0.0,
laliga_102457,2026/27,21,2027-01-24,,,real_sociedad,Real Sociedad,Real Sociedad,malaga,Málaga CF,Málaga CF,scheduled,0.0,1.0,,4.0,1.0,1.0,0.0,0.0,246.0,238.0,0.0,1.0,0.6,0.0,0.6,1.4,1.8,-0.40000000000000013,3.0,5.8,0.8,1.6,1.9,-0.2999999999999998,1.0,0.2,2.0,2.0,4.4,,,,,,,2.6,0.8,0.2,2.6,1.0,1.6,7.2,4.6,1.8,2.3,1.5,0.7999999999999998,2.0,0.6,2.6,1.4,5.6,,,,,,,1489.5195498417131,1449.8796167201926,39.63993312152047,0.6395873462911412,,,,-2.0,-1.0,-2.0,-4.2,-1.0,8.0,
laliga_102458,2026/27,21,2027-01-24,,,valencia,Valencia CF,Valencia CF,sevilla,Sevilla FC,Sevilla FC,scheduled,0.0,0.0,,,1.0,1.0,0.0,0.0,246.0,246.0,0.0,0.0,2.0,0.6,0.2,1.8,1.4,0.40000000000000013,3.6,3.8,1.7,1.6,1.3,0.30000000000000004,1.4,0.4,1.6,1.6,3.2,,,,,,,1.8,0.6,0.0,1.2,1.0,0.19999999999999996,4.8,2.6,1.2,0.9,1.3,-0.4,0.6,0.2,0.8,1.6,1.8,,,,,,,1512.7914332123023,1467.2134536362496,45.57797957605271,0.6474286781829977,,,,0.19999999999999996,0.5,0.20000000000000018,-1.1999999999999997,0.7999999999999999,0.0,
laliga_102459,2026/27,22,2027-01-31,,,atletico_madrid,Atlético de Madrid,Atlético de Madrid,espanyol,RCD Espanyol,RCD Espanyol de Barcelona,scheduled,0.0,0.0,,,1.0,1.0,0.0,0.0,252.0,253.0,0.0,0.0,1.8,0.6,0.0,1.2,1.4,-0.19999999999999996,4.2,5.0,1.2,1.5,1.9,-0.3999999999999999,1.8,0.6,1.2,1.0,3.8,,,,,,,1.4,0.4,0.2,1.2,1.2,0.0,4.8,5.4,0.9,0.8,1.3,-0.5,0.8,0.2,0.8,1.6,3.0,,,,,,,1572.1842025747462,1469.7915487087444,102.39265386600187,0.7180495557657898,,,,0.40000000000000013,0.29999999999999993,-0.19999999999999996,-0.5999999999999996,1.0,-1.0,
laliga_102460,2026/27,22,2027-01-31,,,betis,Real Betis,Real Betis,elche,Elche CF,Elche CF,scheduled,0.0,0.0,,,1.0,1.0,0.0,0.0,253.0,253.0,0.0,0.0,2.0,0.6,0.2,2.0,1.4,0.6000000000000001,5.6,5.8,1.6,1.6,1.3,0.30000000000000004,2.2,0.6,1.6,0.6,6.0,,,,,,,1.0,0.2,0.4,1.0,1.4,-0.3999999999999999,3.0,4.4,1.7,1.3,1.2,0.10000000000000009,0.8,0.2,1.0,1.6,3.0,,,,,,,1555.2880787227114,1475.3898946051086,79.8981841176028,0.6911110479576542,,,,1.0,-0.09999999999999987,1.0,2.5999999999999996,1.4000000000000001,0.0,
laliga_102461,2026/27,22,2027-01-31,,,celta,RC Celta,RC Celta,getafe,Getafe CF,Getafe CF,scheduled,0.0,0.0,,,1.0,1.0,0.0,0.0,253.0,253.0,0.0,0.0,2.0,0.6,0.2,1.6,1.0,0.6000000000000001,3.2,5.0,1.3,1.5,1.7,-0.19999999999999996,1.2,0.4,1.8,2.2,4.8,,,,,,,1.4,0.4,0.2,0.8,0.8,0.0,2.8,4.0,1.6,0.9,0.8,0.09999999999999998,1.4,0.4,0.6,0.6,2.0,,,,,,,1520.6666347724267,1492.8115288694028,27.85510590302397,0.6238060441584342,,,,0.6000000000000001,-0.30000000000000004,0.6000000000000001,0.40000000000000036,-0.19999999999999996,0.0,
laliga_102462,2026/27,22,2027-01-31,,,barcelona,FC Barcelona,FC Barcelona,valencia,Valencia CF,Valencia CF,scheduled,0.0,0.0,,,1.0,1.0,0.0,0.0,253.0,253.0,0.0,0.0,1.8,0.6,0.0,1.6,1.2,0.40000000000000013,4.8,3.2,2.4,1.8,0.8,1.0,3.0,1.0,2.2,0.4,6.6,,,,,,,2.0,0.6,0.2,1.8,1.4,0.40000000000000013,3.6,3.8,1.7,1.6,1.3,0.30000000000000004,2.0,0.6,1.6,1.0,4.8,,,,,,,1670.0690083357954,1512.7914332123023,157.27757512349308,0.7774297084099641,,,,-0.19999999999999996,0.7,0.0,1.1999999999999997,1.0,0.0,
laliga_102463,2026/27,22,2027-01-31,,,levante,Levante UD,Levante UD,real_sociedad,Real Sociedad,Real Sociedad,scheduled,0.0,0.0,,,1.0,1.0,0.0,0.0,253.0,253.0,0.0,0.0,1.8,0.6,0.0,2.0,2.2,-0.20000000000000018,6.2,5.6,1.9,1.7,1.5,0.19999999999999996,3.0,1.0,2.4,0.8,6.0,,,,,,,0.6,0.0,0.6,1.4,1.8,-0.40000000000000013,3.0,5.8,0.8,1.6,1.9,-0.2999999999999998,0.6,0.0,1.2,1.8,3.6,,,,,,,1484.3659660848236,1489.5195498417131,-5.153583756889475,0.5782811601930632,,,,1.2000000000000002,1.0999999999999999,0.19999999999999996,3.2,2.4,0.0,
laliga_102464,2026/27,22,2027-01-31,,,malaga,Málaga CF,Málaga CF,alaves,Deportivo Alavés,Deportivo Alavés,scheduled,1.0,0.0,4.0,,1.0,1.0,0.0,0.0,245.0,253.0,1.0,0.0,2.6,0.8,0.2,2.6,1.0,1.6,7.2,4.6,1.8,2.3,1.5,0.7999999999999998,1.6,0.4,1.4,1.0,6.2,,,,,,,1.4,0.4,0.2,1.2,1.4,-0.19999999999999996,4.6,3.2,1.5,1.8,1.8,0.0,1.6,0.4,2.0,1.8,3.6,,,,,,,1449.8796167201926,1481.1596411976118,-31.280024477419147,0.5412374829581632,,,,1.2000000000000002,0.30000000000000004,1.8,2.6000000000000005,0.0,-8.0,
laliga_102465,2026/27,22,2027-01-31,,,osasuna,CA Osasuna,CA Osasuna,deportivo,RC Deportivo,RC Deportivo,scheduled,0.0,1.0,,2.0,1.0,1.0,0.0,0.0,253.0,245.0,0.0,1.0,0.0,0.0,0.0,1.0,2.0,-1.0,5.0,5.2,0.8,1.1,1.5,-0.3999999999999999,0.8,0.2,1.2,1.6,5.6,,,,,,,2.4,0.8,0.0,1.6,0.8,0.8,5.4,3.0,2.1,1.6,0.8,0.8,1.8,0.4,1.2,0.6,4.0,,,,,,,1472.152061291961,1455.1579643226437,16.994096969317297,0.6090245121950085,,,,-2.4,-1.3,-1.8,-0.40000000000000036,-1.0,8.0,
laliga_102466,2026/27,22,2027-01-31,,,vallecano,Rayo Vallecano,Rayo Vallecano,real_madrid,Real Madrid,Real Madrid,scheduled,0.0,0.0,,,1.0,1.0,0.0,0.0,253.0,253.0,0.0,0.0,2.2,0.6,0.4,1.6,0.6,1.0,5.6,4.8,1.8,1.3,1.0,0.30000000000000004,2.2,0.6,1.6,0.8,6.4,,,,,,,2.4,0.8,0.0,1.8,0.8,1.0,4.4,3.8,2.0,1.7,1.1,0.5999999999999999,1.4,0.4,1.0,1.0,4.2,,,,,,,1518.9810723253138,1643.8869079207884,-124.90583559547463,0.4076646548812281,,,,-0.19999999999999973,-0.19999999999999996,0.0,1.1999999999999993,0.8000000000000003,0.0,
laliga_102467,2026/27,22,2027-01-31,,,sevilla,Sevilla FC,Sevilla FC,athletic_bilbao,Athletic Club,Athletic Club,scheduled,0.0,0.0,,,1.0,1.0,0.0,0.0,253.0,253.0,0.0,0.0,1.8,0.6,0.0,1.2,1.0,0.19999999999999996,4.8,2.6,1.2,0.9,1.3,-0.4,1.8,0.6,1.0,1.0,4.2,,,,,,,0.8,0.2,0.2,1.4,2.0,-0.6000000000000001,4.6,4.4,1.0,1.3,1.8,-0.5,0.6,0.2,1.6,2.6,2.8,,,,,,,1467.2134536362496,1495.7935124307858,-28.58005879453617,0.5450940664431569,,,,1.0,0.19999999999999996,0.8,0.20000000000000018,1.2000000000000002,0.0,
laliga_102468,2026/27,22,2027-01-31,,,villarreal,Villarreal CF,Villarreal CF,racing_santander,Racing de Santander,R. Racing Club,scheduled,0.0,1.0,,1.0,1.0,1.0,0.0,0.0,252.0,245.0,0.0,1.0,1.4,0.4,0.2,2.6,1.6,1.0,4.8,5.4,1.7,2.1,1.3,0.8,2.4,0.8,3.4,1.4,6.8,,,,,,,2.6,0.8,0.2,3.0,1.2,1.8,8.8,3.8,2.3,2.8,1.5,1.2999999999999998,1.6,0.4,1.6,1.8,6.4,,,,,,,1577.4033731013535,1470.7098994240723,106.69347367728119,0.7230346561599332,,,,-1.2000000000000002,-0.5999999999999999,-0.8,-4.000000000000001,0.7999999999999998,7.0,
laliga_102469,2026/27,23,2027-02-07,,,alaves,Deportivo Alavés,Deportivo Alavés,celta,RC Celta,RC Celta,scheduled,0.0,0.0,,,1.0,1.0,0.0,0.0,260.0,260.0,0.0,0.0,1.4,0.4,0.2,1.2,1.4,-0.19999999999999996,4.6,3.2,1.5,1.8,1.8,0.0,1.4,0.4,1.6,1.8,5.6,,,,,,,2.0,0.6,0.2,1.6,1.0,0.6000000000000001,3.2,5.0,1.3,1.5,1.7,-0.19999999999999996,1.4,0.4,1.2,1.2,2.8,,,,,,,1481.1596411976118,1520.6666347724267,-39.50699357481494,0.5294576531481164,,,,-0.6000000000000001,0.19999999999999996,-0.8,1.3999999999999995,0.0,0.0,
laliga_102470,2026/27,23,2027-02-07,,,athletic_bilbao,Athletic Club,Athletic Club,osasuna,CA Osasuna,CA Osasuna,scheduled,0.0,0.0,,,1.0,1.0,0.0,0.0,260.0,260.0,0.0,0.0,0.8,0.2,0.2,1.4,2.0,-0.6000000000000001,4.6,4.4,1.0,1.3,1.8,-0.5,1.4,0.4,1.0,1.0,5.4,,,,,,,0.0,0.0,0.0,1.0,2.0,-1.0,5.0,5.2,0.8,1.1,1.5,-0.3999999999999999,0.2,0.0,1.0,2.0,4.2,,,,,,,1495.7935124307858,1472.152061291961,23.641451138824777,0.6180970337465974,,,,0.8,0.19999999999999996,0.3999999999999999,-0.40000000000000036,1.2,0.0,
laliga_102471,2026/27,23,2027-02-07,,,betis,Real Betis,Real Betis,sevilla,Sevilla FC,Sevilla FC,scheduled,0.0,0.0,,,1.0,1.0,0.0,0.0,260.0,260.0,0.0,0.0,2.0,0.6,0.2,2.0,1.4,0.6000000000000001,5.6,5.8,1.6,1.6,1.3,0.30000000000000004,2.2,0.6,1.6,0.6,6.0,,,,,,,1.8,0.6,0.0,1.2,1.0,0.19999999999999996,4.8,2.6,1.2,0.9,1.3,-0.4,0.6,0.2,0.8,1.6,1.8,,,,,,,1555.2880787227114,1467.2134536362496,88.07462508646177,0.7010674335492788,,,,0.19999999999999996,0.40000000000000013,0.40000000000000013,0.7999999999999998,1.6,0.0,
laliga_102472,2026/27,23,2027-02-07,,,deportivo,RC Deportivo,RC Deportivo,malaga,Málaga CF,Málaga CF,scheduled,1.0,1.0,2.0,4.0,1.0,1.0,0.0,0.0,252.0,252.0,1.0,1.0,2.4,0.8,0.0,1.6,0.8,0.8,5.4,3.0,2.1,1.6,0.8,0.8,2.0,0.6,1.8,1.2,5.2,,,,,,,2.6,0.8,0.2,2.6,1.0,1.6,7.2,4.6,1.8,2.3,1.5,0.7999999999999998,2.0,0.6,2.6,1.4,5.6,,,,,,,1455.1579643226437,1449.8796167201926,5.278347602451049,0.5928530479408041,,,,-0.20000000000000018,0.30000000000000004,-0.8,-1.7999999999999998,0.0,0.0,
laliga_102473,2026/27,23,2027-02-07,,,elche,Elche CF,Elche CF,levante,Levante UD,Levante UD,scheduled,0.0,0.0,,,1.0,1.0,0.0,0.0,260.0,260.0,0.0,0.0,1.0,0.2,0.4,1.0,1.4,-0.3999999999999999,3.0,4.4,1.7,1.3,1.2,0.10000000000000009,2.6,0.8,1.6,0.8,4.0,,,,,,,1.8,0.6,0.0,2.0,2.2,-0.20000000000000018,6.2,5.6,1.9,1.7,1.5,0.19999999999999996,0.8,0.2,1.0,2.2,4.8,,,,,,,1475.3898946051086,1484.3659660848236,-8.976071479715074,0.5729059554959729,,,,-0.8,-0.19999999999999996,-0.19999999999999973,-3.2,1.8,0.0,
laliga_102474,2026/27,23,2027-02-07,,,espanyol,RCD Espanyol,RCD Espanyol de Barcelona,vallecano,Rayo Vallecano,Rayo Vallecano,scheduled,0.0,0.0,,,1.0,1.0,0.0,0.0,260.0,260.0,0.0,0.0,1.4,0.4,0.2,1.2,1.2,0.0,4.8,5.4,0.9,0.8,1.3,-0.5,1.0,0.2,0.8,1.0,4.8,,,,,,,2.2,0.6,0.4,1.6,0.6,1.0,5.6,4.8,1.8,1.3,1.0,0.30000000000000004,1.4,0.4,1.0,1.2,4.6,,,,,,,1469.7915487087444,1518.9810723253138,-49.18952361656943,0.5155525073942557,,,,-0.8000000000000003,-0.9,-1.0,-0.7999999999999998,-0.3999999999999999,0.0,
laliga_102475,2026/27,23,2027-02-07,,,barcelona,FC Barcelona,FC Barcelona,atletico_madrid,Atlético de Madrid,Atlético de Madrid,scheduled,0.0,0.0,,,1.0,1.0,0.0,0.0,260.0,259.0,0.0,0.0,1.8,0.6,0.0,1.6,1.2,0.40000000000000013,4.8,3.2,2.4,1.8,0.8,1.0,3.0,1.0,2.2,0.4,6.6,,,,,,,1.8,0.6,0.0,1.2,1.4,-0.19999999999999996,4.2,5.0,1.2,1.5,1.9,-0.3999999999999999,1.2,0.4,1.6,2.2,3.6,,,,,,,1670.0690083357954,1572.1842025747462,97.88480576104917,0.7127664174768638,,,,0.0,1.2,0.6000000000000001,0.5999999999999996,1.8,1.0,
laliga_102476,2026/27,23,2027-02-07,,,getafe,Getafe CF,Getafe CF,villarreal,Villarreal CF,Villarreal CF,scheduled,0.0,0.0,,,1.0,1.0,0.0,0.0,260.0,259.0,0.0,0.0,1.4,0.4,0.2,0.8,0.8,0.0,2.8,4.0,1.6,0.9,0.8,0.09999999999999998,1.8,0.6,1.2,1.0,3.2,,,,,,,1.4,0.4,0.2,2.6,1.6,1.0,4.8,5.4,1.7,2.1,1.3,0.8,1.0,0.2,0.8,1.2,2.6,,,,,,,1492.8115288694028,1577.4033731013535,-84.59184423195074,0.4646684746784934,,,,0.0,-0.09999999999999987,-1.0,-2.0,0.8,1.0,
laliga_102477,2026/27,23,2027-02-07,,,real_sociedad,Real Sociedad,Real Sociedad,real_madrid,Real Madrid,Real Madrid,scheduled,0.0,0.0,,,1.0,1.0,0.0,0.0,260.0,260.0,0.0,0.0,0.6,0.0,0.6,1.4,1.8,-0.40000000000000013,3.0,5.8,0.8,1.6,1.9,-0.2999999999999998,1.0,0.2,2.0,2.0,4.4,,,,,,,2.4,0.8,0.0,1.8,0.8,1.0,4.4,3.8,2.0,1.7,1.1,0.5999999999999999,1.4,0.4,1.0,1.0,4.2,,,,,,,1489.5195498417131,1643.8869079207884,-154.3673580790753,0.3674383399553743,,,,-1.7999999999999998,-1.2,-1.4000000000000001,-1.4000000000000004,-0.3999999999999999,0.0,
laliga_102478,2026/27,23,2027-02-07,,,valencia,Valencia CF,Valencia CF,racing_santander,Racing de Santander,R. Racing Club,scheduled,0.0,1.0,,1.0,1.0,1.0,0.0,0.0,260.0,252.0,0.0,1.0,2.0,0.6,0.2,1.8,1.4,0.40000000000000013,3.6,3.8,1.7,1.6,1.3,0.30000000000000004,1.4,0.4,1.6,1.6,3.2,,,,,,,2.6,0.8,0.2,3.0,1.2,1.8,8.8,3.8,2.3,2.8,1.5,1.2999999999999998,1.6,0.4,1.6,1.8,6.4,,,,,,,1512.7914332123023,1470.7098994240723,42.08153378822999,0.6428208389816231,,,,-0.6000000000000001,-0.5999999999999999,-1.4,-5.200000000000001,-0.20000000000000018,8.0,
laliga_102479,2026/27,24,2027-02-14,,,celta,RC Celta,RC Celta,vallecano,Rayo Vallecano,Rayo Vallecano,scheduled,0.0,0.0,,,1.0,1.0,0.0,0.0,267.0,267.0,0.0,0.0,2.0,0.6,0.2,1.6,1.0,0.6000000000000001,3.2,5.0,1.3,1.5,1.7,-0.19999999999999996,1.2,0.4,1.8,2.2,4.8,,,,,,,2.2,0.6,0.4,1.6,0.6,1.0,5.6,4.8,1.8,1.3,1.0,0.30000000000000004,1.4,0.4,1.0,1.2,4.6,,,,,,,1520.6666347724267,1518.9810723253138,1.6855624471129431,0.5878514994374954,,,,-0.20000000000000018,-0.5,-0.3999999999999999,-2.3999999999999995,-0.19999999999999996,0.0,
laliga_102480,2026/27,24,2027-02-14,,,elche,Elche CF,Elche CF,deportivo,RC Deportivo,RC Deportivo,scheduled,0.0,1.0,,2.0,1.0,1.0,0.0,0.0,267.0,259.0,0.0,1.0,1.0,0.2,0.4,1.0,1.4,-0.3999999999999999,3.0,4.4,1.7,1.3,1.2,0.10000000000000009,2.6,0.8,1.6,0.8,4.0,,,,,,,2.4,0.8,0.0,1.6,0.8,0.8,5.4,3.0,2.1,1.6,0.8,0.8,1.8,0.4,1.2,0.6,4.0,,,,,,,1475.3898946051086,1455.1579643226437,20.231930282464873,0.6134534576105588,,,,-1.4,-0.40000000000000013,-1.2,-2.4000000000000004,0.8,8.0,
laliga_102481,2026/27,24,2027-02-14,,,levante,Levante UD,Levante UD,malaga,Málaga CF,Málaga CF,scheduled,0.0,1.0,,4.0,1.0,1.0,0.0,0.0,267.0,259.0,0.0,1.0,1.8,0.6,0.0,2.0,2.2,-0.20000000000000018,6.2,5.6,1.9,1.7,1.5,0.19999999999999996,3.0,1.0,2.4,0.8,6.0,,,,,,,2.6,0.8,0.2,2.6,1.0,1.6,7.2,4.6,1.8,2.3,1.5,0.7999999999999998,2.0,0.6,2.6,1.4,5.6,,,,,,,1484.3659660848236,1449.8796167201926,34.486349364630996,0.632720851128751,,,,-0.8,0.09999999999999987,-1.8000000000000003,-1.0,1.0,8.0,
laliga_102482,2026/27,24,2027-02-14,,,osasuna,CA Osasuna,CA Osasuna,atletico_madrid,Atlético de Madrid,Atlético de Madrid,scheduled,0.0,0.0,,,1.0,1.0,0.0,0.0,267.0,266.0,0.0,0.0,0.0,0.0,0.0,1.0,2.0,-1.0,5.0,5.2,0.8,1.1,1.5,-0.3999999999999999,0.8,0.2,1.2,1.6,5.6,,,,,,,1.8,0.6,0.0,1.2,1.4,-0.19999999999999996,4.2,5.0,1.2,1.5,1.9,-0.3999999999999999,1.2,0.4,1.6,2.2,3.6,,,,,,,1472.152061291961,1572.1842025747462,-100.03214128278523,0.4426427194190675,,,,-1.8,-0.3999999999999999,-0.8,0.7999999999999998,-0.3999999999999999,1.0,
laliga_102483,2026/27,24,2027-02-14,,,racing_santander,Racing de Santander,R. Racing Club,getafe,Getafe CF,Getafe CF,scheduled,1.0,0.0,1.0,,1.0,1.0,0.0,0.0,259.0,267.0,1.0,0.0,2.6,0.8,0.2,3.0,1.2,1.8,8.8,3.8,2.3,2.8,1.5,1.2999999999999998,3.0,1.0,4.0,1.2,10.2,,,,,,,1.4,0.4,0.2,0.8,0.8,0.0,2.8,4.0,1.6,0.9,0.8,0.09999999999999998,1.4,0.4,0.6,0.6,2.0,,,,,,,1470.7098994240723,1492.8115288694028,-22.101629445330445,0.5543248486131214,,,,1.2000000000000002,0.6999999999999997,1.8,6.000000000000001,1.6,-8.0,
laliga_102484,2026/27,24,2027-02-14,,,real_madrid,Real Madrid,Real Madrid,athletic_bilbao,Athletic Club,Athletic Club,scheduled,0.0,0.0,,,1.0,1.0,0.0,0.0,267.0,267.0,0.0,0.0,2.4,0.8,0.0,1.8,0.8,1.0,4.4,3.8,2.0,1.7,1.1,0.5999999999999999,2.6,0.8,2.4,1.2,8.4,,,,,,,0.8,0.2,0.2,1.4,2.0,-0.6000000000000001,4.6,4.4,1.0,1.3,1.8,-0.5,0.6,0.2,1.6,2.6,2.8,,,,,,,1643.8869079207884,1495.7935124307858,148.09339549000265,0.7681477667229761,,,,1.5999999999999999,1.0,1.6,-0.1999999999999993,2.0,0.0,
laliga_102485,2026/27,24,2027-02-14,,,real_sociedad,Real Sociedad,Real Sociedad,betis,Real Betis,Real Betis,scheduled,0.0,0.0,,,1.0,1.0,0.0,0.0,267.0,267.0,0.0,0.0,0.6,0.0,0.6,1.4,1.8,-0.40000000000000013,3.0,5.8,0.8,1.6,1.9,-0.2999999999999998,1.0,0.2,2.0,2.0,4.4,,,,,,,2.0,0.6,0.2,2.0,1.4,0.6000000000000001,5.6,5.8,1.6,1.6,1.3,0.30000000000000004,1.0,0.2,1.6,2.0,3.4,,,,,,,1489.5195498417131,1555.2880787227114,-65.76852888099825,0.4916991823529533,,,,-1.4,-0.8,-1.0000000000000002,-2.5999999999999996,0.0,0.0,
laliga_102486,2026/27,24,2027-02-14,,,sevilla,Sevilla FC,Sevilla FC,espanyol,RCD Espanyol,RCD Espanyol de Barcelona,scheduled,0.0,0.0,,,1.0,1.0,0.0,0.0,267.0,267.0,0.0,0.0,1.8,0.6,0.0,1.2,1.0,0.19999999999999996,4.8,2.6,1.2,0.9,1.3,-0.4,1.8,0.6,1.0,1.0,4.2,,,,,,,1.4,0.4,0.2,1.2,1.2,0.0,4.8,5.4,0.9,0.8,1.3,-0.5,0.8,0.2,0.8,1.6,3.0,,,,,,,1467.2134536362496,1469.7915487087444,-2.5780950724947616,0.5818924779747112,,,,0.40000000000000013,0.29999999999999993,0.19999999999999996,0.0,1.0,0.0,
laliga_102487,2026/27,24,2027-02-14,,,valencia,Valencia CF,Valencia CF,alaves,Deportivo Alavés,Deportivo Alavés,scheduled,0.0,0.0,,,1.0,1.0,0.0,0.0,267.0,267.0,0.0,0.0,2.0,0.6,0.2,1.8,1.4,0.40000000000000013,3.6,3.8,1.7,1.6,1.3,0.30000000000000004,1.4,0.4,1.6,1.6,3.2,,,,,,,1.4,0.4,0.2,1.2,1.4,-0.19999999999999996,4.6,3.2,1.5,1.8,1.8,0.0,1.6,0.4,2.0,1.8,3.6,,,,,,,1512.7914332123023,1481.1596411976118,31.631792014690518,0.6288940025419331,,,,0.6000000000000001,0.19999999999999996,0.6000000000000001,-0.9999999999999996,-0.20000000000000018,0.0,
laliga_102488,2026/27,24,2027-02-14,,,villarreal,Villarreal CF,Villarreal CF,barcelona,FC Barcelona,FC Barcelona,scheduled,0.0,0.0,,,1.0,1.0,0.0,0.0,266.0,267.0,0.0,0.0,1.4,0.4,0.2,2.6,1.6,1.0,4.8,5.4,1.7,2.1,1.3,0.8,2.4,0.8,3.4,1.4,6.8,,,,,,,1.8,0.6,0.0,1.6,1.2,0.40000000000000013,4.8,3.2,2.4,1.8,0.8,1.0,1.8,0.6,1.4,1.2,4.0,,,,,,,1577.4033731013535,1670.0690083357954,-92.66563523444188,0.45312839976721725,,,,-0.40000000000000013,-0.7,0.5999999999999999,0.0,0.5999999999999999,-1.0,
laliga_102489,2026/27,25,2027-02-21,,,alaves,Deportivo Alavés,Deportivo Alavés,racing_santander,Racing de Santander,R. Racing Club,scheduled,0.0,1.0,,1.0,1.0,1.0,0.0,0.0,274.0,266.0,0.0,1.0,1.4,0.4,0.2,1.2,1.4,-0.19999999999999996,4.6,3.2,1.5,1.8,1.8,0.0,1.4,0.4,1.6,1.8,5.6,,,,,,,2.6,0.8,0.2,3.0,1.2,1.8,8.8,3.8,2.3,2.8,1.5,1.2999999999999998,1.6,0.4,1.6,1.8,6.4,,,,,,,1481.1596411976118,1470.7098994240723,10.449741773539472,0.6000182890424793,,,,-1.2000000000000002,-0.7999999999999998,-2.0,-4.200000000000001,-0.20000000000000018,8.0,
laliga_102490,2026/27,25,2027-02-21,,,athletic_bilbao,Athletic Club,Athletic Club,celta,RC Celta,RC Celta,scheduled,0.0,0.0,,,1.0,1.0,0.0,0.0,274.0,274.0,0.0,0.0,0.8,0.2,0.2,1.4,2.0,-0.6000000000000001,4.6,4.4,1.0,1.3,1.8,-0.5,1.4,0.4,1.0,1.0,5.4,,,,,,,2.0,0.6,0.2,1.6,1.0,0.6000000000000001,3.2,5.0,1.3,1.5,1.7,-0.19999999999999996,1.4,0.4,1.2,1.2,2.8,,,,,,,1495.7935124307858,1520.6666347724267,-24.873122341640965,0.550380097741282,,,,-1.2,-0.30000000000000004,-1.2000000000000002,1.3999999999999995,0.0,0.0,
laliga_102491,2026/27,25,2027-02-21,,,atletico_madrid,Atlético de Madrid,Atlético de Madrid,elche,Elche CF,Elche CF,scheduled,0.0,0.0,,,1.0,1.0,0.0,0.0,273.0,274.0,0.0,0.0,1.8,0.6,0.0,1.2,1.4,-0.19999999999999996,4.2,5.0,1.2,1.5,1.9,-0.3999999999999999,1.8,0.6,1.2,1.0,3.8,,,,,,,1.0,0.2,0.4,1.0,1.4,-0.3999999999999999,3.0,4.4,1.7,1.3,1.2,0.10000000000000009,0.8,0.2,1.0,1.6,3.0,,,,,,,1572.1842025747462,1475.3898946051086,96.79430796963766,0.7114795259392435,,,,0.8,-0.5,0.19999999999999996,1.2000000000000002,1.0,-1.0,
laliga_102492,2026/27,25,2027-02-21,,,deportivo,RC Deportivo,RC Deportivo,real_sociedad,Real Sociedad,Real Sociedad,scheduled,1.0,0.0,2.0,,1.0,1.0,0.0,0.0,266.0,274.0,1.0,0.0,2.4,0.8,0.0,1.6,0.8,0.8,5.4,3.0,2.1,1.6,0.8,0.8,2.0,0.6,1.8,1.2,5.2,,,,,,,0.6,0.0,0.6,1.4,1.8,-0.40000000000000013,3.0,5.8,0.8,1.6,1.9,-0.2999999999999998,0.6,0.0,1.2,1.8,3.6,,,,,,,1455.1579643226437,1489.5195498417131,-34.36158551906942,0.5368298169907199,,,,1.7999999999999998,1.3,1.2000000000000002,2.4000000000000004,1.4,-8.0,
laliga_102493,2026/27,25,2027-02-21,,,espanyol,RCD Espanyol,RCD Espanyol de Barcelona,osasuna,CA Osasuna,CA Osasuna,scheduled,0.0,0.0,,,1.0,1.0,0.0,0.0,274.0,274.0,0.0,0.0,1.4,0.4,0.2,1.2,1.2,0.0,4.8,5.4,0.9,0.8,1.3,-0.5,1.0,0.2,0.8,1.0,4.8,,,,,,,0.0,0.0,0.0,1.0,2.0,-1.0,5.0,5.2,0.8,1.1,1.5,-0.3999999999999999,0.2,0.0,1.0,2.0,4.2,,,,,,,1469.7915487087444,1472.152061291961,-2.3605125832166323,0.5821971732795322,,,,1.4,0.09999999999999998,1.0,-0.20000000000000018,0.8,0.0,
laliga_102494,2026/27,25,2027-02-21,,,barcelona,FC Barcelona,FC Barcelona,levante,Levante UD,Levante UD,scheduled,0.0,0.0,,,1.0,1.0,0.0,0.0,274.0,274.0,0.0,0.0,1.8,0.6,0.0,1.6,1.2,0.40000000000000013,4.8,3.2,2.4,1.8,0.8,1.0,3.0,1.0,2.2,0.4,6.6,,,,,,,1.8,0.6,0.0,2.0,2.2,-0.20000000000000018,6.2,5.6,1.9,1.7,1.5,0.19999999999999996,0.8,0.2,1.0,2.2,4.8,,,,,,,1670.0690083357954,1484.3659660848236,185.70304225097175,0.8044559294378794,,,,0.0,0.5,0.6000000000000003,-1.4000000000000004,2.2,0.0,
laliga_102495,2026/27,25,2027-02-21,,,malaga,Málaga CF,Málaga CF,betis,Real Betis,Real Betis,scheduled,1.0,0.0,4.0,,1.0,1.0,0.0,0.0,266.0,274.0,1.0,0.0,2.6,0.8,0.2,2.6,1.0,1.6,7.2,4.6,1.8,2.3,1.5,0.7999999999999998,1.6,0.4,1.4,1.0,6.2,,,,,,,2.0,0.6,0.2,2.0,1.4,0.6000000000000001,5.6,5.8,1.6,1.6,1.3,0.30000000000000004,1.0,0.2,1.6,2.0,3.4,,,,,,,1449.8796167201926,1555.2880787227114,-105.40846200251872,0.4350215252938389,,,,0.6000000000000001,0.19999999999999996,1.0,1.6000000000000005,0.6000000000000001,-8.0,
laliga_102496,2026/27,25,2027-02-21,,,vallecano,Rayo Vallecano,Rayo Vallecano,getafe,Getafe CF,Getafe CF,scheduled,0.0,0.0,,,1.0,1.0,0.0,0.0,274.0,274.0,0.0,0.0,2.2,0.6,0.4,1.6,0.6,1.0,5.6,4.8,1.8,1.3,1.0,0.30000000000000004,2.2,0.6,1.6,0.8,6.4,,,,,,,1.4,0.4,0.2,0.8,0.8,0.0,2.8,4.0,1.6,0.9,0.8,0.09999999999999998,1.4,0.4,0.6,0.6,2.0,,,,,,,1518.9810723253138,1492.8115288694028,26.169543455911025,0.6215263292165784,,,,0.8000000000000003,0.19999999999999996,1.0,2.8,0.8000000000000003,0.0,
laliga_102497,2026/27,25,2027-02-21,,,sevilla,Sevilla FC,Sevilla FC,real_madrid,Real Madrid,Real Madrid,scheduled,0.0,0.0,,,1.0,1.0,0.0,0.0,274.0,274.0,0.0,0.0,1.8,0.6,0.0,1.2,1.0,0.19999999999999996,4.8,2.6,1.2,0.9,1.3,-0.4,1.8,0.6,1.0,1.0,4.2,,,,,,,2.4,0.8,0.0,1.8,0.8,1.0,4.4,3.8,2.0,1.7,1.1,0.5999999999999999,1.4,0.4,1.0,1.0,4.2,,,,,,,1467.2134536362496,1643.8869079207884,-176.67345428453882,0.33813276025282396,,,,-0.5999999999999999,-0.8,-0.8,0.39999999999999947,0.40000000000000013,0.0,
laliga_102498,2026/27,25,2027-02-21,,,villarreal,Villarreal CF,Villarreal CF,valencia,Valencia CF,Valencia CF,scheduled,0.0,0.0,,,1.0,1.0,0.0,0.0,273.0,274.0,0.0,0.0,1.4,0.4,0.2,2.6,1.6,1.0,4.8,5.4,1.7,2.1,1.3,0.8,2.4,0.8,3.4,1.4,6.8,,,,,,,2.0,0.6,0.2,1.8,1.4,0.40000000000000013,3.6,3.8,1.7,1.6,1.3,0.30000000000000004,2.0,0.6,1.6,1.0,4.8,,,,,,,1577.4033731013535,1512.7914332123023,64.6119398890512,0.6720174690203871,,,,-0.6000000000000001,0.0,0.5999999999999999,1.1999999999999997,0.3999999999999999,-1.0,
laliga_102499,2026/27,26,2027-02-28,,,athletic_bilbao,Athletic Club,Athletic Club,barcelona,FC Barcelona,FC Barcelona,scheduled,0.0,0.0,,,1.0,1.0,0.0,0.0,281.0,281.0,0.0,0.0,0.8,0.2,0.2,1.4,2.0,-0.6000000000000001,4.6,4.4,1.0,1.3,1.8,-0.5,1.4,0.4,1.0,1.0,5.4,,,,,,,1.8,0.6,0.0,1.6,1.2,0.40000000000000013,4.8,3.2,2.4,1.8,0.8,1.0,1.8,0.6,1.4,1.2,4.0,,,,,,,1495.7935124307858,1670.0690083357954,-174.27549590500962,0.3412288962243996,,,,-1.0,-1.4,-1.0000000000000002,-0.20000000000000018,-0.40000000000000013,0.0,
laliga_102500,2026/27,26,2027-02-28,,,betis,Real Betis,Real Betis,villarreal,Villarreal CF,Villarreal CF,scheduled,0.0,0.0,,,1.0,1.0,0.0,0.0,281.0,280.0,0.0,0.0,2.0,0.6,0.2,2.0,1.4,0.6000000000000001,5.6,5.8,1.6,1.6,1.3,0.30000000000000004,2.2,0.6,1.6,0.6,6.0,,,,,,,1.4,0.4,0.2,2.6,1.6,1.0,4.8,5.4,1.7,2.1,1.3,0.8,1.0,0.2,0.8,1.2,2.6,,,,,,,1555.2880787227114,1577.4033731013535,-22.115294378642147,0.5543054152557462,,,,0.6000000000000001,-0.09999999999999987,-0.3999999999999999,0.7999999999999998,1.2000000000000002,1.0,
laliga_102501,2026/27,26,2027-02-28,,,celta,RC Celta,RC Celta,espanyol,RCD Espanyol,RCD Espanyol de Barcelona,scheduled,0.0,0.0,,,1.0,1.0,0.0,0.0,281.0,281.0,0.0,0.0,2.0,0.6,0.2,1.6,1.0,0.6000000000000001,3.2,5.0,1.3,1.5,1.7,-0.19999999999999996,1.2,0.4,1.8,2.2,4.8,,,,,,,1.4,0.4,0.2,1.2,1.2,0.0,4.8,5.4,0.9,0.8,1.3,-0.5,0.8,0.2,0.8,1.6,3.0,,,,,,,1520.6666347724267,1469.7915487087444,50.875086063682375,0.6543573793591566,,,,0.6000000000000001,0.4,0.6000000000000001,-1.5999999999999996,0.3999999999999999,0.0,
laliga_102502,2026/27,26,2027-02-28,,,getafe,Getafe CF,Getafe CF,alaves,Deportivo Alavés,Deportivo Alavés,scheduled,0.0,0.0,,,1.0,1.0,0.0,0.0,281.0,281.0,0.0,0.0,1.4,0.4,0.2,0.8,0.8,0.0,2.8,4.0,1.6,0.9,0.8,0.09999999999999998,1.8,0.6,1.2,1.0,3.2,,,,,,,1.4,0.4,0.2,1.2,1.4,-0.19999999999999996,4.6,3.2,1.5,1.8,1.8,0.0,1.6,0.4,2.0,1.8,3.6,,,,,,,1492.8115288694028,1481.1596411976118,11.651887671790973,0.6016779343370873,,,,0.0,0.10000000000000009,0.19999999999999996,-1.7999999999999998,0.19999999999999996,0.0,
laliga_102503,2026/27,26,2027-02-28,,,levante,Levante UD,Levante UD,deportivo,RC Deportivo,RC Deportivo,scheduled,0.0,1.0,,2.0,1.0,1.0,0.0,0.0,281.0,273.0,0.0,1.0,1.8,0.6,0.0,2.0,2.2,-0.20000000000000018,6.2,5.6,1.9,1.7,1.5,0.19999999999999996,3.0,1.0,2.4,0.8,6.0,,,,,,,2.4,0.8,0.0,1.6,0.8,0.8,5.4,3.0,2.1,1.6,0.8,0.8,1.8,0.4,1.2,0.6,4.0,,,,,,,1484.3659660848236,1455.1579643226437,29.208001762179947,0.625631875778666,,,,-0.5999999999999999,-0.20000000000000018,-1.0000000000000002,0.7999999999999998,1.2,8.0,
laliga_102504,2026/27,26,2027-02-28,,,malaga,Málaga CF,Málaga CF,atletico_madrid,Atlético de Madrid,Atlético de Madrid,scheduled,1.0,0.0,4.0,,1.0,1.0,0.0,0.0,273.0,280.0,1.0,0.0,2.6,0.8,0.2,2.6,1.0,1.6,7.2,4.6,1.8,2.3,1.5,0.7999999999999998,1.6,0.4,1.4,1.0,6.2,,,,,,,1.8,0.6,0.0,1.2,1.4,-0.19999999999999996,4.2,5.0,1.2,1.5,1.9,-0.3999999999999999,1.2,0.4,1.6,2.2,3.6,,,,,,,1449.8796167201926,1572.1842025747462,-122.30458585455358,0.41128542716631594,,,,0.8,0.6000000000000001,1.8,3.0,0.40000000000000013,-7.0,
laliga_102505,2026/27,26,2027-02-28,,,osasuna,CA Osasuna,CA Osasuna,sevilla,Sevilla FC,Sevilla FC,scheduled,0.0,0.0,,,1.0,1.0,0.0,0.0,281.0,281.0,0.0,0.0,0.0,0.0,0.0,1.0,2.0,-1.0,5.0,5.2,0.8,1.1,1.5,-0.3999999999999999,0.8,0.2,1.2,1.6,5.6,,,,,,,1.8,0.6,0.0,1.2,1.0,0.19999999999999996,4.8,2.6,1.2,0.9,1.3,-0.4,0.6,0.2,0.8,1.6,1.8,,,,,,,1472.152061291961,1467.2134536362496,4.938607655711394,0.5923808987060569,,,,-1.8,-0.3999999999999999,-1.2,0.20000000000000018,0.20000000000000007,0.0,
laliga_102506,2026/27,26,2027-02-28,,,racing_santander,Racing de Santander,R. Racing Club,vallecano,Rayo Vallecano,Rayo Vallecano,scheduled,1.0,0.0,1.0,,1.0,1.0,0.0,0.0,273.0,281.0,1.0,0.0,2.6,0.8,0.2,3.0,1.2,1.8,8.8,3.8,2.3,2.8,1.5,1.2999999999999998,3.0,1.0,4.0,1.2,10.2,,,,,,,2.2,0.6,0.4,1.6,0.6,1.0,5.6,4.8,1.8,1.3,1.0,0.30000000000000004,1.4,0.4,1.0,1.2,4.6,,,,,,,1470.7098994240723,1518.9810723253138,-48.27117290124147,0.5168727300016439,,,,0.3999999999999999,0.4999999999999998,0.8,3.200000000000001,1.6,-8.0,
laliga_102507,2026/27,26,2027-02-28,,,real_madrid,Real Madrid,Real Madrid,valencia,Valencia CF,Valencia CF,scheduled,0.0,0.0,,,1.0,1.0,0.0,0.0,281.0,281.0,0.0,0.0,2.4,0.8,0.0,1.8,0.8,1.0,4.4,3.8,2.0,1.7,1.1,0.5999999999999999,2.6,0.8,2.4,1.2,8.4,,,,,,,2.0,0.6,0.2,1.8,1.4,0.40000000000000013,3.6,3.8,1.7,1.6,1.3,0.30000000000000004,2.0,0.6,1.6,1.0,4.8,,,,,,,1643.8869079207884,1512.7914332123023,131.0954747084861,0.7502664720895472,,,,0.3999999999999999,0.30000000000000004,0.5999999999999999,0.8000000000000003,0.6000000000000001,0.0,
laliga_102508,2026/27,26,2027-02-28,,,real_sociedad,Real Sociedad,Real Sociedad,elche,Elche CF,Elche CF,scheduled,0.0,0.0,,,1.0,1.0,0.0,0.0,281.0,281.0,0.0,0.0,0.6,0.0,0.6,1.4,1.8,-0.40000000000000013,3.0,5.8,0.8,1.6,1.9,-0.2999999999999998,1.0,0.2,2.0,2.0,4.4,,,,,,,1.0,0.2,0.4,1.0,1.4,-0.3999999999999999,3.0,4.4,1.7,1.3,1.2,0.10000000000000009,0.8,0.2,1.0,1.6,3.0,,,,,,,1489.5195498417131,1475.3898946051086,14.129655236604549,0.6050912619938826,,,,-0.4,-0.8999999999999999,-2.220446049250313e-16,0.0,0.19999999999999996,0.0,
laliga_102509,2026/27,27,2027-03-07,,,alaves,Deportivo Alavés,Deportivo Alavés,athletic_bilbao,Athletic Club,Athletic Club,scheduled,0.0,0.0,,,1.0,1.0,0.0,0.0,288.0,288.0,0.0,0.0,1.4,0.4,0.2,1.2,1.4,-0.19999999999999996,4.6,3.2,1.5,1.8,1.8,0.0,1.4,0.4,1.6,1.8,5.6,,,,,,,0.8,0.2,0.2,1.4,2.0,-0.6000000000000001,4.6,4.4,1.0,1.3,1.8,-0.5,0.6,0.2,1.6,2.6,2.8,,,,,,,1481.1596411976118,1495.7935124307858,-14.633871233173977,0.5649185802418053,,,,0.5999999999999999,0.5,0.40000000000000013,0.0,0.7999999999999999,0.0,
laliga_102510,2026/27,27,2027-03-07,,,atletico_madrid,Atlético de Madrid,Atlético de Madrid,celta,RC Celta,RC Celta,scheduled,0.0,0.0,,,1.0,1.0,0.0,0.0,287.0,288.0,0.0,0.0,1.8,0.6,0.0,1.2,1.4,-0.19999999999999996,4.2,5.0,1.2,1.5,1.9,-0.3999999999999999,1.8,0.6,1.2,1.0,3.8,,,,,,,2.0,0.6,0.2,1.6,1.0,0.6000000000000001,3.2,5.0,1.3,1.5,1.7,-0.19999999999999996,1.4,0.4,1.2,1.2,2.8,,,,,,,1572.1842025747462,1520.6666347724267,51.51756780231949,0.6551933873444777,,,,-0.19999999999999996,-0.10000000000000009,-0.8,1.0,0.40000000000000013,-1.0,
laliga_102511,2026/27,27,2027-03-07,,,deportivo,RC Deportivo,RC Deportivo,getafe,Getafe CF,Getafe CF,scheduled,1.0,0.0,2.0,,1.0,1.0,0.0,0.0,280.0,288.0,1.0,0.0,2.4,0.8,0.0,1.6,0.8,0.8,5.4,3.0,2.1,1.6,0.8,0.8,2.0,0.6,1.8,1.2,5.2,,,,,,,1.4,0.4,0.2,0.8,0.8,0.0,2.8,4.0,1.6,0.9,0.8,0.09999999999999998,1.4,0.4,0.6,0.6,2.0,,,,,,,1455.1579643226437,1492.8115288694028,-37.65356454675907,0.5321148333707425,,,,1.0,0.5,0.8,2.6000000000000005,0.6000000000000001,-8.0,
laliga_102512,2026/27,27,2027-03-07,,,elche,Elche CF,Elche CF,malaga,Málaga CF,Málaga CF,scheduled,0.0,1.0,,4.0,1.0,1.0,0.0,0.0,288.0,280.0,0.0,1.0,1.0,0.2,0.4,1.0,1.4,-0.3999999999999999,3.0,4.4,1.7,1.3,1.2,0.10000000000000009,2.6,0.8,1.6,0.8,4.0,,,,,,,2.6,0.8,0.2,2.6,1.0,1.6,7.2,4.6,1.8,2.3,1.5,0.7999999999999998,2.0,0.6,2.6,1.4,5.6,,,,,,,1475.3898946051086,1449.8796167201926,25.510277884915922,0.6206332065388603,,,,-1.6,-0.10000000000000009,-2.0,-4.2,0.6000000000000001,8.0,
laliga_102513,2026/27,27,2027-03-07,,,espanyol,RCD Espanyol,RCD Espanyol de Barcelona,racing_santander,Racing de Santander,R. Racing Club,scheduled,0.0,1.0,,1.0,1.0,1.0,0.0,0.0,288.0,280.0,0.0,1.0,1.4,0.4,0.2,1.2,1.2,0.0,4.8,5.4,0.9,0.8,1.3,-0.5,1.0,0.2,0.8,1.0,4.8,,,,,,,2.6,0.8,0.2,3.0,1.2,1.8,8.8,3.8,2.3,2.8,1.5,1.2999999999999998,1.6,0.4,1.6,1.8,6.4,,,,,,,1469.7915487087444,1470.7098994240723,-0.9183507153279606,0.5842151326897985,,,,-1.2000000000000002,-1.4,-1.8,-4.000000000000001,-0.6000000000000001,8.0,
laliga_102514,2026/27,27,2027-03-07,,,barcelona,FC Barcelona,FC Barcelona,betis,Real Betis,Real Betis,scheduled,0.0,0.0,,,1.0,1.0,0.0,0.0,288.0,288.0,0.0,0.0,1.8,0.6,0.0,1.6,1.2,0.40000000000000013,4.8,3.2,2.4,1.8,0.8,1.0,3.0,1.0,2.2,0.4,6.6,,,,,,,2.0,0.6,0.2,2.0,1.4,0.6000000000000001,5.6,5.8,1.6,1.6,1.3,0.30000000000000004,1.0,0.2,1.6,2.0,3.4,,,,,,,1670.0690083357954,1555.2880787227114,114.78092961308403,0.732260122705483,,,,-0.19999999999999996,0.7999999999999998,-0.19999999999999996,-0.7999999999999998,2.0,0.0,
laliga_102515,2026/27,27,2027-03-07,,,vallecano,Rayo Vallecano,Rayo Vallecano,osasuna,CA Osasuna,CA Osasuna,scheduled,0.0,0.0,,,1.0,1.0,0.0,0.0,288.0,288.0,0.0,0.0,2.2,0.6,0.4,1.6,0.6,1.0,5.6,4.8,1.8,1.3,1.0,0.30000000000000004,2.2,0.6,1.6,0.8,6.4,,,,,,,0.0,0.0,0.0,1.0,2.0,-1.0,5.0,5.2,0.8,1.1,1.5,-0.3999999999999999,0.2,0.0,1.0,2.0,4.2,,,,,,,1518.9810723253138,1472.152061291961,46.8290110333528,0.6490707801415516,,,,2.2,1.0,2.0,0.5999999999999996,2.0,0.0,
laliga_102516,2026/27,27,2027-03-07,,,sevilla,Sevilla FC,Sevilla FC,real_sociedad,Real Sociedad,Real Sociedad,scheduled,0.0,0.0,,,1.0,1.0,0.0,0.0,288.0,288.0,0.0,0.0,1.8,0.6,0.0,1.2,1.0,0.19999999999999996,4.8,2.6,1.2,0.9,1.3,-0.4,1.8,0.6,1.0,1.0,4.2,,,,,,,0.6,0.0,0.6,1.4,1.8,-0.40000000000000013,3.0,5.8,0.8,1.6,1.9,-0.2999999999999998,0.6,0.0,1.2,1.8,3.6,,,,,,,1467.2134536362496,1489.5195498417131,-22.30609620546352,0.5540340522970646,,,,1.2000000000000002,0.3999999999999999,0.6000000000000001,1.7999999999999998,1.2000000000000002,0.0,
laliga_102517,2026/27,27,2027-03-07,,,valencia,Valencia CF,Valencia CF,levante,Levante UD,Levante UD,scheduled,0.0,0.0,,,1.0,1.0,0.0,0.0,288.0,288.0,0.0,0.0,2.0,0.6,0.2,1.8,1.4,0.40000000000000013,3.6,3.8,1.7,1.6,1.3,0.30000000000000004,1.4,0.4,1.6,1.6,3.2,,,,,,,1.8,0.6,0.0,2.0,2.2,-0.20000000000000018,6.2,5.6,1.9,1.7,1.5,0.19999999999999996,0.8,0.2,1.0,2.2,4.8,,,,,,,1512.7914332123023,1484.3659660848236,28.42546712747867,0.6245762205333719,,,,0.19999999999999996,-0.19999999999999996,0.6000000000000003,-2.6,0.5999999999999999,0.0,
laliga_102518,2026/27,27,2027-03-07,,,villarreal,Villarreal CF,Villarreal CF,real_madrid,Real Madrid,Real Madrid,scheduled,0.0,0.0,,,1.0,1.0,0.0,0.0,287.0,288.0,0.0,0.0,1.4,0.4,0.2,2.6,1.6,1.0,4.8,5.4,1.7,2.1,1.3,0.8,2.4,0.8,3.4,1.4,6.8,,,,,,,2.4,0.8,0.0,1.8,0.8,1.0,4.4,3.8,2.0,1.7,1.1,0.5999999999999999,1.4,0.4,1.0,1.0,4.2,,,,,,,1577.4033731013535,1643.8869079207884,-66.48353481943491,0.4906705262905893,,,,-1.0,-0.30000000000000004,0.0,0.39999999999999947,1.0,-1.0,
laliga_102519,2026/27,28,2027-03-14,,,alaves,Deportivo Alavés,Deportivo Alavés,sevilla,Sevilla FC,Sevilla FC,scheduled,0.0,0.0,,,1.0,1.0,0.0,0.0,295.0,295.0,0.0,0.0,1.4,0.4,0.2,1.2,1.4,-0.19999999999999996,4.6,3.2,1.5,1.8,1.8,0.0,1.4,0.4,1.6,1.8,5.6,,,,,,,1.8,0.6,0.0,1.2,1.0,0.19999999999999996,4.8,2.6,1.2,0.9,1.3,-0.4,0.6,0.2,0.8,1.6,1.8,,,,,,,1481.1596411976118,1467.2134536362496,13.946187561362194,0.6048388668210997,,,,-0.40000000000000013,0.30000000000000004,-0.3999999999999999,-0.20000000000000018,0.7999999999999999,0.0,
laliga_102520,2026/27,28,2027-03-14,,,athletic_bilbao,Athletic Club,Athletic Club,valencia,Valencia CF,Valencia CF,scheduled,0.0,0.0,,,1.0,1.0,0.0,0.0,295.0,295.0,0.0,0.0,0.8,0.2,0.2,1.4,2.0,-0.6000000000000001,4.6,4.4,1.0,1.3,1.8,-0.5,1.4,0.4,1.0,1.0,5.4,,,,,,,2.0,0.6,0.2,1.8,1.4,0.40000000000000013,3.6,3.8,1.7,1.6,1.3,0.30000000000000004,2.0,0.6,1.6,1.0,4.8,,,,,,,1495.7935124307858,1512.7914332123023,-16.99792078151654,0.5615708858377917,,,,-1.2,-0.7,-1.0000000000000002,0.9999999999999996,-0.6000000000000001,0.0,
laliga_102521,2026/27,28,2027-03-14,,,betis,Real Betis,Real Betis,levante,Levante UD,Levante UD,scheduled,0.0,0.0,,,1.0,1.0,0.0,0.0,295.0,295.0,0.0,0.0,2.0,0.6,0.2,2.0,1.4,0.6000000000000001,5.6,5.8,1.6,1.6,1.3,0.30000000000000004,2.2,0.6,1.6,0.6,6.0,,,,,,,1.8,0.6,0.0,2.0,2.2,-0.20000000000000018,6.2,5.6,1.9,1.7,1.5,0.19999999999999996,0.8,0.2,1.0,2.2,4.8,,,,,,,1555.2880787227114,1484.3659660848236,70.92211263788772,0.6799731170725207,,,,0.19999999999999996,-0.2999999999999998,0.8000000000000003,-0.6000000000000005,1.4000000000000001,0.0,
laliga_102522,2026/27,28,2027-03-14,,,elche,Elche CF,Elche CF,villarreal,Villarreal CF,Villarreal CF,scheduled,0.0,0.0,,,1.0,1.0,0.0,0.0,295.0,294.0,0.0,0.0,1.0,0.2,0.4,1.0,1.4,-0.3999999999999999,3.0,4.4,1.7,1.3,1.2,0.10000000000000009,2.6,0.8,1.6,0.8,4.0,,,,,,,1.4,0.4,0.2,2.6,1.6,1.0,4.8,5.4,1.7,2.1,1.3,0.8,1.0,0.2,0.8,1.2,2.6,,,,,,,1475.3898946051086,1577.4033731013535,-102.01347849624494,0.43983073846014514,,,,-0.3999999999999999,0.0,-1.4,-1.7999999999999998,1.6,1.0,
laliga_102523,2026/27,28,2027-03-14,,,barcelona,FC Barcelona,FC Barcelona,deportivo,RC Deportivo,RC Deportivo,scheduled,0.0,1.0,,2.0,1.0,1.0,0.0,0.0,295.0,287.0,0.0,1.0,1.8,0.6,0.0,1.6,1.2,0.40000000000000013,4.8,3.2,2.4,1.8,0.8,1.0,3.0,1.0,2.2,0.4,6.6,,,,,,,2.4,0.8,0.0,1.6,0.8,0.8,5.4,3.0,2.1,1.6,0.8,0.8,1.8,0.4,1.2,0.6,4.0,,,,,,,1670.0690083357954,1455.1579643226437,214.9110440131517,0.82956043385496,,,,-0.5999999999999999,0.2999999999999998,-0.3999999999999999,-0.6000000000000005,1.2,8.0,
laliga_102524,2026/27,28,2027-03-14,,,getafe,Getafe CF,Getafe CF,real_sociedad,Real Sociedad,Real Sociedad,scheduled,0.0,0.0,,,1.0,1.0,0.0,0.0,295.0,295.0,0.0,0.0,1.4,0.4,0.2,0.8,0.8,0.0,2.8,4.0,1.6,0.9,0.8,0.09999999999999998,1.8,0.6,1.2,1.0,3.2,,,,,,,0.6,0.0,0.6,1.4,1.8,-0.40000000000000013,3.0,5.8,0.8,1.6,1.9,-0.2999999999999998,0.6,0.0,1.2,1.8,3.6,,,,,,,1492.8115288694028,1489.5195498417131,3.2919790276896492,0.5900901147268772,,,,0.7999999999999999,0.8,0.40000000000000013,-0.20000000000000018,1.2000000000000002,0.0,
laliga_102525,2026/27,28,2027-03-14,,,malaga,Málaga CF,Málaga CF,vallecano,Rayo Vallecano,Rayo Vallecano,scheduled,1.0,0.0,4.0,,1.0,1.0,0.0,0.0,287.0,295.0,1.0,0.0,2.6,0.8,0.2,2.6,1.0,1.6,7.2,4.6,1.8,2.3,1.5,0.7999999999999998,1.6,0.4,1.4,1.0,6.2,,,,,,,2.2,0.6,0.4,1.6,0.6,1.0,5.6,4.8,1.8,1.3,1.0,0.30000000000000004,1.4,0.4,1.0,1.2,4.6,,,,,,,1449.8796167201926,1518.9810723253138,-69.10145560512115,0.4869049477918432,,,,0.3999999999999999,0.0,0.6000000000000001,1.6000000000000005,0.20000000000000018,-8.0,
laliga_102526,2026/27,28,2027-03-14,,,osasuna,CA Osasuna,CA Osasuna,celta,RC Celta,RC Celta,scheduled,0.0,0.0,,,1.0,1.0,0.0,0.0,295.0,295.0,0.0,0.0,0.0,0.0,0.0,1.0,2.0,-1.0,5.0,5.2,0.8,1.1,1.5,-0.3999999999999999,0.8,0.2,1.2,1.6,5.6,,,,,,,2.0,0.6,0.2,1.6,1.0,0.6000000000000001,3.2,5.0,1.3,1.5,1.7,-0.19999999999999996,1.4,0.4,1.2,1.2,2.8,,,,,,,1472.152061291961,1520.6666347724267,-48.51457348046574,0.5165228390816197,,,,-2.0,-0.5,-1.6,1.7999999999999998,-0.5999999999999999,0.0,
laliga_102527,2026/27,28,2027-03-14,,,racing_santander,Racing de Santander,R. Racing Club,atletico_madrid,Atlético de Madrid,Atlético de Madrid,scheduled,1.0,0.0,1.0,,1.0,1.0,0.0,0.0,287.0,294.0,1.0,0.0,2.6,0.8,0.2,3.0,1.2,1.8,8.8,3.8,2.3,2.8,1.5,1.2999999999999998,3.0,1.0,4.0,1.2,10.2,,,,,,,1.8,0.6,0.0,1.2,1.4,-0.19999999999999996,4.2,5.0,1.2,1.5,1.9,-0.3999999999999999,1.2,0.4,1.6,2.2,3.6,,,,,,,1470.7098994240723,1572.1842025747462,-101.4743031506739,0.440595579771712,,,,0.8,1.0999999999999999,2.0,4.6000000000000005,1.8,-7.0,
laliga_102528,2026/27,28,2027-03-14,,,real_madrid,Real Madrid,Real Madrid,espanyol,RCD Espanyol,RCD Espanyol de Barcelona,scheduled,0.0,0.0,,,1.0,1.0,0.0,0.0,295.0,295.0,0.0,0.0,2.4,0.8,0.0,1.8,0.8,1.0,4.4,3.8,2.0,1.7,1.1,0.5999999999999999,2.6,0.8,2.4,1.2,8.4,,,,,,,1.4,0.4,0.2,1.2,1.2,0.0,4.8,5.4,0.9,0.8,1.3,-0.5,0.8,0.2,0.8,1.6,3.0,,,,,,,1643.8869079207884,1469.7915487087444,174.09535921204406,0.7937306300571174,,,,1.0,1.1,1.0,-0.39999999999999947,1.8,0.0,
laliga_102529,2026/27,29,2027-03-21,,,atletico_madrid,Atlético de Madrid,Atlético de Madrid,getafe,Getafe CF,Getafe CF,scheduled,0.0,0.0,,,1.0,1.0,0.0,0.0,301.0,302.0,0.0,0.0,1.8,0.6,0.0,1.2,1.4,-0.19999999999999996,4.2,5.0,1.2,1.5,1.9,-0.3999999999999999,1.8,0.6,1.2,1.0,3.8,,,,,,,1.4,0.4,0.2,0.8,0.8,0.0,2.8,4.0,1.6,0.9,0.8,0.09999999999999998,1.4,0.4,0.6,0.6,2.0,,,,,,,1572.1842025747462,1492.8115288694028,79.37267370534346,0.6904648909600076,,,,0.40000000000000013,-0.40000000000000013,-0.19999999999999996,1.4000000000000004,0.40000000000000013,-1.0,
laliga_102530,2026/27,29,2027-03-21,,,celta,RC Celta,RC Celta,real_madrid,Real Madrid,Real Madrid,scheduled,0.0,0.0,,,1.0,1.0,0.0,0.0,302.0,302.0,0.0,0.0,2.0,0.6,0.2,1.6,1.0,0.6000000000000001,3.2,5.0,1.3,1.5,1.7,-0.19999999999999996,1.2,0.4,1.8,2.2,4.8,,,,,,,2.4,0.8,0.0,1.8,0.8,1.0,4.4,3.8,2.0,1.7,1.1,0.5999999999999999,1.4,0.4,1.0,1.0,4.2,,,,,,,1520.6666347724267,1643.8869079207884,-123.22027314836168,0.41000973188639905,,,,-0.3999999999999999,-0.7,-0.3999999999999999,-1.2000000000000002,-0.19999999999999996,0.0,
laliga_102531,2026/27,29,2027-03-21,,,espanyol,RCD Espanyol,RCD Espanyol de Barcelona,athletic_bilbao,Athletic Club,Athletic Club,scheduled,0.0,0.0,,,1.0,1.0,0.0,0.0,302.0,302.0,0.0,0.0,1.4,0.4,0.2,1.2,1.2,0.0,4.8,5.4,0.9,0.8,1.3,-0.5,1.0,0.2,0.8,1.0,4.8,,,,,,,0.8,0.2,0.2,1.4,2.0,-0.6000000000000001,4.6,4.4,1.0,1.3,1.8,-0.5,0.6,0.2,1.6,2.6,2.8,,,,,,,1469.7915487087444,1495.7935124307858,-26.00196372204141,0.5487715367267229,,,,0.5999999999999999,-0.09999999999999998,0.6000000000000001,0.20000000000000018,0.4,0.0,
laliga_102532,2026/27,29,2027-03-21,,,levante,Levante UD,Levante UD,osasuna,CA Osasuna,CA Osasuna,scheduled,0.0,0.0,,,1.0,1.0,0.0,0.0,302.0,302.0,0.0,0.0,1.8,0.6,0.0,2.0,2.2,-0.20000000000000018,6.2,5.6,1.9,1.7,1.5,0.19999999999999996,3.0,1.0,2.4,0.8,6.0,,,,,,,0.0,0.0,0.0,1.0,2.0,-1.0,5.0,5.2,0.8,1.1,1.5,-0.3999999999999999,0.2,0.0,1.0,2.0,4.2,,,,,,,1484.3659660848236,1472.152061291961,12.21390479286265,0.6024530392264648,,,,1.8,1.0999999999999999,0.7999999999999998,1.2000000000000002,2.8,0.0,
laliga_102533,2026/27,29,2027-03-21,,,racing_santander,Racing de Santander,R. Racing Club,betis,Real Betis,Real Betis,scheduled,1.0,0.0,1.0,,1.0,1.0,0.0,0.0,294.0,302.0,1.0,0.0,2.6,0.8,0.2,3.0,1.2,1.8,8.8,3.8,2.3,2.8,1.5,1.2999999999999998,3.0,1.0,4.0,1.2,10.2,,,,,,,2.0,0.6,0.2,2.0,1.4,0.6000000000000001,5.6,5.8,1.6,1.6,1.3,0.30000000000000004,1.0,0.2,1.6,2.0,3.4,,,,,,,1470.7098994240723,1555.2880787227114,-84.57817929863904,0.4646880419580166,,,,0.6000000000000001,0.6999999999999997,1.2,3.200000000000001,2.0,-8.0,
laliga_102534,2026/27,29,2027-03-21,,,vallecano,Rayo Vallecano,Rayo Vallecano,barcelona,FC Barcelona,FC Barcelona,scheduled,0.0,0.0,,,1.0,1.0,0.0,0.0,302.0,302.0,0.0,0.0,2.2,0.6,0.4,1.6,0.6,1.0,5.6,4.8,1.8,1.3,1.0,0.30000000000000004,2.2,0.6,1.6,0.8,6.4,,,,,,,1.8,0.6,0.0,1.6,1.2,0.40000000000000013,4.8,3.2,2.4,1.8,0.8,1.0,1.8,0.6,1.4,1.2,4.0,,,,,,,1518.9810723253138,1670.0690083357954,-151.0879360104816,0.3718369513469384,,,,0.40000000000000013,-0.5999999999999999,0.5999999999999999,0.7999999999999998,0.40000000000000013,0.0,
laliga_102535,2026/27,29,2027-03-21,,,real_sociedad,Real Sociedad,Real Sociedad,alaves,Deportivo Alavés,Deportivo Alavés,scheduled,0.0,0.0,,,1.0,1.0,0.0,0.0,302.0,302.0,0.0,0.0,0.6,0.0,0.6,1.4,1.8,-0.40000000000000013,3.0,5.8,0.8,1.6,1.9,-0.2999999999999998,1.0,0.2,2.0,2.0,4.4,,,,,,,1.4,0.4,0.2,1.2,1.4,-0.19999999999999996,4.6,3.2,1.5,1.8,1.8,0.0,1.6,0.4,2.0,1.8,3.6,,,,,,,1489.5195498417131,1481.1596411976118,8.359908644101324,0.5971276786911711,,,,-0.7999999999999999,-0.7,-0.20000000000000018,-1.5999999999999996,-0.6000000000000001,0.0,
laliga_102536,2026/27,29,2027-03-21,,,sevilla,Sevilla FC,Sevilla FC,elche,Elche CF,Elche CF,scheduled,0.0,0.0,,,1.0,1.0,0.0,0.0,302.0,302.0,0.0,0.0,1.8,0.6,0.0,1.2,1.0,0.19999999999999996,4.8,2.6,1.2,0.9,1.3,-0.4,1.8,0.6,1.0,1.0,4.2,,,,,,,1.0,0.2,0.4,1.0,1.4,-0.3999999999999999,3.0,4.4,1.7,1.3,1.2,0.10000000000000009,0.8,0.2,1.0,1.6,3.0,,,,,,,1467.2134536362496,1475.3898946051086,-8.17644096885897,0.574031870015993,,,,0.8,-0.5,0.5999999999999999,1.7999999999999998,1.0,0.0,
laliga_102537,2026/27,29,2027-03-21,,,valencia,Valencia CF,Valencia CF,deportivo,RC Deportivo,RC Deportivo,scheduled,0.0,1.0,,2.0,1.0,1.0,0.0,0.0,302.0,294.0,0.0,1.0,2.0,0.6,0.2,1.8,1.4,0.40000000000000013,3.6,3.8,1.7,1.6,1.3,0.30000000000000004,1.4,0.4,1.6,1.6,3.2,,,,,,,2.4,0.8,0.0,1.6,0.8,0.8,5.4,3.0,2.1,1.6,0.8,0.8,1.8,0.4,1.2,0.6,4.0,,,,,,,1512.7914332123023,1455.1579643226437,57.633468889658616,0.6631029090416255,,,,-0.3999999999999999,-0.40000000000000013,-0.3999999999999999,-1.8000000000000003,-0.40000000000000013,8.0,
laliga_102538,2026/27,29,2027-03-21,,,villarreal,Villarreal CF,Villarreal CF,malaga,Málaga CF,Málaga CF,scheduled,0.0,1.0,,4.0,1.0,1.0,0.0,0.0,301.0,294.0,0.0,1.0,1.4,0.4,0.2,2.6,1.6,1.0,4.8,5.4,1.7,2.1,1.3,0.8,2.4,0.8,3.4,1.4,6.8,,,,,,,2.6,0.8,0.2,2.6,1.0,1.6,7.2,4.6,1.8,2.3,1.5,0.7999999999999998,2.0,0.6,2.6,1.4,5.6,,,,,,,1577.4033731013535,1449.8796167201926,127.52375638116087,0.746394338022067,,,,-1.2000000000000002,-0.10000000000000009,-0.6000000000000001,-2.4000000000000004,0.3999999999999999,7.0,
laliga_102539,2026/27,30,2027-04-04,,,athletic_bilbao,Athletic Club,Athletic Club,racing_santander,Racing de Santander,R. Racing Club,scheduled,0.0,1.0,,1.0,1.0,1.0,0.0,0.0,316.0,308.0,0.0,1.0,0.8,0.2,0.2,1.4,2.0,-0.6000000000000001,4.6,4.4,1.0,1.3,1.8,-0.5,1.4,0.4,1.0,1.0,5.4,,,,,,,2.6,0.8,0.2,3.0,1.2,1.8,8.8,3.8,2.3,2.8,1.5,1.2999999999999998,1.6,0.4,1.6,1.8,6.4,,,,,,,1495.7935124307858,1470.7098994240723,25.08361300671345,0.6200547571192137,,,,-1.8,-1.2999999999999998,-2.4000000000000004,-4.200000000000001,-0.20000000000000018,8.0,
laliga_102540,2026/27,30,2027-04-04,,,betis,Real Betis,Real Betis,celta,RC Celta,RC Celta,scheduled,0.0,0.0,,,1.0,1.0,0.0,0.0,316.0,316.0,0.0,0.0,2.0,0.6,0.2,2.0,1.4,0.6000000000000001,5.6,5.8,1.6,1.6,1.3,0.30000000000000004,2.2,0.6,1.6,0.6,6.0,,,,,,,2.0,0.6,0.2,1.6,1.0,0.6000000000000001,3.2,5.0,1.3,1.5,1.7,-0.19999999999999996,1.4,0.4,1.2,1.2,2.8,,,,,,,1555.2880787227114,1520.6666347724267,34.62144395028463,0.632901550739417,,,,0.0,0.30000000000000004,0.0,2.3999999999999995,0.8000000000000003,0.0,
laliga_102541,2026/27,30,2027-04-04,,,deportivo,RC Deportivo,RC Deportivo,villarreal,Villarreal CF,Villarreal CF,scheduled,1.0,0.0,2.0,,1.0,1.0,0.0,0.0,308.0,315.0,1.0,0.0,2.4,0.8,0.0,1.6,0.8,0.8,5.4,3.0,2.1,1.6,0.8,0.8,2.0,0.6,1.8,1.2,5.2,,,,,,,1.4,0.4,0.2,2.6,1.6,1.0,4.8,5.4,1.7,2.1,1.3,0.8,1.0,0.2,0.8,1.2,2.6,,,,,,,1455.1579643226437,1577.4033731013535,-122.24540877870982,0.4113679113018745,,,,1.0,0.40000000000000013,-0.19999999999999996,0.6000000000000005,1.0,-7.0,
laliga_102542,2026/27,30,2027-04-04,,,elche,Elche CF,Elche CF,alaves,Deportivo Alavés,Deportivo Alavés,scheduled,0.0,0.0,,,1.0,1.0,0.0,0.0,316.0,316.0,0.0,0.0,1.0,0.2,0.4,1.0,1.4,-0.3999999999999999,3.0,4.4,1.7,1.3,1.2,0.10000000000000009,2.6,0.8,1.6,0.8,4.0,,,,,,,1.4,0.4,0.2,1.2,1.4,-0.19999999999999996,4.6,3.2,1.5,1.8,1.8,0.0,1.6,0.4,2.0,1.8,3.6,,,,,,,1475.3898946051086,1481.1596411976118,-5.769746592503225,0.5774159265652856,,,,-0.3999999999999999,0.19999999999999996,-0.19999999999999996,-1.5999999999999996,1.0,0.0,
laliga_102543,2026/27,30,2027-04-04,,,barcelona,FC Barcelona,FC Barcelona,sevilla,Sevilla FC,Sevilla FC,scheduled,0.0,0.0,,,1.0,1.0,0.0,0.0,316.0,316.0,0.0,0.0,1.8,0.6,0.0,1.6,1.2,0.40000000000000013,4.8,3.2,2.4,1.8,0.8,1.0,3.0,1.0,2.2,0.4,6.6,,,,,,,1.8,0.6,0.0,1.2,1.0,0.19999999999999996,4.8,2.6,1.2,0.9,1.3,-0.4,0.6,0.2,0.8,1.6,1.8,,,,,,,1670.0690083357954,1467.2134536362496,202.8555546995458,0.8195228649333435,,,,0.0,1.2,0.20000000000000018,0.0,2.4,0.0,
laliga_102544,2026/27,30,2027-04-04,,,getafe,Getafe CF,Getafe CF,espanyol,RCD Espanyol,RCD Espanyol de Barcelona,scheduled,0.0,0.0,,,1.0,1.0,0.0,0.0,316.0,316.0,0.0,0.0,1.4,0.4,0.2,0.8,0.8,0.0,2.8,4.0,1.6,0.9,0.8,0.09999999999999998,1.8,0.6,1.2,1.0,3.2,,,,,,,1.4,0.4,0.2,1.2,1.2,0.0,4.8,5.4,0.9,0.8,1.3,-0.5,0.8,0.2,0.8,1.6,3.0,,,,,,,1492.8115288694028,1469.7915487087444,23.019980160658406,0.6172522037978879,,,,0.0,0.7000000000000001,0.0,-2.0,1.0,0.0,
laliga_102545,2026/27,30,2027-04-04,,,levante,Levante UD,Levante UD,vallecano,Rayo Vallecano,Rayo Vallecano,scheduled,0.0,0.0,,,1.0,1.0,0.0,0.0,316.0,316.0,0.0,0.0,1.8,0.6,0.0,2.0,2.2,-0.20000000000000018,6.2,5.6,1.9,1.7,1.5,0.19999999999999996,3.0,1.0,2.4,0.8,6.0,,,,,,,2.2,0.6,0.4,1.6,0.6,1.0,5.6,4.8,1.8,1.3,1.0,0.30000000000000004,1.4,0.4,1.0,1.2,4.6,,,,,,,1484.3659660848236,1518.9810723253138,-34.61510624049015,0.5364669314625025,,,,-0.40000000000000013,0.09999999999999987,-1.2000000000000002,0.6000000000000005,1.6,0.0,
laliga_102546,2026/27,30,2027-04-04,,,malaga,Málaga CF,Málaga CF,osasuna,CA Osasuna,CA Osasuna,scheduled,1.0,0.0,4.0,,1.0,1.0,0.0,0.0,308.0,316.0,1.0,0.0,2.6,0.8,0.2,2.6,1.0,1.6,7.2,4.6,1.8,2.3,1.5,0.7999999999999998,1.6,0.4,1.4,1.0,6.2,,,,,,,0.0,0.0,0.0,1.0,2.0,-1.0,5.0,5.2,0.8,1.1,1.5,-0.3999999999999999,0.2,0.0,1.0,2.0,4.2,,,,,,,1449.8796167201926,1472.152061291961,-22.272444571768347,0.5540819148059869,,,,2.6,1.0,2.6,2.2,1.4000000000000001,-8.0,
laliga_102547,2026/27,30,2027-04-04,,,real_madrid,Real Madrid,Real Madrid,atletico_madrid,Atlético de Madrid,Atlético de Madrid,scheduled,0.0,0.0,,,1.0,1.0,0.0,0.0,316.0,315.0,0.0,0.0,2.4,0.8,0.0,1.8,0.8,1.0,4.4,3.8,2.0,1.7,1.1,0.5999999999999999,2.6,0.8,2.4,1.2,8.4,,,,,,,1.8,0.6,0.0,1.2,1.4,-0.19999999999999996,4.2,5.0,1.2,1.5,1.9,-0.3999999999999999,1.2,0.4,1.6,2.2,3.6,,,,,,,1643.8869079207884,1572.1842025747462,71.7027053460422,0.6809501441264618,,,,0.5999999999999999,0.8,1.2,0.20000000000000018,1.4000000000000001,1.0,
laliga_102548,2026/27,30,2027-04-04,,,real_sociedad,Real Sociedad,Real Sociedad,valencia,Valencia CF,Valencia CF,scheduled,0.0,0.0,,,1.0,1.0,0.0,0.0,316.0,316.0,0.0,0.0,0.6,0.0,0.6,1.4,1.8,-0.40000000000000013,3.0,5.8,0.8,1.6,1.9,-0.2999999999999998,1.0,0.2,2.0,2.0,4.4,,,,,,,2.0,0.6,0.2,1.8,1.4,0.40000000000000013,3.6,3.8,1.7,1.6,1.3,0.30000000000000004,2.0,0.6,1.6,1.0,4.8,,,,,,,1489.5195498417131,1512.7914332123023,-23.271883370589194,0.5526599956155529,,,,-1.4,-0.8999999999999999,-0.8000000000000003,-0.6000000000000001,-1.0,0.0,
laliga_102549,2026/27,31,2027-04-11,,,alaves,Deportivo Alavés,Deportivo Alavés,betis,Real Betis,Real Betis,scheduled,0.0,0.0,,,1.0,1.0,0.0,0.0,323.0,323.0,0.0,0.0,1.4,0.4,0.2,1.2,1.4,-0.19999999999999996,4.6,3.2,1.5,1.8,1.8,0.0,1.4,0.4,1.6,1.8,5.6,,,,,,,2.0,0.6,0.2,2.0,1.4,0.6000000000000001,5.6,5.8,1.6,1.6,1.3,0.30000000000000004,1.0,0.2,1.6,2.0,3.4,,,,,,,1481.1596411976118,1555.2880787227114,-74.12843752509957,0.47967874405880434,,,,-0.6000000000000001,-0.10000000000000009,-0.8,-1.0,0.3999999999999999,0.0,
laliga_102550,2026/27,31,2027-04-11,,,atletico_madrid,Atlético de Madrid,Atlético de Madrid,levante,Levante UD,Levante UD,scheduled,0.0,0.0,,,1.0,1.0,0.0,0.0,322.0,323.0,0.0,0.0,1.8,0.6,0.0,1.2,1.4,-0.19999999999999996,4.2,5.0,1.2,1.5,1.9,-0.3999999999999999,1.8,0.6,1.2,1.0,3.8,,,,,,,1.8,0.6,0.0,2.0,2.2,-0.20000000000000018,6.2,5.6,1.9,1.7,1.5,0.19999999999999996,0.8,0.2,1.0,2.2,4.8,,,,,,,1572.1842025747462,1484.3659660848236,87.81823648992258,0.7007580364445445,,,,0.0,-0.7,2.220446049250313e-16,-2.0,1.0,-1.0,
laliga_102551,2026/27,31,2027-04-11,,,celta,RC Celta,RC Celta,elche,Elche CF,Elche CF,scheduled,0.0,0.0,,,1.0,1.0,0.0,0.0,323.0,323.0,0.0,0.0,2.0,0.6,0.2,1.6,1.0,0.6000000000000001,3.2,5.0,1.3,1.5,1.7,-0.19999999999999996,1.2,0.4,1.8,2.2,4.8,,,,,,,1.0,0.2,0.4,1.0,1.4,-0.3999999999999999,3.0,4.4,1.7,1.3,1.2,0.10000000000000009,0.8,0.2,1.0,1.6,3.0,,,,,,,1520.6666347724267,1475.3898946051086,45.27674016731817,0.6470327491637076,,,,1.0,-0.3999999999999999,1.0,0.20000000000000018,0.3999999999999999,0.0,
laliga_102552,2026/27,31,2027-04-11,,,espanyol,RCD Espanyol,RCD Espanyol de Barcelona,malaga,Málaga CF,Málaga CF,scheduled,0.0,1.0,,4.0,1.0,1.0,0.0,0.0,323.0,315.0,0.0,1.0,1.4,0.4,0.2,1.2,1.2,0.0,4.8,5.4,0.9,0.8,1.3,-0.5,1.0,0.2,0.8,1.0,4.8,,,,,,,2.6,0.8,0.2,2.6,1.0,1.6,7.2,4.6,1.8,2.3,1.5,0.7999999999999998,2.0,0.6,2.6,1.4,5.6,,,,,,,1469.7915487087444,1449.8796167201926,19.911931988551714,0.6130165622622771,,,,-1.2000000000000002,-0.9,-1.6,-2.4000000000000004,-1.0,8.0,
laliga_102553,2026/27,31,2027-04-11,,,osasuna,CA Osasuna,CA Osasuna,real_madrid,Real Madrid,Real Madrid,scheduled,0.0,0.0,,,1.0,1.0,0.0,0.0,323.0,323.0,0.0,0.0,0.0,0.0,0.0,1.0,2.0,-1.0,5.0,5.2,0.8,1.1,1.5,-0.3999999999999999,0.8,0.2,1.2,1.6,5.6,,,,,,,2.4,0.8,0.0,1.8,0.8,1.0,4.4,3.8,2.0,1.7,1.1,0.5999999999999999,1.4,0.4,1.0,1.0,4.2,,,,,,,1472.152061291961,1643.8869079207884,-171.73484662882743,0.3445241026412681,,,,-2.4,-1.2,-2.0,0.5999999999999996,-0.5999999999999999,0.0,
laliga_102554,2026/27,31,2027-04-11,,,racing_santander,Racing de Santander,R. Racing Club,barcelona,FC Barcelona,FC Barcelona,scheduled,1.0,0.0,1.0,,1.0,1.0,0.0,0.0,315.0,323.0,1.0,0.0,2.6,0.8,0.2,3.0,1.2,1.8,8.8,3.8,2.3,2.8,1.5,1.2999999999999998,3.0,1.0,4.0,1.2,10.2,,,,,,,1.8,0.6,0.0,1.6,1.2,0.40000000000000013,4.8,3.2,2.4,1.8,0.8,1.0,1.8,0.6,1.4,1.2,4.0,,,,,,,1470.7098994240723,1670.0690083357954,-199.35910891172307,0.3095517979073608,,,,0.8,-0.10000000000000009,1.4,4.000000000000001,1.2,-8.0,
laliga_102555,2026/27,31,2027-04-11,,,vallecano,Rayo Vallecano,Rayo Vallecano,real_sociedad,Real Sociedad,Real Sociedad,scheduled,0.0,0.0,,,1.0,1.0,0.0,0.0,323.0,323.0,0.0,0.0,2.2,0.6,0.4,1.6,0.6,1.0,5.6,4.8,1.8,1.3,1.0,0.30000000000000004,2.2,0.6,1.6,0.8,6.4,,,,,,,0.6,0.0,0.6,1.4,1.8,-0.40000000000000013,3.0,5.8,0.8,1.6,1.9,-0.2999999999999998,0.6,0.0,1.2,1.8,3.6,,,,,,,1518.9810723253138,1489.5195498417131,29.461522483600675,0.6259736247335546,,,,1.6,1.0,1.4000000000000001,2.5999999999999996,1.6,0.0,
laliga_102556,2026/27,31,2027-04-11,,,sevilla,Sevilla FC,Sevilla FC,deportivo,RC Deportivo,RC Deportivo,scheduled,0.0,1.0,,2.0,1.0,1.0,0.0,0.0,323.0,315.0,0.0,1.0,1.8,0.6,0.0,1.2,1.0,0.19999999999999996,4.8,2.6,1.2,0.9,1.3,-0.4,1.8,0.6,1.0,1.0,4.2,,,,,,,2.4,0.8,0.0,1.6,0.8,0.8,5.4,3.0,2.1,1.6,0.8,0.8,1.8,0.4,1.2,0.6,4.0,,,,,,,1467.2134536362496,1455.1579643226437,12.055489313605904,0.6022346126406893,,,,-0.5999999999999999,-0.9000000000000001,-0.6000000000000001,-0.6000000000000005,0.0,8.0,
laliga_102557,2026/27,31,2027-04-11,,,valencia,Valencia CF,Valencia CF,getafe,Getafe CF,Getafe CF,scheduled,0.0,0.0,,,1.0,1.0,0.0,0.0,323.0,323.0,0.0,0.0,2.0,0.6,0.2,1.8,1.4,0.40000000000000013,3.6,3.8,1.7,1.6,1.3,0.30000000000000004,1.4,0.4,1.6,1.6,3.2,,,,,,,1.4,0.4,0.2,0.8,0.8,0.0,2.8,4.0,1.6,0.9,0.8,0.09999999999999998,1.4,0.4,0.6,0.6,2.0,,,,,,,1512.7914332123023,1492.8115288694028,19.979904342899545,0.6131093805145602,,,,0.6000000000000001,0.09999999999999987,0.40000000000000013,0.8000000000000003,0.0,0.0,
laliga_102558,2026/27,31,2027-04-11,,,villarreal,Villarreal CF,Villarreal CF,athletic_bilbao,Athletic Club,Athletic Club,scheduled,0.0,0.0,,,1.0,1.0,0.0,0.0,322.0,323.0,0.0,0.0,1.4,0.4,0.2,2.6,1.6,1.0,4.8,5.4,1.7,2.1,1.3,0.8,2.4,0.8,3.4,1.4,6.8,,,,,,,0.8,0.2,0.2,1.4,2.0,-0.6000000000000001,4.6,4.4,1.0,1.3,1.8,-0.5,0.6,0.2,1.6,2.6,2.8,,,,,,,1577.4033731013535,1495.7935124307858,81.60986067056774,0.6932105053782528,,,,0.5999999999999999,0.7,1.6,0.20000000000000018,1.7999999999999998,-1.0,
laliga_102559,2026/27,32,2027-04-18,,,alaves,Deportivo Alavés,Deportivo Alavés,vallecano,Rayo Vallecano,Rayo Vallecano,scheduled,0.0,0.0,,,1.0,1.0,0.0,0.0,330.0,330.0,0.0,0.0,1.4,0.4,0.2,1.2,1.4,-0.19999999999999996,4.6,3.2,1.5,1.8,1.8,0.0,1.4,0.4,1.6,1.8,5.6,,,,,,,2.2,0.6,0.4,1.6,0.6,1.0,5.6,4.8,1.8,1.3,1.0,0.30000000000000004,1.4,0.4,1.0,1.2,4.6,,,,,,,1481.1596411976118,1518.9810723253138,-37.821431127702,0.5318742431177661,,,,-0.8000000000000003,-0.30000000000000004,-1.2,-1.0,0.0,0.0,
laliga_102560,2026/27,32,2027-04-18,,,atletico_madrid,Atlético de Madrid,Atlético de Madrid,sevilla,Sevilla FC,Sevilla FC,scheduled,0.0,0.0,,,1.0,1.0,0.0,0.0,329.0,330.0,0.0,0.0,1.8,0.6,0.0,1.2,1.4,-0.19999999999999996,4.2,5.0,1.2,1.5,1.9,-0.3999999999999999,1.8,0.6,1.2,1.0,3.8,,,,,,,1.8,0.6,0.0,1.2,1.0,0.19999999999999996,4.8,2.6,1.2,0.9,1.3,-0.4,0.6,0.2,0.8,1.6,1.8,,,,,,,1572.1842025747462,1467.2134536362496,104.97074893849663,0.7210443760766304,,,,0.0,0.0,-0.3999999999999999,-0.5999999999999996,1.2000000000000002,-1.0,
laliga_102561,2026/27,32,2027-04-18,,,betis,Real Betis,Real Betis,athletic_bilbao,Athletic Club,Athletic Club,scheduled,0.0,0.0,,,1.0,1.0,0.0,0.0,330.0,330.0,0.0,0.0,2.0,0.6,0.2,2.0,1.4,0.6000000000000001,5.6,5.8,1.6,1.6,1.3,0.30000000000000004,2.2,0.6,1.6,0.6,6.0,,,,,,,0.8,0.2,0.2,1.4,2.0,-0.6000000000000001,4.6,4.4,1.0,1.3,1.8,-0.5,0.6,0.2,1.6,2.6,2.8,,,,,,,1555.2880787227114,1495.7935124307858,59.494566291925594,0.6654920437306705,,,,1.2,0.6000000000000001,1.2000000000000002,1.0,1.6,0.0,
laliga_102562,2026/27,32,2027-04-18,,,deportivo,RC Deportivo,RC Deportivo,celta,RC Celta,RC Celta,scheduled,1.0,0.0,2.0,,1.0,1.0,0.0,0.0,322.0,330.0,1.0,0.0,2.4,0.8,0.0,1.6,0.8,0.8,5.4,3.0,2.1,1.6,0.8,0.8,2.0,0.6,1.8,1.2,5.2,,,,,,,2.0,0.6,0.2,1.6,1.0,0.6000000000000001,3.2,5.0,1.3,1.5,1.7,-0.19999999999999996,1.4,0.4,1.2,1.2,2.8,,,,,,,1455.1579643226437,1520.6666347724267,-65.50867044978304,0.492073050198804,,,,0.3999999999999999,0.8,0.19999999999999996,2.2,0.6000000000000001,-8.0,
laliga_102563,2026/27,32,2027-04-18,,,elche,Elche CF,Elche CF,osasuna,CA Osasuna,CA Osasuna,scheduled,0.0,0.0,,,1.0,1.0,0.0,0.0,330.0,330.0,0.0,0.0,1.0,0.2,0.4,1.0,1.4,-0.3999999999999999,3.0,4.4,1.7,1.3,1.2,0.10000000000000009,2.6,0.8,1.6,0.8,4.0,,,,,,,0.0,0.0,0.0,1.0,2.0,-1.0,5.0,5.2,0.8,1.1,1.5,-0.3999999999999999,0.2,0.0,1.0,2.0,4.2,,,,,,,1475.3898946051086,1472.152061291961,3.2378333131475756,0.5900147203928361,,,,1.0,0.8999999999999999,0.6000000000000001,-2.0,2.4,0.0,
laliga_102564,2026/27,32,2027-04-18,,,barcelona,FC Barcelona,FC Barcelona,espanyol,RCD Espanyol,RCD Espanyol de Barcelona,scheduled,0.0,0.0,,,1.0,1.0,0.0,0.0,330.0,330.0,0.0,0.0,1.8,0.6,0.0,1.6,1.2,0.40000000000000013,4.8,3.2,2.4,1.8,0.8,1.0,3.0,1.0,2.2,0.4,6.6,,,,,,,1.4,0.4,0.2,1.2,1.2,0.0,4.8,5.4,0.9,0.8,1.3,-0.5,0.8,0.2,0.8,1.6,3.0,,,,,,,1670.0690083357954,1469.7915487087444,200.27745962705103,0.8173174303538628,,,,0.40000000000000013,1.5,0.40000000000000013,0.0,2.2,0.0,
laliga_102565,2026/27,32,2027-04-18,,,getafe,Getafe CF,Getafe CF,real_madrid,Real Madrid,Real Madrid,scheduled,0.0,0.0,,,1.0,1.0,0.0,0.0,330.0,330.0,0.0,0.0,1.4,0.4,0.2,0.8,0.8,0.0,2.8,4.0,1.6,0.9,0.8,0.09999999999999998,1.8,0.6,1.2,1.0,3.2,,,,,,,2.4,0.8,0.0,1.8,0.8,1.0,4.4,3.8,2.0,1.7,1.1,0.5999999999999999,1.4,0.4,1.0,1.0,4.2,,,,,,,1492.8115288694028,1643.8869079207884,-151.07537905138565,0.371853835105435,,,,-1.0,-0.3999999999999999,-1.0,-1.6000000000000005,0.40000000000000013,0.0,
laliga_102566,2026/27,32,2027-04-18,,,levante,Levante UD,Levante UD,villarreal,Villarreal CF,Villarreal CF,scheduled,0.0,0.0,,,1.0,1.0,0.0,0.0,330.0,329.0,0.0,0.0,1.8,0.6,0.0,2.0,2.2,-0.20000000000000018,6.2,5.6,1.9,1.7,1.5,0.19999999999999996,3.0,1.0,2.4,0.8,6.0,,,,,,,1.4,0.4,0.2,2.6,1.6,1.0,4.8,5.4,1.7,2.1,1.3,0.8,1.0,0.2,0.8,1.2,2.6,,,,,,,1484.3659660848236,1577.4033731013535,-93.03740701652987,0.4525981322233161,,,,0.40000000000000013,0.19999999999999996,-1.2000000000000002,1.4000000000000004,2.0,1.0,
laliga_102567,2026/27,32,2027-04-18,,,malaga,Málaga CF,Málaga CF,valencia,Valencia CF,Valencia CF,scheduled,1.0,0.0,4.0,,1.0,1.0,0.0,0.0,322.0,330.0,1.0,0.0,2.6,0.8,0.2,2.6,1.0,1.6,7.2,4.6,1.8,2.3,1.5,0.7999999999999998,1.6,0.4,1.4,1.0,6.2,,,,,,,2.0,0.6,0.2,1.8,1.4,0.40000000000000013,3.6,3.8,1.7,1.6,1.3,0.30000000000000004,2.0,0.6,1.6,1.0,4.8,,,,,,,1449.8796167201926,1512.7914332123023,-62.911816492109665,0.49580965732811283,,,,0.6000000000000001,0.10000000000000009,1.2,3.6,-0.3999999999999999,-8.0,
laliga_102568,2026/27,32,2027-04-18,,,real_sociedad,Real Sociedad,Real Sociedad,racing_santander,Racing de Santander,R. Racing Club,scheduled,0.0,1.0,,1.0,1.0,1.0,0.0,0.0,330.0,322.0,0.0,1.0,0.6,0.0,0.6,1.4,1.8,-0.40000000000000013,3.0,5.8,0.8,1.6,1.9,-0.2999999999999998,1.0,0.2,2.0,2.0,4.4,,,,,,,2.6,0.8,0.2,3.0,1.2,1.8,8.8,3.8,2.3,2.8,1.5,1.2999999999999998,1.6,0.4,1.6,1.8,6.4,,,,,,,1489.5195498417131,1470.7098994240723,18.809650417640796,0.6115102225553312,,,,-2.0,-1.4999999999999998,-2.2,-5.800000000000001,-0.6000000000000001,8.0,
laliga_102569,2026/27,33,2027-04-21,,,athletic_bilbao,Athletic Club,Athletic Club,deportivo,RC Deportivo,RC Deportivo,scheduled,0.0,1.0,,2.0,1.0,1.0,0.0,0.0,333.0,325.0,0.0,1.0,0.8,0.2,0.2,1.4,2.0,-0.6000000000000001,4.6,4.4,1.0,1.3,1.8,-0.5,1.4,0.4,1.0,1.0,5.4,,,,,,,2.4,0.8,0.0,1.6,0.8,0.8,5.4,3.0,2.1,1.6,0.8,0.8,1.8,0.4,1.2,0.6,4.0,,,,,,,1495.7935124307858,1455.1579643226437,40.635548108142075,0.6409074210554256,,,,-1.5999999999999999,-1.1,-1.4000000000000001,-0.8000000000000007,-0.40000000000000013,8.0,
laliga_102570,2026/27,33,2027-04-21,,,celta,RC Celta,RC Celta,barcelona,FC Barcelona,FC Barcelona,scheduled,0.0,0.0,,,1.0,1.0,0.0,0.0,333.0,333.0,0.0,0.0,2.0,0.6,0.2,1.6,1.0,0.6000000000000001,3.2,5.0,1.3,1.5,1.7,-0.19999999999999996,1.2,0.4,1.8,2.2,4.8,,,,,,,1.8,0.6,0.0,1.6,1.2,0.40000000000000013,4.8,3.2,2.4,1.8,0.8,1.0,1.8,0.6,1.4,1.2,4.0,,,,,,,1520.6666347724267,1670.0690083357954,-149.40237356336866,0.37410609749045676,,,,0.19999999999999996,-1.0999999999999999,0.19999999999999996,-1.5999999999999996,-0.6000000000000001,0.0,
laliga_102571,2026/27,33,2027-04-21,,,espanyol,RCD Espanyol,RCD Espanyol de Barcelona,real_sociedad,Real Sociedad,Real Sociedad,scheduled,0.0,0.0,,,1.0,1.0,0.0,0.0,333.0,333.0,0.0,0.0,1.4,0.4,0.2,1.2,1.2,0.0,4.8,5.4,0.9,0.8,1.3,-0.5,1.0,0.2,0.8,1.0,4.8,,,,,,,0.6,0.0,0.6,1.4,1.8,-0.40000000000000013,3.0,5.8,0.8,1.6,1.9,-0.2999999999999998,0.6,0.0,1.2,1.8,3.6,,,,,,,1469.7915487087444,1489.5195498417131,-19.728001132968757,0.5576978939539229,,,,0.7999999999999999,0.09999999999999998,0.40000000000000013,1.7999999999999998,0.4,0.0,
laliga_102572,2026/27,33,2027-04-21,,,getafe,Getafe CF,Getafe CF,betis,Real Betis,Real Betis,scheduled,0.0,0.0,,,1.0,1.0,0.0,0.0,333.0,333.0,0.0,0.0,1.4,0.4,0.2,0.8,0.8,0.0,2.8,4.0,1.6,0.9,0.8,0.09999999999999998,1.8,0.6,1.2,1.0,3.2,,,,,,,2.0,0.6,0.2,2.0,1.4,0.6000000000000001,5.6,5.8,1.6,1.6,1.3,0.30000000000000004,1.0,0.2,1.6,2.0,3.4,,,,,,,1492.8115288694028,1555.2880787227114,-62.4765498533086,0.4964360186273258,,,,-0.6000000000000001,0.0,-0.6000000000000001,-2.8,0.8,0.0,
laliga_102573,2026/27,33,2027-04-21,,,osasuna,CA Osasuna,CA Osasuna,alaves,Deportivo Alavés,Deportivo Alavés,scheduled,0.0,0.0,,,1.0,1.0,0.0,0.0,333.0,333.0,0.0,0.0,0.0,0.0,0.0,1.0,2.0,-1.0,5.0,5.2,0.8,1.1,1.5,-0.3999999999999999,0.8,0.2,1.2,1.6,5.6,,,,,,,1.4,0.4,0.2,1.2,1.4,-0.19999999999999996,4.6,3.2,1.5,1.8,1.8,0.0,1.6,0.4,2.0,1.8,3.6,,,,,,,1472.152061291961,1481.1596411976118,-9.0075799056508,0.5728615747089761,,,,-1.4,-0.7,-0.8,0.40000000000000036,-0.8,0.0,
laliga_102574,2026/27,33,2027-04-21,,,racing_santander,Racing de Santander,R. Racing Club,malaga,Málaga CF,Málaga CF,scheduled,1.0,1.0,1.0,4.0,1.0,1.0,0.0,0.0,325.0,325.0,1.0,1.0,2.6,0.8,0.2,3.0,1.2,1.8,8.8,3.8,2.3,2.8,1.5,1.2999999999999998,3.0,1.0,4.0,1.2,10.2,,,,,,,2.6,0.8,0.2,2.6,1.0,1.6,7.2,4.6,1.8,2.3,1.5,0.7999999999999998,2.0,0.6,2.6,1.4,5.6,,,,,,,1470.7098994240723,1449.8796167201926,20.830282703879675,0.6142699009546037,,,,0.0,0.4999999999999998,0.19999999999999996,1.6000000000000005,1.0,0.0,
laliga_102575,2026/27,33,2027-04-21,,,real_madrid,Real Madrid,Real Madrid,elche,Elche CF,Elche CF,scheduled,0.0,0.0,,,1.0,1.0,0.0,0.0,333.0,333.0,0.0,0.0,2.4,0.8,0.0,1.8,0.8,1.0,4.4,3.8,2.0,1.7,1.1,0.5999999999999999,2.6,0.8,2.4,1.2,8.4,,,,,,,1.0,0.2,0.4,1.0,1.4,-0.3999999999999999,3.0,4.4,1.7,1.3,1.2,0.10000000000000009,0.8,0.2,1.0,1.6,3.0,,,,,,,1643.8869079207884,1475.3898946051086,168.49701331567985,0.7884044485899322,,,,1.4,0.30000000000000004,1.4,1.4000000000000004,1.8,0.0,
laliga_102576,2026/27,33,2027-04-21,,,sevilla,Sevilla FC,Sevilla FC,levante,Levante UD,Levante UD,scheduled,0.0,0.0,,,1.0,1.0,0.0,0.0,333.0,333.0,0.0,0.0,1.8,0.6,0.0,1.2,1.0,0.19999999999999996,4.8,2.6,1.2,0.9,1.3,-0.4,1.8,0.6,1.0,1.0,4.2,,,,,,,1.8,0.6,0.0,2.0,2.2,-0.20000000000000018,6.2,5.6,1.9,1.7,1.5,0.19999999999999996,0.8,0.2,1.0,2.2,4.8,,,,,,,1467.2134536362496,1484.3659660848236,-17.152512448574043,0.5613517721462147,,,,0.0,-0.7,0.40000000000000013,-1.4000000000000004,1.0,0.0,
laliga_102577,2026/27,33,2027-04-21,,,valencia,Valencia CF,Valencia CF,vallecano,Rayo Vallecano,Rayo Vallecano,scheduled,0.0,0.0,,,1.0,1.0,0.0,0.0,333.0,333.0,0.0,0.0,2.0,0.6,0.2,1.8,1.4,0.40000000000000013,3.6,3.8,1.7,1.6,1.3,0.30000000000000004,1.4,0.4,1.6,1.6,3.2,,,,,,,2.2,0.6,0.4,1.6,0.6,1.0,5.6,4.8,1.8,1.3,1.0,0.30000000000000004,1.4,0.4,1.0,1.2,4.6,,,,,,,1512.7914332123023,1518.9810723253138,-6.189639113011481,0.5768260287580269,,,,-0.20000000000000018,-0.10000000000000009,-0.5999999999999999,-1.9999999999999996,0.0,0.0,
laliga_102578,2026/27,33,2027-04-21,,,villarreal,Villarreal CF,Villarreal CF,atletico_madrid,Atlético de Madrid,Atlético de Madrid,scheduled,0.0,0.0,,,1.0,1.0,0.0,0.0,332.0,332.0,0.0,0.0,1.4,0.4,0.2,2.6,1.6,1.0,4.8,5.4,1.7,2.1,1.3,0.8,2.4,0.8,3.4,1.4,6.8,,,,,,,1.8,0.6,0.0,1.2,1.4,-0.19999999999999996,4.2,5.0,1.2,1.5,1.9,-0.3999999999999999,1.2,0.4,1.6,2.2,3.6,,,,,,,1577.4033731013535,1572.1842025747462,5.219170526607286,0.592770819666392,,,,-0.40000000000000013,0.5,1.2,0.5999999999999996,1.2,0.0,
laliga_102579,2026/27,34,2027-05-02,,,atletico_madrid,Atlético de Madrid,Atlético de Madrid,alaves,Deportivo Alavés,Deportivo Alavés,scheduled,0.0,0.0,,,1.0,1.0,0.0,0.0,343.0,344.0,0.0,0.0,1.8,0.6,0.0,1.2,1.4,-0.19999999999999996,4.2,5.0,1.2,1.5,1.9,-0.3999999999999999,1.8,0.6,1.2,1.0,3.8,,,,,,,1.4,0.4,0.2,1.2,1.4,-0.19999999999999996,4.6,3.2,1.5,1.8,1.8,0.0,1.6,0.4,2.0,1.8,3.6,,,,,,,1572.1842025747462,1481.1596411976118,91.02456137713443,0.7046140207565795,,,,0.40000000000000013,-0.30000000000000004,0.0,-0.39999999999999947,0.19999999999999996,-1.0,
laliga_102580,2026/27,34,2027-05-02,,,betis,Real Betis,Real Betis,valencia,Valencia CF,Valencia CF,scheduled,0.0,0.0,,,1.0,1.0,0.0,0.0,344.0,344.0,0.0,0.0,2.0,0.6,0.2,2.0,1.4,0.6000000000000001,5.6,5.8,1.6,1.6,1.3,0.30000000000000004,2.2,0.6,1.6,0.6,6.0,,,,,,,2.0,0.6,0.2,1.8,1.4,0.40000000000000013,3.6,3.8,1.7,1.6,1.3,0.30000000000000004,2.0,0.6,1.6,1.0,4.8,,,,,,,1555.2880787227114,1512.7914332123023,42.49664551040905,0.6433693032725997,,,,0.0,-0.09999999999999987,0.19999999999999996,1.9999999999999996,0.20000000000000018,0.0,
laliga_102581,2026/27,34,2027-05-02,,,celta,RC Celta,RC Celta,sevilla,Sevilla FC,Sevilla FC,scheduled,0.0,0.0,,,1.0,1.0,0.0,0.0,344.0,344.0,0.0,0.0,2.0,0.6,0.2,1.6,1.0,0.6000000000000001,3.2,5.0,1.3,1.5,1.7,-0.19999999999999996,1.2,0.4,1.8,2.2,4.8,,,,,,,1.8,0.6,0.0,1.2,1.0,0.19999999999999996,4.8,2.6,1.2,0.9,1.3,-0.4,0.6,0.2,0.8,1.6,1.8,,,,,,,1520.6666347724267,1467.2134536362496,53.453181136177136,0.6577062258097969,,,,0.19999999999999996,0.10000000000000009,0.40000000000000013,-1.5999999999999996,0.6,0.0,
laliga_102582,2026/27,34,2027-05-02,,,deportivo,RC Deportivo,RC Deportivo,racing_santander,Racing de Santander,R. Racing Club,scheduled,1.0,1.0,2.0,1.0,1.0,1.0,0.0,0.0,336.0,336.0,1.0,1.0,2.4,0.8,0.0,1.6,0.8,0.8,5.4,3.0,2.1,1.6,0.8,0.8,2.0,0.6,1.8,1.2,5.2,,,,,,,2.6,0.8,0.2,3.0,1.2,1.8,8.8,3.8,2.3,2.8,1.5,1.2999999999999998,1.6,0.4,1.6,1.8,6.4,,,,,,,1455.1579643226437,1470.7098994240723,-15.551935101428626,0.5636192097443631,,,,-0.20000000000000018,-0.19999999999999973,-1.0,-3.4000000000000004,0.3999999999999999,0.0,
laliga_102583,2026/27,34,2027-05-02,,,elche,Elche CF,Elche CF,espanyol,RCD Espanyol,RCD Espanyol de Barcelona,scheduled,0.0,0.0,,,1.0,1.0,0.0,0.0,344.0,344.0,0.0,0.0,1.0,0.2,0.4,1.0,1.4,-0.3999999999999999,3.0,4.4,1.7,1.3,1.2,0.10000000000000009,2.6,0.8,1.6,0.8,4.0,,,,,,,1.4,0.4,0.2,1.2,1.2,0.0,4.8,5.4,0.9,0.8,1.3,-0.5,0.8,0.2,0.8,1.6,3.0,,,,,,,1475.3898946051086,1469.7915487087444,5.598345896364208,0.5932976046886526,,,,-0.3999999999999999,0.7999999999999999,-0.3999999999999999,-1.7999999999999998,1.8,0.0,
laliga_102584,2026/27,34,2027-05-02,,,barcelona,FC Barcelona,FC Barcelona,osasuna,CA Osasuna,CA Osasuna,scheduled,0.0,0.0,,,1.0,1.0,0.0,0.0,344.0,344.0,0.0,0.0,1.8,0.6,0.0,1.6,1.2,0.40000000000000013,4.8,3.2,2.4,1.8,0.8,1.0,3.0,1.0,2.2,0.4,6.6,,,,,,,0.0,0.0,0.0,1.0,2.0,-1.0,5.0,5.2,0.8,1.1,1.5,-0.3999999999999999,0.2,0.0,1.0,2.0,4.2,,,,,,,1670.0690083357954,1472.152061291961,197.9169470438344,0.8152798262483941,,,,1.8,1.5999999999999999,1.4000000000000001,-0.20000000000000018,2.8,0.0,
laliga_102585,2026/27,34,2027-05-02,,,levante,Levante UD,Levante UD,real_madrid,Real Madrid,Real Madrid,scheduled,0.0,0.0,,,1.0,1.0,0.0,0.0,344.0,344.0,0.0,0.0,1.8,0.6,0.0,2.0,2.2,-0.20000000000000018,6.2,5.6,1.9,1.7,1.5,0.19999999999999996,3.0,1.0,2.4,0.8,6.0,,,,,,,2.4,0.8,0.0,1.8,0.8,1.0,4.4,3.8,2.0,1.7,1.1,0.5999999999999999,1.4,0.4,1.0,1.0,4.2,,,,,,,1484.3659660848236,1643.8869079207884,-159.52094183596478,0.36057056466251525,,,,-0.5999999999999999,-0.10000000000000009,-1.2000000000000002,1.7999999999999998,1.6,0.0,
laliga_102586,2026/27,34,2027-05-02,,,malaga,Málaga CF,Málaga CF,getafe,Getafe CF,Getafe CF,scheduled,1.0,0.0,4.0,,1.0,1.0,0.0,0.0,336.0,344.0,1.0,0.0,2.6,0.8,0.2,2.6,1.0,1.6,7.2,4.6,1.8,2.3,1.5,0.7999999999999998,1.6,0.4,1.4,1.0,6.2,,,,,,,1.4,0.4,0.2,0.8,0.8,0.0,2.8,4.0,1.6,0.9,0.8,0.09999999999999998,1.4,0.4,0.6,0.6,2.0,,,,,,,1449.8796167201926,1492.8115288694028,-42.93191214921012,0.5245432122579096,,,,1.2000000000000002,0.19999999999999996,1.6,4.4,0.20000000000000018,-8.0,
laliga_102587,2026/27,34,2027-05-02,,,vallecano,Rayo Vallecano,Rayo Vallecano,villarreal,Villarreal CF,Villarreal CF,scheduled,0.0,0.0,,,1.0,1.0,0.0,0.0,344.0,343.0,0.0,0.0,2.2,0.6,0.4,1.6,0.6,1.0,5.6,4.8,1.8,1.3,1.0,0.30000000000000004,2.2,0.6,1.6,0.8,6.4,,,,,,,1.4,0.4,0.2,2.6,1.6,1.0,4.8,5.4,1.7,2.1,1.3,0.8,1.0,0.2,0.8,1.2,2.6,,,,,,,1518.9810723253138,1577.4033731013535,-58.42230077603972,0.5022704760903307,,,,0.8000000000000003,0.10000000000000009,0.0,0.7999999999999998,1.2000000000000002,1.0,
laliga_102588,2026/27,34,2027-05-02,,,real_sociedad,Real Sociedad,Real Sociedad,athletic_bilbao,Athletic Club,Athletic Club,scheduled,0.0,0.0,,,1.0,1.0,0.0,0.0,344.0,344.0,0.0,0.0,0.6,0.0,0.6,1.4,1.8,-0.40000000000000013,3.0,5.8,0.8,1.6,1.9,-0.2999999999999998,1.0,0.2,2.0,2.0,4.4,,,,,,,0.8,0.2,0.2,1.4,2.0,-0.6000000000000001,4.6,4.4,1.0,1.3,1.8,-0.5,0.6,0.2,1.6,2.6,2.8,,,,,,,1489.5195498417131,1495.7935124307858,-6.273962589072653,0.5767075380806389,,,,-0.20000000000000007,-0.19999999999999996,0.19999999999999996,-1.5999999999999996,0.4,0.0,
laliga_102589,2026/27,35,2027-05-09,,,alaves,Deportivo Alavés,Deportivo Alavés,levante,Levante UD,Levante UD,scheduled,0.0,0.0,,,1.0,1.0,0.0,0.0,351.0,351.0,0.0,0.0,1.4,0.4,0.2,1.2,1.4,-0.19999999999999996,4.6,3.2,1.5,1.8,1.8,0.0,1.4,0.4,1.6,1.8,5.6,,,,,,,1.8,0.6,0.0,2.0,2.2,-0.20000000000000018,6.2,5.6,1.9,1.7,1.5,0.19999999999999996,0.8,0.2,1.0,2.2,4.8,,,,,,,1481.1596411976118,1484.3659660848236,-3.2063248872118493,0.5810123757299896,,,,-0.40000000000000013,-0.3999999999999999,2.220446049250313e-16,-1.6000000000000005,0.5999999999999999,0.0,
laliga_102590,2026/27,35,2027-05-09,,,athletic_bilbao,Athletic Club,Athletic Club,malaga,Málaga CF,Málaga CF,scheduled,0.0,1.0,,4.0,1.0,1.0,0.0,0.0,351.0,343.0,0.0,1.0,0.8,0.2,0.2,1.4,2.0,-0.6000000000000001,4.6,4.4,1.0,1.3,1.8,-0.5,1.4,0.4,1.0,1.0,5.4,,,,,,,2.6,0.8,0.2,2.6,1.0,1.6,7.2,4.6,1.8,2.3,1.5,0.7999999999999998,2.0,0.6,2.6,1.4,5.6,,,,,,,1495.7935124307858,1449.8796167201926,45.913895710593124,0.6478699452858485,,,,-1.8,-0.8,-2.2,-2.6000000000000005,-0.6000000000000001,8.0,
laliga_102591,2026/27,35,2027-05-09,,,betis,Real Betis,Real Betis,espanyol,RCD Espanyol,RCD Espanyol de Barcelona,scheduled,0.0,0.0,,,1.0,1.0,0.0,0.0,351.0,351.0,0.0,0.0,2.0,0.6,0.2,2.0,1.4,0.6000000000000001,5.6,5.8,1.6,1.6,1.3,0.30000000000000004,2.2,0.6,1.6,0.6,6.0,,,,,,,1.4,0.4,0.2,1.2,1.2,0.0,4.8,5.4,0.9,0.8,1.3,-0.5,0.8,0.2,0.8,1.6,3.0,,,,,,,1555.2880787227114,1469.7915487087444,85.496530013967,0.6979479872022829,,,,0.6000000000000001,0.7000000000000001,0.6000000000000001,0.7999999999999998,1.4000000000000001,0.0,
laliga_102592,2026/27,35,2027-05-09,,,getafe,Getafe CF,Getafe CF,elche,Elche CF,Elche CF,scheduled,0.0,0.0,,,1.0,1.0,0.0,0.0,351.0,351.0,0.0,0.0,1.4,0.4,0.2,0.8,0.8,0.0,2.8,4.0,1.6,0.9,0.8,0.09999999999999998,1.8,0.6,1.2,1.0,3.2,,,,,,,1.0,0.2,0.4,1.0,1.4,-0.3999999999999999,3.0,4.4,1.7,1.3,1.2,0.10000000000000009,0.8,0.2,1.0,1.6,3.0,,,,,,,1492.8115288694028,1475.3898946051086,17.421634264294198,0.6096103768144897,,,,0.3999999999999999,-0.09999999999999987,0.3999999999999999,-0.20000000000000018,1.0,0.0,
laliga_102593,2026/27,35,2027-05-09,,,osasuna,CA Osasuna,CA Osasuna,real_sociedad,Real Sociedad,Real Sociedad,scheduled,0.0,0.0,,,1.0,1.0,0.0,0.0,351.0,351.0,0.0,0.0,0.0,0.0,0.0,1.0,2.0,-1.0,5.0,5.2,0.8,1.1,1.5,-0.3999999999999999,0.8,0.2,1.2,1.6,5.6,,,,,,,0.6,0.0,0.6,1.4,1.8,-0.40000000000000013,3.0,5.8,0.8,1.6,1.9,-0.2999999999999998,0.6,0.0,1.2,1.8,3.6,,,,,,,1472.152061291961,1489.5195498417131,-17.367488549752125,0.5610470315762446,,,,-0.6,0.0,-0.5999999999999999,2.0,0.20000000000000007,0.0,
laliga_102594,2026/27,35,2027-05-09,,,racing_santander,Racing de Santander,R. Racing Club,sevilla,Sevilla FC,Sevilla FC,scheduled,1.0,0.0,1.0,,1.0,1.0,0.0,0.0,343.0,351.0,1.0,0.0,2.6,0.8,0.2,3.0,1.2,1.8,8.8,3.8,2.3,2.8,1.5,1.2999999999999998,3.0,1.0,4.0,1.2,10.2,,,,,,,1.8,0.6,0.0,1.2,1.0,0.19999999999999996,4.8,2.6,1.2,0.9,1.3,-0.4,0.6,0.2,0.8,1.6,1.8,,,,,,,1470.7098994240723,1467.2134536362496,3.496445787822722,0.5903747829858045,,,,0.8,1.0999999999999999,1.6,4.000000000000001,2.4,-8.0,
laliga_102595,2026/27,35,2027-05-09,,,vallecano,Rayo Vallecano,Rayo Vallecano,deportivo,RC Deportivo,RC Deportivo,scheduled,0.0,1.0,,2.0,1.0,1.0,0.0,0.0,351.0,343.0,0.0,1.0,2.2,0.6,0.4,1.6,0.6,1.0,5.6,4.8,1.8,1.3,1.0,0.30000000000000004,2.2,0.6,1.6,0.8,6.4,,,,,,,2.4,0.8,0.0,1.6,0.8,0.8,5.4,3.0,2.1,1.6,0.8,0.8,1.8,0.4,1.2,0.6,4.0,,,,,,,1518.9810723253138,1455.1579643226437,63.8231080026701,0.6710158327365637,,,,-0.19999999999999973,-0.30000000000000004,0.19999999999999996,0.1999999999999993,0.40000000000000013,8.0,
laliga_102596,2026/27,35,2027-05-09,,,real_madrid,Real Madrid,Real Madrid,barcelona,FC Barcelona,FC Barcelona,scheduled,0.0,0.0,,,1.0,1.0,0.0,0.0,351.0,351.0,0.0,0.0,2.4,0.8,0.0,1.8,0.8,1.0,4.4,3.8,2.0,1.7,1.1,0.5999999999999999,2.6,0.8,2.4,1.2,8.4,,,,,,,1.8,0.6,0.0,1.6,1.2,0.40000000000000013,4.8,3.2,2.4,1.8,0.8,1.0,1.8,0.6,1.4,1.2,4.0,,,,,,,1643.8869079207884,1670.0690083357954,-26.18210041500697,0.5485147527780425,,,,0.5999999999999999,-0.3999999999999999,0.5999999999999999,-0.39999999999999947,0.8,0.0,
laliga_102597,2026/27,35,2027-05-09,,,valencia,Valencia CF,Valencia CF,atletico_madrid,Atlético de Madrid,Atlético de Madrid,scheduled,0.0,0.0,,,1.0,1.0,0.0,0.0,351.0,350.0,0.0,0.0,2.0,0.6,0.2,1.8,1.4,0.40000000000000013,3.6,3.8,1.7,1.6,1.3,0.30000000000000004,1.4,0.4,1.6,1.6,3.2,,,,,,,1.8,0.6,0.0,1.2,1.4,-0.19999999999999996,4.2,5.0,1.2,1.5,1.9,-0.3999999999999999,1.2,0.4,1.6,2.2,3.6,,,,,,,1512.7914332123023,1572.1842025747462,-59.392769362443914,0.5008738742439911,,,,0.19999999999999996,0.5,0.6000000000000001,-0.6000000000000001,0.19999999999999996,1.0,
laliga_102598,2026/27,35,2027-05-09,,,villarreal,Villarreal CF,Villarreal CF,celta,RC Celta,RC Celta,scheduled,0.0,0.0,,,1.0,1.0,0.0,0.0,350.0,351.0,0.0,0.0,1.4,0.4,0.2,2.6,1.6,1.0,4.8,5.4,1.7,2.1,1.3,0.8,2.4,0.8,3.4,1.4,6.8,,,,,,,2.0,0.6,0.2,1.6,1.0,0.6000000000000001,3.2,5.0,1.3,1.5,1.7,-0.19999999999999996,1.4,0.4,1.2,1.2,2.8,,,,,,,1577.4033731013535,1520.6666347724267,56.736738328926776,0.6619487631775897,,,,-0.6000000000000001,0.3999999999999999,0.3999999999999999,1.5999999999999996,1.0,-1.0,
laliga_102599,2026/27,36,2027-05-16,,,atletico_madrid,Atlético de Madrid,Atlético de Madrid,vallecano,Rayo Vallecano,Rayo Vallecano,scheduled,0.0,0.0,,,1.0,1.0,0.0,0.0,357.0,358.0,0.0,0.0,1.8,0.6,0.0,1.2,1.4,-0.19999999999999996,4.2,5.0,1.2,1.5,1.9,-0.3999999999999999,1.8,0.6,1.2,1.0,3.8,,,,,,,2.2,0.6,0.4,1.6,0.6,1.0,5.6,4.8,1.8,1.3,1.0,0.30000000000000004,1.4,0.4,1.0,1.2,4.6,,,,,,,1572.1842025747462,1518.9810723253138,53.203130249432434,0.6573821000319942,,,,-0.40000000000000013,-0.6000000000000001,-1.2,-1.3999999999999995,0.40000000000000013,-1.0,
laliga_102600,2026/27,36,2027-05-16,,,deportivo,RC Deportivo,RC Deportivo,alaves,Deportivo Alavés,Deportivo Alavés,scheduled,1.0,0.0,2.0,,1.0,1.0,0.0,0.0,350.0,358.0,1.0,0.0,2.4,0.8,0.0,1.6,0.8,0.8,5.4,3.0,2.1,1.6,0.8,0.8,2.0,0.6,1.8,1.2,5.2,,,,,,,1.4,0.4,0.2,1.2,1.4,-0.19999999999999996,4.6,3.2,1.5,1.8,1.8,0.0,1.6,0.4,2.0,1.8,3.6,,,,,,,1455.1579643226437,1481.1596411976118,-26.001676874968098,0.5487719456051056,,,,1.0,0.6000000000000001,1.0,0.8000000000000007,0.3999999999999999,-8.0,
laliga_102601,2026/27,36,2027-05-16,,,elche,Elche CF,Elche CF,athletic_bilbao,Athletic Club,Athletic Club,scheduled,0.0,0.0,,,1.0,1.0,0.0,0.0,358.0,358.0,0.0,0.0,1.0,0.2,0.4,1.0,1.4,-0.3999999999999999,3.0,4.4,1.7,1.3,1.2,0.10000000000000009,2.6,0.8,1.6,0.8,4.0,,,,,,,0.8,0.2,0.2,1.4,2.0,-0.6000000000000001,4.6,4.4,1.0,1.3,1.8,-0.5,0.6,0.2,1.6,2.6,2.8,,,,,,,1475.3898946051086,1495.7935124307858,-20.403617825677202,0.5567383364678403,,,,0.19999999999999996,0.7,0.20000000000000018,-1.5999999999999996,2.0,0.0,
laliga_102602,2026/27,36,2027-05-16,,,espanyol,RCD Espanyol,RCD Espanyol de Barcelona,valencia,Valencia CF,Valencia CF,scheduled,0.0,0.0,,,1.0,1.0,0.0,0.0,358.0,358.0,0.0,0.0,1.4,0.4,0.2,1.2,1.2,0.0,4.8,5.4,0.9,0.8,1.3,-0.5,1.0,0.2,0.8,1.0,4.8,,,,,,,2.0,0.6,0.2,1.8,1.4,0.40000000000000013,3.6,3.8,1.7,1.6,1.3,0.30000000000000004,2.0,0.6,1.6,1.0,4.8,,,,,,,1469.7915487087444,1512.7914332123023,-42.99988450355795,0.5244456269360978,,,,-0.6000000000000001,-0.7999999999999999,-0.40000000000000013,1.1999999999999997,-1.0,0.0,
laliga_102603,2026/27,36,2027-05-16,,,levante,Levante UD,Levante UD,getafe,Getafe CF,Getafe CF,scheduled,0.0,0.0,,,1.0,1.0,0.0,0.0,358.0,358.0,0.0,0.0,1.8,0.6,0.0,2.0,2.2,-0.20000000000000018,6.2,5.6,1.9,1.7,1.5,0.19999999999999996,3.0,1.0,2.4,0.8,6.0,,,,,,,1.4,0.4,0.2,0.8,0.8,0.0,2.8,4.0,1.6,0.9,0.8,0.09999999999999998,1.4,0.4,0.6,0.6,2.0,,,,,,,1484.3659660848236,1492.8115288694028,-8.445562784579124,0.5736530198875368,,,,0.40000000000000013,0.2999999999999998,-0.20000000000000018,3.4000000000000004,1.6,0.0,
laliga_102604,2026/27,36,2027-05-16,,,malaga,Málaga CF,Málaga CF,celta,RC Celta,RC Celta,scheduled,1.0,0.0,4.0,,1.0,1.0,0.0,0.0,350.0,358.0,1.0,0.0,2.6,0.8,0.2,2.6,1.0,1.6,7.2,4.6,1.8,2.3,1.5,0.7999999999999998,1.6,0.4,1.4,1.0,6.2,,,,,,,2.0,0.6,0.2,1.6,1.0,0.6000000000000001,3.2,5.0,1.3,1.5,1.7,-0.19999999999999996,1.4,0.4,1.2,1.2,2.8,,,,,,,1449.8796167201926,1520.6666347724267,-70.78701805223409,0.48448121926603177,,,,0.6000000000000001,0.5,1.0,4.0,0.20000000000000018,-8.0,
laliga_102605,2026/27,36,2027-05-16,,,osasuna,CA Osasuna,CA Osasuna,betis,Real Betis,Real Betis,scheduled,0.0,0.0,,,1.0,1.0,0.0,0.0,358.0,358.0,0.0,0.0,0.0,0.0,0.0,1.0,2.0,-1.0,5.0,5.2,0.8,1.1,1.5,-0.3999999999999999,0.8,0.2,1.2,1.6,5.6,,,,,,,2.0,0.6,0.2,2.0,1.4,0.6000000000000001,5.6,5.8,1.6,1.6,1.3,0.30000000000000004,1.0,0.2,1.6,2.0,3.4,,,,,,,1472.152061291961,1555.2880787227114,-83.13601743075037,0.4667537216734296,,,,-2.0,-0.8,-1.6,-0.5999999999999996,-0.19999999999999996,0.0,
laliga_102606,2026/27,36,2027-05-16,,,real_madrid,Real Madrid,Real Madrid,racing_santander,Racing de Santander,R. Racing Club,scheduled,0.0,1.0,,1.0,1.0,1.0,0.0,0.0,358.0,350.0,0.0,1.0,2.4,0.8,0.0,1.8,0.8,1.0,4.4,3.8,2.0,1.7,1.1,0.5999999999999999,2.6,0.8,2.4,1.2,8.4,,,,,,,2.6,0.8,0.2,3.0,1.2,1.8,8.8,3.8,2.3,2.8,1.5,1.2999999999999998,1.6,0.4,1.6,1.8,6.4,,,,,,,1643.8869079207884,1470.7098994240723,173.1770084967161,0.7928637759154274,,,,-0.20000000000000018,-0.2999999999999998,-0.8,-4.4,1.0,8.0,
laliga_102607,2026/27,36,2027-05-16,,,real_sociedad,Real Sociedad,Real Sociedad,barcelona,FC Barcelona,FC Barcelona,scheduled,0.0,0.0,,,1.0,1.0,0.0,0.0,358.0,358.0,0.0,0.0,0.6,0.0,0.6,1.4,1.8,-0.40000000000000013,3.0,5.8,0.8,1.6,1.9,-0.2999999999999998,1.0,0.2,2.0,2.0,4.4,,,,,,,1.8,0.6,0.0,1.6,1.2,0.40000000000000013,4.8,3.2,2.4,1.8,0.8,1.0,1.8,0.6,1.4,1.2,4.0,,,,,,,1489.5195498417131,1670.0690083357954,-180.54945849408227,0.333157515488946,,,,-1.2000000000000002,-1.5999999999999999,-0.8000000000000003,-1.7999999999999998,-0.8,0.0,
laliga_102608,2026/27,36,2027-05-16,,,sevilla,Sevilla FC,Sevilla FC,villarreal,Villarreal CF,Villarreal CF,scheduled,0.0,0.0,,,1.0,1.0,0.0,0.0,358.0,357.0,0.0,0.0,1.8,0.6,0.0,1.2,1.0,0.19999999999999996,4.8,2.6,1.2,0.9,1.3,-0.4,1.8,0.6,1.0,1.0,4.2,,,,,,,1.4,0.4,0.2,2.6,1.6,1.0,4.8,5.4,1.7,2.1,1.3,0.8,1.0,0.2,0.8,1.2,2.6,,,,,,,1467.2134536362496,1577.4033731013535,-110.18991946510391,0.4282691707292515,,,,0.40000000000000013,-0.5,-0.8,0.0,0.8,1.0,
laliga_102609,2026/27,37,2027-05-23,,,alaves,Deportivo Alavés,Deportivo Alavés,real_madrid,Real Madrid,Real Madrid,scheduled,0.0,0.0,,,1.0,1.0,0.0,0.0,365.0,365.0,0.0,0.0,1.4,0.4,0.2,1.2,1.4,-0.19999999999999996,4.6,3.2,1.5,1.8,1.8,0.0,1.4,0.4,1.6,1.8,5.6,,,,,,,2.4,0.8,0.0,1.8,0.8,1.0,4.4,3.8,2.0,1.7,1.1,0.5999999999999999,1.4,0.4,1.0,1.0,4.2,,,,,,,1481.1596411976118,1643.8869079207884,-162.72726672317663,0.35632615185555316,,,,-1.0,-0.5,-1.2,0.1999999999999993,0.0,0.0,
laliga_102610,2026/27,37,2027-05-23,,,atletico_madrid,Atlético de Madrid,Atlético de Madrid,athletic_bilbao,Athletic Club,Athletic Club,scheduled,0.0,0.0,,,1.0,1.0,0.0,0.0,364.0,365.0,0.0,0.0,1.8,0.6,0.0,1.2,1.4,-0.19999999999999996,4.2,5.0,1.2,1.5,1.9,-0.3999999999999999,1.8,0.6,1.2,1.0,3.8,,,,,,,0.8,0.2,0.2,1.4,2.0,-0.6000000000000001,4.6,4.4,1.0,1.3,1.8,-0.5,0.6,0.2,1.6,2.6,2.8,,,,,,,1572.1842025747462,1495.7935124307858,76.39069014396046,0.6867842454310655,,,,1.0,0.19999999999999996,0.40000000000000013,-0.39999999999999947,1.2000000000000002,-1.0,
laliga_102611,2026/27,37,2027-05-23,,,celta,RC Celta,RC Celta,real_sociedad,Real Sociedad,Real Sociedad,scheduled,0.0,0.0,,,1.0,1.0,0.0,0.0,365.0,365.0,0.0,0.0,2.0,0.6,0.2,1.6,1.0,0.6000000000000001,3.2,5.0,1.3,1.5,1.7,-0.19999999999999996,1.2,0.4,1.8,2.2,4.8,,,,,,,0.6,0.0,0.6,1.4,1.8,-0.40000000000000013,3.0,5.8,0.8,1.6,1.9,-0.2999999999999998,0.6,0.0,1.2,1.8,3.6,,,,,,,1520.6666347724267,1489.5195498417131,31.147084930713618,0.6282425745350004,,,,1.4,0.5,1.0000000000000002,0.20000000000000018,0.6,0.0,
laliga_102612,2026/27,37,2027-05-23,,,deportivo,RC Deportivo,RC Deportivo,espanyol,RCD Espanyol,RCD Espanyol de Barcelona,scheduled,1.0,0.0,2.0,,1.0,1.0,0.0,0.0,357.0,365.0,1.0,0.0,2.4,0.8,0.0,1.6,0.8,0.8,5.4,3.0,2.1,1.6,0.8,0.8,2.0,0.6,1.8,1.2,5.2,,,,,,,1.4,0.4,0.2,1.2,1.2,0.0,4.8,5.4,0.9,0.8,1.3,-0.5,0.8,0.2,0.8,1.6,3.0,,,,,,,1455.1579643226437,1469.7915487087444,-14.633584386100665,0.5649189860889268,,,,1.0,1.2000000000000002,0.8,0.6000000000000005,1.2,-8.0,
laliga_102613,2026/27,37,2027-05-23,,,barcelona,FC Barcelona,FC Barcelona,malaga,Málaga CF,Málaga CF,scheduled,0.0,1.0,,4.0,1.0,1.0,0.0,0.0,365.0,357.0,0.0,1.0,1.8,0.6,0.0,1.6,1.2,0.40000000000000013,4.8,3.2,2.4,1.8,0.8,1.0,3.0,1.0,2.2,0.4,6.6,,,,,,,2.6,0.8,0.2,2.6,1.0,1.6,7.2,4.6,1.8,2.3,1.5,0.7999999999999998,2.0,0.6,2.6,1.4,5.6,,,,,,,1670.0690083357954,1449.8796167201926,220.18939161560274,0.833813595100901,,,,-0.8,0.5999999999999999,-1.2,-2.4000000000000004,1.0,8.0,
laliga_102614,2026/27,37,2027-05-23,,,racing_santander,Racing de Santander,R. Racing Club,levante,Levante UD,Levante UD,scheduled,1.0,0.0,1.0,,1.0,1.0,0.0,0.0,357.0,365.0,1.0,0.0,2.6,0.8,0.2,3.0,1.2,1.8,8.8,3.8,2.3,2.8,1.5,1.2999999999999998,3.0,1.0,4.0,1.2,10.2,,,,,,,1.8,0.6,0.0,2.0,2.2,-0.20000000000000018,6.2,5.6,1.9,1.7,1.5,0.19999999999999996,0.8,0.2,1.0,2.2,4.8,,,,,,,1470.7098994240723,1484.3659660848236,-13.656066660751321,0.5663015234499289,,,,0.8,0.3999999999999999,2.0,2.6000000000000005,2.2,-8.0,
laliga_102615,2026/27,37,2027-05-23,,,vallecano,Rayo Vallecano,Rayo Vallecano,betis,Real Betis,Real Betis,scheduled,0.0,0.0,,,1.0,1.0,0.0,0.0,365.0,365.0,0.0,0.0,2.2,0.6,0.4,1.6,0.6,1.0,5.6,4.8,1.8,1.3,1.0,0.30000000000000004,2.2,0.6,1.6,0.8,6.4,,,,,,,2.0,0.6,0.2,2.0,1.4,0.6000000000000001,5.6,5.8,1.6,1.6,1.3,0.30000000000000004,1.0,0.2,1.6,2.0,3.4,,,,,,,1518.9810723253138,1555.2880787227114,-36.30700639739757,0.5340442018577725,,,,0.20000000000000018,0.19999999999999996,0.3999999999999999,0.0,1.2000000000000002,0.0,
laliga_102616,2026/27,37,2027-05-23,,,sevilla,Sevilla FC,Sevilla FC,getafe,Getafe CF,Getafe CF,scheduled,0.0,0.0,,,1.0,1.0,0.0,0.0,365.0,365.0,0.0,0.0,1.8,0.6,0.0,1.2,1.0,0.19999999999999996,4.8,2.6,1.2,0.9,1.3,-0.4,1.8,0.6,1.0,1.0,4.2,,,,,,,1.4,0.4,0.2,0.8,0.8,0.0,2.8,4.0,1.6,0.9,0.8,0.09999999999999998,1.4,0.4,0.6,0.6,2.0,,,,,,,1467.2134536362496,1492.8115288694028,-25.598075233153168,0.5493471831347919,,,,0.40000000000000013,-0.40000000000000013,0.19999999999999996,2.0,0.40000000000000013,0.0,
laliga_102617,2026/27,37,2027-05-23,,,valencia,Valencia CF,Valencia CF,elche,Elche CF,Elche CF,scheduled,0.0,0.0,,,1.0,1.0,0.0,0.0,365.0,365.0,0.0,0.0,2.0,0.6,0.2,1.8,1.4,0.40000000000000013,3.6,3.8,1.7,1.6,1.3,0.30000000000000004,1.4,0.4,1.6,1.6,3.2,,,,,,,1.0,0.2,0.4,1.0,1.4,-0.3999999999999999,3.0,4.4,1.7,1.3,1.2,0.10000000000000009,0.8,0.2,1.0,1.6,3.0,,,,,,,1512.7914332123023,1475.3898946051086,37.40153860719374,0.6366117909221236,,,,1.0,0.0,0.8,0.6000000000000001,0.5999999999999999,0.0,
laliga_102618,2026/27,37,2027-05-23,,,villarreal,Villarreal CF,Villarreal CF,osasuna,CA Osasuna,CA Osasuna,scheduled,0.0,0.0,,,1.0,1.0,0.0,0.0,364.0,365.0,0.0,0.0,1.4,0.4,0.2,2.6,1.6,1.0,4.8,5.4,1.7,2.1,1.3,0.8,2.4,0.8,3.4,1.4,6.8,,,,,,,0.0,0.0,0.0,1.0,2.0,-1.0,5.0,5.2,0.8,1.1,1.5,-0.3999999999999999,0.2,0.0,1.0,2.0,4.2,,,,,,,1577.4033731013535,1472.152061291961,105.25131180939252,0.7213691101803011,,,,1.4,0.8999999999999999,2.0,-0.20000000000000018,2.1999999999999997,-1.0,
laliga_102619,2026/27,38,2027-05-30,,,athletic_bilbao,Athletic Club,Athletic Club,vallecano,Rayo Vallecano,Rayo Vallecano,scheduled,0.0,0.0,,,1.0,1.0,0.0,0.0,372.0,372.0,0.0,0.0,0.8,0.2,0.2,1.4,2.0,-0.6000000000000001,4.6,4.4,1.0,1.3,1.8,-0.5,1.4,0.4,1.0,1.0,5.4,,,,,,,2.2,0.6,0.4,1.6,0.6,1.0,5.6,4.8,1.8,1.3,1.0,0.30000000000000004,1.4,0.4,1.0,1.2,4.6,,,,,,,1495.7935124307858,1518.9810723253138,-23.18755989452802,0.5527799977182355,,,,-1.4000000000000001,-0.8,-1.6,-1.0,0.0,0.0,
laliga_102620,2026/27,38,2027-05-30,,,betis,Real Betis,Real Betis,atletico_madrid,Atlético de Madrid,Atlético de Madrid,scheduled,0.0,0.0,,,1.0,1.0,0.0,0.0,372.0,371.0,0.0,0.0,2.0,0.6,0.2,2.0,1.4,0.6000000000000001,5.6,5.8,1.6,1.6,1.3,0.30000000000000004,2.2,0.6,1.6,0.6,6.0,,,,,,,1.8,0.6,0.0,1.2,1.4,-0.19999999999999996,4.2,5.0,1.2,1.5,1.9,-0.3999999999999999,1.2,0.4,1.6,2.2,3.6,,,,,,,1555.2880787227114,1572.1842025747462,-16.89612385203486,0.5617151567123705,,,,0.19999999999999996,0.40000000000000013,0.8,1.3999999999999995,1.0000000000000002,1.0,
laliga_102621,2026/27,38,2027-05-30,,,elche,Elche CF,Elche CF,racing_santander,Racing de Santander,R. Racing Club,scheduled,0.0,1.0,,1.0,1.0,1.0,0.0,0.0,372.0,364.0,0.0,1.0,1.0,0.2,0.4,1.0,1.4,-0.3999999999999999,3.0,4.4,1.7,1.3,1.2,0.10000000000000009,2.6,0.8,1.6,0.8,4.0,,,,,,,2.6,0.8,0.2,3.0,1.2,1.8,8.8,3.8,2.3,2.8,1.5,1.2999999999999998,1.6,0.4,1.6,1.8,6.4,,,,,,,1475.3898946051086,1470.7098994240723,4.679995181036247,0.5920213809107098,,,,-1.6,-0.5999999999999999,-2.2,-5.800000000000001,1.0,8.0,
laliga_102622,2026/27,38,2027-05-30,,,espanyol,RCD Espanyol,RCD Espanyol de Barcelona,alaves,Deportivo Alavés,Deportivo Alavés,scheduled,0.0,0.0,,,1.0,1.0,0.0,0.0,372.0,372.0,0.0,0.0,1.4,0.4,0.2,1.2,1.2,0.0,4.8,5.4,0.9,0.8,1.3,-0.5,1.0,0.2,0.8,1.0,4.8,,,,,,,1.4,0.4,0.2,1.2,1.4,-0.19999999999999996,4.6,3.2,1.5,1.8,1.8,0.0,1.6,0.4,2.0,1.8,3.6,,,,,,,1469.7915487087444,1481.1596411976118,-11.368092488867433,0.5695334173446366,,,,0.0,-0.6,0.19999999999999996,0.20000000000000018,-0.6000000000000001,0.0,
laliga_102623,2026/27,38,2027-05-30,,,getafe,Getafe CF,Getafe CF,barcelona,FC Barcelona,FC Barcelona,scheduled,0.0,0.0,,,1.0,1.0,0.0,0.0,372.0,372.0,0.0,0.0,1.4,0.4,0.2,0.8,0.8,0.0,2.8,4.0,1.6,0.9,0.8,0.09999999999999998,1.8,0.6,1.2,1.0,3.2,,,,,,,1.8,0.6,0.0,1.6,1.2,0.40000000000000013,4.8,3.2,2.4,1.8,0.8,1.0,1.8,0.6,1.4,1.2,4.0,,,,,,,1492.8115288694028,1670.0690083357954,-177.25747946639262,0.33738077603668265,,,,-0.40000000000000013,-0.7999999999999998,-0.40000000000000013,-2.0,0.0,0.0,
laliga_102624,2026/27,38,2027-05-30,,,levante,Levante UD,Levante UD,celta,RC Celta,RC Celta,scheduled,0.0,0.0,,,1.0,1.0,0.0,0.0,372.0,372.0,0.0,0.0,1.8,0.6,0.0,2.0,2.2,-0.20000000000000018,6.2,5.6,1.9,1.7,1.5,0.19999999999999996,3.0,1.0,2.4,0.8,6.0,,,,,,,2.0,0.6,0.2,1.6,1.0,0.6000000000000001,3.2,5.0,1.3,1.5,1.7,-0.19999999999999996,1.4,0.4,1.2,1.2,2.8,,,,,,,1484.3659660848236,1520.6666347724267,-36.30066868760309,0.534053280260222,,,,-0.19999999999999996,0.5999999999999999,-0.8000000000000003,3.0,1.6,0.0,
laliga_102625,2026/27,38,2027-05-30,,,malaga,Málaga CF,Málaga CF,sevilla,Sevilla FC,Sevilla FC,scheduled,1.0,0.0,4.0,,1.0,1.0,0.0,0.0,364.0,372.0,1.0,0.0,2.6,0.8,0.2,2.6,1.0,1.6,7.2,4.6,1.8,2.3,1.5,0.7999999999999998,1.6,0.4,1.4,1.0,6.2,,,,,,,1.8,0.6,0.0,1.2,1.0,0.19999999999999996,4.8,2.6,1.2,0.9,1.3,-0.4,0.6,0.2,0.8,1.6,1.8,,,,,,,1449.8796167201926,1467.2134536362496,-17.333836916056953,0.5610947376826281,,,,0.8,0.6000000000000001,1.4000000000000001,2.4000000000000004,1.0,-8.0,
laliga_102626,2026/27,38,2027-05-30,,,osasuna,CA Osasuna,CA Osasuna,valencia,Valencia CF,Valencia CF,scheduled,0.0,0.0,,,1.0,1.0,0.0,0.0,372.0,372.0,0.0,0.0,0.0,0.0,0.0,1.0,2.0,-1.0,5.0,5.2,0.8,1.1,1.5,-0.3999999999999999,0.8,0.2,1.2,1.6,5.6,,,,,,,2.0,0.6,0.2,1.8,1.4,0.40000000000000013,3.6,3.8,1.7,1.6,1.3,0.30000000000000004,2.0,0.6,1.6,1.0,4.8,,,,,,,1472.152061291961,1512.7914332123023,-40.63937192034132,0.5278333800157093,,,,-2.0,-0.8999999999999999,-1.4000000000000001,1.4,-1.2,0.0,
laliga_102627,2026/27,38,2027-05-30,,,real_madrid,Real Madrid,Real Madrid,deportivo,RC Deportivo,RC Deportivo,scheduled,0.0,1.0,,2.0,1.0,1.0,0.0,0.0,372.0,364.0,0.0,1.0,2.4,0.8,0.0,1.8,0.8,1.0,4.4,3.8,2.0,1.7,1.1,0.5999999999999999,2.6,0.8,2.4,1.2,8.4,,,,,,,2.4,0.8,0.0,1.6,0.8,0.8,5.4,3.0,2.1,1.6,0.8,0.8,1.8,0.4,1.2,0.6,4.0,,,,,,,1643.8869079207884,1455.1579643226437,188.72894359814472,0.807181449603564,,,,0.0,-0.10000000000000009,0.19999999999999996,-1.0,0.8,8.0,
laliga_102628,2026/27,38,2027-05-30,,,real_sociedad,Real Sociedad,Real Sociedad,villarreal,Villarreal CF,Villarreal CF,scheduled,0.0,0.0,,,1.0,1.0,0.0,0.0,372.0,371.0,0.0,0.0,0.6,0.0,0.6,1.4,1.8,-0.40000000000000013,3.0,5.8,0.8,1.6,1.9,-0.2999999999999998,1.0,0.2,2.0,2.0,4.4,,,,,,,1.4,0.4,0.2,2.6,1.6,1.0,4.8,5.4,1.7,2.1,1.3,0.8,1.0,0.2,0.8,1.2,2.6,,,,,,,1489.5195498417131,1577.4033731013535,-87.8838232596404,0.45995788670913285,,,,-0.7999999999999999,-0.8999999999999999,-1.4000000000000001,-1.7999999999999998,0.0,1.0,
