ensemble,weight_step,rows,weight_random_forest_sports,weight_logistic_sports,weight_poisson,log_loss,brier_score,accuracy,macro_f1,ece_10_bins,weight_market,weight_random_forest_market,weight_logistic_market
ensemble_sports,0.05,760,0.0,0.0,1.0,0.9772115323243551,0.5814524154756456,0.525,0.3894482583269769,0.017960752405258636,0.0,0.0,0.0
ensemble_sports,0.05,760,0.0,0.05,0.9500000000000001,0.9755638957973124,0.5804581468008057,0.525,0.38842897923860725,0.016373000316263098,0.0,0.0,0.0
ensemble_sports,0.05,760,0.0,0.1,0.9,0.9741557192423644,0.5795968702324157,0.5276315789473685,0.3902035948547577,0.020263165958291595,0.0,0.0,0.0
ensemble_sports,0.05,760,0.0,0.15000000000000002,0.8500000000000001,0.972976698599689,0.578868585770476,0.5263157894736842,0.38896144804167115,0.021080106499995668,0.0,0.0,0.0
ensemble_sports,0.05,760,0.0,0.2,0.8,0.9720186562733153,0.5782732934149862,0.525,0.38735101883890816,0.022637090021874615,0.0,0.0,0.0
ensemble_sports,0.05,760,0.0,0.25,0.75,0.9712751994141567,0.5778109931659468,0.525,0.386486010727525,0.022795126840395134,0.0,0.0,0.0
ensemble_sports,0.05,760,0.0,0.30000000000000004,0.7000000000000001,0.9707414935837323,0.5774816850233573,0.5276315789473685,0.38887938645367387,0.019180883118141746,0.0,0.0,0.0
ensemble_sports,0.05,760,0.0,0.35000000000000003,0.65,0.9704141212852284,0.5772853689872179,0.5302631578947369,0.3905311934079505,0.0179003142590945,0.0,0.0,0.0
ensemble_sports,0.05,760,0.0,0.4,0.6000000000000001,0.9702910097804749,0.5772220450575287,0.5342105263157895,0.39493157382787464,0.01258729301876303,0.0,0.0,0.0
ensemble_sports,0.05,760,0.0,0.45,0.55,0.9703714230450942,0.5772917132342896,0.531578947368421,0.39252973540152286,0.012421667153480115,0.0,0.0,0.0
ensemble_sports,0.05,760,0.0,0.5,0.5,0.9706560220245951,0.5774943735175007,0.5289473684210526,0.39027920598763427,0.009866147286598702,0.0,0.0,0.0
ensemble_sports,0.05,760,0.0,0.55,0.45,0.9711470083449427,0.5778300259071618,0.5289473684210526,0.3916927340289295,0.015464843134440676,0.0,0.0,0.0
ensemble_sports,0.05,760,0.0,0.6000000000000001,0.4,0.9718483829870351,0.5782986704032731,0.5263157894736842,0.39077317833110775,0.017433875944064363,0.0,0.0,0.0
ensemble_sports,0.05,760,0.0,0.65,0.35000000000000003,0.9727663798472099,0.5789003070058344,0.5289473684210526,0.3959644582643029,0.016394912853212994,0.0,0.0,0.0
ensemble_sports,0.05,760,0.0,0.7000000000000001,0.30000000000000004,0.9739101889920465,0.5796349357148458,0.5289473684210526,0.39533471546620386,0.019066066944754247,0.0,0.0,0.0
ensemble_sports,0.05,760,0.0,0.75,0.25,0.9752932004890621,0.5805025565303075,0.5289473684210526,0.39607780385463337,0.018150079308957394,0.0,0.0,0.0
ensemble_sports,0.05,760,0.0,0.8,0.2,0.9769352699182337,0.5815031694522191,0.5302631578947369,0.40185102571183756,0.01678371688231948,0.0,0.0,0.0
ensemble_sports,0.05,760,0.0,0.8500000000000001,0.15000000000000002,0.9788672134419624,0.5826367744805809,0.531578947368421,0.40427820437607576,0.018945305898284172,0.0,0.0,0.0
ensemble_sports,0.05,760,0.0,0.9,0.1,0.9811408951202614,0.5839033716153929,0.5302631578947369,0.40750338297109073,0.01890537164006394,0.0,0.0,0.0
ensemble_sports,0.05,760,0.0,0.9500000000000001,0.05,0.9838564470755573,0.5853029608566549,0.5328947368421053,0.4142604531260951,0.01447889390905444,0.0,0.0,0.0
ensemble_sports,0.05,760,0.0,1.0,0.0,0.9872624985643287,0.5868355422043671,0.531578947368421,0.415822232839572,0.015097351179481907,0.0,0.0,0.0
ensemble_sports,0.05,760,0.05,0.0,0.9500000000000001,0.9752047628079688,0.5801171769158981,0.5302631578947369,0.3929771095760531,0.018418648206351418,0.0,0.0,0.0
ensemble_sports,0.05,760,0.05,0.05,0.9,0.9737005776441247,0.5791988141546437,0.531578947368421,0.39341795669315077,0.023042309066146755,0.0,0.0,0.0
ensemble_sports,0.05,760,0.05,0.1,0.8500000000000001,0.9724283710260883,0.5784134434998391,0.5302631578947369,0.39230216244024924,0.024545749358712395,0.0,0.0,0.0
ensemble_sports,0.05,760,0.05,0.15000000000000002,0.8,0.9713792243554864,0.5777610649514848,0.5276315789473685,0.3893529185867896,0.0248507831672771,0.0,0.0,0.0
ensemble_sports,0.05,760,0.05,0.2,0.75,0.9705460709325826,0.5772416785095805,0.531578947368421,0.3918973248801609,0.022632592559796695,0.0,0.0,0.0
ensemble_sports,0.05,760,0.05,0.25,0.7000000000000001,0.9699234358307683,0.5768552841741263,0.5328947368421053,0.392911259883737,0.025192913742230087,0.0,0.0,0.0
ensemble_sports,0.05,760,0.05,0.30000000000000004,0.65,0.969507263984364,0.5766018819451224,0.531578947368421,0.391659849998792,0.019491916751101093,0.0,0.0,0.0
ensemble_sports,0.05,760,0.05,0.35000000000000003,0.6000000000000001,0.9692948167038482,0.5764814718225685,0.5342105263157895,0.3939309221312182,0.019215013868940353,0.0,0.0,0.0
ensemble_sports,0.05,760,0.05,0.4,0.55,0.96928462711365,0.5764940538064647,0.5302631578947369,0.3902766439909297,0.015242677507826931,0.0,0.0,0.0
ensemble_sports,0.05,760,0.05,0.45,0.5,0.9694765129531211,0.576639627896811,0.5302631578947369,0.3902844126260983,0.012404294529146561,0.0,0.0,0.0
ensemble_sports,0.05,760,0.05,0.5,0.45,0.9698716530461993,0.5769181940936075,0.5276315789473685,0.3893956650610047,0.01488434907197503,0.0,0.0,0.0
ensemble_sports,0.05,760,0.05,0.55,0.4,0.970472743763677,0.577329752396854,0.525,0.3876190476190476,0.014081600147740654,0.0,0.0,0.0
ensemble_sports,0.05,760,0.05,0.6000000000000001,0.35000000000000003,0.9712842672764574,0.5778743028065506,0.5289473684210526,0.39208290591546335,0.018825417753763993,0.0,0.0,0.0
ensemble_sports,0.05,760,0.05,0.65,0.30000000000000004,0.9723129305792036,0.5785518453226974,0.5302631578947369,0.3967298620147813,0.019894884428921983,0.0,0.0,0.0
ensemble_sports,0.05,760,0.05,0.7000000000000001,0.25,0.9735683866982083,0.5793623799452944,0.5289473684210526,0.3959803309474823,0.019836453513246578,0.0,0.0,0.0
ensemble_sports,0.05,760,0.05,0.75,0.2,0.9750644596254291,0.5803059066743415,0.5263157894736842,0.3945487518668658,0.0175097696339658,0.0,0.0,0.0
ensemble_sports,0.05,760,0.05,0.8,0.15000000000000002,0.9768213483766527,0.5813824255098385,0.531578947368421,0.40419025864094027,0.014638267499361476,0.0,0.0,0.0
ensemble_sports,0.05,760,0.05,0.8500000000000001,0.1,0.9788699412232379,0.5825919364517858,0.531578947368421,0.405400964140649,0.017387225918282533,0.0,0.0,0.0
ensemble_sports,0.05,760,0.05,0.9,0.05,0.9812613378088594,0.5839344395001832,0.5328947368421053,0.4094746767618265,0.017690836658400825,0.0,0.0,0.0
ensemble_sports,0.05,760,0.05,0.9500000000000001,0.0,0.9840919720333833,0.5854099346550306,0.5355263157894737,0.4164336571770308,0.01415725744479924,0.0,0.0,0.0
ensemble_sports,0.05,760,0.1,0.0,0.9,0.97338838157363,0.5788954912489571,0.5328947368421053,0.3949952400380797,0.02405645023641415,0.0,0.0,0.0
ensemble_sports,0.05,760,0.1,0.05,0.8500000000000001,0.9720205728168814,0.578053034401288,0.5289473684210526,0.39094931263786253,0.024583955130817795,0.0,0.0,0.0
ensemble_sports,0.05,760,0.1,0.1,0.8,0.9708785290517877,0.577343569660069,0.5342105263157895,0.39522575264439147,0.023832583142509054,0.0,0.0,0.0
ensemble_sports,0.05,760,0.1,0.15000000000000002,0.75,0.9699544735467254,0.5767670970253,0.5342105263157895,0.39522575264439147,0.021888111372635636,0.0,0.0,0.0
ensemble_sports,0.05,760,0.1,0.2,0.7000000000000001,0.9692422794266803,0.5763236164969812,0.5328947368421053,0.39351900824314034,0.024042862141307426,0.0,0.0,0.0
ensemble_sports,0.05,760,0.1,0.25,0.65,0.9687372673762127,0.5760131280751125,0.5342105263157895,0.3942844119936188,0.022995686148891657,0.0,0.0,0.0
ensemble_sports,0.05,760,0.1,0.30000000000000004,0.6000000000000001,0.9684360738954017,0.5758356317596939,0.5328947368421053,0.392911259883737,0.019364681325107436,0.0,0.0,0.0
ensemble_sports,0.05,760,0.1,0.35000000000000003,0.55,0.9683365770161407,0.5757911275507255,0.5328947368421053,0.39242262650527554,0.020417639361153317,0.0,0.0,0.0
ensemble_sports,0.05,760,0.1,0.4,0.5,0.968437873954489,0.5758796154482071,0.531578947368421,0.39103854875283445,0.01931618048957375,0.0,0.0,0.0
ensemble_sports,0.05,760,0.1,0.45,0.45,0.9687403116175121,0.5761010954521387,0.5263157894736842,0.3874956778893852,0.014904066828634606,0.0,0.0,0.0
ensemble_sports,0.05,760,0.1,0.5,0.4,0.9692455778558684,0.5764555675625207,0.5276315789473685,0.3907681080094873,0.015090295211026285,0.0,0.0,0.0
ensemble_sports,0.05,760,0.1,0.55,0.35000000000000003,0.9699568707649776,0.5769430317793527,0.5302631578947369,0.39269406392694056,0.01685275356015814,0.0,0.0,0.0
ensemble_sports,0.05,760,0.1,0.6000000000000001,0.30000000000000004,0.9708791782479013,0.5775634881026347,0.5302631578947369,0.39373088685015295,0.02085926200800571,0.0,0.0,0.0
ensemble_sports,0.05,760,0.1,0.65,0.25,0.9720197263923243,0.578316936532367,0.5302631578947369,0.39412457379872756,0.022166035769375134,0.0,0.0,0.0
ensemble_sports,0.05,760,0.1,0.7000000000000001,0.2,0.9733887058394995,0.5792033770685494,0.5289473684210526,0.3971133866816743,0.019492868456412897,0.0,0.0,0.0
ensemble_sports,0.05,760,0.1,0.75,0.15000000000000002,0.9750004907932858,0.5802228097111818,0.5289473684210526,0.40151581076257786,0.0179082260115782,0.0,0.0,0.0
ensemble_sports,0.05,760,0.1,0.8,0.1,0.976875805798849,0.5813752344602643,0.5328947368421053,0.4058032959114685,0.01644081349523106,0.0,0.0,0.0
ensemble_sports,0.05,760,0.1,0.8500000000000001,0.05,0.9790459081214566,0.5826606513157969,0.5328947368421053,0.4076323506775739,0.018828478187962072,0.0,0.0,0.0
ensemble_sports,0.05,760,0.1,0.9,0.0,0.9815616598185622,0.5840790602777798,0.5302631578947369,0.40782547773186684,0.01507409577886531,0.0,0.0,0.0
ensemble_sports,0.05,760,0.15000000000000002,0.0,0.8500000000000001,0.9717537617740597,0.5777873584748224,0.5328947368421053,0.39374097164958827,0.02823262625702502,0.0,0.0,0.0
ensemble_sports,0.05,760,0.15000000000000002,0.05,0.8,0.9705165510510362,0.5770208075407387,0.531578947368421,0.39250031536158464,0.028063083591040636,0.0,0.0,0.0
ensemble_sports,0.05,760,0.15000000000000002,0.1,0.75,0.9694999219929459,0.5763872487131051,0.5328947368421053,0.39399173967180084,0.023717614159321748,0.0,0.0,0.0
ensemble_sports,0.05,760,0.15000000000000002,0.15000000000000002,0.7000000000000001,0.9686970643881269,0.5758866819919216,0.531578947368421,0.3921467338898532,0.02583591520572886,0.0,0.0,0.0
ensemble_sports,0.05,760,0.15000000000000002,0.2,0.65,0.9681026663987323,0.5755191073771883,0.531578947368421,0.3918973248801609,0.022917530965407714,0.0,0.0,0.0
ensemble_sports,0.05,760,0.15000000000000002,0.25,0.6000000000000001,0.9677127549559241,0.575284524868905,0.5302631578947369,0.3905227535614924,0.02380994110755204,0.0,0.0,0.0
ensemble_sports,0.05,760,0.15000000000000002,0.30000000000000004,0.55,0.9675245949181278,0.5751829344670718,0.5355263157894737,0.3951772873791222,0.02516006528815119,0.0,0.0,0.0
ensemble_sports,0.05,760,0.15000000000000002,0.35000000000000003,0.5,0.9675366382885655,0.5752143361716888,0.5342105263157895,0.3939309221312182,0.021455225000067663,0.0,0.0,0.0
ensemble_sports,0.05,760,0.15000000000000002,0.4,0.45,0.9677485207301347,0.5753787299827559,0.531578947368421,0.39178937049999657,0.022085310366077894,0.0,0.0,0.0
ensemble_sports,0.05,760,0.15000000000000002,0.45,0.4,0.9681611081503392,0.5756761159002731,0.531578947368421,0.39291477899072835,0.016252191014710562,0.0,0.0,0.0
ensemble_sports,0.05,760,0.15000000000000002,0.5,0.35000000000000003,0.968776602584604,0.5761064939242404,0.531578947368421,0.3933251133727613,0.016023675836301113,0.0,0.0,0.0
ensemble_sports,0.05,760,0.15000000000000002,0.55,0.30000000000000004,0.9695987257112016,0.5766698640546578,0.5302631578947369,0.3934760448521916,0.015720125430670313,0.0,0.0,0.0
ensemble_sports,0.05,760,0.15000000000000002,0.6000000000000001,0.25,0.9706330130101303,0.5773662262915253,0.5328947368421053,0.396165949098761,0.017926132089902617,0.0,0.0,0.0
ensemble_sports,0.05,760,0.15000000000000002,0.65,0.2,0.9718872775728941,0.5781955806348429,0.5302631578947369,0.3955461967017095,0.019692413487342172,0.0,0.0,0.0
ensemble_sports,0.05,760,0.15000000000000002,0.7000000000000001,0.15000000000000002,0.9733723522881372,0.5791579270846108,0.531578947368421,0.39942200030869585,0.0159245892550036,0.0,0.0,0.0
ensemble_sports,0.05,760,0.15000000000000002,0.75,0.1,0.975103321793808,0.5802532656408286,0.5342105263157895,0.4061419586321852,0.015722519185769557,0.0,0.0,0.0
ensemble_sports,0.05,760,0.15000000000000002,0.8,0.05,0.9771016869364647,0.5814815963034966,0.5342105263157895,0.40803360329451993,0.012168282201081671,0.0,0.0,0.0
ensemble_sports,0.05,760,0.15000000000000002,0.8500000000000001,0.0,0.9793994852449268,0.5828429190726147,0.5342105263157895,0.4090181493973044,0.013581557218626701,0.0,0.0,0.0
ensemble_sports,0.05,760,0.2,0.0,0.8,0.9702939086668306,0.5767927785934942,0.531578947368421,0.3926258096661684,0.028279938904297548,0.0,0.0,0.0
ensemble_sports,0.05,760,0.2,0.05,0.75,0.9691825575888557,0.576102133572996,0.531578947368421,0.39250031536158464,0.0237482339258005,0.0,0.0,0.0
ensemble_sports,0.05,760,0.2,0.1,0.7000000000000001,0.9682874667435182,0.5755444806589479,0.5302631578947369,0.391255477151838,0.021739172545547875,0.0,0.0,0.0
ensemble_sports,0.05,760,0.2,0.15000000000000002,0.65,0.9676026639149304,0.5751198198513497,0.531578947368421,0.39250031536158464,0.023818209117823265,0.0,0.0,0.0
ensemble_sports,0.05,760,0.2,0.2,0.6000000000000001,0.9671235605335038,0.5748281511502018,0.5328947368421053,0.39278628465279475,0.022138820862225544,0.0,0.0,0.0
ensemble_sports,0.05,760,0.2,0.25,0.55,0.9668468248819265,0.574669474555504,0.5302631578947369,0.3911310413552566,0.021820767145211736,0.0,0.0,0.0
ensemble_sports,0.05,760,0.2,0.30000000000000004,0.5,0.9667703060875861,0.5746437900672562,0.531578947368421,0.391659849998792,0.024769512368638003,0.0,0.0,0.0
ensemble_sports,0.05,760,0.2,0.35000000000000003,0.45,0.9668930032402266,0.5747510976854586,0.5302631578947369,0.3902766439909297,0.018777160933660816,0.0,0.0,0.0
ensemble_sports,0.05,760,0.2,0.4,0.4,0.9672150789380582,0.5749913974101111,0.531578947368421,0.39217070031964796,0.013945006608387255,0.0,0.0,0.0
ensemble_sports,0.05,760,0.2,0.45,0.35000000000000003,0.9677379215871256,0.5753646892412138,0.5328947368421053,0.3938330458772889,0.012989938587754175,0.0,0.0,0.0
ensemble_sports,0.05,760,0.2,0.5,0.30000000000000004,0.9684642670152948,0.5758709731787665,0.5342105263157895,0.3960000279278902,0.013790195392943431,0.0,0.0,0.0
ensemble_sports,0.05,760,0.2,0.55,0.25,0.9693983990674622,0.5765102492227693,0.531578947368421,0.39423969510037793,0.017152674447018956,0.0,0.0,0.0
ensemble_sports,0.05,760,0.2,0.6000000000000001,0.2,0.9705464637255712,0.5772825173732222,0.5355263157894737,0.3983180428134556,0.01747657203243548,0.0,0.0,0.0
ensemble_sports,0.05,760,0.2,0.65,0.15000000000000002,0.971916957684143,0.5781877776301253,0.5355263157894737,0.40076628352490423,0.017344674931213507,0.0,0.0,0.0
ensemble_sports,0.05,760,0.2,0.7000000000000001,0.1,0.9735215025563225,0.5792260299934785,0.5355263157894737,0.4052736429216625,0.019525471822801867,0.0,0.0,0.0
ensemble_sports,0.05,760,0.2,0.75,0.05,0.9753761187978252,0.5803972744632818,0.5342105263157895,0.40698304085400855,0.014872978897971468,0.0,0.0,0.0
ensemble_sports,0.05,760,0.2,0.8,0.0,0.9775034427430495,0.5817015110395352,0.5342105263157895,0.4086470302868152,0.013298355850503606,0.0,0.0,0.0
ensemble_sports,0.05,760,0.25,0.0,0.75,0.9690031440933718,0.5759117516049725,0.5289473684210526,0.39096598471332983,0.026820722685568694,0.0,0.0,0.0
ensemble_sports,0.05,760,0.25,0.05,0.7000000000000001,0.9680137742950807,0.5752970124980596,0.5289473684210526,0.3903647578303524,0.022061983129625734,0.0,0.0,0.0
ensemble_sports,0.05,760,0.25,0.1,0.65,0.9672370838616174,0.574815265497597,0.531578947368421,0.3930971582181259,0.024504712267600225,0.0,0.0,0.0
ensemble_sports,0.05,760,0.25,0.15000000000000002,0.6000000000000001,0.9666678435654089,0.5744665106035843,0.5328947368421053,0.39374097164958827,0.023180101135389562,0.0,0.0,0.0
ensemble_sports,0.05,760,0.25,0.2,0.55,0.9663021209605278,0.5742507478160217,0.531578947368421,0.39202088090231646,0.020598114135561597,0.0,0.0,0.0
ensemble_sports,0.05,760,0.25,0.25,0.5,0.9661371798845962,0.5741679771349093,0.5342105263157895,0.3939309221312182,0.021479662969048928,0.0,0.0,0.0
ensemble_sports,0.05,760,0.25,0.30000000000000004,0.45,0.9661714253926453,0.574218198560247,0.5328947368421053,0.39242262650527554,0.020891190416575937,0.0,0.0,0.0
ensemble_sports,0.05,760,0.25,0.35000000000000003,0.4,0.9664043907232733,0.5744014120920349,0.5328947368421053,0.39242262650527554,0.016387374616941668,0.0,0.0,0.0
ensemble_sports,0.05,760,0.25,0.4,0.35000000000000003,0.9668367673080253,0.5747176177302727,0.5355263157894737,0.39585841895021795,0.016258239958063535,0.0,0.0,0.0
ensemble_sports,0.05,760,0.25,0.45,0.30000000000000004,0.9674704836480773,0.5751668154749607,0.5342105263157895,0.39535164876263434,0.015863383381289658,0.0,0.0,0.0
ensemble_sports,0.05,760,0.25,0.5,0.25,0.9683088451945561,0.575749005326099,0.5342105263157895,0.39590380248472257,0.014809028119318219,0.0,0.0,0.0
ensemble_sports,0.05,760,0.25,0.55,0.2,0.9693567568650815,0.5764641872836872,0.5328947368421053,0.395536527152383,0.018401820696911913,0.0,0.0,0.0
ensemble_sports,0.05,760,0.25,0.6000000000000001,0.15000000000000002,0.9706210655512618,0.5773123613477256,0.5328947368421053,0.39791654048815933,0.01661530196270313,0.0,0.0,0.0
ensemble_sports,0.05,760,0.25,0.65,0.1,0.9721110879756755,0.5782935275182141,0.5355263157894737,0.4030417265044943,0.014444050808092227,0.0,0.0,0.0
ensemble_sports,0.05,760,0.25,0.7000000000000001,0.05,0.973839442556979,0.5794076857951528,0.5368421052631579,0.40764877500087876,0.013534341163298375,0.0,0.0,0.0
ensemble_sports,0.05,760,0.25,0.75,0.0,0.9758234127547022,0.5806548361785414,0.5394736842105263,0.41359561494404673,0.012282028223897562,0.0,0.0,0.0
ensemble_sports,0.05,760,0.30000000000000004,0.0,0.7000000000000001,0.9678768854048084,0.5751442775092571,0.5289473684210526,0.39049007340135966,0.022842762898024185,0.0,0.0,0.0
ensemble_sports,0.05,760,0.30000000000000004,0.05,0.65,0.967006350152801,0.5746054443159297,0.5289473684210526,0.39096598471332983,0.022218852577422538,0.0,0.0,0.0
ensemble_sports,0.05,760,0.30000000000000004,0.1,0.6000000000000001,0.9663455659234613,0.5741996032290524,0.5302631578947369,0.3916090629800307,0.021560529880457736,0.0,0.0,0.0
ensemble_sports,0.05,760,0.30000000000000004,0.15000000000000002,0.55,0.9658899765127253,0.5739267542486252,0.531578947368421,0.39202088090231646,0.022242061520364304,0.0,0.0,0.0
ensemble_sports,0.05,760,0.30000000000000004,0.2,0.5,0.9656362577149123,0.573786897374648,0.5328947368421053,0.3922973030045241,0.020978115954069232,0.0,0.0,0.0
ensemble_sports,0.05,760,0.30000000000000004,0.25,0.45,0.9655822388887726,0.5737800326071211,0.531578947368421,0.39103854875283445,0.0198564790105671,0.0,0.0,0.0
ensemble_sports,0.05,760,0.30000000000000004,0.30000000000000004,0.4,0.9657268665375206,0.5739061599460442,0.5328947368421053,0.39192611041926106,0.01798009889135739,0.0,0.0,0.0
ensemble_sports,0.05,760,0.30000000000000004,0.35000000000000003,0.35000000000000003,0.9660702083474207,0.5741652793914175,0.5368421052631579,0.3962311906247833,0.017070839076723063,0.0,0.0,0.0
ensemble_sports,0.05,760,0.30000000000000004,0.4,0.30000000000000004,0.9666135003033584,0.5745573909432408,0.5355263157894737,0.3963874904652937,0.014638333997037602,0.0,0.0,0.0
ensemble_sports,0.05,760,0.30000000000000004,0.45,0.25,0.9673592443945941,0.5750824946015143,0.5342105263157895,0.3946397902998806,0.016026764729266042,0.0,0.0,0.0
ensemble_sports,0.05,760,0.30000000000000004,0.5,0.2,0.968311371177646,0.5757405903662378,0.5328947368421053,0.39425120467983926,0.015571967181233352,0.0,0.0,0.0
ensemble_sports,0.05,760,0.30000000000000004,0.55,0.15000000000000002,0.9694754919379037,0.5765316782374116,0.5342105263157895,0.3970726254626749,0.015590946642529711,0.0,0.0,0.0
ensemble_sports,0.05,760,0.30000000000000004,0.6000000000000001,0.1,0.9708592828483616,0.5774557582150354,0.5342105263157895,0.39984797457797105,0.01244437911861293,0.0,0.0,0.0
ensemble_sports,0.05,760,0.30000000000000004,0.65,0.05,0.9724730753602114,0.5785128302991093,0.5342105263157895,0.40266444942384566,0.013930328464120876,0.0,0.0,0.0
ensemble_sports,0.05,760,0.30000000000000004,0.7000000000000001,0.0,0.9743307882857565,0.5797028944896333,0.5355263157894737,0.4072650695622621,0.014919411544074104,0.0,0.0,0.0
ensemble_sports,0.05,760,0.35000000000000003,0.0,0.65,0.9669114880942304,0.5744903563063483,0.5276315789473685,0.38959847430544814,0.02446490820893268,0.0,0.0,0.0
ensemble_sports,0.05,760,0.35000000000000003,0.05,0.6000000000000001,0.9661572801683355,0.5740274290266062,0.5289473684210526,0.3903647578303524,0.0204865641365621,0.0,0.0,0.0
ensemble_sports,0.05,760,0.35000000000000003,0.1,0.55,0.9656104840540772,0.5736974938533144,0.531578947368421,0.39202088090231646,0.020423222839761855,0.0,0.0,0.0
ensemble_sports,0.05,760,0.35000000000000003,0.15000000000000002,0.5,0.9652671662023616,0.5735005507864726,0.531578947368421,0.3914097583822354,0.020375768964929805,0.0,0.0,0.0
ensemble_sports,0.05,760,0.35000000000000003,0.2,0.45,0.9651245786659624,0.5734365998260809,0.5289473684210526,0.38852387096551766,0.0198513244856741,0.0,0.0,0.0
ensemble_sports,0.05,760,0.35000000000000003,0.25,0.4,0.9651811001623137,0.5735056409721393,0.5355263157894737,0.3940740740740741,0.01713840988573036,0.0,0.0,0.0
ensemble_sports,0.05,760,0.35000000000000003,0.30000000000000004,0.35000000000000003,0.9654362173049256,0.5737076742246479,0.5368421052631579,0.394592357135605,0.018265063913174236,0.0,0.0,0.0
ensemble_sports,0.05,760,0.35000000000000003,0.35000000000000003,0.30000000000000004,0.9658905461433391,0.5740426995836065,0.5342105263157895,0.3939741054958696,0.01571448387456095,0.0,0.0,0.0
ensemble_sports,0.05,760,0.35000000000000003,0.4,0.25,0.9665458983791364,0.5745107170490152,0.5355263157894737,0.3955387205387206,0.014412078856145413,0.0,0.0,0.0
ensemble_sports,0.05,760,0.35000000000000003,0.45,0.2,0.9674054019503247,0.5751117266208742,0.5342105263157895,0.39478114478114473,0.015452951984853013,0.0,0.0,0.0
ensemble_sports,0.05,760,0.35000000000000003,0.5,0.15000000000000002,0.9684736934139099,0.5758457282991831,0.5328947368421053,0.39542359595192655,0.014313929631717601,0.0,0.0,0.0
ensemble_sports,0.05,760,0.35000000000000003,0.55,0.1,0.9697572119974768,0.5767127220839423,0.5328947368421053,0.3967107244967525,0.011882527463428296,0.0,0.0,0.0
ensemble_sports,0.05,760,0.35000000000000003,0.6000000000000001,0.05,0.9712646467669207,0.5777127079751515,0.5355263157894737,0.403584229390681,0.014346778272781266,0.0,0.0,0.0
ensemble_sports,0.05,760,0.35000000000000003,0.65,0.0,0.9730076283395632,0.5788456859728108,0.5368421052631579,0.40616384635092223,0.012390647095234276,0.0,0.0,0.0
ensemble_sports,0.05,760,0.4,0.0,0.6000000000000001,0.9661041333951448,0.5739499879962457,0.5289473684210526,0.39049007340135966,0.022187929162639067,0.0,0.0,0.0
ensemble_sports,0.05,760,0.4,0.05,0.55,0.9654643196613024,0.5735629666300892,0.531578947368421,0.3921467338898532,0.01853634206162278,0.0,0.0,0.0
ensemble_sports,0.05,760,0.4,0.1,0.5,0.9650301234066768,0.5733089373703827,0.531578947368421,0.39128815731197086,0.018578195675800147,0.0,0.0,0.0
ensemble_sports,0.05,760,0.4,0.15000000000000002,0.45,0.9647981995288242,0.5731879002171263,0.5342105263157895,0.3935516884032732,0.01710164426235375,0.0,0.0,0.0
ensemble_sports,0.05,760,0.4,0.2,0.4,0.9647663583290338,0.5731998551703201,0.5368421052631579,0.3948359788359788,0.020812186656120273,0.0,0.0,0.0
ensemble_sports,0.05,760,0.4,0.25,0.35000000000000003,0.9649335248425931,0.573344802229964,0.5368421052631579,0.394592357135605,0.01617153232640113,0.0,0.0,0.0
ensemble_sports,0.05,760,0.4,0.30000000000000004,0.30000000000000004,0.9652997379356512,0.5736227413960578,0.5368421052631579,0.3960070496611008,0.016323752831552147,0.0,0.0,0.0
ensemble_sports,0.05,760,0.4,0.35000000000000003,0.25,0.9658661910984305,0.574033672668602,0.5328947368421053,0.3938813526813747,0.015730283163003518,0.0,0.0,0.0
ensemble_sports,0.05,760,0.4,0.4,0.2,0.9666353214821123,0.5745775960475962,0.5355263157894737,0.3958269612754663,0.012594425894056396,0.0,0.0,0.0
ensemble_sports,0.05,760,0.4,0.45,0.15000000000000002,0.9676109599874865,0.5752545115330405,0.5342105263157895,0.39532419994896567,0.013211586189965634,0.0,0.0,0.0
ensemble_sports,0.05,760,0.4,0.5,0.1,0.9687985648394443,0.5760644191249349,0.5342105263157895,0.39736597327921536,0.014184414876894544,0.0,0.0,0.0
ensemble_sports,0.05,760,0.4,0.55,0.05,0.9702055772852156,0.5770073188232796,0.5342105263157895,0.3993837970727716,0.01260281448054088,0.0,0.0,0.0
ensemble_sports,0.05,760,0.4,0.6000000000000001,0.0,0.971841967414767,0.5780832106280742,0.5381578947368421,0.4064914884243713,0.017110481257059638,0.0,0.0,0.0
ensemble_sports,0.05,760,0.45,0.0,0.55,0.9654527491244285,0.5735231725789496,0.531578947368421,0.39202088090231646,0.02023528157157798,0.0,0.0,0.0
ensemble_sports,0.05,760,0.45,0.05,0.5,0.9649259257443001,0.5732120571263786,0.5355263157894737,0.3951772873791222,0.018140768503400368,0.0,0.0,0.0
ensemble_sports,0.05,760,0.45,0.1,0.45,0.9646034418464017,0.5730339337802575,0.5342105263157895,0.3935516884032732,0.017809418572685087,0.0,0.0,0.0
ensemble_sports,0.05,760,0.45,0.15000000000000002,0.4,0.9644825207282665,0.5729888025405865,0.5381578947368421,0.39670633936688987,0.018695073013540845,0.0,0.0,0.0
ensemble_sports,0.05,760,0.45,0.2,0.35000000000000003,0.9645615261045795,0.5730766634073656,0.5407894736842105,0.3986213151927438,0.015983788206579776,0.0,0.0,0.0
ensemble_sports,0.05,760,0.45,0.25,0.30000000000000004,0.9648399396981353,0.573297516380595,0.5381578947368421,0.39639211797809004,0.01639879111065215,0.0,0.0,0.0
ensemble_sports,0.05,760,0.45,0.30000000000000004,0.25,0.9653183797198378,0.5736513614602744,0.5342105263157895,0.3942460099016303,0.014965538950920634,0.0,0.0,0.0
ensemble_sports,0.05,760,0.45,0.35000000000000003,0.2,0.9659986643325147,0.5741381986464039,0.5342105263157895,0.3949249121919916,0.013163231505775167,0.0,0.0,0.0
ensemble_sports,0.05,760,0.45,0.4,0.15000000000000002,0.9668839296767558,0.5747580279389836,0.5355263157894737,0.39597473119556925,0.012410922181148617,0.0,0.0,0.0
ensemble_sports,0.05,760,0.45,0.45,0.1,0.9679788200675971,0.5755108493380132,0.5368421052631579,0.39827216480348726,0.01255423434123698,0.0,0.0,0.0
ensemble_sports,0.05,760,0.45,0.5,0.05,0.9692897811207166,0.5763966628434932,0.5355263157894737,0.3988094294316514,0.013759803334493446,0.0,0.0,0.0
ensemble_sports,0.05,760,0.45,0.55,0.0,0.9708255100164771,0.5774154684554231,0.5381578947368421,0.4060928325304287,0.012719082335277012,0.0,0.0,0.0
ensemble_sports,0.05,760,0.5,0.0,0.5,0.9649559563792918,0.57320991005446,0.5355263157894737,0.3956531450268887,0.016792505919621274,0.0,0.0,0.0
ensemble_sports,0.05,760,0.5,0.05,0.45,0.9645412209087696,0.5729747005154743,0.5381578947368421,0.3974433148745075,0.015805228416922817,0.0,0.0,0.0
ensemble_sports,0.05,760,0.5,0.1,0.4,0.9643300484604126,0.5728724830829386,0.5381578947368421,0.3974433148745075,0.01697351026127845,0.0,0.0,0.0
ensemble_sports,0.05,760,0.5,0.15000000000000002,0.35000000000000003,0.9643202239858575,0.5729032577568531,0.5407894736842105,0.3987546699875468,0.016050507762840255,0.0,0.0,0.0
ensemble_sports,0.05,760,0.5,0.2,0.30000000000000004,0.9645106731848334,0.5730670245372177,0.5394736842105263,0.39764346316153937,0.016296727843010703,0.0,0.0,0.0
ensemble_sports,0.05,760,0.5,0.25,0.25,0.9649014596434172,0.5733637834240324,0.5342105263157895,0.3939917609272448,0.016022155201012113,0.0,0.0,0.0
ensemble_sports,0.05,760,0.5,0.30000000000000004,0.2,0.9654938258301936,0.5737935344172972,0.5342105263157895,0.39507110337675116,0.012895601114096045,0.0,0.0,0.0
ensemble_sports,0.05,760,0.5,0.35000000000000003,0.15000000000000002,0.9662902849829101,0.5743562775170122,0.5355263157894737,0.3964717026018911,0.013535430386839385,0.0,0.0,0.0
ensemble_sports,0.05,760,0.5,0.4,0.1,0.9672947780399825,0.5750520127231773,0.5368421052631579,0.39827216480348726,0.012934971266924491,0.0,0.0,0.0
ensemble_sports,0.05,760,0.5,0.45,0.05,0.9685129210664367,0.5758807400357925,0.5381578947368421,0.4009583034193449,0.012185463529371781,0.0,0.0,0.0
ensemble_sports,0.05,760,0.5,0.5,0.0,0.9699523884483133,0.5768424594548577,0.5381578947368421,0.40600685374730466,0.012319150697940054,0.0,0.0,0.0
ensemble_sports,0.05,760,0.55,0.0,0.45,0.9646130375357769,0.5730102004227767,0.5394736842105263,0.3984730663960709,0.017188883695970013,0.0,0.0,0.0
ensemble_sports,0.05,760,0.55,0.05,0.4,0.9643099757921274,0.5728508967973763,0.5381578947368421,0.3974433148745075,0.016459045987137388,0.0,0.0,0.0
ensemble_sports,0.05,760,0.55,0.1,0.35000000000000003,0.964210200282926,0.5728245852784263,0.5394736842105263,0.3979936349799364,0.019628088730841202,0.0,0.0,0.0
ensemble_sports,0.05,760,0.55,0.15000000000000002,0.30000000000000004,0.9643120643373821,0.5729312658659261,0.5421052631578948,0.40040900114198247,0.01472998771477956,0.0,0.0,0.0
ensemble_sports,0.05,760,0.55,0.2,0.25,0.9646150789424649,0.5731709385598761,0.5381578947368421,0.39688502554303345,0.012272455328604551,0.0,0.0,0.0
ensemble_sports,0.05,760,0.55,0.25,0.2,0.9651199322907204,0.5735436033602763,0.5368421052631579,0.3969744639283917,0.01303493743904427,0.0,0.0,0.0
ensemble_sports,0.05,760,0.55,0.30000000000000004,0.15000000000000002,0.9658285586628407,0.5740492602671265,0.5355263157894737,0.3964717026018911,0.013554738247765322,0.0,0.0,0.0
ensemble_sports,0.05,760,0.55,0.35000000000000003,0.1,0.9667442680344328,0.5746879092804269,0.5381578947368421,0.39877520886498763,0.013033177833625805,0.0,0.0,0.0
ensemble_sports,0.05,760,0.55,0.4,0.05,0.9678719579275609,0.5754595504001774,0.5407894736842105,0.4024367388475234,0.014145916524676862,0.0,0.0,0.0
ensemble_sports,0.05,760,0.55,0.45,0.0,0.9692184464459982,0.5763641836263781,0.5394736842105263,0.4035388127853881,0.01346371560182859,0.0,0.0,0.0
ensemble_sports,0.05,760,0.6000000000000001,0.0,0.4,0.964423923003643,0.5729240436838999,0.5407894736842105,0.4003096015170475,0.013841728417055025,0.0,0.0,0.0
ensemble_sports,0.05,760,0.6000000000000001,0.05,0.35000000000000003,0.9642326098544841,0.5728406459720851,0.5407894736842105,0.3996488339051904,0.016041562149140074,0.0,0.0,0.0
ensemble_sports,0.05,760,0.6000000000000001,0.1,0.30000000000000004,0.9642448171219561,0.5728902403667202,0.5407894736842105,0.3997912787815119,0.012962137805637439,0.0,0.0,0.0
ensemble_sports,0.05,760,0.6000000000000001,0.15000000000000002,0.25,0.964459487959991,0.5730728268678056,0.5381578947368421,0.39688502554303345,0.011848803164570574,0.0,0.0,0.0
ensemble_sports,0.05,760,0.6000000000000001,0.2,0.2,0.9648767593392689,0.573388405475341,0.5381578947368421,0.39756700160932884,0.012373723974369635,0.0,0.0,0.0
ensemble_sports,0.05,760,0.6000000000000001,0.25,0.15000000000000002,0.965498009021043,0.5738369761893266,0.5355263157894737,0.3964717026018911,0.01217529882903958,0.0,0.0,0.0
ensemble_sports,0.05,760,0.6000000000000001,0.30000000000000004,0.1,0.9663259610623862,0.5744185390097624,0.5381578947368421,0.3992587279442224,0.012865670214936292,0.0,0.0,0.0
ensemble_sports,0.05,760,0.6000000000000001,0.35000000000000003,0.05,0.9673648681651223,0.5751330939366481,0.5434210526315789,0.40431984691804607,0.013352786612212371,0.0,0.0,0.0
ensemble_sports,0.05,760,0.6000000000000001,0.4,0.0,0.9686208049217229,0.5759806409699841,0.5381578947368421,0.4026147586055207,0.015025449235904417,0.0,0.0,0.0
ensemble_sports,0.05,760,0.65,0.0,0.35000000000000003,0.9643891957681382,0.5729514398378295,0.5421052631578948,0.40177805451778054,0.014423498172067827,0.0,0.0,0.0
ensemble_sports,0.05,760,0.65,0.05,0.30000000000000004,0.9643102101379484,0.5729439480396,0.5407894736842105,0.400262903002629,0.011713434431451125,0.0,0.0,0.0
ensemble_sports,0.05,760,0.65,0.1,0.25,0.9644355158571638,0.5730694483478207,0.5381578947368421,0.39765214093749485,0.013351008633497115,0.0,0.0,0.0
ensemble_sports,0.05,760,0.65,0.15000000000000002,0.2,0.9647646846539556,0.5733279407624915,0.5381578947368421,0.39702529886016125,0.01127688472443611,0.0,0.0,0.0
ensemble_sports,0.05,760,0.65,0.2,0.15000000000000002,0.9652985420823194,0.5737194252836124,0.5368421052631579,0.39706395754782847,0.012858996542880323,0.0,0.0,0.0
ensemble_sports,0.05,760,0.65,0.25,0.1,0.9660392501489552,0.5742439019111834,0.5394736842105263,0.40111432281848264,0.011159951978335123,0.0,0.0,0.0
ensemble_sports,0.05,760,0.65,0.30000000000000004,0.05,0.9669904635734927,0.5749013706452044,0.5394736842105263,0.40172779775525774,0.012199689999248645,0.0,0.0,0.0
ensemble_sports,0.05,760,0.65,0.35000000000000003,0.0,0.9681575896542367,0.5756918314856757,0.5407894736842105,0.4034677945415904,0.01363718099303437,0.0,0.0,0.0
ensemble_sports,0.05,760,0.7000000000000001,0.0,0.30000000000000004,0.9645101141664983,0.5730923888845656,0.5407894736842105,0.4004072695537437,0.012003902893159672,0.0,0.0,0.0
ensemble_sports,0.05,760,0.7000000000000001,0.05,0.25,0.9645445697552941,0.5731608029999214,0.5381578947368421,0.39798671647986716,0.012764399050918524,0.0,0.0,0.0
ensemble_sports,0.05,760,0.7000000000000001,0.1,0.2,0.9647846672929625,0.5733622092217275,0.5394736842105263,0.39841057855600076,0.008721400444420591,0.0,0.0,0.0
ensemble_sports,0.05,760,0.7000000000000001,0.15000000000000002,0.15000000000000002,0.9652306675266364,0.5736966075499838,0.5368421052631579,0.39638141605375227,0.011581416305828398,0.0,0.0,0.0
ensemble_sports,0.05,760,0.7000000000000001,0.2,0.1,0.9658841763680489,0.5741639979846901,0.5381578947368421,0.39965145109977085,0.009488071683591786,0.0,0.0,0.0
ensemble_sports,0.05,760,0.7000000000000001,0.25,0.05,0.9667482765098266,0.5747643805258466,0.5407894736842105,0.4029446631893618,0.011922440360065324,0.0,0.0,0.0
ensemble_sports,0.05,760,0.7000000000000001,0.30000000000000004,0.0,0.9678277577037206,0.575497755173453,0.5434210526315789,0.4070054647361164,0.01130600741630073,0.0,0.0,0.0
ensemble_sports,0.05,760,0.75,0.0,0.25,0.9647886548351706,0.573346890824108,0.5394736842105263,0.4017792518875815,0.00959961671878832,0.0,0.0,0.0
ensemble_sports,0.05,760,0.75,0.05,0.2,0.9649382495022627,0.5734912108530493,0.5394736842105263,0.3990319773388391,0.008383208749361035,0.0,0.0,0.0
ensemble_sports,0.05,760,0.75,0.1,0.15000000000000002,0.9652954809104712,0.5737685229884408,0.5407894736842105,0.400262903002629,0.007469183331373426,0.0,0.0,0.0
ensemble_sports,0.05,760,0.75,0.15000000000000002,0.1,0.9658613880637612,0.5741788272302825,0.5421052631578948,0.40278787878787875,0.007124070496915883,0.0,0.0,0.0
ensemble_sports,0.05,760,0.75,0.2,0.05,0.9666384898573244,0.5747221235785742,0.5421052631578948,0.40345143337694545,0.009466443126003577,0.0,0.0,0.0
ensemble_sports,0.05,760,0.75,0.25,0.0,0.9676309876093054,0.5753984120333161,0.5421052631578948,0.4038605547022211,0.009006857169727187,0.0,0.0,0.0
ensemble_sports,0.05,760,0.8,0.0,0.2,0.9652275795702216,0.5737149456564568,0.5394736842105263,0.4017792518875815,0.0070438225714326615,0.0,0.0,0.0
ensemble_sports,0.05,760,0.8,0.05,0.15000000000000002,0.9654946683297619,0.5739351715989837,0.5407894736842105,0.4004072695537437,0.00690213120565044,0.0,0.0,0.0
ensemble_sports,0.05,760,0.8,0.1,0.1,0.9659721261410659,0.5742883896479606,0.5434210526315789,0.40430303030303033,0.007539344786121959,0.0,0.0,0.0
ensemble_sports,0.05,760,0.8,0.15000000000000002,0.05,0.9666618996914645,0.5747745998033876,0.5447368421052632,0.4061765378934448,0.007883778635588331,0.0,0.0,0.0
ensemble_sports,0.05,760,0.8,0.2,0.0,0.967567613414732,0.5753938020652648,0.5434210526315789,0.4048162032698115,0.009574892090302134,0.0,0.0,0.0
ensemble_sports,0.05,760,0.8500000000000001,0.0,0.15000000000000002,0.9658305323040262,0.5741965533816121,0.5421052631578948,0.4051280130167699,0.007858280421432967,0.0,0.0,0.0
ensemble_sports,0.05,760,0.8500000000000001,0.05,0.1,0.9662182318464957,0.5744926852377243,0.5447368421052632,0.40465608465608466,0.006605926208726368,0.0,0.0,0.0
ensemble_sports,0.05,760,0.8500000000000001,0.1,0.05,0.9668199038929919,0.5749218092002867,0.5460526315789473,0.4065800865800866,0.009306663613174684,0.0,0.0,0.0
ensemble_sports,0.05,760,0.8500000000000001,0.15000000000000002,0.0,0.9676385910224183,0.5754839252692991,0.5447368421052632,0.4064886391476364,0.010894681743850464,0.0,0.0,0.0
ensemble_sports,0.05,760,0.9,0.0,0.1,0.9666021760480191,0.5747917139995739,0.5434210526315789,0.4066397288142,0.009708090701942632,0.0,0.0,0.0
ensemble_sports,0.05,760,0.9,0.05,0.05,0.9671145134069553,0.5751637517692714,0.5460526315789473,0.40717390439521856,0.008102254531384705,0.0,0.0,0.0
ensemble_sports,0.05,760,0.9,0.1,0.0,0.967845490488776,0.5756687816454192,0.5447368421052632,0.4060744747243603,0.01091881573097057,0.0,0.0,0.0
ensemble_sports,0.05,760,0.9500000000000001,0.0,0.05,0.9675483854110595,0.5755004275103419,0.5473684210526316,0.41011447306678006,0.010716328742035952,0.0,0.0,0.0
ensemble_sports,0.05,760,0.9500000000000001,0.05,0.0,0.9681905112603431,0.575948371193625,0.5486842105263158,0.4092888895799751,0.008805217741289296,0.0,0.0,0.0
ensemble_sports,0.05,760,1.0,0.0,0.0,0.9686765199045552,0.5763226939139164,0.5447368421052632,0.4092528908562756,0.009039999104195442,0.0,0.0,0.0
ensemble_market,0.05,760,0.0,0.0,1.0,0.9772115323243551,0.5814524154756456,0.525,0.3894482583269769,0.017960752405258636,0.0,0.0,0.0
ensemble_market,0.05,760,0.0,0.0,0.9500000000000001,0.9747863850159472,0.5799568062900704,0.5328947368421053,0.39430844553243577,0.019142884387971786,0.0,0.0,0.05
ensemble_market,0.05,760,0.0,0.0,0.9,0.972621818196404,0.5786043703634753,0.5289473684210526,0.3902501413263962,0.020693304508857868,0.0,0.0,0.1
ensemble_market,0.05,760,0.0,0.0,0.8500000000000001,0.9707054179805262,0.5773951076958603,0.5302631578947369,0.3916071288639949,0.021093746891145286,0.0,0.0,0.15000000000000002
ensemble_market,0.05,760,0.0,0.0,0.8,0.9690273184257454,0.5763290182872255,0.5302631578947369,0.39125044324536784,0.02006965822113468,0.0,0.0,0.2
ensemble_market,0.05,760,0.0,0.0,0.75,0.9675797522528209,0.5754061021375708,0.5328947368421053,0.39396598105245745,0.023071725271701232,0.0,0.0,0.25
ensemble_market,0.05,760,0.0,0.0,0.7000000000000001,0.9663567533032402,0.5746263592468961,0.5355263157894737,0.39579798395921567,0.018625312765175255,0.0,0.0,0.30000000000000004
ensemble_market,0.05,760,0.0,0.0,0.65,0.9653539666793778,0.5739897896152016,0.5355263157894737,0.39520097877488175,0.016392369683760566,0.0,0.0,0.35000000000000003
ensemble_market,0.05,760,0.0,0.0,0.6000000000000001,0.9645685434102269,0.5734963932424871,0.5368421052631579,0.39635031593740155,0.01676668296203448,0.0,0.0,0.4
ensemble_market,0.05,760,0.0,0.0,0.55,0.9639991102591502,0.5731461701287529,0.5381578947368421,0.3977456719392203,0.017269204565783194,0.0,0.0,0.45
ensemble_market,0.05,760,0.0,0.0,0.5,0.9636458167423673,0.5729391202739987,0.5355263157894737,0.39624082385276416,0.01679030136221544,0.0,0.0,0.5
ensemble_market,0.05,760,0.0,0.0,0.45,0.96351047416625,0.5728752436782246,0.531578947368421,0.3991714303508574,0.01807111464963982,0.0,0.0,0.55
ensemble_market,0.05,760,0.0,0.0,0.4,0.9635968198912612,0.5729545403414308,0.5302631578947369,0.40107166290005103,0.020624372438212264,0.0,0.0,0.6000000000000001
ensemble_market,0.05,760,0.0,0.0,0.35000000000000003,0.9639109718162558,0.5731770102636169,0.5302631578947369,0.4017209501996894,0.020361222982689463,0.0,0.0,0.65
ensemble_market,0.05,760,0.0,0.0,0.30000000000000004,0.9644621999541555,0.5735426534447831,0.5276315789473685,0.40526006172268225,0.021579947559916483,0.0,0.0,0.7000000000000001
ensemble_market,0.05,760,0.0,0.0,0.25,0.9652642748273902,0.5740514698849295,0.5289473684210526,0.40895000424412187,0.021686934377548896,0.0,0.0,0.75
ensemble_market,0.05,760,0.0,0.0,0.2,0.9663379684337144,0.574703459584056,0.5276315789473685,0.41028696463720254,0.02013560962492108,0.0,0.0,0.8
ensemble_market,0.05,760,0.0,0.0,0.15000000000000002,0.9677161351689557,0.5754986225421627,0.5328947368421053,0.4190756523939336,0.019502227860454,0.0,0.0,0.8500000000000001
ensemble_market,0.05,760,0.0,0.0,0.1,0.9694555132994686,0.5764369587592494,0.531578947368421,0.4208335810690291,0.02508944149122418,0.0,0.0,0.9
ensemble_market,0.05,760,0.0,0.0,0.05,0.9716704592538301,0.5775184682353162,0.531578947368421,0.4256950403129179,0.022162275105903018,0.0,0.0,0.9500000000000001
ensemble_market,0.05,760,0.0,0.0,0.0,0.9746736369595606,0.5787431509703631,0.5328947368421053,0.4310004180093232,0.02734244346903723,0.0,0.0,1.0
ensemble_market,0.05,760,0.0,0.0,0.9500000000000001,0.9745906566966375,0.5797255036285673,0.5302631578947369,0.3929771095760531,0.020947638834655575,0.0,0.05,0.0
ensemble_market,0.05,760,0.0,0.0,0.9,0.9723015777094033,0.5783033829612604,0.5355263157894737,0.39699310878350175,0.019671281261151162,0.0,0.05,0.05
ensemble_market,0.05,760,0.0,0.0,0.8500000000000001,0.9702658490334243,0.5770244355529336,0.5328947368421053,0.3947605039308096,0.020654720255950866,0.0,0.05,0.1
ensemble_market,0.05,760,0.0,0.0,0.8,0.968472441741089,0.5758886614035869,0.5328947368421053,0.39396598105245745,0.02145976299622905,0.0,0.05,0.15000000000000002
ensemble_market,0.05,760,0.0,0.0,0.75,0.9669125883334077,0.5748960605132203,0.5355263157894737,0.3964557459552525,0.02166320288826611,0.0,0.05,0.2
ensemble_market,0.05,760,0.0,0.0,0.7000000000000001,0.9655794216676145,0.5740466328818339,0.5368421052631579,0.3967636226943723,0.02112678518574892,0.0,0.05,0.25
ensemble_market,0.05,760,0.0,0.0,0.65,0.9644677349345632,0.5733403785094274,0.5355263157894737,0.3960428229720629,0.01860115111540489,0.0,0.05,0.30000000000000004
ensemble_market,0.05,760,0.0,0.0,0.6000000000000001,0.9635738311298143,0.5727772973960013,0.5394736842105263,0.39907211733225995,0.018262667593134337,0.0,0.05,0.35000000000000003
ensemble_market,0.05,760,0.0,0.0,0.55,0.9628954457551231,0.5723573895415551,0.5394736842105263,0.39837748544839696,0.017237876023171412,0.0,0.05,0.4
ensemble_market,0.05,760,0.0,0.0,0.5,0.9624317373367154,0.5720806549460891,0.5342105263157895,0.39521684570083676,0.016751591021012736,0.0,0.05,0.45
ensemble_market,0.05,760,0.0,0.0,0.45,0.9621833501382081,0.5719470936096032,0.5302631578947369,0.3920708068173506,0.02080675205821848,0.0,0.05,0.5
ensemble_market,0.05,760,0.0,0.0,0.4,0.9621525650957661,0.5719567055320974,0.5302631578947369,0.3983603166943306,0.021694681833340685,0.0,0.05,0.55
ensemble_market,0.05,760,0.0,0.0,0.35000000000000003,0.9623435724485156,0.5721094907135718,0.5302631578947369,0.40054410066329904,0.020700758009550374,0.0,0.05,0.6000000000000001
ensemble_market,0.05,760,0.0,0.0,0.30000000000000004,0.962762930039142,0.5724054491540261,0.5263157894736842,0.3987179665262293,0.022193393034720784,0.0,0.05,0.65
ensemble_market,0.05,760,0.0,0.0,0.25,0.9634203306446618,0.5728445808534607,0.525,0.4025991698986187,0.022345618976130285,0.0,0.05,0.7000000000000001
ensemble_market,0.05,760,0.0,0.0,0.2,0.9643299285695307,0.5734268858118753,0.5276315789473685,0.4091409381467863,0.018200409455614103,0.0,0.05,0.75
ensemble_market,0.05,760,0.0,0.0,0.15000000000000002,0.9655127752279529,0.5741523640292701,0.5263157894736842,0.40871092050796687,0.01855799116389805,0.0,0.05,0.8
ensemble_market,0.05,760,0.0,0.0,0.1,0.9670017125949908,0.575021015505645,0.5342105263157895,0.42021581944372227,0.026344566286160265,0.0,0.05,0.8500000000000001
ensemble_market,0.05,760,0.0,0.0,0.05,0.9688525863296935,0.576032840241,0.531578947368421,0.4227998712498751,0.025062436375601238,0.0,0.05,0.9
ensemble_market,0.05,760,0.0,0.0,0.0,0.9711757005316506,0.577187838235335,0.5368421052631579,0.4333925598424801,0.022772283067940845,0.0,0.05,0.9500000000000001
ensemble_market,0.05,760,0.0,0.0,0.9,0.9721339567505236,0.5780997121865395,0.5355263157894737,0.39767171208219243,0.019696778566958843,0.0,0.1,0.0
ensemble_market,0.05,760,0.0,0.0,0.8500000000000001,0.9699754395049973,0.5767510800375009,0.5368421052631579,0.3984487128591932,0.0230712206076727,0.0,0.1,0.05
ensemble_market,0.05,760,0.0,0.0,0.8,0.9680640801379635,0.5755456211474425,0.5342105263157895,0.3954376513983,0.025127281275620465,0.0,0.1,0.1
ensemble_market,0.05,760,0.0,0.0,0.75,0.9663900369809775,0.574483335516364,0.5355263157894737,0.3964557459552525,0.022403845698236807,0.0,0.1,0.15000000000000002
ensemble_market,0.05,760,0.0,0.0,0.7000000000000001,0.964945504619761,0.5735642231442657,0.5355263157894737,0.3964557459552525,0.020498445477413342,0.0,0.1,0.2
ensemble_market,0.05,760,0.0,0.0,0.65,0.963724420056162,0.5727882840311475,0.5355263157894737,0.39552607032005554,0.02089762081850992,0.0,0.1,0.25
ensemble_market,0.05,760,0.0,0.0,0.6000000000000001,0.9627222679628147,0.5721555181770094,0.5368421052631579,0.39706408416406996,0.0190577709588675,0.0,0.1,0.30000000000000004
ensemble_market,0.05,760,0.0,0.0,0.55,0.9619359620873381,0.5716659255818514,0.5394736842105263,0.3984728565229072,0.016610186883904365,0.0,0.1,0.35000000000000003
ensemble_market,0.05,760,0.0,0.0,0.5,0.9613637914754858,0.5713195062456734,0.5381578947368421,0.3978713326943175,0.01800630953135359,0.0,0.1,0.4
ensemble_market,0.05,760,0.0,0.0,0.45,0.9610054290429516,0.5711162601684758,0.5342105263157895,0.39485877460561003,0.021169379581043278,0.0,0.1,0.45
ensemble_market,0.05,760,0.0,0.0,0.4,0.9608620086516046,0.5710561873502582,0.531578947368421,0.39347084448643255,0.02422712063713023,0.0,0.1,0.5
ensemble_market,0.05,760,0.0,0.0,0.35000000000000003,0.9609362877044443,0.5711392877910206,0.5328947368421053,0.4022857147027261,0.023139658786343435,0.0,0.1,0.55
ensemble_market,0.05,760,0.0,0.0,0.30000000000000004,0.9612329289896168,0.5713655614907631,0.5263157894736842,0.3987562373201117,0.024449672076551864,0.0,0.1,0.6000000000000001
ensemble_market,0.05,760,0.0,0.0,0.25,0.9617589649615061,0.571735008449486,0.5223684210526316,0.39510602334996797,0.0232483198806441,0.0,0.1,0.65
ensemble_market,0.05,760,0.0,0.0,0.2,0.9625245649065032,0.5722476286671887,0.5263157894736842,0.4038972393153771,0.022058419460833655,0.0,0.1,0.7000000000000001
ensemble_market,0.05,760,0.0,0.0,0.15000000000000002,0.9635443470619584,0.5729034221438716,0.5289473684210526,0.4096889331512678,0.0207662412300149,0.0,0.1,0.75
ensemble_market,0.05,760,0.0,0.0,0.1,0.9648397625175795,0.5737023888795347,0.5302631578947369,0.4133191683402703,0.020587888042875733,0.0,0.1,0.8
ensemble_market,0.05,760,0.0,0.0,0.05,0.9664438297486561,0.5746445288741778,0.5289473684210526,0.41638082891138906,0.027904072374030132,0.0,0.1,0.8500000000000001
ensemble_market,0.05,760,0.0,0.0,0.0,0.9684118318500357,0.5757298421278011,0.5381578947368421,0.4342631114239286,0.019148303703172526,0.0,0.1,0.9
ensemble_market,0.05,760,0.0,0.0,0.8500000000000001,0.969836161187895,0.5765750411495624,0.5368421052631579,0.3985704205439637,0.023026828739672038,0.0,0.15000000000000002,0.0
ensemble_market,0.05,760,0.0,0.0,0.8,0.9678035571783258,0.575299897518792,0.5355263157894737,0.39690932174414256,0.023125052399611074,0.0,0.15000000000000002,0.05
ensemble_market,0.05,760,0.0,0.0,0.75,0.9660128094639907,0.5741679271470018,0.5355263157894737,0.3964557459552525,0.021669968361428458,0.0,0.15000000000000002,0.1
ensemble_market,0.05,760,0.0,0.0,0.7000000000000001,0.9644551106163086,0.5731791300341915,0.5328947368421053,0.39433068172098196,0.021147525038295964,0.0,0.15000000000000002,0.15000000000000002
ensemble_market,0.05,760,0.0,0.0,0.65,0.9631235106796195,0.5723335061803615,0.5368421052631579,0.3973518090839107,0.02019589731567904,0.0,0.15000000000000002,0.2
ensemble_market,0.05,760,0.0,0.0,0.6000000000000001,0.9620126758173234,0.5716310555855116,0.5368421052631579,0.39641942855179285,0.019484371455858192,0.0,0.15000000000000002,0.25
ensemble_market,0.05,760,0.0,0.0,0.55,0.9611187300450934,0.5710717782496417,0.5394736842105263,0.39859841481232466,0.0184882673547502,0.0,0.15000000000000002,0.30000000000000004
ensemble_market,0.05,760,0.0,0.0,0.5,0.9604391632191114,0.5706556741727522,0.5407894736842105,0.39949259604432025,0.020916576890016966,0.0,0.15000000000000002,0.35000000000000003
ensemble_market,0.05,760,0.0,0.0,0.45,0.9599727975845105,0.5703827433548425,0.5368421052631579,0.3959966638865722,0.020417509016479405,0.0,0.15000000000000002,0.4
ensemble_market,0.05,760,0.0,0.0,0.4,0.9597198126764135,0.5702529857959131,0.5289473684210526,0.39029139462137596,0.025371069634391633,0.0,0.15000000000000002,0.45
ensemble_market,0.05,760,0.0,0.0,0.35000000000000003,0.9596818361757642,0.5702664014959636,0.5302631578947369,0.3927167914513691,0.023193976764561745,0.0,0.15000000000000002,0.5
ensemble_market,0.05,760,0.0,0.0,0.30000000000000004,0.9598621186230395,0.5704229904549943,0.5328947368421053,0.40250309426155245,0.025993041050613855,0.0,0.15000000000000002,0.55
ensemble_market,0.05,760,0.0,0.0,0.25,0.9602658260853051,0.5707227526730053,0.5289473684210526,0.4008896505839856,0.029524726949924737,0.0,0.15000000000000002,0.6000000000000001
ensemble_market,0.05,760,0.0,0.0,0.2,0.9609005135403998,0.5711656881499961,0.5289473684210526,0.4041569726681405,0.023634389169760694,0.0,0.15000000000000002,0.65
ensemble_market,0.05,760,0.0,0.0,0.15000000000000002,0.9617768972970093,0.5717517968859673,0.5328947368421053,0.41260075579544364,0.027399755522494466,0.0,0.15000000000000002,0.7000000000000001
ensemble_market,0.05,760,0.0,0.0,0.1,0.9629101619861609,0.5724810788809185,0.531578947368421,0.41247517151736174,0.022769816179946195,0.0,0.15000000000000002,0.75
ensemble_market,0.05,760,0.0,0.0,0.05,0.9643223096883685,0.5733535341348498,0.531578947368421,0.4163992762710092,0.022006875191880073,0.0,0.15000000000000002,0.8
ensemble_market,0.05,760,0.0,0.0,0.0,0.9660467693051717,0.5743691626477613,0.5328947368421053,0.42323705438459536,0.022587770645878073,0.0,0.15000000000000002,0.8500000000000001
ensemble_market,0.05,760,0.0,0.0,0.8,0.9676929164929962,0.5751514905176356,0.5355263157894737,0.3970351250955971,0.023199836983008513,0.0,0.2,0.0
ensemble_market,0.05,760,0.0,0.0,0.75,0.965782312254972,0.5739498354051337,0.5355263157894737,0.3970351250955971,0.01970709309199833,0.0,0.2,0.05
ensemble_market,0.05,760,0.0,0.0,0.7000000000000001,0.9641090420764732,0.5728913535516116,0.5342105263157895,0.39581216320246343,0.017674071574472157,0.0,0.2,0.1
ensemble_market,0.05,760,0.0,0.0,0.65,0.9626652132556627,0.5719760449570697,0.5368421052631579,0.39747946866418515,0.01769505698099889,0.0,0.2,0.15000000000000002
ensemble_market,0.05,760,0.0,0.0,0.6000000000000001,0.9614446478226837,0.5712039096215079,0.5355263157894737,0.3956531450268887,0.018161317251017776,0.0,0.2,0.2
ensemble_market,0.05,760,0.0,0.0,0.55,0.9604426831135711,0.5705749475449263,0.5355263157894737,0.3951772873791222,0.019560849086287524,0.0,0.2,0.25
ensemble_market,0.05,760,0.0,0.0,0.5,0.959656043611242,0.5700891587273247,0.5381578947368421,0.39699396713126694,0.021362058218172116,0.0,0.2,0.30000000000000004
ensemble_market,0.05,760,0.0,0.0,0.45,0.9590827716864573,0.5697465431687033,0.5381578947368421,0.3969969158731231,0.02259355718223754,0.0,0.2,0.35000000000000003
ensemble_market,0.05,760,0.0,0.0,0.4,0.958722212315363,0.569547100869062,0.5355263157894737,0.39575060954371294,0.02574831858735351,0.0,0.2,0.4
ensemble_market,0.05,760,0.0,0.0,0.35000000000000003,0.95857505338845,0.5694908318284008,0.5342105263157895,0.39513049083048063,0.026426558696193786,0.0,0.2,0.45
ensemble_market,0.05,760,0.0,0.0,0.30000000000000004,0.9586434304817052,0.5695777360467197,0.531578947368421,0.3947631730999592,0.02753143863215297,0.0,0.2,0.5
ensemble_market,0.05,760,0.0,0.0,0.25,0.9589311149061959,0.5698078135240188,0.5289473684210526,0.3952722983805468,0.02985452740642322,0.0,0.2,0.55
ensemble_market,0.05,760,0.0,0.0,0.2,0.9594438197331139,0.5701810642602978,0.5302631578947369,0.403353938469537,0.02672840838330808,0.0,0.2,0.6000000000000001
ensemble_market,0.05,760,0.0,0.0,0.15000000000000002,0.9601896866702786,0.5706974882555571,0.5289473684210526,0.40478694262693365,0.023520226231408113,0.0,0.2,0.65
ensemble_market,0.05,760,0.0,0.0,0.1,0.9611800710401674,0.5713570855097965,0.531578947368421,0.41150316491743766,0.02232131079518258,0.0,0.2,0.7000000000000001
ensemble_market,0.05,760,0.0,0.0,0.05,0.9624308559770628,0.5721598560230159,0.531578947368421,0.41333649232049524,0.024339561745935004,0.0,0.2,0.75
ensemble_market,0.05,760,0.0,0.0,0.0,0.963964788672681,0.5731057997952155,0.5328947368421053,0.4184329057777168,0.02074694408079768,0.0,0.2,0.8
ensemble_market,0.05,760,0.0,0.0,0.75,0.965700668663241,0.5738290602907595,0.5328947368421053,0.3950423402617398,0.019695905347639677,0.0,0.25,0.0
ensemble_market,0.05,760,0.0,0.0,0.7000000000000001,0.9639087934908029,0.5727008936965257,0.5328947368421053,0.39445681761940116,0.020158241096774738,0.0,0.25,0.05
ensemble_market,0.05,760,0.0,0.0,0.65,0.9623504245725949,0.571715900361272,0.5342105263157895,0.3948868615019845,0.015529305054001512,0.0,0.25,0.1
ensemble_market,0.05,760,0.0,0.0,0.6000000000000001,0.9610184902726309,0.5708740802849984,0.5328947368421053,0.3933920931910726,0.01876888539555331,0.0,0.25,0.15000000000000002
ensemble_market,0.05,760,0.0,0.0,0.55,0.9599075197133394,0.5701754334677048,0.5328947368421053,0.39242262650527554,0.02005004889572611,0.0,0.25,0.2
ensemble_market,0.05,760,0.0,0.0,0.5,0.9590134776392436,0.5696199599093915,0.5394736842105263,0.3986804803876089,0.018891590686995766,0.0,0.25,0.25
ensemble_market,0.05,760,0.0,0.0,0.45,0.9583336617690921,0.5692076596100583,0.5407894736842105,0.39975369117301124,0.02190453561672751,0.0,0.25,0.30000000000000004
ensemble_market,0.05,760,0.0,0.0,0.4,0.9578666536366134,0.5689385325697051,0.5381578947368421,0.39688764687003425,0.022552594558535595,0.0,0.25,0.35000000000000003
ensemble_market,0.05,760,0.0,0.0,0.35000000000000003,0.9576123201980626,0.568812578788332,0.531578947368421,0.39347084448643255,0.026986761490246904,0.0,0.25,0.4
ensemble_market,0.05,760,0.0,0.0,0.30000000000000004,0.9575718693827477,0.568829798265939,0.5355263157894737,0.3968066066319988,0.030244274918207,0.0,0.25,0.45
ensemble_market,0.05,760,0.0,0.0,0.25,0.9577479696809106,0.5689901910025262,0.5328947368421053,0.39798978391135903,0.031589396598262744,0.0,0.25,0.5
ensemble_market,0.05,760,0.0,0.0,0.2,0.9581449536521733,0.5692937569980935,0.5276315789473685,0.3956262910209385,0.028378716739810624,0.0,0.25,0.55
ensemble_market,0.05,760,0.0,0.0,0.15000000000000002,0.9587691410546142,0.569740496252641,0.5289473684210526,0.4029360060018319,0.02544870799993908,0.0,0.25,0.6000000000000001
ensemble_market,0.05,760,0.0,0.0,0.1,0.959629345373065,0.5703304087661685,0.531578947368421,0.41149087717521554,0.023928161793550007,0.0,0.25,0.65
ensemble_market,0.05,760,0.0,0.0,0.05,0.9607376814257901,0.5710634945386761,0.5342105263157895,0.4160952572179137,0.02164730830757774,0.0,0.25,0.7000000000000001
ensemble_market,0.05,760,0.0,0.0,0.0,0.9621109036763528,0.5719397535701638,0.5328947368421053,0.4167061589308331,0.02053593457521173,0.0,0.25,0.75
ensemble_market,0.05,760,0.0,0.0,0.7000000000000001,0.9638565759235597,0.5726077504689339,0.5328947368421053,0.39458525345622125,0.020525597979668134,0.0,0.30000000000000004,0.0
ensemble_market,0.05,760,0.0,0.0,0.65,0.9621807328391527,0.5715530723929684,0.5328947368421053,0.3941205779770802,0.018535604872626045,0.0,0.30000000000000004,0.05
ensemble_market,0.05,760,0.0,0.0,0.6000000000000001,0.960735198334154,0.5706415675759829,0.5355263157894737,0.39612135176651303,0.016166770394836785,0.0,0.30000000000000004,0.1
ensemble_market,0.05,760,0.0,0.0,0.55,0.9595136487327819,0.5698732360179776,0.5355263157894737,0.3956531450268887,0.01676826038574487,0.0,0.30000000000000004,0.15000000000000002
ensemble_market,0.05,760,0.0,0.0,0.5,0.9585112707768608,0.5692480777189524,0.5394736842105263,0.3986804803876089,0.02041674691107158,0.0,0.30000000000000004,0.2
ensemble_market,0.05,760,0.0,0.0,0.45,0.9577246252444022,0.5687660926789072,0.5434210526315789,0.40197536986527815,0.02057368115947243,0.0,0.30000000000000004,0.25
ensemble_market,0.05,760,0.0,0.0,0.4,0.9571515665713086,0.5684272808978422,0.5368421052631579,0.39635905330531807,0.022465235417934312,0.0,0.30000000000000004,0.30000000000000004
ensemble_market,0.05,760,0.0,0.0,0.35000000000000003,0.9567912121124903,0.5682316423757573,0.5328947368421053,0.3930878098365784,0.023957263667966234,0.0,0.30000000000000004,0.35000000000000003
ensemble_market,0.05,760,0.0,0.0,0.30000000000000004,0.9566439601656098,0.5681791771126525,0.5342105263157895,0.3955349323388988,0.02982625887003066,0.0,0.30000000000000004,0.4
ensemble_market,0.05,760,0.0,0.0,0.25,0.9567115613823064,0.5682698851085278,0.5328947368421053,0.3960669384981312,0.030335763013018612,0.0,0.30000000000000004,0.45
ensemble_market,0.05,760,0.0,0.0,0.2,0.9569972549739023,0.5685037663633834,0.531578947368421,0.39797107146136784,0.03049922369505814,0.0,0.30000000000000004,0.5
ensemble_market,0.05,760,0.0,0.0,0.15000000000000002,0.9575059909759477,0.5688808208772189,0.5302631578947369,0.3981845563468047,0.029712898803220738,0.0,0.30000000000000004,0.55
ensemble_market,0.05,760,0.0,0.0,0.1,0.9582447759132776,0.5694010486500346,0.5276315789473685,0.40139990769154005,0.029427053943753636,0.0,0.30000000000000004,0.6000000000000001
ensemble_market,0.05,760,0.0,0.0,0.05,0.9592232077361228,0.5700644496818303,0.5355263157894737,0.41533301205183326,0.022781799994523774,0.0,0.30000000000000004,0.65
ensemble_market,0.05,760,0.0,0.0,0.0,0.960454320361481,0.5708710239726064,0.5289473684210526,0.41243982171725263,0.021016461459631146,0.0,0.30000000000000004,0.7000000000000001
ensemble_market,0.05,760,0.0,0.0,0.65,0.9621584453793811,0.5714875610521587,0.5368421052631579,0.39819531463399804,0.016599009346757083,0.0,0.35000000000000003,0.0
ensemble_market,0.05,760,0.0,0.0,0.6000000000000001,0.9605964603258712,0.5705063714944615,0.5368421052631579,0.3977417536163607,0.01601147687705587,0.0,0.35000000000000003,0.05
ensemble_market,0.05,760,0.0,0.0,0.55,0.9592621685699493,0.5696683551957443,0.5381578947368421,0.3983774961597542,0.01625894195891133,0.0,0.35000000000000003,0.1
ensemble_market,0.05,760,0.0,0.0,0.5,0.9581499381898491,0.5689735121560072,0.5407894736842105,0.40017524869852067,0.01875337747855985,0.0,0.35000000000000003,0.15000000000000002
ensemble_market,0.05,760,0.0,0.0,0.45,0.9572555773842232,0.5684218423752502,0.5407894736842105,0.3997093423698928,0.02171006330421907,0.0,0.35000000000000003,0.2
ensemble_market,0.05,760,0.0,0.0,0.4,0.9565762228914725,0.5680133458534735,0.5394736842105263,0.39859762116787817,0.02246338625774252,0.0,0.35000000000000003,0.25
ensemble_market,0.05,760,0.0,0.0,0.35000000000000003,0.9561102797366944,0.5677480225906767,0.5355263157894737,0.3959840110249641,0.023778207405107124,0.0,0.35000000000000003,0.30000000000000004
ensemble_market,0.05,760,0.0,0.0,0.30000000000000004,0.9558574081064807,0.5676258725868601,0.5342105263157895,0.3958899747715972,0.02706205606276596,0.0,0.35000000000000003,0.35000000000000003
ensemble_market,0.05,760,0.0,0.0,0.25,0.9558185581333383,0.5676468958420237,0.5342105263157895,0.39643586103636536,0.028237130763430207,0.0,0.35000000000000003,0.4
ensemble_market,0.05,760,0.0,0.0,0.2,0.955996058693178,0.5678110923561672,0.5328947368421053,0.39682245072200156,0.029907772139310715,0.0,0.35000000000000003,0.45
ensemble_market,0.05,760,0.0,0.0,0.15000000000000002,0.9563937731842672,0.568118462129291,0.5342105263157895,0.4012585492154956,0.031776382310985306,0.0,0.35000000000000003,0.5
ensemble_market,0.05,760,0.0,0.0,0.1,0.9570173454736107,0.5685690051613949,0.5355263157894737,0.40337403905336927,0.03166464099994236,0.0,0.35000000000000003,0.55
ensemble_market,0.05,760,0.0,0.0,0.05,0.9578745760038656,0.5691627214524787,0.5407894736842105,0.41790933593763274,0.02591198157699132,0.0,0.35000000000000003,0.6000000000000001
ensemble_market,0.05,760,0.0,0.0,0.0,0.9589759978783822,0.5698996110025428,0.5381578947368421,0.42018702411793535,0.023094145216131397,0.0,0.35000000000000003,0.65
ensemble_market,0.05,760,0.0,0.0,0.6000000000000001,0.9606046889558818,0.5704684920404341,0.5394736842105263,0.4004490306537917,0.014239191068878035,0.0,0.4,0.0
ensemble_market,0.05,760,0.0,0.0,0.55,0.9591548748604378,0.5695607910010052,0.5407894736842105,0.40121796567878204,0.013464359191235661,0.0,0.4,0.05
ensemble_market,0.05,760,0.0,0.0,0.5,0.9579306872917258,0.5687962632205562,0.5421052631578948,0.40243176157457844,0.01633142100899032,0.0,0.4,0.1
ensemble_market,0.05,760,0.0,0.0,0.45,0.9569271443180252,0.5681749086990875,0.5381578947368421,0.39850767508328316,0.019804576980971295,0.0,0.4,0.15000000000000002
ensemble_market,0.05,760,0.0,0.0,0.4,0.9561406514610681,0.5676967274365988,0.5394736842105263,0.39907012785741963,0.022601066386541375,0.0,0.4,0.2
ensemble_market,0.05,760,0.0,0.0,0.35000000000000003,0.9555689122171069,0.5673617194330902,0.5368421052631579,0.3967163435593009,0.0232833291170477,0.0,0.4,0.25
ensemble_market,0.05,760,0.0,0.0,0.30000000000000004,0.955210886745391,0.5671698846885619,0.5368421052631579,0.3975258918296893,0.024956778506423305,0.0,0.4,0.30000000000000004
ensemble_market,0.05,760,0.0,0.0,0.25,0.9550667964153278,0.5671212232030134,0.5381578947368421,0.40022681409582894,0.02552451121336377,0.0,0.4,0.35000000000000003
ensemble_market,0.05,760,0.0,0.0,0.2,0.9551381766220052,0.5672157349764453,0.5368421052631579,0.40011837821840784,0.03243053733586132,0.0,0.4,0.4
ensemble_market,0.05,760,0.0,0.0,0.15000000000000002,0.9554279856451047,0.5674534200088571,0.5368421052631579,0.40317494910222723,0.03194819511822469,0.0,0.4,0.45
ensemble_market,0.05,760,0.0,0.0,0.1,0.9559407845503493,0.5678342783002491,0.5355263157894737,0.4035940803382663,0.037107701656696274,0.0,0.4,0.5
ensemble_market,0.05,760,0.0,0.0,0.05,0.9566830141341301,0.5683583098506212,0.5368421052631579,0.4079277031629047,0.028658327657772303,0.0,0.4,0.55
ensemble_market,0.05,760,0.0,0.0,0.0,0.9576634131877774,0.5690255146599734,0.5407894736842105,0.4191965420798373,0.0266488228389182,0.0,0.4,0.6000000000000001
ensemble_market,0.05,760,0.0,0.0,0.55,0.9591942956467413,0.5695505434337602,0.5421052631578948,0.40270274667358535,0.01660819043405388,0.0,0.45,0.0
ensemble_market,0.05,760,0.0,0.0,0.5,0.9578554292152244,0.5687163309125994,0.5394736842105263,0.40070741413216604,0.015861907200138484,0.0,0.45,0.05
ensemble_market,0.05,760,0.0,0.0,0.45,0.9567406493239005,0.5680252916504188,0.5381578947368421,0.39909227146221365,0.016878314612596517,0.0,0.45,0.1
ensemble_market,0.05,760,0.0,0.0,0.4,0.9558455951849593,0.5674774256472183,0.5381578947368421,0.3981725640350831,0.021831042444975562,0.0,0.45,0.15000000000000002
ensemble_market,0.05,760,0.0,0.0,0.35000000000000003,0.9551672569725073,0.5670727329029979,0.5368421052631579,0.3969359715628373,0.02544021836574773,0.0,0.45,0.2
ensemble_market,0.05,760,0.0,0.0,0.30000000000000004,0.9547039068197354,0.5668112134177575,0.5381578947368421,0.39787076910274816,0.020654270017554138,0.0,0.45,0.25
ensemble_market,0.05,760,0.0,0.0,0.25,0.9544550761939543,0.5666928671914974,0.5368421052631579,0.3985337243401759,0.02593709834488912,0.0,0.45,0.30000000000000004
ensemble_market,0.05,760,0.0,0.0,0.2,0.9544215791334969,0.5667176942242172,0.5368421052631579,0.39883651446448026,0.028716299202947677,0.0,0.45,0.35000000000000003
ensemble_market,0.05,760,0.0,0.0,0.15000000000000002,0.9546055855237997,0.5668856945159174,0.5342105263157895,0.3983042804264609,0.0313212372777216,0.0,0.45,0.4
ensemble_market,0.05,760,0.0,0.0,0.1,0.9550107542715777,0.5671968680665975,0.5355263157894737,0.40298903089613686,0.03333049483240098,0.0,0.45,0.45
ensemble_market,0.05,760,0.0,0.0,0.05,0.955642444217419,0.5676512148762577,0.5368421052631579,0.40496895975026687,0.031018748169494945,0.0,0.45,0.5
ensemble_market,0.05,760,0.0,0.0,0.0,0.9565080330876504,0.5682487349448981,0.5368421052631579,0.4090393251608205,0.023951491045446107,0.0,0.45,0.55
ensemble_market,0.05,760,0.0,0.0,0.5,0.9579268183522895,0.5687337152321367,0.5355263157894737,0.3975508456433312,0.0136892049792587,0.0,0.5,0.0
ensemble_market,0.05,760,0.0,0.0,0.45,0.9566981283879585,0.5679729912292442,0.5355263157894737,0.39742102597793655,0.015458564117557822,0.0,0.5,0.05
ensemble_market,0.05,760,0.0,0.0,0.4,0.9556925013057623,0.5673554404853318,0.5407894736842105,0.4014772370728898,0.020545224606139844,0.0,0.5,0.1
ensemble_market,0.05,760,0.0,0.0,0.35000000000000003,0.9549061808013247,0.5668810630003995,0.5394736842105263,0.399667332345995,0.0191024557247029,0.0,0.5,0.15000000000000002
ensemble_market,0.05,760,0.0,0.0,0.30000000000000004,0.9543367406189469,0.5665498587744474,0.5394736842105263,0.3992481033745301,0.02155841511485524,0.0,0.5,0.2
ensemble_market,0.05,760,0.0,0.0,0.25,0.9539830354106437,0.5663618278074755,0.5381578947368421,0.3983975521443526,0.02163494090434516,0.0,0.5,0.25
ensemble_market,0.05,760,0.0,0.0,0.2,0.9538451975486321,0.5663169700994835,0.5368421052631579,0.3989271805422882,0.024384604368052783,0.0,0.5,0.30000000000000004
ensemble_market,0.05,760,0.0,0.0,0.15000000000000002,0.9539246812517984,0.5664152856504717,0.5342105263157895,0.39742589292305097,0.028050345873486978,0.0,0.5,0.35000000000000003
ensemble_market,0.05,760,0.0,0.0,0.1,0.9542243603329843,0.5666567744604399,0.5355263157894737,0.3998121422802767,0.032988393466459716,0.0,0.5,0.4
ensemble_market,0.05,760,0.0,0.0,0.05,0.9547486922574517,0.5670414365293885,0.5381578947368421,0.40528192723870254,0.029556142451466892,0.0,0.5,0.45
ensemble_market,0.05,760,0.0,0.0,0.0,0.9555039705777473,0.567569271857317,0.5394736842105263,0.4102690548974171,0.02751848001521927,0.0,0.5,0.5
ensemble_market,0.05,760,0.0,0.0,0.45,0.9568023746207259,0.5680180074355637,0.5355263157894737,0.39786659018078324,0.014032544389804126,0.0,0.55,0.0
ensemble_market,0.05,760,0.0,0.0,0.4,0.9556835414598059,0.5673307719509395,0.5407894736842105,0.4014772370728898,0.01728110089925743,0.0,0.55,0.05
ensemble_market,0.05,760,0.0,0.0,0.35000000000000003,0.9547872645170437,0.5667867097252954,0.5421052631578948,0.4025178953734918,0.015818793801972156,0.0,0.55,0.1
ensemble_market,0.05,760,0.0,0.0,0.30000000000000004,0.9541103875175224,0.5663858207586314,0.5381578947368421,0.39809115561280245,0.0199675290494509,0.0,0.55,0.15000000000000002
ensemble_market,0.05,760,0.0,0.0,0.25,0.9536510791637355,0.5661281050509476,0.5368421052631579,0.3974979149291076,0.02400027796337232,0.0,0.55,0.2
ensemble_market,0.05,760,0.0,0.0,0.2,0.9534088043116664,0.5660135626022439,0.5368421052631579,0.39814943157002797,0.022479727705972317,0.0,0.55,0.25
ensemble_market,0.05,760,0.0,0.0,0.15000000000000002,0.9533843421920931,0.5660421934125202,0.5381578947368421,0.39943449954695304,0.020993372006253605,0.0,0.55,0.30000000000000004
ensemble_market,0.05,760,0.0,0.0,0.1,0.953579855227159,0.5662139974817767,0.5355263157894737,0.3989396113956663,0.027423856772241108,0.0,0.55,0.35000000000000003
ensemble_market,0.05,760,0.0,0.0,0.05,0.9539990175749163,0.5665289748100132,0.5368421052631579,0.404369274136716,0.030849117811410188,0.0,0.55,0.4
ensemble_market,0.05,760,0.0,0.0,0.0,0.9546472202336028,0.5669871253972298,0.5381578947368421,0.406480675547697,0.028427338811029972,0.0,0.55,0.45
ensemble_market,0.05,760,0.0,0.0,0.4,0.9558216615634443,0.5674034200440412,0.5394736842105263,0.40070741413216604,0.01326838677543031,0.0,0.6000000000000001,0.0
ensemble_market,0.05,760,0.0,0.0,0.35000000000000003,0.9548128279929039,0.5667896730776852,0.5421052631578948,0.4025178953734918,0.016398456547992973,0.0,0.6000000000000001,0.05
ensemble_market,0.05,760,0.0,0.0,0.30000000000000004,0.9540265733619995,0.5663190993703094,0.5394736842105263,0.4005170959027116,0.019083738203119475,0.0,0.6000000000000001,0.1
ensemble_market,0.05,760,0.0,0.0,0.25,0.9534603500125682,0.5659916989219137,0.5381578947368421,0.3982246391852436,0.01703637462265973,0.0,0.6000000000000001,0.15000000000000002
ensemble_market,0.05,760,0.0,0.0,0.2,0.9531129472767358,0.5658074717324982,0.5381578947368421,0.3983975521443526,0.01890107550056871,0.0,0.6000000000000001,0.2
ensemble_market,0.05,760,0.0,0.0,0.15000000000000002,0.9529844846997201,0.5657664178020627,0.5394736842105263,0.4002960640891675,0.021406268032289684,0.0,0.6000000000000001,0.25
ensemble_market,0.05,760,0.0,0.0,0.1,0.9530764552790147,0.5658685371306074,0.5368421052631579,0.39882974409210364,0.021007050046353764,0.0,0.6000000000000001,0.30000000000000004
ensemble_market,0.05,760,0.0,0.0,0.05,0.9533918251109532,0.5661138297181321,0.5355263157894737,0.40020904985258293,0.02858253931163334,0.0,0.6000000000000001,0.35000000000000003
ensemble_market,0.05,760,0.0,0.0,0.0,0.9539352026582589,0.5665022955646369,0.5381578947368421,0.40602623666682786,0.029361202186344172,0.0,0.6000000000000001,0.4
ensemble_market,0.05,760,0.0,0.0,0.35000000000000003,0.9549859862282699,0.5668899530575693,0.5394736842105263,0.4001242653924315,0.01339514425715802,0.0,0.65,0.0
ensemble_market,0.05,760,0.0,0.0,0.30000000000000004,0.9540877811073307,0.5663496946094817,0.5407894736842105,0.40187163202463433,0.015685844869871596,0.0,0.65,0.05
ensemble_market,0.05,760,0.0,0.0,0.25,0.9534127326357398,0.5659526094203741,0.5368421052631579,0.3974601131913598,0.016091470651633622,0.0,0.65,0.1
ensemble_market,0.05,760,0.0,0.0,0.2,0.9529589252324432,0.5656986974902466,0.5368421052631579,0.39689281771034696,0.01499427532833415,0.0,0.65,0.15000000000000002
ensemble_market,0.05,760,0.0,0.0,0.15000000000000002,0.9527258118954388,0.5655879588190993,0.5381578947368421,0.3991346730262986,0.019246783382346696,0.0,0.65,0.2
ensemble_market,0.05,760,0.0,0.0,0.1,0.952714232894533,0.5656203934069322,0.5394736842105263,0.39995351694141473,0.021025991637803727,0.0,0.65,0.25
ensemble_market,0.05,760,0.0,0.0,0.05,0.9529264900254256,0.5657960012537452,0.5381578947368421,0.40088642737355373,0.021370420713564032,0.0,0.65,0.30000000000000004
ensemble_market,0.05,760,0.0,0.0,0.0,0.953366486870486,0.566114782359538,0.5394736842105263,0.4041624386944022,0.025570836490283824,0.0,0.65,0.35000000000000003
ensemble_market,0.05,760,0.0,0.0,0.30000000000000004,0.9542973139306423,0.566477606476148,0.5407894736842105,0.4017371079384288,0.012309682246220543,0.0,0.7000000000000001,0.0
ensemble_market,0.05,760,0.0,0.0,0.25,0.9535108908119218,0.5660108365463286,0.5381578947368421,0.3986952469711091,0.015232291200307103,0.0,0.7000000000000001,0.05
ensemble_market,0.05,760,0.0,0.0,0.2,0.9529487984964388,0.5656872398754893,0.5381578947368421,0.3981397983420471,0.014578492441375976,0.0,0.7000000000000001,0.1
ensemble_market,0.05,760,0.0,0.0,0.15000000000000002,0.9526097950034759,0.5655068164636301,0.5394736842105263,0.3992978276543055,0.015934864240904168,0.0,0.7000000000000001,0.15000000000000002
ensemble_market,0.05,760,0.0,0.0,0.1,0.9524940623463979,0.5654695663107511,0.5394736842105263,0.39981567592476225,0.020937850168564982,0.0,0.7000000000000001,0.2
ensemble_market,0.05,760,0.0,0.0,0.05,0.9526032565822741,0.5655754894168521,0.5368421052631579,0.39883651446448026,0.01924698822517113,0.0,0.7000000000000001,0.25
ensemble_market,0.05,760,0.0,0.0,0.0,0.9529406228073607,0.5658245857819333,0.5394736842105263,0.40241547936132127,0.01971435310759979,0.0,0.7000000000000001,0.30000000000000004
ensemble_market,0.05,760,0.0,0.0,0.25,0.9537583386641507,0.5661663802997771,0.5394736842105263,0.4003355336531443,0.012900029923770776,0.0,0.75,0.0
ensemble_market,0.05,760,0.0,0.0,0.2,0.953085433200795,0.5657730988882259,0.5421052631578948,0.4020057564310127,0.012652891941944387,0.0,0.75,0.05
ensemble_market,0.05,760,0.0,0.0,0.15000000000000002,0.9526386907506721,0.5655229907356549,0.5407894736842105,0.4004211777338762,0.016382453375125408,0.0,0.75,0.1
ensemble_market,0.05,760,0.0,0.0,0.1,0.952417607720617,0.5654160558420641,0.5381578947368421,0.3987928049501274,0.015435618874317637,0.0,0.75,0.15000000000000002
ensemble_market,0.05,760,0.0,0.0,0.05,0.952423190679103,0.5654522942074532,0.5407894736842105,0.401459255186378,0.01729163441660068,0.0,0.75,0.2
ensemble_market,0.05,760,0.0,0.0,0.0,0.9526580475106331,0.5656317058318227,0.5407894736842105,0.40313462253365034,0.01864028106969544,0.0,0.75,0.25
ensemble_market,0.05,760,0.0,0.0,0.2,0.9533725820528562,0.5659562745284568,0.5434210526315789,0.40365928731171735,0.014333537345771025,0.0,0.8,0.0
ensemble_market,0.05,760,0.0,0.0,0.15000000000000002,0.9528155942108125,0.5656364816351739,0.5421052631578948,0.40254955048769486,0.012273828048465114,0.0,0.8,0.05
ensemble_market,0.05,760,0.0,0.0,0.1,0.952487348280891,0.5654598620008712,0.5434210526315789,0.4033132007358812,0.015258022031741758,0.0,0.8,0.1
ensemble_market,0.05,760,0.0,0.0,0.05,0.9523881754960698,0.5654264156255485,0.5421052631578948,0.4026005952287551,0.01836727007792429,0.0,0.8,0.15000000000000002
ensemble_market,0.05,760,0.0,0.0,0.0,0.952520045444082,0.565536142509206,0.5407894736842105,0.40261376161234447,0.021101754310912588,0.0,0.8,0.2
ensemble_market,0.05,760,0.0,0.0,0.15000000000000002,0.9531445309041756,0.565847289162187,0.5434210526315789,0.40391763229246846,0.014238126006765465,0.0,0.8500000000000001,0.0
ensemble_market,0.05,760,0.0,0.0,0.1,0.9527066415558678,0.5656009847871724,0.5434210526315789,0.40345838350456714,0.015790636873943015,0.0,0.8500000000000001,0.05
ensemble_market,0.05,760,0.0,0.0,0.05,0.9525009464205488,0.5654978536711379,0.5434210526315789,0.40432304698359744,0.020485994623898586,0.0,0.8500000000000001,0.1
ensemble_market,0.05,760,0.0,0.0,0.0,0.9525287533913773,0.5655378958140835,0.5421052631578948,0.4032638436937977,0.02161479645949123,0.0,0.8500000000000001,0.15000000000000002
ensemble_market,0.05,760,0.0,0.0,0.1,0.9530798292462569,0.5658394242009676,0.5434210526315789,0.40377299025235813,0.014787177511682315,0.0,0.9,0.0
ensemble_market,0.05,760,0.0,0.0,0.05,0.9527651667090996,0.5656666083442213,0.5434210526315789,0.40377299025235813,0.01684962036397682,0.0,0.9,0.05
ensemble_market,0.05,760,0.0,0.0,0.0,0.9526872072063732,0.5656369657464552,0.5460526315789473,0.40716140821725916,0.020032022795978672,0.0,0.9,0.1
ensemble_market,0.05,760,0.0,0.0,0.05,0.953185550663067,0.5659326796447989,0.5434210526315789,0.4040836051709557,0.018833615605822033,0.0,0.9500000000000001,0.0
ensemble_market,0.05,760,0.0,0.0,0.0,0.9529994333966197,0.5658333523063209,0.5434210526315789,0.40488846816670304,0.021536727032611596,0.0,0.9500000000000001,0.05
ensemble_market,0.05,760,0.0,0.0,0.0,0.9534705946118883,0.5661270554936807,0.5473684210526316,0.4098162414761692,0.02502117360285086,0.0,1.0,0.0
ensemble_market,0.05,760,0.0,0.0,0.9500000000000001,0.9743896785130777,0.5796019419419102,0.5289473684210526,0.3916382577924207,0.01993021312237811,0.05,0.0,0.0
ensemble_market,0.05,760,0.0,0.0,0.9,0.9720905256123727,0.578175336168152,0.5355263157894737,0.39699310878350175,0.020094578008016763,0.05,0.0,0.05
ensemble_market,0.05,760,0.0,0.0,0.8500000000000001,0.9700457321773954,0.576891903653374,0.5328947368421053,0.3947605039308096,0.020681579809869375,0.05,0.0,0.1
ensemble_market,0.05,760,0.0,0.0,0.8,0.9682440803672024,0.5757516443975762,0.5342105263157895,0.39473848008683365,0.021665169272407206,0.05,0.0,0.15000000000000002
ensemble_market,0.05,760,0.0,0.0,0.75,0.9666766630561303,0.5747545584007584,0.5342105263157895,0.3949775493551047,0.020244407142188465,0.05,0.0,0.2
ensemble_market,0.05,760,0.0,0.0,0.7000000000000001,0.9653365089062163,0.5739006456629208,0.5355263157894737,0.3958703276024292,0.02202690639065223,0.05,0.0,0.25
ensemble_market,0.05,760,0.0,0.0,0.65,0.9642183337810554,0.5731899061840632,0.5328947368421053,0.39366133289343447,0.019659786230001298,0.05,0.0,0.30000000000000004
ensemble_market,0.05,760,0.0,0.0,0.6000000000000001,0.9633183850419743,0.5726223399641858,0.5381578947368421,0.3974588969537007,0.01825916148817948,0.05,0.0,0.35000000000000003
ensemble_market,0.05,760,0.0,0.0,0.55,0.9626343615026406,0.5721979470032884,0.5407894736842105,0.39962719411795167,0.01592039487420585,0.05,0.0,0.4
ensemble_market,0.05,760,0.0,0.0,0.5,0.9621654032474175,0.5719167273013713,0.5368421052631579,0.3967472894078399,0.016655463854146752,0.05,0.0,0.45
ensemble_market,0.05,760,0.0,0.0,0.45,0.9619121557779199,0.5717786808584342,0.5342105263157895,0.3957331940090561,0.018801975114342066,0.05,0.0,0.5
ensemble_market,0.05,760,0.0,0.0,0.4,0.9618769251495476,0.5717838076744772,0.5289473684210526,0.39708676117358516,0.02065658114779649,0.05,0.0,0.55
ensemble_market,0.05,760,0.0,0.0,0.35000000000000003,0.9620639590914057,0.5719321077495003,0.5328947368421053,0.40247050373926346,0.021203005288293646,0.05,0.0,0.6000000000000001
ensemble_market,0.05,760,0.0,0.0,0.30000000000000004,0.9624799213581444,0.5722235810835036,0.5276315789473685,0.3994886794356705,0.020074921472914006,0.05,0.0,0.65
ensemble_market,0.05,760,0.0,0.0,0.25,0.963134689886504,0.572658227676487,0.525,0.40227396945844934,0.02024166783638473,0.05,0.0,0.7000000000000001
ensemble_market,0.05,760,0.0,0.0,0.2,0.9640427460781921,0.5732360475284504,0.5263157894736842,0.4058127493421611,0.01824450439059372,0.05,0.0,0.75
ensemble_market,0.05,760,0.0,0.0,0.15000000000000002,0.9652257500135681,0.573957040639394,0.5263157894736842,0.4088501933091191,0.018527483952906414,0.05,0.0,0.8
ensemble_market,0.05,760,0.0,0.0,0.1,0.9667177881912721,0.5748212070093178,0.5328947368421053,0.4187850356071377,0.023587566346361593,0.05,0.0,0.8500000000000001
ensemble_market,0.05,760,0.0,0.0,0.05,0.9685776730044638,0.5758285466382215,0.5289473684210526,0.41879650033760624,0.021734602411612063,0.05,0.0,0.9
ensemble_market,0.05,760,0.0,0.0,0.0,0.9709248873327277,0.5769790595261055,0.5355263157894737,0.43031036963303326,0.02196719301522123,0.05,0.0,0.9500000000000001
ensemble_market,0.05,760,0.0,0.0,0.9,0.9719033500019257,0.5779562331202426,0.5381578947368421,0.4003318434240824,0.02233962169577438,0.05,0.05,0.0
ensemble_market,0.05,760,0.0,0.0,0.8500000000000001,0.969735542095101,0.5766031158647527,0.5368421052631579,0.3984487128591932,0.023004198546786536,0.05,0.05,0.05
ensemble_market,0.05,760,0.0,0.0,0.8,0.967815746341074,0.5753931718682429,0.5368421052631579,0.39755920561750663,0.020563292837076825,0.05,0.05,0.1
ensemble_market,0.05,760,0.0,0.0,0.75,0.9661339635878673,0.5743264011307133,0.5355263157894737,0.3964557459552525,0.021475589030133836,0.05,0.05,0.15000000000000002
ensemble_market,0.05,760,0.0,0.0,0.7000000000000001,0.9646822708217451,0.5734028036521639,0.5368421052631579,0.3972264588646937,0.021324936149878234,0.05,0.05,0.2
ensemble_market,0.05,760,0.0,0.0,0.65,0.9634545167327574,0.5726223794325944,0.5342105263157895,0.3945099066745786,0.02339313153587059,0.05,0.05,0.25
ensemble_market,0.05,760,0.0,0.0,0.6000000000000001,0.9624461203565093,0.5719851284720052,0.5394736842105263,0.39919957567867304,0.021528424536757785,0.05,0.05,0.30000000000000004
ensemble_market,0.05,760,0.0,0.0,0.55,0.9616539485236114,0.5714910507703961,0.5394736842105263,0.39894699219179586,0.01990188139525985,0.05,0.05,0.35000000000000003
ensemble_market,0.05,760,0.0,0.0,0.5,0.9610762601262147,0.571140146327767,0.5394736842105263,0.3989864432902408,0.01932974940432273,0.05,0.05,0.4
ensemble_market,0.05,760,0.0,0.0,0.45,0.9607127145140186,0.5709324151441181,0.5355263157894737,0.39561869135441263,0.01935039617184545,0.05,0.05,0.45
ensemble_market,0.05,760,0.0,0.0,0.4,0.960564450352865,0.5708678572194493,0.5302631578947369,0.3920741303165567,0.023466110425007965,0.05,0.05,0.5
ensemble_market,0.05,760,0.0,0.0,0.35000000000000003,0.9606342526402093,0.5709464725537606,0.5302631578947369,0.39772058359095025,0.02168688188572923,0.05,0.05,0.55
ensemble_market,0.05,760,0.0,0.0,0.30000000000000004,0.9609268431355463,0.571168261147052,0.5263157894736842,0.39750674011546366,0.02216648669087359,0.05,0.05,0.6000000000000001
ensemble_market,0.05,760,0.0,0.0,0.25,0.9614493606170437,0.5715332229993235,0.525,0.39664389339994877,0.022896330727497,0.05,0.05,0.65
ensemble_market,0.05,760,0.0,0.0,0.2,0.962212158438083,0.5720413581105751,0.5263157894736842,0.4040294622526539,0.020920683295553275,0.05,0.05,0.7000000000000001
ensemble_market,0.05,760,0.0,0.0,0.15000000000000002,0.9632301779489946,0.572692666480807,0.5289473684210526,0.40853683206088043,0.022088027890287246,0.05,0.05,0.75
ensemble_market,0.05,760,0.0,0.0,0.1,0.9645254676915348,0.5734871481100189,0.5289473684210526,0.41175054088928986,0.020997839127150798,0.05,0.05,0.8
ensemble_market,0.05,760,0.0,0.0,0.05,0.9661322571855389,0.5744248029982109,0.5289473684210526,0.41652848380073165,0.023512085634145478,0.05,0.05,0.8500000000000001
ensemble_market,0.05,760,0.0,0.0,0.0,0.9681086775326776,0.5755056311453829,0.5342105263157895,0.4268959083033453,0.020551370946946836,0.05,0.05,0.9
ensemble_market,0.05,760,0.0,0.0,0.8500000000000001,0.9695764271802162,0.5764116447036254,0.5368421052631579,0.3985704205439637,0.023306410148549898,0.05,0.1,0.0
ensemble_market,0.05,760,0.0,0.0,0.8,0.9675352093654191,0.5751320159664038,0.5394736842105263,0.40068131771188537,0.02051484241191738,0.05,0.1,0.05
ensemble_market,0.05,760,0.0,0.0,0.75,0.9657365665175001,0.5739955604881625,0.5355263157894737,0.3964557459552525,0.021589128151582274,0.05,0.1,0.1
ensemble_market,0.05,760,0.0,0.0,0.7000000000000001,0.964171559110885,0.5730022782689012,0.5368421052631579,0.3972264588646937,0.01979168776880301,0.05,0.1,0.15000000000000002
ensemble_market,0.05,760,0.0,0.0,0.65,0.9628331376729521,0.5721521693086198,0.5394736842105263,0.4000532612258276,0.019902755129378516,0.05,0.1,0.2
ensemble_market,0.05,760,0.0,0.0,0.6000000000000001,0.9617158932247892,0.5714452336073187,0.5381578947368421,0.3976574500768049,0.022806562998915807,0.05,0.1,0.25
ensemble_market,0.05,760,0.0,0.0,0.55,0.9608158938740683,0.5708814711649978,0.5394736842105263,0.39907211733225995,0.01936035978487446,0.05,0.1,0.30000000000000004
ensemble_market,0.05,760,0.0,0.0,0.5,0.9601305897900213,0.5704608819816569,0.5394736842105263,0.39811707221834913,0.019871229030851603,0.05,0.1,0.35000000000000003
ensemble_market,0.05,760,0.0,0.0,0.45,0.9596587784145935,0.5701834660572962,0.5342105263157895,0.39359455990586056,0.01682877452924378,0.05,0.1,0.4
ensemble_market,0.05,760,0.0,0.0,0.4,0.9594006296020231,0.5700492233919154,0.531578947368421,0.39270889162121553,0.02242877662535959,0.05,0.1,0.45
ensemble_market,0.05,760,0.0,0.0,0.35000000000000003,0.9593577785327122,0.570058153985515,0.5302631578947369,0.3923319042233269,0.022636970532928263,0.05,0.1,0.5
ensemble_market,0.05,760,0.0,0.0,0.30000000000000004,0.9595335050181497,0.5702102578380945,0.5289473684210526,0.3949015037975531,0.026180231587094326,0.05,0.1,0.55
ensemble_market,0.05,760,0.0,0.0,0.25,0.9599330348239541,0.5705055349496541,0.5263157894736842,0.39802679503383026,0.02777587657481821,0.05,0.1,0.6000000000000001
ensemble_market,0.05,760,0.0,0.0,0.2,0.9605640289543498,0.5709439853201941,0.5302631578947369,0.4050637106797234,0.025399566624322842,0.05,0.1,0.65
ensemble_market,0.05,760,0.0,0.0,0.15000000000000002,0.9614373860824514,0.5715256089497139,0.531578947368421,0.41105396538554423,0.026099691465661008,0.05,0.1,0.7000000000000001
ensemble_market,0.05,760,0.0,0.0,0.1,0.9625686096429973,0.572250405838214,0.5289473684210526,0.40932017100241397,0.01959051518916516,0.05,0.1,0.75
ensemble_market,0.05,760,0.0,0.0,0.05,0.9639802884672876,0.573118375985694,0.5289473684210526,0.4135708928380095,0.02266023957766535,0.05,0.1,0.8
ensemble_market,0.05,760,0.0,0.0,0.0,0.9657070321462673,0.5741295193921544,0.531578947368421,0.4211911639113852,0.024313143507554858,0.05,0.1,0.8500000000000001
ensemble_market,0.05,760,0.0,0.0,0.8,0.9674044289635713,0.5749681766920589,0.5381578947368421,0.3995949849608387,0.022891696563778454,0.05,0.15000000000000002,0.0
ensemble_market,0.05,760,0.0,0.0,0.75,0.9654857962155345,0.5737620364731056,0.5368421052631579,0.3979339425554003,0.02092294672647991,0.05,0.15000000000000002,0.05
ensemble_market,0.05,760,0.0,0.0,0.7000000000000001,0.9638050953144253,0.5726990695131323,0.5328947368421053,0.39478859390363813,0.020787552099643836,0.05,0.15000000000000002,0.1
ensemble_market,0.05,760,0.0,0.0,0.65,0.9623543222735511,0.5717792758121393,0.5355263157894737,0.39690932174414256,0.018902088683153278,0.05,0.15000000000000002,0.15000000000000002
ensemble_market,0.05,760,0.0,0.0,0.6000000000000001,0.9611272146000236,0.5710026553701264,0.5368421052631579,0.39747946866418515,0.02004725456710732,0.05,0.15000000000000002,0.2
ensemble_market,0.05,760,0.0,0.0,0.55,0.9601190454589905,0.5703692081870936,0.5355263157894737,0.39504981574409714,0.02079657603234989,0.05,0.15000000000000002,0.25
ensemble_market,0.05,760,0.0,0.0,0.5,0.959326491505845,0.5698789342630408,0.5394736842105263,0.39837607437018335,0.019754950985529384,0.05,0.15000000000000002,0.30000000000000004
ensemble_market,0.05,760,0.0,0.0,0.45,0.9587475613486787,0.5695318335979682,0.5394736842105263,0.39850521149906576,0.023047943900275373,0.05,0.15000000000000002,0.35000000000000003
ensemble_market,0.05,760,0.0,0.0,0.4,0.9583815794150231,0.5693279061918757,0.5342105263157895,0.3939775645735799,0.02463224622109138,0.05,0.15000000000000002,0.4
ensemble_market,0.05,760,0.0,0.0,0.35000000000000003,0.958229226822791,0.5692671520447634,0.531578947368421,0.39296636085626907,0.027524622348648848,0.05,0.15000000000000002,0.45
ensemble_market,0.05,760,0.0,0.0,0.30000000000000004,0.9582926484186277,0.5693495711566311,0.531578947368421,0.39489438249804903,0.02789371319785918,0.05,0.15000000000000002,0.5
ensemble_market,0.05,760,0.0,0.0,0.25,0.9585756455379515,0.569575163527479,0.5289473684210526,0.3951568762469764,0.027317264716283745,0.05,0.15000000000000002,0.55
ensemble_market,0.05,760,0.0,0.0,0.2,0.9590839907162143,0.5699439291573069,0.531578947368421,0.40404584692219103,0.0275379721346788,0.05,0.15000000000000002,0.6000000000000001
ensemble_market,0.05,760,0.0,0.0,0.15000000000000002,0.9598259303687404,0.5704558680461149,0.5328947368421053,0.4100295320025789,0.025742522966884857,0.05,0.15000000000000002,0.65
ensemble_market,0.05,760,0.0,0.0,0.1,0.9608129994184923,0.5711109801939032,0.5328947368421053,0.41260075579544364,0.022366433914096703,0.05,0.15000000000000002,0.7000000000000001
ensemble_market,0.05,760,0.0,0.0,0.05,0.9620613945304415,0.5719092656006715,0.531578947368421,0.41347886096853714,0.02379782535434964,0.05,0.15000000000000002,0.75
ensemble_market,0.05,760,0.0,0.0,0.0,0.9635944385754115,0.5728507242664199,0.5302631578947369,0.41639016723493655,0.021216473751655272,0.05,0.15000000000000002,0.8
ensemble_market,0.05,760,0.0,0.0,0.75,0.9653836861622124,0.5736258290855428,0.5328947368421053,0.39491432013637,0.019380003238166115,0.05,0.2,0.0
ensemble_market,0.05,760,0.0,0.0,0.7000000000000001,0.9635842872619779,0.5724931773848577,0.5328947368421053,0.39478859390363813,0.018586445782210127,0.05,0.2,0.05
ensemble_market,0.05,760,0.0,0.0,0.65,0.962018882752259,0.5715036989431529,0.5328947368421053,0.39433068172098196,0.016110532228446935,0.05,0.2,0.1
ensemble_market,0.05,760,0.0,0.0,0.6000000000000001,0.9606803069702363,0.5706573937604281,0.5328947368421053,0.3933920931910726,0.017416455359255848,0.05,0.2,0.15000000000000002
ensemble_market,0.05,760,0.0,0.0,0.55,0.95956301702273,0.5699542618366835,0.5368421052631579,0.3965479430849211,0.0200466921478001,0.05,0.2,0.2
ensemble_market,0.05,760,0.0,0.0,0.5,0.9586629226150708,0.569394303171919,0.5381578947368421,0.39731334683539954,0.02135140441088639,0.05,0.2,0.25
ensemble_market,0.05,760,0.0,0.0,0.45,0.9579772802748141,0.5689775177661345,0.5407894736842105,0.39975369117301124,0.022645005880150587,0.05,0.2,0.30000000000000004
ensemble_market,0.05,760,0.0,0.0,0.4,0.9575046424887992,0.5687039056193302,0.5368421052631579,0.39562209872507353,0.02581493970736433,0.05,0.2,0.35000000000000003
ensemble_market,0.05,760,0.0,0.0,0.35000000000000003,0.9572448588364277,0.568573466731506,0.531578947368421,0.39258147362822693,0.025266955165318367,0.05,0.2,0.4
ensemble_market,0.05,760,0.0,0.0,0.30000000000000004,0.9571991323423656,0.5685862011026618,0.5355263157894737,0.3968066066319988,0.027697690059701015,0.05,0.2,0.45
ensemble_market,0.05,760,0.0,0.0,0.25,0.9573701414701081,0.5687421087327978,0.5302631578947369,0.39336181544824056,0.02930722253096981,0.05,0.2,0.5
ensemble_market,0.05,760,0.0,0.0,0.2,0.9577622483927872,0.569041189621914,0.5302631578947369,0.3976967708012918,0.029007484097473814,0.05,0.2,0.55
ensemble_market,0.05,760,0.0,0.0,0.15000000000000002,0.9583818307689254,0.5694834437700101,0.5276315789473685,0.40216261079688215,0.023036107337823564,0.05,0.2,0.6000000000000001
ensemble_market,0.05,760,0.0,0.0,0.1,0.9592378039043766,0.5700688711770865,0.531578947368421,0.4111841722026138,0.022540063105494706,0.05,0.2,0.65
ensemble_market,0.05,760,0.0,0.0,0.05,0.9603424575861098,0.5707974718431429,0.5328947368421053,0.41352788266983787,0.01920041712395602,0.05,0.2,0.7000000000000001
ensemble_market,0.05,760,0.0,0.0,0.0,0.961712852374859,0.5716692457681796,0.5302631578947369,0.41321954881276907,0.018720188172047306,0.05,0.2,0.75
ensemble_market,0.05,760,0.0,0.0,0.7000000000000001,0.9635112502385001,0.5723846018840774,0.5328947368421053,0.39491432013637,0.02180294098077983,0.05,0.25,0.0
ensemble_market,0.05,760,0.0,0.0,0.65,0.9618283158183006,0.5713254387016606,0.5355263157894737,0.3968413978494623,0.017065013568634584,0.05,0.25,0.05
ensemble_market,0.05,760,0.0,0.0,0.6000000000000001,0.9603760769324521,0.570409448778224,0.5342105263157895,0.3947589049959282,0.01604974941391737,0.05,0.25,0.1
ensemble_market,0.05,760,0.0,0.0,0.55,0.9591481302972744,0.5696366321137675,0.5342105263157895,0.3942844119936188,0.019796152684828656,0.05,0.25,0.15000000000000002
ensemble_market,0.05,760,0.0,0.0,0.5,0.9581396010785956,0.5690069887082911,0.5394736842105263,0.3986804803876089,0.02164720436482357,0.05,0.25,0.2
ensemble_market,0.05,760,0.0,0.0,0.45,0.9573470025431476,0.5685205185617948,0.5434210526315789,0.40197536986527815,0.02305096976374924,0.05,0.25,0.25
ensemble_market,0.05,760,0.0,0.0,0.4,0.9567681532394485,0.5681772216742786,0.5394736842105263,0.39837607437018335,0.025671213520356347,0.05,0.25,0.30000000000000004
ensemble_market,0.05,760,0.0,0.0,0.35000000000000003,0.9564021449985558,0.5679770980457426,0.5342105263157895,0.39435902666446987,0.025317791063641168,0.05,0.25,0.35000000000000003
ensemble_market,0.05,760,0.0,0.0,0.30000000000000004,0.9562493607599627,0.5679201476761866,0.5368421052631579,0.39834270494229057,0.02882979894683342,0.05,0.25,0.4
ensemble_market,0.05,760,0.0,0.0,0.25,0.9563115469376142,0.5680063705656108,0.5328947368421053,0.3956713350424815,0.03042929126081896,0.05,0.25,0.45
ensemble_market,0.05,760,0.0,0.0,0.2,0.9565919520806988,0.568235766714015,0.5328947368421053,0.3981144049924176,0.03162965484883837,0.05,0.25,0.5
ensemble_market,0.05,760,0.0,0.0,0.15000000000000002,0.9570955538488493,0.5686083361213995,0.5276315789473685,0.39588127638755505,0.027429234314190046,0.05,0.25,0.55
ensemble_market,0.05,760,0.0,0.0,0.1,0.9578294131517731,0.5691240787877639,0.525,0.3997171492650888,0.02444879747470004,0.05,0.25,0.6000000000000001
ensemble_market,0.05,760,0.0,0.0,0.05,0.9588032243704974,0.5697829947131086,0.5342105263157895,0.4145972192764342,0.0236140313492137,0.05,0.25,0.65
ensemble_market,0.05,760,0.0,0.0,0.0,0.9600301884606455,0.5705850838974332,0.5328947368421053,0.415169448056427,0.021259716606461438,0.05,0.25,0.7000000000000001
ensemble_market,0.05,760,0.0,0.0,0.65,0.9617848267549234,0.5712444950876624,0.5355263157894737,0.3968413978494623,0.01846281543354475,0.05,0.30000000000000004,0.0
ensemble_market,0.05,760,0.0,0.0,0.6000000000000001,0.9602161161259687,0.570258820423514,0.5355263157894737,0.3963816298128962,0.019062032893886905,0.05,0.30000000000000004,0.05
ensemble_market,0.05,760,0.0,0.0,0.55,0.958875390754123,0.5694163190183456,0.5368421052631579,0.3970174946302718,0.016845460225154648,0.05,0.30000000000000004,0.1
ensemble_market,0.05,760,0.0,0.0,0.5,0.95775695118721,0.5687169908721573,0.5394736842105263,0.3991455453149002,0.01806897063911655,0.05,0.30000000000000004,0.15000000000000002
ensemble_market,0.05,760,0.0,0.0,0.45,0.9568565526976607,0.5681608359849493,0.5421052631578948,0.4010750052675258,0.021225113031772463,0.05,0.30000000000000004,0.2
ensemble_market,0.05,760,0.0,0.0,0.4,0.9561712905689043,0.5677478543567211,0.5421052631578948,0.4009415322234249,0.02598185271667844,0.05,0.30000000000000004,0.25
ensemble_market,0.05,760,0.0,0.0,0.35000000000000003,0.9556995379323399,0.5674780459874733,0.5342105263157895,0.3945737439782742,0.025757522815516094,0.05,0.30000000000000004,0.30000000000000004
ensemble_market,0.05,760,0.0,0.0,0.30000000000000004,0.9554409317068345,0.5673514108772055,0.5355263157894737,0.3963972937762621,0.02808365773797047,0.05,0.30000000000000004,0.35000000000000003
ensemble_market,0.05,760,0.0,0.0,0.25,0.9553964073579904,0.5673679490259178,0.5342105263157895,0.39643586103636536,0.02658666189982817,0.05,0.30000000000000004,0.4
ensemble_market,0.05,760,0.0,0.0,0.2,0.9555682886955531,0.5675276604336102,0.5328947368421053,0.39682245072200156,0.0313408482508235,0.05,0.30000000000000004,0.45
ensemble_market,0.05,760,0.0,0.0,0.15000000000000002,0.955960446027309,0.5678305451002827,0.5342105263157895,0.40074027247104366,0.028784320603146632,0.05,0.30000000000000004,0.5
ensemble_market,0.05,760,0.0,0.0,0.1,0.9565785465895181,0.5682766030259355,0.5342105263157895,0.4022147374389166,0.029234627769549403,0.05,0.30000000000000004,0.55
ensemble_market,0.05,760,0.0,0.0,0.05,0.9574304387009525,0.5688658342105682,0.5421052631578948,0.4192343235964661,0.02183778861240323,0.05,0.30000000000000004,0.6000000000000001
ensemble_market,0.05,760,0.0,0.0,0.0,0.9585267423913393,0.569598238654181,0.5355263157894737,0.41691383400968185,0.022285718973503427,0.05,0.30000000000000004,0.65
ensemble_market,0.05,760,0.0,0.0,0.6000000000000001,0.9602027285586073,0.5702055086962979,0.5407894736842105,0.4017962535283551,0.013424044753559744,0.05,0.35000000000000003,0.0
ensemble_market,0.05,760,0.0,0.0,0.55,0.9587464917585371,0.5692933225504178,0.5407894736842105,0.40121796567878204,0.014579078744504285,0.05,0.35000000000000003,0.05
ensemble_market,0.05,760,0.0,0.0,0.5,0.9575160826532959,0.5685243096635176,0.5407894736842105,0.40108459498759724,0.01707531550933079,0.05,0.35000000000000003,0.1
ensemble_market,0.05,760,0.0,0.0,0.45,0.9565064618500293,0.5678984700355977,0.5407894736842105,0.4006336405529954,0.019475200843312786,0.05,0.35000000000000003,0.15000000000000002
ensemble_market,0.05,760,0.0,0.0,0.4,0.9557139889644842,0.5674158036666579,0.5407894736842105,0.4006336405529954,0.0243222713688567,0.05,0.35000000000000003,0.2
ensemble_market,0.05,760,0.0,0.0,0.35000000000000003,0.9551363306561559,0.567076310556698,0.5355263157894737,0.3955636782847005,0.024926010902160848,0.05,0.35000000000000003,0.25
ensemble_market,0.05,760,0.0,0.0,0.30000000000000004,0.9547724177988555,0.5668799907057185,0.5381578947368421,0.39777163135372096,0.023616663418585378,0.05,0.35000000000000003,0.30000000000000004
ensemble_market,0.05,760,0.0,0.0,0.25,0.9546224492973703,0.566826844113719,0.5368421052631579,0.39870126108286175,0.02560301350710306,0.05,0.35000000000000003,0.35000000000000003
ensemble_market,0.05,760,0.0,0.0,0.2,0.9546879449261924,0.5669168707806995,0.5355263157894737,0.39872668192179317,0.028357309829589956,0.05,0.35000000000000003,0.4
ensemble_market,0.05,760,0.0,0.0,0.15000000000000002,0.9549718550824579,0.5671500707066602,0.5342105263157895,0.3985641512919999,0.030755047197344485,0.05,0.35000000000000003,0.45
ensemble_market,0.05,760,0.0,0.0,0.1,0.9554787427749372,0.5675264438916011,0.5342105263157895,0.4020789288231148,0.032756227817926815,0.05,0.35000000000000003,0.5
ensemble_market,0.05,760,0.0,0.0,0.05,0.9562150645161971,0.568045990335522,0.5381578947368421,0.4065886295277468,0.02660948453986437,0.05,0.35000000000000003,0.55
ensemble_market,0.05,760,0.0,0.0,0.0,0.9571895957131149,0.568708710038423,0.5434210526315789,0.42035767248162753,0.026975225458995045,0.05,0.35000000000000003,0.6000000000000001
ensemble_market,0.05,760,0.0,0.0,0.55,0.9587638454996836,0.5692676427099841,0.5407894736842105,0.4013536866359447,0.015787618738857697,0.05,0.4,0.0
ensemble_market,0.05,760,0.0,0.0,0.5,0.9574187982550976,0.5684289450823721,0.5394736842105263,0.40031477204687366,0.014503165982696502,0.05,0.4,0.05
ensemble_market,0.05,760,0.0,0.0,0.45,0.956297950309925,0.5677334207137403,0.5394736842105263,0.40031477204687366,0.016680239685469334,0.05,0.4,0.1
ensemble_market,0.05,760,0.0,0.0,0.4,0.9553968916742777,0.5671810696040885,0.5381578947368421,0.3981725640350831,0.021121325965597435,0.05,0.4,0.15000000000000002
ensemble_market,0.05,760,0.0,0.0,0.35000000000000003,0.954712572056996,0.566771891753417,0.5394736842105263,0.3992028768148171,0.025881823691904417,0.05,0.4,0.2
ensemble_market,0.05,760,0.0,0.0,0.30000000000000004,0.9542432298611776,0.5665058871617256,0.5381578947368421,0.39787076910274816,0.024175791648392984,0.05,0.4,0.25
ensemble_market,0.05,760,0.0,0.0,0.25,0.9539883682952186,0.5663830558290143,0.5368421052631579,0.3985337243401759,0.023324022152198913,0.05,0.4,0.30000000000000004
ensemble_market,0.05,760,0.0,0.0,0.2,0.9539487779431354,0.5664033977552829,0.5368421052631579,0.3991876262765592,0.027171413384402696,0.05,0.4,0.35000000000000003
ensemble_market,0.05,760,0.0,0.0,0.15000000000000002,0.9541266099420012,0.5665669129405319,0.5355263157894737,0.3986788505614096,0.02850728783498384,0.05,0.4,0.4
ensemble_market,0.05,760,0.0,0.0,0.1,0.9545255097103067,0.5668736013847608,0.5368421052631579,0.40412111183912053,0.03512080624597433,0.05,0.4,0.45
ensemble_market,0.05,760,0.0,0.0,0.05,0.9551508293087408,0.5673234630879699,0.5381578947368421,0.40620058310331747,0.02879689831412688,0.05,0.4,0.5
ensemble_market,0.05,760,0.0,0.0,0.0,0.9560099492373635,0.5679164980501591,0.5394736842105263,0.40998162451738046,0.02305687022196687,0.05,0.4,0.55
ensemble_market,0.05,760,0.0,0.0,0.5,0.9574676287748808,0.5684308971287207,0.5368421052631579,0.3986414262461069,0.014646273291860227,0.05,0.45,0.0
ensemble_market,0.05,760,0.0,0.0,0.45,0.9562329390331609,0.5676656880193771,0.5368421052631579,0.3981926309162082,0.01607634641247208,0.05,0.45,0.05
ensemble_market,0.05,760,0.0,0.0,0.4,0.9552213371193321,0.5670436521690134,0.5407894736842105,0.40102647106327555,0.019153765427802564,0.05,0.45,0.1
ensemble_market,0.05,760,0.0,0.0,0.35000000000000003,0.9544290240491481,0.56656478957763,0.5381578947368421,0.39876699759791334,0.0219376762282108,0.05,0.45,0.15000000000000002
ensemble_market,0.05,760,0.0,0.0,0.30000000000000004,0.9538535368947738,0.5662291002452267,0.5368421052631579,0.3971937454696075,0.024035483993948982,0.05,0.45,0.2
ensemble_market,0.05,760,0.0,0.0,0.25,0.953493697968175,0.5660365841718036,0.5381578947368421,0.39800409594224034,0.021042187873862188,0.05,0.45,0.25
ensemble_market,0.05,760,0.0,0.0,0.2,0.9533496104654374,0.5659872413573606,0.5368421052631579,0.3991876262765592,0.023281232663549676,0.05,0.45,0.30000000000000004
ensemble_market,0.05,760,0.0,0.0,0.15000000000000002,0.9534227018019734,0.5660810718018975,0.5355263157894737,0.39780036333284235,0.026132582182228508,0.05,0.45,0.35000000000000003
ensemble_market,0.05,760,0.0,0.0,0.1,0.9537158208815664,0.5663180755054147,0.5355263157894737,0.3998121422802767,0.03057173371004744,0.05,0.45,0.4
ensemble_market,0.05,760,0.0,0.0,0.05,0.954233401982079,0.5666982524679118,0.5407894736842105,0.407783193274478,0.028878709333346925,0.05,0.45,0.45
ensemble_market,0.05,760,0.0,0.0,0.0,0.9549817173766683,0.5672216026893893,0.5394736842105263,0.40998162451738046,0.026509037849286484,0.05,0.45,0.5
ensemble_market,0.05,760,0.0,0.0,0.45,0.9563140890305118,0.5676952719525079,0.5355263157894737,0.39786659018078324,0.014677955937722479,0.05,0.5,0.0
ensemble_market,0.05,760,0.0,0.0,0.4,0.9551893745168387,0.5670035513614324,0.5394736842105263,0.4005737529436952,0.01369524477466387,0.05,0.5,0.05
ensemble_market,0.05,760,0.0,0.0,0.35000000000000003,0.9542871520673506,0.5664550040293372,0.5407894736842105,0.4016123606305267,0.01748673748134024,0.05,0.5,0.1
ensemble_market,0.05,760,0.0,0.0,0.30000000000000004,0.9536042274544622,0.5660496299562221,0.5342105263157895,0.39492596044320183,0.019464633687740762,0.05,0.5,0.15000000000000002
ensemble_market,0.05,760,0.0,0.0,0.25,0.9531387346418129,0.565787429142087,0.5368421052631579,0.39710624310886433,0.020188594904894476,0.05,0.5,0.2
ensemble_market,0.05,760,0.0,0.0,0.2,0.9528901054339153,0.5656684015869321,0.5381578947368421,0.3987928049501274,0.02405832203228644,0.05,0.5,0.25
ensemble_market,0.05,760,0.0,0.0,0.15000000000000002,0.9528590864177868,0.5656925472907572,0.5368421052631579,0.3981766268120886,0.021411673038028562,0.05,0.5,0.30000000000000004
ensemble_market,0.05,760,0.0,0.0,0.1,0.9530478065829658,0.5658598662535625,0.5355263157894737,0.3989396113956663,0.028314557157029675,0.05,0.5,0.35000000000000003
ensemble_market,0.05,760,0.0,0.0,0.05,0.9534599045890815,0.566170358475348,0.5394736842105263,0.4040725733695605,0.028894154902463158,0.05,0.5,0.4
ensemble_market,0.05,760,0.0,0.0,0.0,0.9541007322988946,0.5666240239561134,0.5381578947368421,0.4068723784604083,0.028932416366879488,0.05,0.5,0.45
ensemble_market,0.05,760,0.0,0.0,0.4,0.9553038082998431,0.5670607671813456,0.5368421052631579,0.39832155855277246,0.011272056438270837,0.05,0.55,0.0
ensemble_market,0.05,760,0.0,0.0,0.35000000000000003,0.954289145310759,0.5664425351085385,0.5407894736842105,0.4016123606305267,0.016080647467856035,0.05,0.55,0.05
ensemble_market,0.05,760,0.0,0.0,0.30000000000000004,0.9534969045941242,0.5659674762947114,0.5407894736842105,0.40187163202463433,0.018423560497478612,0.05,0.55,0.1
ensemble_market,0.05,760,0.0,0.0,0.25,0.952924503253957,0.5656355907398646,0.5368421052631579,0.3968487738738107,0.01812788503184223,0.05,0.55,0.15000000000000002
ensemble_market,0.05,760,0.0,0.0,0.2,0.9525706955482403,0.5654468784439978,0.5394736842105263,0.3992978276543055,0.024012028409028455,0.05,0.55,0.2
ensemble_market,0.05,760,0.0,0.0,0.15000000000000002,0.9524355645072444,0.5654013394071111,0.5394736842105263,0.4002960640891675,0.022772133340314617,0.05,0.55,0.25
ensemble_market,0.05,760,0.0,0.0,0.1,0.9525205634774881,0.5654989736292045,0.5394736842105263,0.4004632788525801,0.02303843984872953,0.05,0.55,0.30000000000000004
ensemble_market,0.05,760,0.0,0.0,0.05,0.9528286137155985,0.5657397811102781,0.5407894736842105,0.40311788404273957,0.029477420865544838,0.05,0.55,0.35000000000000003
ensemble_market,0.05,760,0.0,0.0,0.0,0.9533642708617815,0.5661237618503319,0.5394736842105263,0.40700799947602845,0.03040414314184099,0.05,0.55,0.4
ensemble_market,0.05,760,0.0,0.0,0.35000000000000003,0.9544379668171521,0.5665273828152337,0.5381578947368421,0.3993553303674411,0.013797967735139154,0.05,0.6000000000000001,0.0
ensemble_market,0.05,760,0.0,0.0,0.30000000000000004,0.9535339112759427,0.5659826392606949,0.5407894736842105,0.4016123606305267,0.019071869661334007,0.05,0.6000000000000001,0.05
ensemble_market,0.05,760,0.0,0.0,0.25,0.9528527572183718,0.5655810689651363,0.5355263157894737,0.39608512362562437,0.016347559391667307,0.05,0.6000000000000001,0.1
ensemble_market,0.05,760,0.0,0.0,0.2,0.9523925540943203,0.5653226719285576,0.5368421052631579,0.3962311906247833,0.0167296883911908,0.05,0.6000000000000001,0.15000000000000002
ensemble_market,0.05,760,0.0,0.0,0.15000000000000002,0.9521527165240525,0.5652074481509591,0.5381578947368421,0.3986558971251036,0.021040516716429952,0.05,0.6000000000000001,0.2
ensemble_market,0.05,760,0.0,0.0,0.1,0.9521340409792272,0.5652353976323407,0.5368421052631579,0.39703566854911515,0.019746152041784534,0.05,0.6000000000000001,0.25
ensemble_market,0.05,760,0.0,0.0,0.05,0.952338777441693,0.5654065203727023,0.5394736842105263,0.40173709932820234,0.021486637959361465,0.05,0.6000000000000001,0.30000000000000004
ensemble_market,0.05,760,0.0,0.0,0.0,0.9527707659880779,0.5657208163720443,0.5394736842105263,0.40361494434495593,0.025374288536163723,0.05,0.6000000000000001,0.35000000000000003
ensemble_market,0.05,760,0.0,0.0,0.30000000000000004,0.953718386882131,0.5660951188541725,0.5407894736842105,0.4016123606305267,0.013781441700150793,0.05,0.65,0.0
ensemble_market,0.05,760,0.0,0.0,0.25,0.9529260096770937,0.5656238638179019,0.5368421052631579,0.3973257518623241,0.01699689092098236,0.05,0.65,0.05
ensemble_market,0.05,760,0.0,0.0,0.2,0.9523576003221981,0.5652957820406115,0.5381578947368421,0.397612424121997,0.01766504272598946,0.05,0.65,0.1
ensemble_market,0.05,760,0.0,0.0,0.15000000000000002,0.9520118789350499,0.5651108735223012,0.5407894736842105,0.4001987577639752,0.016101701858897352,0.05,0.65,0.15000000000000002
ensemble_market,0.05,760,0.0,0.0,0.1,0.9518889817203893,0.565069138262971,0.5394736842105263,0.39955645519831373,0.017363886787413775,0.05,0.65,0.2
ensemble_market,0.05,760,0.0,0.0,0.05,0.9519905080786403,0.5651705762626208,0.5381578947368421,0.39947977081795494,0.017145277713027544,0.05,0.65,0.25
ensemble_market,0.05,760,0.0,0.0,0.0,0.9523196312837732,0.5654151875212509,0.5394736842105263,0.40213581926385245,0.020079617699933106,0.05,0.65,0.30000000000000004
ensemble_market,0.05,760,0.0,0.0,0.25,0.9531475974238942,0.5657639752981617,0.5394736842105263,0.4001967484726105,0.013363549495913599,0.05,0.7000000000000001,0.0
ensemble_market,0.05,760,0.0,0.0,0.2,0.9524685374032584,0.5653662087801594,0.5394736842105263,0.39973293481118627,0.015220281308303222,0.05,0.7000000000000001,0.05
ensemble_market,0.05,760,0.0,0.0,0.15000000000000002,0.9520151558880755,0.5651116155211373,0.5407894736842105,0.4004211777338762,0.014966911221415588,0.05,0.7000000000000001,0.1
ensemble_market,0.05,760,0.0,0.0,0.1,0.9517869039831529,0.5650001955210953,0.5394736842105263,0.3996948893974066,0.017689551216625826,0.05,0.7000000000000001,0.15000000000000002
ensemble_market,0.05,760,0.0,0.0,0.05,0.9517847289672482,0.5650319487800333,0.5381578947368421,0.3984279639284476,0.017082616507153682,0.05,0.7000000000000001,0.2
ensemble_market,0.05,760,0.0,0.0,0.0,0.952011160690158,0.5652068752979514,0.5394736842105263,0.4016125525184297,0.016858276544674058,0.05,0.7000000000000001,0.25
ensemble_market,0.05,760,0.0,0.0,0.2,0.9527289250072257,0.5655339521472016,0.5407894736842105,0.4006358557168572,0.011644702687625456,0.05,0.75,0.0
ensemble_market,0.05,760,0.0,0.0,0.15000000000000002,0.9521654649957862,0.5652096741474676,0.5407894736842105,0.4010343989725433,0.011802039210295552,0.05,0.75,0.05
ensemble_market,0.05,760,0.0,0.0,0.1,0.9518301206908168,0.5650285694067136,0.5434210526315789,0.40284583605131546,0.014191913213672294,0.05,0.75,0.1
ensemble_market,0.05,760,0.0,0.0,0.05,0.9517231640296064,0.5649906379249399,0.5407894736842105,0.40107852521353443,0.014585546806688752,0.05,0.75,0.15000000000000002
ensemble_market,0.05,760,0.0,0.0,0.0,0.9518464825209267,0.5650958797021461,0.5407894736842105,0.401459255186378,0.01969404611615665,0.05,0.75,0.2
ensemble_market,0.05,760,0.0,0.0,0.15000000000000002,0.9524666201916953,0.565405049401292,0.5421052631578948,0.40214757151428726,0.013945570485566527,0.05,0.8,0.0
ensemble_market,0.05,760,0.0,0.0,0.1,0.9520217945173396,0.5651542599198262,0.5421052631578948,0.4020839312894107,0.013508886102893422,0.05,0.8,0.05
ensemble_market,0.05,760,0.0,0.0,0.05,0.9518083654967265,0.5650466436973405,0.5460526315789473,0.40660272449263274,0.016449449942385553,0.05,0.8,0.1
ensemble_market,0.05,760,0.0,0.0,0.0,0.9518275574920764,0.565082200733835,0.5421052631578948,0.4030046229673491,0.015749825113124387,0.05,0.8,0.15000000000000002
ensemble_market,0.05,760,0.0,0.0,0.1,0.952366033213698,0.5653772670604328,0.5447368421052632,0.4052812858783008,0.016091127835279072,0.05,0.8500000000000001,0.0
ensemble_market,0.05,760,0.0,0.0,0.05,0.9520437804078878,0.5651999660972353,0.5447368421052632,0.4048283522510327,0.016768194313226046,0.05,0.8500000000000001,0.05
ensemble_market,0.05,760,0.0,0.0,0.0,0.9519572171799507,0.5651658383930179,0.5434210526315789,0.4048415186346221,0.020171500867957853,0.05,0.8500000000000001,0.1
ensemble_market,0.05,760,0.0,0.0,0.05,0.952433861460019,0.5654506051246242,0.5447368421052632,0.4055817325117796,0.018101632981459725,0.05,0.9,0.0
ensemble_market,0.05,760,0.0,0.0,0.0,0.9522392448513322,0.5653467926796949,0.5460526315789473,0.40690067806677804,0.01993189414672342,0.05,0.9,0.05
ensemble_market,0.05,760,0.0,0.0,0.0,0.9526785062502413,0.5656250635938661,0.55,0.4120833038419835,0.02307638755829919,0.05,0.9500000000000001,0.0
ensemble_market,0.05,760,0.0,0.0,0.9,0.9717165702342832,0.5778412905429615,0.5368421052631579,0.39900380395038004,0.02120770867089066,0.1,0.0,0.0
ensemble_market,0.05,760,0.0,0.0,0.8500000000000001,0.9695386110898235,0.5764836881810206,0.5355263157894737,0.3971116313390038,0.02194502830020636,0.1,0.0,0.05
ensemble_market,0.05,760,0.0,0.0,0.8,0.9676096441459698,0.5752692590780597,0.5368421052631579,0.39755920561750663,0.02286268040681532,0.1,0.0,0.1
ensemble_market,0.05,760,0.0,0.0,0.75,0.9659194977094026,0.5741980032340789,0.5368421052631579,0.3976818207785187,0.019061385994961703,0.1,0.0,0.15000000000000002
ensemble_market,0.05,760,0.0,0.0,0.7000000000000001,0.964460119916356,0.5732699206490782,0.5368421052631579,0.3972264588646937,0.022951646791258648,0.1,0.0,0.2
ensemble_market,0.05,760,0.0,0.0,0.65,0.9632252628045382,0.5724850113230577,0.5394736842105263,0.3994753683742828,0.02077186780094102,0.1,0.0,0.25
ensemble_market,0.05,760,0.0,0.0,0.6000000000000001,0.9622102738001701,0.5718432752560172,0.5342105263157895,0.3950272710497745,0.020487640434138425,0.1,0.0,0.30000000000000004
ensemble_market,0.05,760,0.0,0.0,0.55,0.9614119689154151,0.5713447124479569,0.5368421052631579,0.3970719173068941,0.02100084511154796,0.1,0.0,0.35000000000000003
ensemble_market,0.05,760,0.0,0.0,0.5,0.9608285749597381,0.5709893228988767,0.5394736842105263,0.39837748544839696,0.017745484379318194,0.1,0.0,0.4
ensemble_market,0.05,760,0.0,0.0,0.45,0.9604597378620081,0.5707771066087766,0.5342105263157895,0.3945995256340084,0.01961623786683291,0.1,0.0,0.45
ensemble_market,0.05,760,0.0,0.0,0.4,0.9603066036672104,0.5707080635776566,0.5328947368421053,0.39397847433014066,0.020584180652200256,0.1,0.0,0.5
ensemble_market,0.05,760,0.0,0.0,0.35000000000000003,0.9603719907159562,0.5707821938055168,0.531578947368421,0.3955814342468962,0.02239018762663695,0.1,0.0,0.55
ensemble_market,0.05,760,0.0,0.0,0.30000000000000004,0.9606606900830099,0.570999497292357,0.5276315789473685,0.39818635594493185,0.020460725201679568,0.1,0.0,0.6000000000000001
ensemble_market,0.05,760,0.0,0.0,0.25,0.961179964546183,0.5713599740381773,0.5289473684210526,0.4038128254415933,0.02190192258761454,0.1,0.0,0.65
ensemble_market,0.05,760,0.0,0.0,0.2,0.9619403820720717,0.5718636240429777,0.5276315789473685,0.40526006172268225,0.02027762992348766,0.1,0.0,0.7000000000000001
ensemble_market,0.05,760,0.0,0.0,0.15000000000000002,0.9629572626905811,0.5725104473067584,0.5289473684210526,0.40821998785943653,0.020351219577403105,0.1,0.0,0.75
ensemble_market,0.05,760,0.0,0.0,0.1,0.9642533628005576,0.5733004438295191,0.531578947368421,0.41389198200238014,0.023249622426644388,0.1,0.0,0.8
ensemble_market,0.05,760,0.0,0.0,0.05,0.9658643736219188,0.5742336136112599,0.5302631578947369,0.41930411182813837,0.021878261148174843,0.1,0.0,0.8500000000000001
ensemble_market,0.05,760,0.0,0.0,0.0,0.9678519711514499,0.5753099566519808,0.5328947368421053,0.4242250065072815,0.0236438928670227,0.1,0.0,0.9
ensemble_market,0.05,760,0.0,0.0,0.8500000000000001,0.9693601632456496,0.5762767847467046,0.5368421052631579,0.3986944104447165,0.023268228936785672,0.1,0.05,0.0
ensemble_market,0.05,760,0.0,0.0,0.8,0.9673095237070988,0.574992670903032,0.5381578947368421,0.399469604243166,0.023414995010311444,0.1,0.05,0.05
ensemble_market,0.05,760,0.0,0.0,0.75,0.9655022970965823,0.5738517303183394,0.5355263157894737,0.3964557459552525,0.021980039736638594,0.1,0.05,0.1
ensemble_market,0.05,760,0.0,0.0,0.7000000000000001,0.9639293984749812,0.5728539629926268,0.5381578947368421,0.39857833497214035,0.019137722118141628,0.1,0.05,0.15000000000000002
ensemble_market,0.05,760,0.0,0.0,0.65,0.9625836688619511,0.5719993689258943,0.5381578947368421,0.39902763439871075,0.020746251806932264,0.1,0.05,0.2
ensemble_market,0.05,760,0.0,0.0,0.6000000000000001,0.9614596167567951,0.5712879481181421,0.5368421052631579,0.396889400921659,0.02020034323675643,0.1,0.05,0.25
ensemble_market,0.05,760,0.0,0.0,0.55,0.9605532491594958,0.5707197005693699,0.5381578947368421,0.3983031823072695,0.020771820444171484,0.1,0.05,0.30000000000000004
ensemble_market,0.05,760,0.0,0.0,0.5,0.9598619733066808,0.5702946262795778,0.5381578947368421,0.3974849417887392,0.01697304004985723,0.1,0.05,0.35000000000000003
ensemble_market,0.05,760,0.0,0.0,0.45,0.9593845604970275,0.5700127252487659,0.5394736842105263,0.39825210711286657,0.01919521972324153,0.1,0.05,0.4
ensemble_market,0.05,760,0.0,0.0,0.4,0.9591211716095571,0.5698739974769341,0.5342105263157895,0.39422659490446527,0.023848636897090082,0.1,0.05,0.45
ensemble_market,0.05,760,0.0,0.0,0.35000000000000003,0.9590734524631401,0.5698784429640824,0.531578947368421,0.392839534067035,0.0230055111600887,0.1,0.05,0.5
ensemble_market,0.05,760,0.0,0.0,0.30000000000000004,0.9592447184838345,0.5700260617102109,0.5302631578947369,0.39555249171013207,0.025731473862116442,0.1,0.05,0.55
ensemble_market,0.05,760,0.0,0.0,0.25,0.9596402661270543,0.5703168537153193,0.5276315789473685,0.3984027860246915,0.023907425930025185,0.1,0.05,0.6000000000000001
ensemble_market,0.05,760,0.0,0.0,0.2,0.9602678808014594,0.5707508189794079,0.531578947368421,0.4075069426976541,0.023205866078218566,0.1,0.05,0.65
ensemble_market,0.05,760,0.0,0.0,0.15000000000000002,0.9611386747856422,0.5713279575024767,0.531578947368421,0.41073605127682766,0.021972322275277897,0.1,0.05,0.7000000000000001
ensemble_market,0.05,760,0.0,0.0,0.1,0.9622685262875075,0.5720482692845255,0.5289473684210526,0.40963936636333,0.019575969355410488,0.1,0.05,0.75
ensemble_market,0.05,760,0.0,0.0,0.05,0.9636807203083343,0.5729117543255545,0.5289473684210526,0.41385500818417026,0.0222007756612355,0.1,0.05,0.8
ensemble_market,0.05,760,0.0,0.0,0.0,0.9654112909410993,0.5739184126255636,0.5328947368421053,0.4225998547567175,0.020876094690097484,0.1,0.05,0.8500000000000001
ensemble_market,0.05,760,0.0,0.0,0.8,0.9671591195762786,0.5748133993554981,0.5381578947368421,0.3995949849608387,0.021964609750554275,0.1,0.1,0.0
ensemble_market,0.05,760,0.0,0.0,0.75,0.9652316977104699,0.5736027740300936,0.5368421052631579,0.3979339425554003,0.021129918729548607,0.1,0.1,0.05
ensemble_market,0.05,760,0.0,0.0,0.7000000000000001,0.9635429196680674,0.5725353219636694,0.5368421052631579,0.39747946866418515,0.01956007549087265,0.1,0.1,0.1
ensemble_market,0.05,760,0.0,0.0,0.65,0.9620846582613533,0.5716110431562251,0.5368421052631579,0.39838099208998506,0.018606937352877863,0.1,0.1,0.15000000000000002
ensemble_market,0.05,760,0.0,0.0,0.6000000000000001,0.9608505575303022,0.5708299376077611,0.5355263157894737,0.3964557459552525,0.021237351154156238,0.1,0.1,0.2
ensemble_market,0.05,760,0.0,0.0,0.55,0.9598358199166341,0.5701920053182771,0.5381578947368421,0.3976574500768049,0.019441989861430434,0.1,0.1,0.25
ensemble_market,0.05,760,0.0,0.0,0.5,0.9590370697404502,0.5696972462877732,0.5394736842105263,0.39824539554706856,0.01892260326881746,0.1,0.1,0.30000000000000004
ensemble_market,0.05,760,0.0,0.0,0.45,0.9584522792165475,0.5693456605162494,0.5407894736842105,0.3993998210905157,0.02216476139109776,0.1,0.1,0.35000000000000003
ensemble_market,0.05,760,0.0,0.0,0.4,0.9580807514659595,0.5691372480037057,0.5355263157894737,0.39574866491968597,0.022800903306252198,0.1,0.1,0.4
ensemble_market,0.05,760,0.0,0.0,0.35000000000000003,0.9579231621266169,0.5690720087501421,0.5302631578947369,0.3920741303165567,0.02747073528574152,0.1,0.1,0.45
ensemble_market,0.05,760,0.0,0.0,0.30000000000000004,0.9579816690826657,0.5691499427555587,0.5302631578947369,0.3922053580236475,0.024736317657592925,0.1,0.1,0.5
ensemble_market,0.05,760,0.0,0.0,0.25,0.9582601107444669,0.5693710500199555,0.531578947368421,0.3965783066821258,0.0286332133914812,0.1,0.1,0.55
ensemble_market,0.05,760,0.0,0.0,0.2,0.9587643309309385,0.5697353305433321,0.5302631578947369,0.4020107482386159,0.025959809804652793,0.1,0.1,0.6000000000000001
ensemble_market,0.05,760,0.0,0.0,0.15000000000000002,0.9595027001316045,0.5702427843256891,0.5328947368421053,0.41018611693840956,0.02557899695639186,0.1,0.1,0.65
ensemble_market,0.05,760,0.0,0.0,0.1,0.9604869652689283,0.5708934113670261,0.531578947368421,0.4121757481223211,0.02282286671649238,0.1,0.1,0.7000000000000001
ensemble_market,0.05,760,0.0,0.0,0.05,0.9617336936949438,0.5716872116673432,0.5302631578947369,0.4120435023056142,0.02342533740210581,0.1,0.1,0.75
ensemble_market,0.05,760,0.0,0.0,0.0,0.9632668938265545,0.5726241852266405,0.5289473684210526,0.41501372560951794,0.021294657215545573,0.1,0.1,0.8
ensemble_market,0.05,760,0.0,0.0,0.75,0.9651096513177989,0.5734511343693424,0.5355263157894737,0.39716322964595907,0.02046318064930834,0.1,0.15000000000000002,0.0
ensemble_market,0.05,760,0.0,0.0,0.7000000000000001,0.9633020110890781,0.5723139975622061,0.5328947368421053,0.39478859390363813,0.018146720009892432,0.1,0.15000000000000002,0.05
ensemble_market,0.05,760,0.0,0.0,0.65,0.9617289636309118,0.5713200340140501,0.5328947368421053,0.39420683644566346,0.018965292889315855,0.1,0.15000000000000002,0.1
ensemble_market,0.05,760,0.0,0.0,0.6000000000000001,0.96038323848564,0.5704692437248741,0.5355263157894737,0.3964557459552525,0.017174752542690616,0.1,0.15000000000000002,0.15000000000000002
ensemble_market,0.05,760,0.0,0.0,0.55,0.9592592126894284,0.5697616266946782,0.5407894736842105,0.4003729364468394,0.020982109347393578,0.1,0.15000000000000002,0.2
ensemble_market,0.05,760,0.0,0.0,0.5,0.9583527350871536,0.5691971829234626,0.5394736842105263,0.3986804803876089,0.020461221067804628,0.1,0.15000000000000002,0.25
ensemble_market,0.05,760,0.0,0.0,0.45,0.9576610171484368,0.5687759124112269,0.5381578947368421,0.39699396713126694,0.02240523232615807,0.1,0.15000000000000002,0.30000000000000004
ensemble_market,0.05,760,0.0,0.0,0.4,0.9571825802832049,0.5684978151579714,0.5368421052631579,0.39485420539540406,0.025734151001322265,0.1,0.15000000000000002,0.35000000000000003
ensemble_market,0.05,760,0.0,0.0,0.35000000000000003,0.9569172565380186,0.568362891163696,0.5342105263157895,0.3944849398852164,0.025027615556573322,0.1,0.15000000000000002,0.4
ensemble_market,0.05,760,0.0,0.0,0.30000000000000004,0.9568662459690308,0.5683711404284008,0.5355263157894737,0.3964146367183381,0.026473479147253898,0.1,0.15000000000000002,0.45
ensemble_market,0.05,760,0.0,0.0,0.25,0.9570322415096861,0.5685225629520856,0.531578947368421,0.3946360153256705,0.028171266863307745,0.1,0.15000000000000002,0.5
ensemble_market,0.05,760,0.0,0.0,0.2,0.9574196428683218,0.5688171587347505,0.5289473684210526,0.39641296394204034,0.02629464022203387,0.1,0.15000000000000002,0.55
ensemble_market,0.05,760,0.0,0.0,0.15000000000000002,0.9580348985071626,0.5692549277763956,0.5276315789473685,0.40139990769154005,0.02428583538419803,0.1,0.15000000000000002,0.6000000000000001
ensemble_market,0.05,760,0.0,0.0,0.1,0.9588870463107673,0.5698358700770207,0.5328947368421053,0.41258609340103397,0.02326108757385607,0.1,0.15000000000000002,0.65
ensemble_market,0.05,760,0.0,0.0,0.05,0.9599885852425717,0.570559985636626,0.531578947368421,0.41231316776848087,0.018290507507562608,0.1,0.15000000000000002,0.7000000000000001
ensemble_market,0.05,760,0.0,0.0,0.0,0.9613569414088918,0.5714272744552114,0.5289473684210526,0.4121513822416554,0.01997251209708056,0.1,0.15000000000000002,0.75
ensemble_market,0.05,760,0.0,0.0,0.7000000000000001,0.9632087007871929,0.572189989788237,0.5328947368421053,0.39491432013637,0.02026505592471769,0.1,0.2,0.0
ensemble_market,0.05,760,0.0,0.0,0.65,0.9615179969934227,0.571126341499369,0.5355263157894737,0.39716322964595907,0.018297806219285992,0.1,0.2,0.05
ensemble_market,0.05,760,0.0,0.0,0.6000000000000001,0.9600584829854626,0.5702058664694813,0.5342105263157895,0.39510050466170554,0.016458588010528873,0.1,0.2,0.1
ensemble_market,0.05,760,0.0,0.0,0.55,0.9588236660639823,0.5694285646985735,0.5355263157894737,0.39552607032005554,0.02033703955060479,0.1,0.2,0.15000000000000002
ensemble_market,0.05,760,0.0,0.0,0.5,0.9578086025383312,0.5687944361866459,0.5368421052631579,0.39641942855179285,0.022450397273904223,0.1,0.2,0.2
ensemble_market,0.05,760,0.0,0.0,0.45,0.9570097530107562,0.5683034809336985,0.5407894736842105,0.3992358429025544,0.022926820545953484,0.1,0.2,0.25
ensemble_market,0.05,760,0.0,0.0,0.4,0.9564248968936334,0.5679556989397312,0.5407894736842105,0.3994064432150992,0.024291390961719832,0.1,0.2,0.30000000000000004
ensemble_market,0.05,760,0.0,0.0,0.35000000000000003,0.9560530990777417,0.5677510902047439,0.5342105263157895,0.39410008846906724,0.02613080641852594,0.1,0.2,0.35000000000000003
ensemble_market,0.05,760,0.0,0.0,0.30000000000000004,0.9558947276406896,0.5676896547287368,0.5355263157894737,0.3969155772990698,0.02562411083262644,0.1,0.2,0.4
ensemble_market,0.05,760,0.0,0.0,0.25,0.9559515274330866,0.5677713925117097,0.531578947368421,0.393228945955872,0.026843622910193696,0.1,0.2,0.45
ensemble_market,0.05,760,0.0,0.0,0.2,0.95622676172182,0.5679963035536629,0.5302631578947369,0.3940048075820825,0.029779631376757956,0.1,0.2,0.5
ensemble_market,0.05,760,0.0,0.0,0.15000000000000002,0.9567254448209471,0.5683643878545961,0.5276315789473685,0.39550494150115956,0.02572706939052933,0.1,0.2,0.55
ensemble_market,0.05,760,0.0,0.0,0.1,0.9574547063795077,0.5688756454145094,0.531578947368421,0.4079871175523349,0.026400143787092357,0.1,0.2,0.6000000000000001
ensemble_market,0.05,760,0.0,0.0,0.05,0.9584243599368438,0.569530076233403,0.5368421052631579,0.41690508746357874,0.0243445048074541,0.1,0.2,0.65
ensemble_market,0.05,760,0.0,0.0,0.0,0.9596478104500002,0.5703276803112765,0.5342105263157895,0.41561966240570875,0.018355758206097295,0.1,0.2,0.7000000000000001
ensemble_market,0.05,760,0.0,0.0,0.65,0.9614538706242471,0.5710299656121821,0.5355263157894737,0.39716322964595907,0.0205659999298713,0.1,0.25,0.0
ensemble_market,0.05,760,0.0,0.0,0.6000000000000001,0.9598777932392291,0.5700398058415825,0.5368421052631579,0.3979339425554003,0.016258901234183023,0.1,0.25,0.05
ensemble_market,0.05,760,0.0,0.0,0.55,0.9585300983142869,0.569192819329963,0.5368421052631579,0.3970174946302718,0.01970686336669135,0.1,0.25,0.1
ensemble_market,0.05,760,0.0,0.0,0.5,0.9574050098805743,0.5684890060773236,0.5421052631578948,0.40185441792832094,0.020249667917024903,0.1,0.25,0.15000000000000002
ensemble_market,0.05,760,0.0,0.0,0.45,0.9564982236996956,0.5679283660836644,0.5421052631578948,0.4010750052675258,0.023389536998700878,0.1,0.25,0.2
ensemble_market,0.05,760,0.0,0.0,0.4,0.9558067890816263,0.567510899348985,0.5394736842105263,0.3983392761871271,0.02523642510999643,0.1,0.25,0.25
ensemble_market,0.05,760,0.0,0.0,0.35000000000000003,0.9553290446390138,0.567236605873286,0.5368421052631579,0.3965862647173924,0.024216474646986515,0.1,0.25,0.30000000000000004
ensemble_market,0.05,760,0.0,0.0,0.30000000000000004,0.95506460326479,0.5671054856565669,0.5394736842105263,0.39941653684872486,0.027069397422945438,0.1,0.25,0.35000000000000003
ensemble_market,0.05,760,0.0,0.0,0.25,0.9550143869953235,0.5671175386988282,0.5328947368421053,0.39514364516937855,0.02570742438625912,0.1,0.25,0.4
ensemble_market,0.05,760,0.0,0.0,0.2,0.9551807181329904,0.5672727650000694,0.5342105263157895,0.39716693043460705,0.03019611076234187,0.1,0.25,0.45
ensemble_market,0.05,760,0.0,0.0,0.15000000000000002,0.9555674803843155,0.5675711645602908,0.5342105263157895,0.4008656350031424,0.029636151078424364,0.1,0.25,0.5
ensemble_market,0.05,760,0.0,0.0,0.1,0.9561803748402015,0.5680127373794923,0.5355263157894737,0.403733340324262,0.027428669945974628,0.1,0.25,0.55
ensemble_market,0.05,760,0.0,0.0,0.05,0.9570273140387491,0.5685974834576738,0.5381578947368421,0.4160116016214201,0.023622817263268682,0.1,0.25,0.6000000000000001
ensemble_market,0.05,760,0.0,0.0,0.0,0.958119030492434,0.5693254027948356,0.5368421052631579,0.41741819148905085,0.019716089225986007,0.1,0.25,0.65
ensemble_market,0.05,760,0.0,0.0,0.6000000000000001,0.9598433741432442,0.5699710618411779,0.5394736842105263,0.4007565825412433,0.014707286531159892,0.1,0.30000000000000004,0.0
ensemble_market,0.05,760,0.0,0.0,0.55,0.958380108274662,0.5690543905888464,0.5394736842105263,0.40031477204687366,0.014643001070497411,0.1,0.30000000000000004,0.05
ensemble_market,0.05,760,0.0,0.0,0.5,0.9571429752920869,0.5682808925954953,0.5394736842105263,0.3996031135061158,0.017796921980096043,0.1,0.30000000000000004,0.1
ensemble_market,0.05,760,0.0,0.0,0.45,0.9561268700781563,0.5676505678611241,0.5394736842105263,0.39973318468397884,0.019480436202689078,0.1,0.30000000000000004,0.15000000000000002
ensemble_market,0.05,760,0.0,0.0,0.4,0.9553281004077468,0.5671634163857331,0.5394736842105263,0.3991455453149002,0.023745025934946058,0.1,0.30000000000000004,0.2
ensemble_market,0.05,760,0.0,0.0,0.35000000000000003,0.9547442922170737,0.5668194381693221,0.5381578947368421,0.39757562593894075,0.02506961719670022,0.1,0.30000000000000004,0.25
ensemble_market,0.05,760,0.0,0.0,0.30000000000000004,0.9543743451319038,0.5666186332118913,0.5381578947368421,0.3979993412042093,0.022789609887252458,0.1,0.30000000000000004,0.30000000000000004
ensemble_market,0.05,760,0.0,0.0,0.25,0.9542184355769688,0.5665610015134407,0.5368421052631579,0.3986635454797778,0.02513547111116561,0.1,0.30000000000000004,0.35000000000000003
ensemble_market,0.05,760,0.0,0.0,0.2,0.9542780698269071,0.56664654307397,0.5342105263157895,0.39680042792341014,0.02792139138676902,0.1,0.30000000000000004,0.4
ensemble_market,0.05,760,0.0,0.0,0.15000000000000002,0.9545561950594895,0.5668752578934796,0.5368421052631579,0.4005961733824052,0.030254214187938836,0.1,0.30000000000000004,0.45
ensemble_market,0.05,760,0.0,0.0,0.1,0.9550573841602394,0.5672471459719693,0.5368421052631579,0.4045076337814823,0.03251765395117332,0.1,0.30000000000000004,0.5
ensemble_market,0.05,760,0.0,0.0,0.05,0.9557881218130627,0.567762207309439,0.5381578947368421,0.4067292806788605,0.023315593419544596,0.1,0.30000000000000004,0.55
ensemble_market,0.05,760,0.0,0.0,0.0,0.9567572391827096,0.5684204419058889,0.5421052631578948,0.41943140595285344,0.022742595935420835,0.1,0.30000000000000004,0.6000000000000001
ensemble_market,0.05,760,0.0,0.0,0.55,0.9583760024989288,0.5690132784752241,0.5381578947368421,0.39941213915554813,0.01232694224628659,0.1,0.35000000000000003,0.0
ensemble_market,0.05,760,0.0,0.0,0.5,0.9570242014864182,0.568170095741161,0.5394736842105263,0.40031477204687366,0.017340508329787962,0.1,0.35000000000000003,0.05
ensemble_market,0.05,760,0.0,0.0,0.45,0.9558968161437322,0.5674700862660781,0.5394736842105263,0.39973318468397884,0.017601030982015504,0.1,0.35000000000000003,0.1
ensemble_market,0.05,760,0.0,0.0,0.4,0.9549893796756749,0.5669132500499752,0.5407894736842105,0.4006336405529954,0.021960981432007788,0.1,0.35000000000000003,0.15000000000000002
ensemble_market,0.05,760,0.0,0.0,0.35000000000000003,0.954298796027372,0.5664995870928524,0.5368421052631579,0.3971479133378004,0.02515445961497756,0.1,0.35000000000000003,0.2
ensemble_market,0.05,760,0.0,0.0,0.30000000000000004,0.9538232666493948,0.5662290973947098,0.5381578947368421,0.39735467031969157,0.024069641524316326,0.1,0.35000000000000003,0.25
ensemble_market,0.05,760,0.0,0.0,0.25,0.9535622652715156,0.5661017809555472,0.5381578947368421,0.39852020212551525,0.022969173900627214,0.1,0.35000000000000003,0.30000000000000004
ensemble_market,0.05,760,0.0,0.0,0.2,0.9535165598897442,0.5661176377753648,0.5368421052631579,0.39856841248798824,0.024551098005203855,0.1,0.35000000000000003,0.35000000000000003
ensemble_market,0.05,760,0.0,0.0,0.15000000000000002,0.9536882861140005,0.5662766678541625,0.5368421052631579,0.4001974534467551,0.02698672865677864,0.1,0.35000000000000003,0.4
ensemble_market,0.05,760,0.0,0.0,0.1,0.954081081972862,0.5665788711919403,0.5368421052631579,0.40205198358413136,0.033650466833685534,0.1,0.35000000000000003,0.45
ensemble_market,0.05,760,0.0,0.0,0.05,0.9547003026300814,0.5670242477886982,0.5381578947368421,0.4063394122217652,0.029635269450199238,0.1,0.35000000000000003,0.5
ensemble_market,0.05,760,0.0,0.0,0.0,0.9555533465709387,0.5676127976444362,0.5407894736842105,0.4110451511333504,0.025575778830806722,0.1,0.35000000000000003,0.55
ensemble_market,0.05,760,0.0,0.0,0.5,0.9570511065658646,0.568156615514321,0.5381578947368421,0.39941213915554813,0.014518418431026603,0.1,0.4,0.0
ensemble_market,0.05,760,0.0,0.0,0.45,0.9558098767316319,0.5673869212985261,0.5368421052631579,0.39851005134928447,0.016998272436339418,0.1,0.4,0.05
ensemble_market,0.05,760,0.0,0.0,0.4,0.954791863691082,0.5667604003417113,0.5394736842105263,0.3998655913978495,0.02140240770444481,0.1,0.4,0.1
ensemble_market,0.05,760,0.0,0.0,0.35000000000000003,0.953993218810008,0.5662770526438768,0.5355263157894737,0.3960394334667872,0.02255861533591877,0.1,0.4,0.15000000000000002
ensemble_market,0.05,760,0.0,0.0,0.30000000000000004,0.953411437850406,0.5659368782050223,0.5381578947368421,0.39783309517399434,0.023950919364124214,0.1,0.4,0.2
ensemble_market,0.05,760,0.0,0.0,0.25,0.9530453083020347,0.5657398770251479,0.5381578947368421,0.39787076910274816,0.02017628209379224,0.1,0.4,0.25
ensemble_market,0.05,760,0.0,0.0,0.2,0.9528949038455419,0.5656860491042536,0.5394736842105263,0.40094508421793146,0.021728440190842063,0.1,0.4,0.30000000000000004
ensemble_market,0.05,760,0.0,0.0,0.15000000000000002,0.9529616270587673,0.5657753944423395,0.5355263157894737,0.3976690233912136,0.02673198423838609,0.1,0.4,0.35000000000000003
ensemble_market,0.05,760,0.0,0.0,0.1,0.9532483065901434,0.5660079130394055,0.5394736842105263,0.4025508351488744,0.031219196503471665,0.1,0.4,0.4
ensemble_market,0.05,760,0.0,0.0,0.05,0.953759361568483,0.5663836048954515,0.5394736842105263,0.40672849179605725,0.028565595604044952,0.1,0.4,0.45
ensemble_market,0.05,760,0.0,0.0,0.0,0.9545010556009154,0.5669024700104778,0.5394736842105263,0.40725677178363023,0.02337845865546303,0.1,0.4,0.5
ensemble_market,0.05,760,0.0,0.0,0.45,0.9558685924888091,0.5674010729584682,0.5368421052631579,0.39894927277001546,0.015346694029627305,0.1,0.45,0.0
ensemble_market,0.05,760,0.0,0.0,0.4,0.9547374888628616,0.5667048672609416,0.5381578947368421,0.399670827516356,0.015165457197596141,0.1,0.45,0.05
ensemble_market,0.05,760,0.0,0.0,0.35000000000000003,0.9538289184492779,0.5661518348223952,0.5381578947368421,0.3993553303674411,0.019352208755870993,0.1,0.45,0.1
ensemble_market,0.05,760,0.0,0.0,0.30000000000000004,0.9531396427440052,0.5657419756428289,0.5342105263157895,0.39466906631085735,0.017944686687166356,0.1,0.45,0.15000000000000002
ensemble_market,0.05,760,0.0,0.0,0.25,0.9526677570652208,0.5654752897222426,0.5394736842105263,0.39898916517912736,0.018800187540861858,0.1,0.45,0.2
ensemble_market,0.05,760,0.0,0.0,0.2,0.9524126585608143,0.5653517770606366,0.5394736842105263,0.39876774619042665,0.022602337936191323,0.1,0.45,0.25
ensemble_market,0.05,760,0.0,0.0,0.15000000000000002,0.9523750619359357,0.5653714376580106,0.5368421052631579,0.3981766268120886,0.02243490516515306,0.1,0.45,0.30000000000000004
ensemble_market,0.05,760,0.0,0.0,0.1,0.9525570661512915,0.5655342715143646,0.5368421052631579,0.39992756361803977,0.029317789185338596,0.1,0.45,0.35000000000000003
ensemble_market,0.05,760,0.0,0.0,0.05,0.9529622809681341,0.5658402786296989,0.5407894736842105,0.4045836789115074,0.03051969625905992,0.1,0.45,0.4
ensemble_market,0.05,760,0.0,0.0,0.0,0.9535960298833046,0.5662894590040133,0.5394736842105263,0.40725677178363023,0.026084423607887687,0.1,0.45,0.45
ensemble_market,0.05,760,0.0,0.0,0.4,0.9548289307931364,0.5667466508076661,0.5355263157894737,0.39742102597793655,0.013899756312777976,0.1,0.5,0.0
ensemble_market,0.05,760,0.0,0.0,0.35000000000000003,0.9538079638789984,0.5661239336284076,0.5394736842105263,0.4002584219081296,0.018460833230246426,0.1,0.5,0.05
ensemble_market,0.05,760,0.0,0.0,0.30000000000000004,0.9530093701298603,0.5656443897081296,0.5381578947368421,0.39890016702186765,0.017915569567506714,0.1,0.5,0.1
ensemble_market,0.05,760,0.0,0.0,0.25,0.952430525798207,0.5653080190468315,0.5381578947368421,0.397612424121997,0.01439445842183019,0.1,0.5,0.15000000000000002
ensemble_market,0.05,760,0.0,0.0,0.2,0.9520701470286536,0.5651148216445135,0.5394736842105263,0.39876774619042665,0.021485378803748272,0.1,0.5,0.2
ensemble_market,0.05,760,0.0,0.0,0.15000000000000002,0.951928279834206,0.5650647975011758,0.5394736842105263,0.4000365306335456,0.024718474422526844,0.1,0.5,0.25
ensemble_market,0.05,760,0.0,0.0,0.1,0.9520063401226901,0.5651579466168181,0.5394736842105263,0.40094508421793146,0.024052627310291282,0.1,0.5,0.30000000000000004
ensemble_market,0.05,760,0.0,0.0,0.05,0.9523072096838463,0.5653942689914405,0.5421052631578948,0.40423105658448355,0.029854000226467024,0.1,0.5,0.35000000000000003
ensemble_market,0.05,760,0.0,0.0,0.0,0.9528354006974049,0.5657737646250429,0.5394736842105263,0.4040725733695605,0.02984005543690591,0.1,0.5,0.4
ensemble_market,0.05,760,0.0,0.0,0.35000000000000003,0.9539331798753804,0.5661933490619144,0.5381578947368421,0.3994903727529837,0.014172408921067713,0.1,0.55,0.0
ensemble_market,0.05,760,0.0,0.0,0.30000000000000004,0.953022834301694,0.5656441204009244,0.5381578947368421,0.39890016702186765,0.020601344937576527,0.1,0.55,0.05
ensemble_market,0.05,760,0.0,0.0,0.25,0.9523352460081499,0.5652380649989145,0.5368421052631579,0.3971937454696075,0.015870450594867674,0.1,0.55,0.1
ensemble_market,0.05,760,0.0,0.0,0.2,0.951868424706077,0.5649751828558847,0.5381578947368421,0.3971259355678491,0.018003387648322117,0.1,0.55,0.15000000000000002
ensemble_market,0.05,760,0.0,0.0,0.15000000000000002,0.9516217446985913,0.564855473971835,0.5394736842105263,0.3991612023925389,0.021777010051747654,0.1,0.55,0.2
ensemble_market,0.05,760,0.0,0.0,0.1,0.951595959624367,0.5648789383467654,0.5394736842105263,0.39955645519831373,0.02044126586479513,0.1,0.55,0.25
ensemble_market,0.05,760,0.0,0.0,0.05,0.9517932718711852,0.565045575980676,0.5394736842105263,0.40173709932820234,0.021237367898122257,0.1,0.55,0.30000000000000004
ensemble_market,0.05,760,0.0,0.0,0.0,0.952217466206788,0.5653553868735667,0.5421052631578948,0.40523431594860165,0.026103398455335203,0.1,0.55,0.35000000000000003
ensemble_market,0.05,760,0.0,0.0,0.30000000000000004,0.9531830257539744,0.5657411677212133,0.5407894736842105,0.4016123606305267,0.016196707776453607,0.1,0.6000000000000001,0.0
ensemble_market,0.05,760,0.0,0.0,0.25,0.9523842925867897,0.5652654275784915,0.5381578947368421,0.3985622115048939,0.01733100330101641,0.1,0.6000000000000001,0.05
ensemble_market,0.05,760,0.0,0.0,0.2,0.9518092800936463,0.5649328606947499,0.5381578947368421,0.397612424121997,0.01855935017543469,0.1,0.6000000000000001,0.1
ensemble_market,0.05,760,0.0,0.0,0.15000000000000002,0.9514566668049682,0.5647434670699883,0.5394736842105263,0.3991612023925389,0.016371956557176173,0.1,0.6000000000000001,0.15000000000000002
ensemble_market,0.05,760,0.0,0.0,0.1,0.9513265426618288,0.564697246704207,0.5394736842105263,0.3996948893974066,0.017812939304916103,0.1,0.6000000000000001,0.2
ensemble_market,0.05,760,0.0,0.0,0.05,0.9514204534329569,0.5647941995974057,0.5407894736842105,0.40159756189198026,0.020097196123645408,0.1,0.6000000000000001,0.25
ensemble_market,0.05,760,0.0,0.0,0.0,0.9517415077079857,0.5650343257495846,0.5394736842105263,0.40234717113329826,0.019792235925147412,0.1,0.6000000000000001,0.30000000000000004
ensemble_market,0.05,760,0.0,0.0,0.25,0.9525808413117465,0.5653901067855627,0.5381578947368421,0.3985622115048939,0.016298545470160283,0.1,0.65,0.0
ensemble_market,0.05,760,0.0,0.0,0.2,0.9518952670377321,0.5649878551611092,0.5381578947368421,0.39836048967124077,0.019104217520316755,0.1,0.65,0.05
ensemble_market,0.05,760,0.0,0.0,0.15000000000000002,0.9514350091846983,0.5647287767956358,0.5421052631578948,0.4010654490106545,0.015946094371398815,0.1,0.65,0.1
ensemble_market,0.05,760,0.0,0.0,0.1,0.9511994713625548,0.5646128716891426,0.5421052631578948,0.40158267417600985,0.015380250070086138,0.1,0.65,0.15000000000000002
ensemble_market,0.05,760,0.0,0.0,0.05,0.9511895432273951,0.5646401398416295,0.5407894736842105,0.4009390260043329,0.017235376253848404,0.1,0.65,0.2
ensemble_market,0.05,760,0.0,0.0,0.0,0.9514076826642248,0.5648105812530965,0.5407894736842105,0.4032557022135479,0.016280784545264465,0.1,0.65,0.25
ensemble_market,0.05,760,0.0,0.0,0.2,0.9521297701443117,0.5651401662549627,0.5407894736842105,0.4006358557168572,0.014975550585445564,0.1,0.7000000000000001,0.0
ensemble_market,0.05,760,0.0,0.0,0.15000000000000002,0.9515595271214771,0.5648114031487774,0.5421052631578948,0.40153942167672146,0.013151266213295997,0.1,0.7000000000000001,0.05
ensemble_market,0.05,760,0.0,0.0,0.1,0.951216905168026,0.5646258133015724,0.5447368421052632,0.40375258177207957,0.012879545025685057,0.1,0.7000000000000001,0.1
ensemble_market,0.05,760,0.0,0.0,0.05,0.9511021169197527,0.5645833967133473,0.5421052631578948,0.4024576288896784,0.010464943709052231,0.1,0.7000000000000001,0.15000000000000002
ensemble_market,0.05,760,0.0,0.0,0.0,0.9512169726776665,0.5646841533841025,0.5421052631578948,0.4029778580717234,0.020038130948895127,0.1,0.7000000000000001,0.2
ensemble_market,0.05,760,0.0,0.0,0.15000000000000002,0.951833842934174,0.5649913461294132,0.5421052631578948,0.4016817442238854,0.011235162416942246,0.1,0.75,0.0
ensemble_market,0.05,760,0.0,0.0,0.1,0.9513818288645552,0.5647360715414961,0.5447368421052632,0.40436790606653616,0.013018545288819667,0.1,0.75,0.05
ensemble_market,0.05,760,0.0,0.0,0.05,0.9511605581973649,0.5646239702125594,0.5460526315789473,0.4057397628963962,0.011771370325778593,0.1,0.75,0.1
ensemble_market,0.05,760,0.0,0.0,0.0,0.9511711751509596,0.5646550421426028,0.5434210526315789,0.40412266524397583,0.017735118070598768,0.1,0.75,0.15000000000000002
ensemble_market,0.05,760,0.0,0.0,0.1,0.9516981386883192,0.564943646408914,0.5447368421052632,0.40487612294492115,0.01563322867547539,0.1,0.8,0.0
ensemble_market,0.05,760,0.0,0.0,0.05,0.9513681171682612,0.5647618603392655,0.5460526315789473,0.4061938740837823,0.015004297211736068,0.1,0.8,0.05
ensemble_market,0.05,760,0.0,0.0,0.0,0.9512729342858913,0.5647232475285969,0.5421052631578948,0.40321170578114013,0.016976284863478634,0.1,0.8,0.1
ensemble_market,0.05,760,0.0,0.0,0.05,0.9517290104922848,0.5649970670934656,0.5486842105263158,0.4093460363485735,0.01931757701455322,0.1,0.8500000000000001,0.0
ensemble_market,0.05,760,0.0,0.0,0.0,0.9515258124441209,0.5648887695420853,0.5460526315789473,0.40604668962877916,0.01883365326831102,0.1,0.8500000000000001,0.05
ensemble_market,0.05,760,0.0,0.0,0.0,0.9519344081841504,0.5651516081830676,0.55,0.41011408550371947,0.024524789135437076,0.1,0.9,0.0
ensemble_market,0.05,760,0.0,0.0,0.8500000000000001,0.9691871820860377,0.5761704612788,0.5381578947368421,0.3995949849608387,0.02397722896634387,0.15000000000000002,0.0,0.0
ensemble_market,0.05,760,0.0,0.0,0.8,0.9671263192151307,0.5748818623286761,0.5368421052631579,0.3981297834956372,0.023786297109343286,0.15000000000000002,0.0,0.05
ensemble_market,0.05,760,0.0,0.0,0.75,0.9653098263765272,0.5737364366375323,0.5368421052631579,0.39780673003386874,0.02112132860056729,0.15000000000000002,0.0,0.1
ensemble_market,0.05,760,0.0,0.0,0.7000000000000001,0.9637284597829734,0.5727341842053686,0.5381578947368421,0.3988332905653922,0.017439265457887307,0.15000000000000002,0.0,0.15000000000000002
ensemble_market,0.05,760,0.0,0.0,0.65,0.9623749409214076,0.571875105032185,0.5394736842105263,0.40018285206498944,0.02306721923785963,0.15000000000000002,0.0,0.2
ensemble_market,0.05,760,0.0,0.0,0.6000000000000001,0.9612436884079594,0.5711591991179816,0.5381578947368421,0.3982484036891756,0.021957504270436946,0.15000000000000002,0.0,0.25
ensemble_market,0.05,760,0.0,0.0,0.55,0.9603306429911923,0.5705864664627582,0.5342105263157895,0.39501609982233493,0.021129687315996834,0.15000000000000002,0.0,0.30000000000000004
ensemble_market,0.05,760,0.0,0.0,0.5,0.9596331658199401,0.570156907066515,0.5381578947368421,0.3976112019234927,0.016346350848480132,0.15000000000000002,0.0,0.35000000000000003
ensemble_market,0.05,760,0.0,0.0,0.45,0.9591500008405376,0.5698705209292518,0.5394736842105263,0.39850521149906576,0.02102005943025455,0.15000000000000002,0.0,0.4
ensemble_market,0.05,760,0.0,0.0,0.4,0.9588813008511865,0.5697273080509689,0.5355263157894737,0.39499024515265163,0.025149393681398853,0.15000000000000002,0.0,0.45
ensemble_market,0.05,760,0.0,0.0,0.35000000000000003,0.9588287257292591,0.5697272684316661,0.5328947368421053,0.3941070266411941,0.023611406810281607,0.15000000000000002,0.0,0.5
ensemble_market,0.05,760,0.0,0.0,0.30000000000000004,0.9589956332988111,0.5698704020713432,0.5289473684210526,0.3902878835811452,0.021379120392754,0.15000000000000002,0.0,0.55
ensemble_market,0.05,760,0.0,0.0,0.25,0.9593874024268252,0.5701567089700006,0.5276315789473685,0.398532284608234,0.02238016463184752,0.15000000000000002,0.0,0.6000000000000001
ensemble_market,0.05,760,0.0,0.0,0.2,0.960011962602536,0.570586189127638,0.5302631578947369,0.4057634190178887,0.023263372100934834,0.15000000000000002,0.0,0.65
ensemble_market,0.05,760,0.0,0.0,0.15000000000000002,0.9608806734471409,0.5711588425442556,0.5276315789473685,0.4054422599421989,0.0212527736170816,0.15000000000000002,0.0,0.7000000000000001
ensemble_market,0.05,760,0.0,0.0,0.1,0.9620098491978278,0.5718746692198533,0.5276315789473685,0.4077728299439271,0.020083879381861312,0.15000000000000002,0.0,0.75
ensemble_market,0.05,760,0.0,0.0,0.05,0.9634235931313807,0.572733669154431,0.5289473684210526,0.4122274760335684,0.02227703620577234,0.15000000000000002,0.0,0.8
ensemble_market,0.05,760,0.0,0.0,0.0,0.965159643798511,0.573735842347989,0.5302631578947369,0.4197580077128967,0.02016087387040752,0.15000000000000002,0.0,0.8500000000000001
ensemble_market,0.05,760,0.0,0.0,0.8,0.9669567728337145,0.5746871585079537,0.5381578947368421,0.3995949849608387,0.02175999646431206,0.15000000000000002,0.05,0.0
ensemble_market,0.05,760,0.0,0.0,0.75,0.9650198098537086,0.5734720480760981,0.5368421052631579,0.39780673003386874,0.020448281533321896,0.15000000000000002,0.05,0.05
ensemble_market,0.05,760,0.0,0.0,0.7000000000000001,0.9633223162184643,0.5724001109032225,0.5368421052631579,0.39747946866418515,0.019359731830626073,0.15000000000000002,0.05,0.1
ensemble_market,0.05,760,0.0,0.0,0.65,0.9618560296178486,0.5714713469893271,0.5381578947368421,0.399281656287556,0.020413506830880234,0.15000000000000002,0.05,0.15000000000000002
ensemble_market,0.05,760,0.0,0.0,0.6000000000000001,0.9606144917246248,0.570685756334412,0.5355263157894737,0.39671053363919473,0.02076056833328474,0.15000000000000002,0.05,0.2
ensemble_market,0.05,760,0.0,0.0,0.55,0.9595928277783996,0.5700433389384767,0.5368421052631579,0.3970174946302718,0.019971730015459176,0.15000000000000002,0.05,0.25
ensemble_market,0.05,760,0.0,0.0,0.5,0.9587876053525575,0.5695440948015216,0.5407894736842105,0.399012987012987,0.019818377729687076,0.15000000000000002,0.05,0.30000000000000004
ensemble_market,0.05,760,0.0,0.0,0.45,0.9581967577578288,0.5691880239235467,0.5407894736842105,0.39927061524954416,0.019342296155674885,0.15000000000000002,0.05,0.35000000000000003
ensemble_market,0.05,760,0.0,0.0,0.4,0.9578195662030222,0.5689751263045518,0.5381578947368421,0.3971235792992019,0.02436863258933319,0.15000000000000002,0.05,0.4
ensemble_market,0.05,760,0.0,0.0,0.35000000000000003,0.9576567023420348,0.5689054019445371,0.5328947368421053,0.39372041389133255,0.029317048285572193,0.15000000000000002,0.05,0.45
ensemble_market,0.05,760,0.0,0.0,0.30000000000000004,0.9577103411533407,0.5689788508435025,0.531578947368421,0.392839534067035,0.02457916692732447,0.15000000000000002,0.05,0.5
ensemble_market,0.05,760,0.0,0.0,0.25,0.9579843656159508,0.5691954730014479,0.5276315789473685,0.3931087410889192,0.027253529569855644,0.15000000000000002,0.05,0.55
ensemble_market,0.05,760,0.0,0.0,0.2,0.9584847033777787,0.5695552684183736,0.5289473684210526,0.4004675383620726,0.02300971213856263,0.15000000000000002,0.05,0.6000000000000001
ensemble_market,0.05,760,0.0,0.0,0.15000000000000002,0.9592198696498272,0.5700582370942794,0.5302631578947369,0.4079308199672818,0.02513499912948274,0.15000000000000002,0.05,0.65
ensemble_market,0.05,760,0.0,0.0,0.1,0.9602018582002293,0.5707043790291652,0.5302631578947369,0.4105901639711658,0.017749388087416235,0.15000000000000002,0.05,0.7000000000000001
ensemble_market,0.05,760,0.0,0.0,0.05,0.9614476693706083,0.5714936942230311,0.5302631578947369,0.41185914075840174,0.02017030204222908,0.15000000000000002,0.05,0.75
ensemble_market,0.05,760,0.0,0.0,0.0,0.9629821192178353,0.5724261826758772,0.5302631578947369,0.41527938014747817,0.019262264719359497,0.15000000000000002,0.05,0.8
ensemble_market,0.05,760,0.0,0.0,0.75,0.9648783205587401,0.5733049761421579,0.5355263157894737,0.3970351250955971,0.021351786441532055,0.15000000000000002,0.1,0.0
ensemble_market,0.05,760,0.0,0.0,0.7000000000000001,0.9630617321439723,0.5721633542285707,0.5368421052631579,0.39806346762466854,0.019107457021173106,0.15000000000000002,0.1,0.05
ensemble_market,0.05,760,0.0,0.0,0.65,0.9614804440168021,0.5711649055739634,0.5342105263157895,0.39568503304581126,0.02075476138247231,0.15000000000000002,0.1,0.1
ensemble_market,0.05,760,0.0,0.0,0.6000000000000001,0.9601270702494882,0.5703096301783362,0.5368421052631579,0.3982542391937611,0.021538910316487567,0.15000000000000002,0.1,0.15000000000000002
ensemble_market,0.05,760,0.0,0.0,0.55,0.9589958998656414,0.5695975280416893,0.5381578947368421,0.39812163202463435,0.021535731917897573,0.15000000000000002,0.1,0.2
ensemble_market,0.05,760,0.0,0.0,0.5,0.9580827151519009,0.5690285991640224,0.5355263157894737,0.3951772873791222,0.020072608524406718,0.15000000000000002,0.1,0.25
ensemble_market,0.05,760,0.0,0.0,0.45,0.9573846787854231,0.5686028435453355,0.5434210526315789,0.4020265127928377,0.020189497805957742,0.15000000000000002,0.1,0.30000000000000004
ensemble_market,0.05,760,0.0,0.0,0.4,0.9569002792147401,0.5683202611856288,0.5394736842105263,0.3975194607523374,0.025379089996174605,0.15000000000000002,0.1,0.35000000000000003
ensemble_market,0.05,760,0.0,0.0,0.35000000000000003,0.9566293309675329,0.5681808520849023,0.5342105263157895,0.3939759245729395,0.026701307308178688,0.15000000000000002,0.1,0.4
ensemble_market,0.05,760,0.0,0.0,0.30000000000000004,0.9565730332821824,0.5681846162431559,0.531578947368421,0.39347084448643255,0.02676156850918073,0.15000000000000002,0.1,0.45
ensemble_market,0.05,760,0.0,0.0,0.25,0.956734098354125,0.5683315536603895,0.531578947368421,0.39335301768076203,0.027334220279920714,0.15000000000000002,0.1,0.5
ensemble_market,0.05,760,0.0,0.0,0.2,0.9571169717909759,0.5686216643366032,0.5302631578947369,0.3970507820632598,0.026515878754521285,0.15000000000000002,0.1,0.55
ensemble_market,0.05,760,0.0,0.0,0.15000000000000002,0.9577281864797772,0.5690549482717971,0.531578947368421,0.4039087395222769,0.024127261825294892,0.15000000000000002,0.1,0.6000000000000001
ensemble_market,0.05,760,0.0,0.0,0.1,0.9585769249008046,0.5696314054659711,0.5328947368421053,0.41066895887807003,0.021434867330119817,0.15000000000000002,0.1,0.65
ensemble_market,0.05,760,0.0,0.0,0.05,0.9596759317996654,0.5703510359191253,0.5328947368421053,0.41352788266983787,0.01894136736969668,0.15000000000000002,0.1,0.7000000000000001
ensemble_market,0.05,760,0.0,0.0,0.0,0.9610430632955962,0.5712138396312595,0.5302631578947369,0.4128491620500774,0.022154045508106193,0.15000000000000002,0.1,0.75
ensemble_market,0.05,760,0.0,0.0,0.7000000000000001,0.9629486557273346,0.5720239141814127,0.5342105263157895,0.39626352015732547,0.018014397008483025,0.15000000000000002,0.15000000000000002,0.0
ensemble_market,0.05,760,0.0,0.0,0.65,0.9612495172643327,0.5709557807860938,0.5355263157894737,0.3970351250955971,0.020263409476498215,0.15000000000000002,0.15000000000000002,0.05
ensemble_market,0.05,760,0.0,0.0,0.6000000000000001,0.9597821685866392,0.5700308206497547,0.5342105263157895,0.39556019884190974,0.019836414822304395,0.15000000000000002,0.15000000000000002,0.1
ensemble_market,0.05,760,0.0,0.0,0.55,0.9585400179518193,0.5692490337723959,0.5355263157894737,0.3958703276024292,0.020762523698578617,0.15000000000000002,0.15000000000000002,0.15000000000000002
ensemble_market,0.05,760,0.0,0.0,0.5,0.9575180457076997,0.5686104201540171,0.5381578947368421,0.3976574500768049,0.02163052220848191,0.15000000000000002,0.15000000000000002,0.2
ensemble_market,0.05,760,0.0,0.0,0.45,0.9567126548069944,0.5681149797946184,0.5381578947368421,0.3964784834647848,0.023283564208883566,0.15000000000000002,0.15000000000000002,0.25
ensemble_market,0.05,760,0.0,0.0,0.4,0.9561215824411661,0.5677627126942,0.5381578947368421,0.3964992389649924,0.02561870646379316,0.15000000000000002,0.15000000000000002,0.30000000000000004
ensemble_market,0.05,760,0.0,0.0,0.35000000000000003,0.9557438653116854,0.5675536188527616,0.5342105263157895,0.39383513660776837,0.02596212393333552,0.15000000000000002,0.15000000000000002,0.35000000000000003
ensemble_market,0.05,760,0.0,0.0,0.30000000000000004,0.9555798573142513,0.5674876982703032,0.5342105263157895,0.3947438780806191,0.025740431927457025,0.15000000000000002,0.15000000000000002,0.4
ensemble_market,0.05,760,0.0,0.0,0.25,0.9556313046316788,0.567564950946825,0.531578947368421,0.39296636085626907,0.026719528752196017,0.15000000000000002,0.15000000000000002,0.45
ensemble_market,0.05,760,0.0,0.0,0.2,0.9559014909233297,0.567785376882327,0.531578947368421,0.3957540039921421,0.030985021357094848,0.15000000000000002,0.15000000000000002,0.5
ensemble_market,0.05,760,0.0,0.0,0.15000000000000002,0.9563954766223045,0.568148976076809,0.531578947368421,0.39895233817878645,0.026327927943897135,0.15000000000000002,0.15000000000000002,0.55
ensemble_market,0.05,760,0.0,0.0,0.1,0.9571204751713066,0.5686557485302712,0.5328947368421053,0.4085574250958672,0.02430143886697449,0.15000000000000002,0.15000000000000002,0.6000000000000001
ensemble_market,0.05,760,0.0,0.0,0.05,0.958086443221583,0.5693056942427135,0.5368421052631579,0.4167215560952983,0.020935819563422917,0.15000000000000002,0.15000000000000002,0.65
ensemble_market,0.05,760,0.0,0.0,0.0,0.9593070290297009,0.5700988132141359,0.5355263157894737,0.41701140441893164,0.017568859650028835,0.15000000000000002,0.15000000000000002,0.7000000000000001
ensemble_market,0.05,760,0.0,0.0,0.65,0.9611652763692545,0.5708439726257181,0.5368421052631579,0.39851005134928447,0.018677231525914887,0.15000000000000002,0.2,0.0
ensemble_market,0.05,760,0.0,0.0,0.6000000000000001,0.9595812056809115,0.5698493277486673,0.5368421052631579,0.39838099208998506,0.018461999849982754,0.15000000000000002,0.2,0.05
ensemble_market,0.05,760,0.0,0.0,0.55,0.9582260179179213,0.5689978561305966,0.5342105263157895,0.39510050466170554,0.01939377986343577,0.15000000000000002,0.2,0.1
ensemble_market,0.05,760,0.0,0.0,0.5,0.9570938518687802,0.568289557771506,0.5368421052631579,0.3967636226943723,0.02064471593704436,0.15000000000000002,0.2,0.15000000000000002
ensemble_market,0.05,760,0.0,0.0,0.45,0.9561803374320346,0.5677244326713955,0.5394736842105263,0.3986804803876089,0.021630289721903104,0.15000000000000002,0.2,0.2
ensemble_market,0.05,760,0.0,0.0,0.4,0.9554824736341371,0.5673024808302652,0.5394736842105263,0.39820784086839134,0.027197263901822685,0.15000000000000002,0.2,0.25
ensemble_market,0.05,760,0.0,0.0,0.35000000000000003,0.9549985621354542,0.5670237022481149,0.5368421052631579,0.39697440399810907,0.02371581422890651,0.15000000000000002,0.2,0.30000000000000004
ensemble_market,0.05,760,0.0,0.0,0.30000000000000004,0.9547281912293741,0.5668880969249448,0.5381578947368421,0.39825947197503414,0.025699039394093633,0.15000000000000002,0.2,0.35000000000000003
ensemble_market,0.05,760,0.0,0.0,0.25,0.9546722709525152,0.5668956648607548,0.5328947368421053,0.3946237407611983,0.025411114846339178,0.15000000000000002,0.2,0.4
ensemble_market,0.05,760,0.0,0.0,0.2,0.9548331258791866,0.5670464060555449,0.5355263157894737,0.3976748467871327,0.027105749340805462,0.15000000000000002,0.2,0.45
ensemble_market,0.05,760,0.0,0.0,0.15000000000000002,0.9552146598886004,0.5673403205093152,0.5328947368421053,0.39947816283645476,0.029166441324006667,0.15000000000000002,0.2,0.5
ensemble_market,0.05,760,0.0,0.0,0.1,0.9558226188241223,0.5677774082220653,0.5342105263157895,0.4017221557593656,0.02624040704297697,0.15000000000000002,0.2,0.55
ensemble_market,0.05,760,0.0,0.0,0.05,0.9566649964484801,0.5683576691937958,0.5394736842105263,0.41693434615222946,0.021800246932409548,0.15000000000000002,0.2,0.6000000000000001
ensemble_market,0.05,760,0.0,0.0,0.0,0.957752664477005,0.5690811034245062,0.5381578947368421,0.4186189559025921,0.021333553562662068,0.15000000000000002,0.2,0.65
ensemble_market,0.05,760,0.0,0.0,0.6000000000000001,0.9595262955028928,0.569765151475074,0.5368421052631579,0.39851005134928447,0.014763077234346141,0.15000000000000002,0.25,0.0
ensemble_market,0.05,760,0.0,0.0,0.55,0.9580554106340649,0.5688439951162914,0.5407894736842105,0.4015281874795149,0.017318764449832047,0.15000000000000002,0.25,0.05
ensemble_market,0.05,760,0.0,0.0,0.5,0.9568110654503768,0.568066012016489,0.5381578947368421,0.39857833497214035,0.017026062971696676,0.15000000000000002,0.25,0.1
ensemble_market,0.05,760,0.0,0.0,0.45,0.955788081181141,0.5674312021756667,0.5381578947368421,0.39870465546484163,0.021148971775369806,0.15000000000000002,0.25,0.15000000000000002
ensemble_market,0.05,760,0.0,0.0,0.4,0.9549827081101245,0.5669395655938244,0.5394736842105263,0.3988114741762234,0.02394593475664818,0.15000000000000002,0.25,0.2
ensemble_market,0.05,760,0.0,0.0,0.35000000000000003,0.9543925278078469,0.5665911022709623,0.5381578947368421,0.39804607042574514,0.025993158366774446,0.15000000000000002,0.25,0.25
ensemble_market,0.05,760,0.0,0.0,0.30000000000000004,0.9540164069033231,0.5663858122070804,0.5394736842105263,0.3992481033745301,0.024226775251934604,0.15000000000000002,0.25,0.30000000000000004
ensemble_market,0.05,760,0.0,0.0,0.25,0.9538544995211531,0.5663236954021785,0.5394736842105263,0.4002898293555733,0.024571856071951753,0.15000000000000002,0.25,0.35000000000000003
ensemble_market,0.05,760,0.0,0.0,0.2,0.9539083007482272,0.5664047518562567,0.5368421052631579,0.3989271805422882,0.02658434753786183,0.15000000000000002,0.25,0.4
ensemble_market,0.05,760,0.0,0.0,0.15000000000000002,0.9541807594140315,0.5666289815693151,0.5368421052631579,0.4001974534467551,0.028127648743044905,0.15000000000000002,0.25,0.45
ensemble_market,0.05,760,0.0,0.0,0.1,0.9546764664718376,0.5669963845413536,0.5381578947368421,0.40478575671346356,0.028753234449716482,0.15000000000000002,0.25,0.5
ensemble_market,0.05,760,0.0,0.0,0.05,0.9554019475968546,0.5675069607723722,0.5381578947368421,0.406480675547697,0.022028965635052803,0.15000000000000002,0.25,0.55
ensemble_market,0.05,760,0.0,0.0,0.0,0.9563661094382983,0.5681607102623709,0.5407894736842105,0.41785774188520186,0.02078876088627367,0.15000000000000002,0.25,0.6000000000000001
ensemble_market,0.05,760,0.0,0.0,0.55,0.958030405711942,0.5687874507294803,0.5368421052631579,0.3979339425554003,0.013261339444681042,0.15000000000000002,0.30000000000000004,0.0
ensemble_market,0.05,760,0.0,0.0,0.5,0.9566712961213616,0.5679397828889661,0.5381578947368421,0.39915349112436127,0.01688496102389178,0.15000000000000002,0.30000000000000004,0.05
ensemble_market,0.05,760,0.0,0.0,0.45,0.9555369193216724,0.5672352883074319,0.5355263157894737,0.3970351250955971,0.01868189819109592,0.15000000000000002,0.30000000000000004,0.1
ensemble_market,0.05,760,0.0,0.0,0.4,0.9546227445132641,0.5666739669848778,0.5394736842105263,0.39973318468397884,0.02093082957190404,0.15000000000000002,0.30000000000000004,0.15000000000000002
ensemble_market,0.05,760,0.0,0.0,0.35000000000000003,0.9539256249112826,0.5662558189213038,0.5381578947368421,0.39804607042574514,0.026699193746496114,0.15000000000000002,0.30000000000000004,0.2
ensemble_market,0.05,760,0.0,0.0,0.30000000000000004,0.9534437220655722,0.5659808441167101,0.5381578947368421,0.39757562593894075,0.024398275019490007,0.15000000000000002,0.30000000000000004,0.25
ensemble_market,0.05,760,0.0,0.0,0.25,0.9531764792366525,0.5658490425710964,0.5407894736842105,0.4008805390490524,0.024260815729077005,0.15000000000000002,0.30000000000000004,0.30000000000000004
ensemble_market,0.05,760,0.0,0.0,0.2,0.9531246428951456,0.5658604142844628,0.5368421052631579,0.3987941700744469,0.021817718539706023,0.15000000000000002,0.30000000000000004,0.35000000000000003
ensemble_market,0.05,760,0.0,0.0,0.15000000000000002,0.9532903365220211,0.5660149592568093,0.5394736842105263,0.4016125525184297,0.026453706739904246,0.15000000000000002,0.30000000000000004,0.4
ensemble_market,0.05,760,0.0,0.0,0.1,0.9536771970291553,0.566312677488136,0.5394736842105263,0.40335297418630756,0.03157248555148047,0.15000000000000002,0.30000000000000004,0.45
ensemble_market,0.05,760,0.0,0.0,0.05,0.954290592765213,0.5667535689784428,0.5381578947368421,0.4063394122217652,0.02870497809127008,0.15000000000000002,0.30000000000000004,0.5
ensemble_market,0.05,760,0.0,0.0,0.0,0.9551379556804802,0.5673376337277296,0.5407894736842105,0.4110451511333504,0.01870627938961588,0.15000000000000002,0.30000000000000004,0.55
ensemble_market,0.05,760,0.0,0.0,0.5,0.9566768585750264,0.5679108703889372,0.5381578947368421,0.399281656287556,0.015077095154084204,0.15000000000000002,0.35000000000000003,0.0
ensemble_market,0.05,760,0.0,0.0,0.45,0.9554285681007945,0.5671366910666913,0.5368421052631579,0.39851005134928447,0.0158416235942771,0.15000000000000002,0.35000000000000003,0.05
ensemble_market,0.05,760,0.0,0.0,0.4,0.9544037240779037,0.5665056850034254,0.5381578947368421,0.39850891894048807,0.022302799991596123,0.15000000000000002,0.35000000000000003,0.1
ensemble_market,0.05,760,0.0,0.0,0.35000000000000003,0.9535984217211454,0.5660178521991396,0.5381578947368421,0.39850891894048807,0.022878637193324607,0.15000000000000002,0.35000000000000003,0.15000000000000002
ensemble_market,0.05,760,0.0,0.0,0.30000000000000004,0.95301011121825,0.565673192653834,0.5394736842105263,0.39894481637600904,0.026925622534024734,0.15000000000000002,0.35000000000000003,0.2
ensemble_market,0.05,760,0.0,0.0,0.25,0.9526375430511411,0.5654717063675083,0.5394736842105263,0.3988565593632809,0.023601846361758633,0.15000000000000002,0.35000000000000003,0.25
ensemble_market,0.05,760,0.0,0.0,0.2,0.9524807612789816,0.5654133933401629,0.5394736842105263,0.3998082086689682,0.021472966814822785,0.15000000000000002,0.35000000000000003,0.30000000000000004
ensemble_market,0.05,760,0.0,0.0,0.15000000000000002,0.9525411457893121,0.5654982535717976,0.5368421052631579,0.3987941700744469,0.02336962581983511,0.15000000000000002,0.35000000000000003,0.35000000000000003
ensemble_market,0.05,760,0.0,0.0,0.1,0.9528215097680339,0.5657262870624125,0.5394736842105263,0.4025508351488744,0.02930207933016453,0.15000000000000002,0.35000000000000003,0.4
ensemble_market,0.05,760,0.0,0.0,0.05,0.9533262653392325,0.5660974938120074,0.5394736842105263,0.4068670285482556,0.027716358939932687,0.15000000000000002,0.35000000000000003,0.45
ensemble_market,0.05,760,0.0,0.0,0.0,0.9540616801409029,0.5666118738205823,0.5394736842105263,0.4073995771670191,0.02285538041676287,0.15000000000000002,0.35000000000000003,0.5
ensemble_market,0.05,760,0.0,0.0,0.45,0.9554654577305228,0.5671354104534446,0.5355263157894737,0.3976084930556089,0.015135422066425128,0.15000000000000002,0.4,0.0
ensemble_market,0.05,760,0.0,0.0,0.4,0.9543274785188681,0.566434719649467,0.5394736842105263,0.4007565825412433,0.015997432947859793,0.15000000000000002,0.4,0.05
ensemble_market,0.05,760,0.0,0.0,0.35000000000000003,0.9534121751391517,0.5658772021044693,0.5368421052631579,0.3977417536163607,0.019873355842442594,0.15000000000000002,0.4,0.1
ensemble_market,0.05,760,0.0,0.0,0.30000000000000004,0.9527162590153587,0.5654628578184518,0.5381578947368421,0.39830384433251537,0.019030959959429893,0.15000000000000002,0.4,0.15000000000000002
ensemble_market,0.05,760,0.0,0.0,0.25,0.9522377833210011,0.5651916867914145,0.5394736842105263,0.3988565593632809,0.022489452567618053,0.15000000000000002,0.4,0.2
ensemble_market,0.05,760,0.0,0.0,0.2,0.9519761092488902,0.5650636890233572,0.5394736842105263,0.39876774619042665,0.021314808701623042,0.15000000000000002,0.4,0.25
ensemble_market,0.05,760,0.0,0.0,0.15000000000000002,0.9519319206037485,0.56507886451428,0.5381578947368421,0.3993017734953219,0.02254192372176677,0.15000000000000002,0.4,0.30000000000000004
ensemble_market,0.05,760,0.0,0.0,0.1,0.9521072898608812,0.565237213264183,0.5394736842105263,0.40155188798507396,0.027926272623389363,0.15000000000000002,0.4,0.35000000000000003
ensemble_market,0.05,760,0.0,0.0,0.05,0.9525058045433561,0.565538735273066,0.5421052631578948,0.4050935999678417,0.026341962334555994,0.15000000000000002,0.4,0.4
ensemble_market,0.05,760,0.0,0.0,0.0,0.9531327705235517,0.5659834305409291,0.5407894736842105,0.4079257083266438,0.025661730110082624,0.15000000000000002,0.4,0.45
ensemble_market,0.05,760,0.0,0.0,0.4,0.9543965652874273,0.5664610709230027,0.5368421052631579,0.39851005134928447,0.014228333774951458,0.15000000000000002,0.45,0.0
ensemble_market,0.05,760,0.0,0.0,0.35000000000000003,0.9533688426119128,0.5658338686372931,0.5381578947368421,0.39890016702186765,0.015523765048166915,0.15000000000000002,0.45,0.05
ensemble_market,0.05,760,0.0,0.0,0.30000000000000004,0.9525635471690631,0.5653498396105638,0.5368421052631579,0.3970685691801106,0.017551779343447444,0.15000000000000002,0.45,0.1
ensemble_market,0.05,760,0.0,0.0,0.25,0.9519780093252984,0.5650089838428146,0.5381578947368421,0.3974808695531847,0.016268945007279444,0.15000000000000002,0.45,0.15000000000000002
ensemble_market,0.05,760,0.0,0.0,0.2,0.9516109045003932,0.5648113013340454,0.5407894736842105,0.39988779016761344,0.023355307753014604,0.15000000000000002,0.45,0.2
ensemble_market,0.05,760,0.0,0.0,0.15000000000000002,0.9514622414846647,0.5647567920842564,0.5381578947368421,0.3986558971251036,0.022627400759927987,0.15000000000000002,0.45,0.25
ensemble_market,0.05,760,0.0,0.0,0.1,0.9515334011350283,0.5648454560934476,0.5394736842105263,0.40094508421793146,0.02476574085105539,0.15000000000000002,0.45,0.30000000000000004
ensemble_market,0.05,760,0.0,0.0,0.05,0.9518272311983283,0.5650772933616188,0.5421052631578948,0.40383089652045784,0.026429435693061422,0.15000000000000002,0.45,0.35000000000000003
ensemble_market,0.05,760,0.0,0.0,0.0,0.9523482096628945,0.5654523038887702,0.5394736842105263,0.4039337148056766,0.03074114761479643,0.15000000000000002,0.45,0.4
ensemble_market,0.05,760,0.0,0.0,0.35000000000000003,0.9534711221961393,0.5658878517976111,0.5368421052631579,0.39813300169774024,0.013720232663390512,0.15000000000000002,0.5,0.0
ensemble_market,0.05,760,0.0,0.0,0.30000000000000004,0.9525540708465986,0.56533413803017,0.5381578947368421,0.39890016702186765,0.01727973890019926,0.15000000000000002,0.5,0.05
ensemble_market,0.05,760,0.0,0.0,0.25,0.9518597385235847,0.564923597521709,0.5381578947368421,0.39809115561280245,0.016691254760391974,0.15000000000000002,0.5,0.1
ensemble_market,0.05,760,0.0,0.0,0.2,0.9513860910466472,0.5646562302722279,0.5394736842105263,0.3985091186464184,0.01761391652491206,0.15000000000000002,0.5,0.15000000000000002
ensemble_market,0.05,760,0.0,0.0,0.15000000000000002,0.9511324608883569,0.5645320362817271,0.5381578947368421,0.39738397196318526,0.020817050034946025,0.15000000000000002,0.5,0.2
ensemble_market,0.05,760,0.0,0.0,0.1,0.9510995600723784,0.5645510155502064,0.5407894736842105,0.40119884195633015,0.022002358881330644,0.15000000000000002,0.5,0.25
ensemble_market,0.05,760,0.0,0.0,0.05,0.9512895476903745,0.5647131680776657,0.5421052631578948,0.40310012568077086,0.02499639073069265,0.15000000000000002,0.5,0.30000000000000004
ensemble_market,0.05,760,0.0,0.0,0.0,0.9517061612761588,0.5650184938641053,0.5421052631578948,0.40423105658448355,0.024857092431391354,0.15000000000000002,0.5,0.35000000000000003
ensemble_market,0.05,760,0.0,0.0,0.30000000000000004,0.9526906841934263,0.5654157530772702,0.5381578947368421,0.39876699759791334,0.01385884431211626,0.15000000000000002,0.55,0.0
ensemble_market,0.05,760,0.0,0.0,0.25,0.9518852179874805,0.5649355278280973,0.5407894736842105,0.40036145025869097,0.01900649327860094,0.15000000000000002,0.55,0.05
ensemble_market,0.05,760,0.0,0.0,0.2,0.9513033353093722,0.5645984758379045,0.5381578947368421,0.397612424121997,0.018484396379698675,0.15000000000000002,0.55,0.1
ensemble_market,0.05,760,0.0,0.0,0.15000000000000002,0.9509436700461014,0.5644045971066918,0.5394736842105263,0.39890257484853064,0.017708218670016745,0.15000000000000002,0.55,0.15000000000000002
ensemble_market,0.05,760,0.0,0.0,0.1,0.9508062658056621,0.5643538916344594,0.5394736842105263,0.3996948893974066,0.01622828618808531,0.15000000000000002,0.55,0.2
ensemble_market,0.05,760,0.0,0.0,0.05,0.9508926178978349,0.5644463594212068,0.5407894736842105,0.40159756189198026,0.018908673127827846,0.15000000000000002,0.55,0.25
ensemble_market,0.05,760,0.0,0.0,0.0,0.951205777249569,0.5646820004669344,0.5407894736842105,0.4028553432710476,0.021772516037490714,0.15000000000000002,0.55,0.30000000000000004
ensemble_market,0.05,760,0.0,0.0,0.25,0.9520574761816785,0.5650447747619797,0.5381578947368421,0.3985622115048939,0.017387043870303136,0.15000000000000002,0.6000000000000001,0.0
ensemble_market,0.05,760,0.0,0.0,0.2,0.95136505328727,0.5646380380310752,0.5394736842105263,0.3992614936550864,0.020071631525435066,0.15000000000000002,0.6000000000000001,0.05
ensemble_market,0.05,760,0.0,0.0,0.15000000000000002,0.950897700511987,0.5643744745591507,0.5421052631578948,0.4010654490106545,0.017201385654538076,0.15000000000000002,0.6000000000000001,0.1
ensemble_market,0.05,760,0.0,0.0,0.1,0.9506547723768174,0.5642540843462063,0.5407894736842105,0.4001987577639752,0.015250641323497769,0.15000000000000002,0.6000000000000001,0.15000000000000002
ensemble_market,0.05,760,0.0,0.0,0.05,0.9506371028574885,0.5642768673922419,0.5407894736842105,0.4009390260043329,0.016456167173211293,0.15000000000000002,0.6000000000000001,0.2
ensemble_market,0.05,760,0.0,0.0,0.0,0.9508470838744,0.5644428236972577,0.5421052631578948,0.40310012568077086,0.01645400951082315,0.15000000000000002,0.6000000000000001,0.25
ensemble_market,0.05,760,0.0,0.0,0.2,0.9515744696053544,0.5647749168517399,0.5407894736842105,0.4006358557168572,0.017162550519177137,0.15000000000000002,0.65,0.0
ensemble_market,0.05,760,0.0,0.0,0.15000000000000002,0.9509971579747752,0.5644416686391034,0.5421052631578948,0.40153942167672146,0.016333668553146226,0.15000000000000002,0.65,0.05
ensemble_market,0.05,760,0.0,0.0,0.1,0.9506470965667503,0.5642515936854472,0.5434210526315789,0.40244364898579016,0.01581541810775391,0.15000000000000002,0.65,0.1
ensemble_market,0.05,760,0.0,0.0,0.05,0.9505244391975034,0.5642046919907711,0.5407894736842105,0.40122044241037375,0.012282039618571931,0.15000000000000002,0.65,0.15000000000000002
ensemble_market,0.05,760,0.0,0.0,0.0,0.9506309238647181,0.564300963555075,0.5434210526315789,0.4040926506443748,0.016716724752919156,0.15000000000000002,0.65,0.2
ensemble_market,0.05,760,0.0,0.0,0.15000000000000002,0.9512454898856897,0.5646061793465504,0.5421052631578948,0.40153942167672146,0.010237859049337954,0.15000000000000002,0.7000000000000001,0.0
ensemble_market,0.05,760,0.0,0.0,0.1,0.9507860595509752,0.5643464196521824,0.5447368421052632,0.4042785780508393,0.014975962011976249,0.15000000000000002,0.7000000000000001,0.05
ensemble_market,0.05,760,0.0,0.0,0.05,0.9505568543671177,0.5642298332167943,0.5460526315789473,0.405592002499219,0.010656022605127321,0.15000000000000002,0.7000000000000001,0.1
ensemble_market,0.05,760,0.0,0.0,0.0,0.950558942016803,0.5642564200403865,0.5434210526315789,0.4039762317750239,0.016716400188543555,0.15000000000000002,0.7000000000000001,0.15000000000000002
ensemble_market,0.05,760,0.0,0.0,0.1,0.9510753648531455,0.5645385622464116,0.5447368421052632,0.40487612294492115,0.013822610253803486,0.15000000000000002,0.75,0.0
ensemble_market,0.05,760,0.0,0.0,0.05,0.9507374177703094,0.5643522910703118,0.5447368421052632,0.4048283522510327,0.013620336940159499,0.15000000000000002,0.75,0.05
ensemble_market,0.05,760,0.0,0.0,0.0,0.9506336093971111,0.5643091931531921,0.5434210526315789,0.4045819851790002,0.016782606011080364,0.15000000000000002,0.75,0.1
ensemble_market,0.05,760,0.0,0.0,0.05,0.9510701314487452,0.5645720655513232,0.5473684210526316,0.4075871788572685,0.015703057688678343,0.15000000000000002,0.8,0.0
ensemble_market,0.05,760,0.0,0.0,0.0,0.9508582862501863,0.5644592828934917,0.5447368421052632,0.40568828628530124,0.01641645977935999,0.15000000000000002,0.8,0.05
ensemble_market,0.05,760,0.0,0.0,0.0,0.9512373288339228,0.5647066892612855,0.5460526315789473,0.40690067806677804,0.019214667883248503,0.15000000000000002,0.8500000000000001,0.0
ensemble_market,0.05,760,0.0,0.0,0.8,0.9667972424526624,0.5745894541494254,0.5381578947368421,0.3995949849608387,0.023588064165729065,0.2,0.0,0.0
ensemble_market,0.05,760,0.0,0.0,0.75,0.9648499892471062,0.5733698586111187,0.5368421052631579,0.3982542391937611,0.020249563802882845,0.2,0.0,0.05
ensemble_market,0.05,760,0.0,0.0,0.7000000000000001,0.9631431447823089,0.5722934363317919,0.5394736842105263,0.40018285206498944,0.01763648003600151,0.2,0.0,0.1
ensemble_market,0.05,760,0.0,0.0,0.65,0.9616682995329325,0.5713601873114453,0.5394736842105263,0.40018285206498944,0.021414084519928076,0.2,0.0,0.15000000000000002
ensemble_market,0.05,760,0.0,0.0,0.6000000000000001,0.9604188838218211,0.570570111550079,0.5381578947368421,0.399281656287556,0.021432746046528492,0.2,0.0,0.2
ensemble_market,0.05,760,0.0,0.0,0.55,0.9593899391849259,0.5699232090476926,0.5381578947368421,0.3983774961597542,0.021545763817208956,0.2,0.0,0.25
ensemble_market,0.05,760,0.0,0.0,0.5,0.9585779720608112,0.5694194798042863,0.5407894736842105,0.3997093423698928,0.018403021147649818,0.2,0.0,0.30000000000000004
ensemble_market,0.05,760,0.0,0.0,0.45,0.9579808744119438,0.5690589238198601,0.5394736842105263,0.3989864432902408,0.0195868321456865,0.2,0.0,0.35000000000000003
ensemble_market,0.05,760,0.0,0.0,0.4,0.9575979050458335,0.5688415410944142,0.5394736842105263,0.39801624492346144,0.02565937899872818,0.2,0.0,0.4
ensemble_market,0.05,760,0.0,0.0,0.35000000000000003,0.9574297333140082,0.5687673316279482,0.5368421052631579,0.3970062276032425,0.028342900411557053,0.2,0.0,0.45
ensemble_market,0.05,760,0.0,0.0,0.30000000000000004,0.9574785556393075,0.5688362954204625,0.531578947368421,0.3930859930702834,0.0239616679098179,0.2,0.0,0.5
ensemble_market,0.05,760,0.0,0.0,0.25,0.9577483075383273,0.5690484324719567,0.5263157894736842,0.38812963548806634,0.022597715366896604,0.2,0.0,0.55
ensemble_market,0.05,760,0.0,0.0,0.2,0.9582450138393165,0.5694037427824312,0.5263157894736842,0.39815450554480575,0.0224876100474247,0.2,0.0,0.6000000000000001
ensemble_market,0.05,760,0.0,0.0,0.15000000000000002,0.9589773565724655,0.5699022263518857,0.531578947368421,0.40768707600448595,0.018712478203199722,0.2,0.0,0.65
ensemble_market,0.05,760,0.0,0.0,0.1,0.9599576140128958,0.5705438831803205,0.5302631578947369,0.4105901639711658,0.018905505581970804,0.2,0.0,0.7000000000000001
ensemble_market,0.05,760,0.0,0.0,0.05,0.9612032878100033,0.5713287132677352,0.5289473684210526,0.4099616146127774,0.01988412632552246,0.2,0.0,0.75
ensemble_market,0.05,760,0.0,0.0,0.0,0.9627401383526636,0.5722567166141301,0.5302631578947369,0.41443541249879146,0.017151223210899222,0.2,0.0,0.8
ensemble_market,0.05,760,0.0,0.0,0.75,0.9646895195969304,0.5731873544039899,0.5368421052631579,0.3982542391937611,0.022417936319120667,0.2,0.05,0.0
ensemble_market,0.05,760,0.0,0.0,0.7000000000000001,0.9628632811954105,0.5720412473839512,0.5394736842105263,0.40018285206498944,0.019533672833696693,0.2,0.05,0.05
ensemble_market,0.05,760,0.0,0.0,0.65,0.9612731596027504,0.5710383136228929,0.5381578947368421,0.39941213915554813,0.022002493064698942,0.2,0.05,0.1
ensemble_market,0.05,760,0.0,0.0,0.6000000000000001,0.9599116426748011,0.5701785531208146,0.5355263157894737,0.39716322964595907,0.020507261190533296,0.2,0.05,0.15000000000000002
ensemble_market,0.05,760,0.0,0.0,0.55,0.9587729234686642,0.5694619658777165,0.5355263157894737,0.3964557459552525,0.019971070380840793,0.2,0.05,0.2
ensemble_market,0.05,760,0.0,0.0,0.5,0.9578527120429237,0.5688885518935982,0.5381578947368421,0.3974433148745075,0.01940782598042348,0.2,0.05,0.25
ensemble_market,0.05,760,0.0,0.0,0.45,0.957148118608147,0.5684583111684604,0.5407894736842105,0.39913972461836966,0.02071353671097268,0.2,0.05,0.30000000000000004
ensemble_market,0.05,760,0.0,0.0,0.4,0.9566575968607371,0.5681712437023024,0.5407894736842105,0.3993998210905157,0.02694690277981813,0.2,0.05,0.35000000000000003
ensemble_market,0.05,760,0.0,0.0,0.35000000000000003,0.9563809439598302,0.5680273494951248,0.5355263157894737,0.39572476205336243,0.028259678186674488,0.2,0.05,0.4
ensemble_market,0.05,760,0.0,0.0,0.30000000000000004,0.9563193606763687,0.5680266285469271,0.531578947368421,0.39296125815113153,0.02509641074702358,0.2,0.05,0.45
ensemble_market,0.05,760,0.0,0.0,0.25,0.9564755835620187,0.5681690808577096,0.5302631578947369,0.3913139810540678,0.026033735587236182,0.2,0.05,0.5
ensemble_market,0.05,760,0.0,0.0,0.2,0.9568541129673225,0.5684547064274722,0.5276315789473685,0.3943756791398849,0.02689050152378952,0.2,0.05,0.55
ensemble_market,0.05,760,0.0,0.0,0.15000000000000002,0.9574615806297786,0.5688835052562149,0.5342105263157895,0.4083766447045261,0.022981988202151544,0.2,0.05,0.6000000000000001
ensemble_market,0.05,760,0.0,0.0,0.1,0.9583073370815199,0.5694554773439376,0.5328947368421053,0.41086358743961665,0.0206563143370044,0.2,0.05,0.65
ensemble_market,0.05,760,0.0,0.0,0.05,0.9594044122344262,0.5701706226906406,0.5328947368421053,0.41352788266983787,0.0191701297550725,0.2,0.05,0.7000000000000001
ensemble_market,0.05,760,0.0,0.0,0.0,0.9607711625848601,0.5710289412963236,0.5276315789473685,0.41009210886260067,0.02100261551140604,0.2,0.05,0.75
ensemble_market,0.05,760,0.0,0.0,0.7000000000000001,0.9627309128736208,0.5718863750636048,0.5381578947368421,0.39954494910615,0.018053113421651203,0.2,0.1,0.0
ensemble_market,0.05,760,0.0,0.0,0.65,0.9610226815050228,0.5708137565618344,0.5355263157894737,0.39690932174414256,0.02186694772951596,0.2,0.1,0.05
ensemble_market,0.05,760,0.0,0.0,0.6000000000000001,0.9595469451048185,0.5698843113190444,0.5355263157894737,0.3970351250955971,0.020917089732081718,0.2,0.1,0.1
ensemble_market,0.05,760,0.0,0.0,0.55,0.9582970032764593,0.5690980393352343,0.5355263157894737,0.3964557459552525,0.021323334334638,0.2,0.1,0.15000000000000002
ensemble_market,0.05,760,0.0,0.0,0.5,0.9572677533514498,0.5684549406104045,0.5355263157894737,0.39552607032005554,0.0210040039053366,0.2,0.1,0.2
ensemble_market,0.05,760,0.0,0.0,0.45,0.9564555357208507,0.5679550151445546,0.5381578947368421,0.3969647707701282,0.02212119308648758,0.2,0.1,0.25
ensemble_market,0.05,760,0.0,0.0,0.4,0.9558580423633894,0.5675982629376849,0.5355263157894737,0.39458899252713686,0.0268346188358361,0.2,0.1,0.30000000000000004
ensemble_market,0.05,760,0.0,0.0,0.35000000000000003,0.9554742806591867,0.5673846839897954,0.5342105263157895,0.3939578127462236,0.028504513309842192,0.2,0.1,0.35000000000000003
ensemble_market,0.05,760,0.0,0.0,0.30000000000000004,0.9553045911543412,0.5673142783008859,0.5368421052631579,0.39736401368965263,0.02723506638150448,0.2,0.1,0.4
ensemble_market,0.05,760,0.0,0.0,0.25,0.9553507244689591,0.5673870458709565,0.5342105263157895,0.39537906665934347,0.025951936758763988,0.2,0.1,0.45
ensemble_market,0.05,760,0.0,0.0,0.2,0.9556159906364757,0.5676029867000072,0.5342105263157895,0.3970323141776964,0.026901120699435413,0.2,0.1,0.5
ensemble_market,0.05,760,0.0,0.0,0.15000000000000002,0.9561055061526449,0.5679621007880381,0.531578947368421,0.3996760831902981,0.025056620979564185,0.2,0.1,0.55
ensemble_market,0.05,760,0.0,0.0,0.1,0.9568265841060576,0.5684643881350492,0.5355263157894737,0.4099021977174933,0.020422128408707472,0.2,0.1,0.6000000000000001
ensemble_market,0.05,760,0.0,0.0,0.05,0.9577893496366953,0.5691098487410402,0.5368421052631579,0.4167215560952983,0.020355166209733638,0.2,0.1,0.65
ensemble_market,0.05,760,0.0,0.0,0.0,0.9590077363410066,0.5698984826060114,0.5328947368421053,0.414697282074086,0.01578693026522205,0.2,0.1,0.7000000000000001
ensemble_market,0.05,760,0.0,0.0,0.65,0.9609188137045724,0.5706865161282703,0.5368421052631579,0.39851005134928447,0.01870518353733594,0.2,0.15000000000000002,0.0
ensemble_market,0.05,760,0.0,0.0,0.6000000000000001,0.9593261320873064,0.5696873861447682,0.5368421052631579,0.39838099208998506,0.020254294785953066,0.2,0.15000000000000002,0.05
ensemble_market,0.05,760,0.0,0.0,0.55,0.9579629361453831,0.5688314294202463,0.5355263157894737,0.39633180378018135,0.018901553032152768,0.2,0.15000000000000002,0.1
ensemble_market,0.05,760,0.0,0.0,0.5,0.9568232707931343,0.5681186459547046,0.531578947368421,0.3928492002395005,0.01772027876259439,0.2,0.15000000000000002,0.15000000000000002
ensemble_market,0.05,760,0.0,0.0,0.45,0.9559026938197838,0.567549035748143,0.5394736842105263,0.3988114741762234,0.021197702359814597,0.2,0.15000000000000002,0.2
ensemble_market,0.05,760,0.0,0.0,0.4,0.9551981497709935,0.5671225988005615,0.5394736842105263,0.3983392761871271,0.02728646110712781,0.2,0.15000000000000002,0.25
ensemble_market,0.05,760,0.0,0.0,0.35000000000000003,0.9547079010423303,0.56683933511196,0.5381578947368421,0.39783124948819726,0.025754097766084328,0.2,0.15000000000000002,0.30000000000000004
ensemble_market,0.05,760,0.0,0.0,0.30000000000000004,0.9544315108898029,0.5666992446823387,0.5394736842105263,0.39924717344072186,0.0263307359075934,0.2,0.15000000000000002,0.35000000000000003
ensemble_market,0.05,760,0.0,0.0,0.25,0.9543698789431265,0.5667023275116975,0.5342105263157895,0.3955034213098729,0.023688402462381207,0.2,0.15000000000000002,0.4
ensemble_market,0.05,760,0.0,0.0,0.2,0.9545253360414129,0.5668485836000364,0.5355263157894737,0.3967889908256881,0.02548751514651458,0.2,0.15000000000000002,0.45
ensemble_market,0.05,760,0.0,0.0,0.15000000000000002,0.9549018133144392,0.5671380129473554,0.5328947368421053,0.3975344574857371,0.027851418575632544,0.2,0.15000000000000002,0.5
ensemble_market,0.05,760,0.0,0.0,0.1,0.9555051127243712,0.5675706155536545,0.5342105263157895,0.4017221557593656,0.025477251368614413,0.2,0.15000000000000002,0.55
ensemble_market,0.05,760,0.0,0.0,0.05,0.956343327041964,0.5681463914189339,0.5394736842105263,0.4143321504528273,0.017622188341372497,0.2,0.15000000000000002,0.6000000000000001
ensemble_market,0.05,760,0.0,0.0,0.0,0.9574274952957536,0.5688653405431932,0.5381578947368421,0.4186189559025921,0.018739288530384337,0.2,0.15000000000000002,0.65
ensemble_market,0.05,760,0.0,0.0,0.6000000000000001,0.9592512337454286,0.5695877775979863,0.5381578947368421,0.3998526624358276,0.01761111872793539,0.2,0.2,0.0
ensemble_market,0.05,760,0.0,0.0,0.55,0.9577721506074077,0.5686621361327525,0.531578947368421,0.39389265332954754,0.020329638770961556,0.2,0.2,0.05
ensemble_market,0.05,760,0.0,0.0,0.5,0.9565201141788348,0.5678796679264989,0.5368421052631579,0.3981297834956372,0.017823025976660342,0.2,0.2,0.1
ensemble_market,0.05,760,0.0,0.0,0.45,0.9554898642720248,0.5672403729792255,0.5394736842105263,0.40018285206498944,0.02053987712687255,0.2,0.2,0.15000000000000002
ensemble_market,0.05,760,0.0,0.0,0.4,0.9546775881854469,0.566744251290932,0.5394736842105263,0.3988114741762234,0.025105161301077424,0.2,0.2,0.2
ensemble_market,0.05,760,0.0,0.0,0.35000000000000003,0.9540808196291883,0.5663913028616188,0.5394736842105263,0.3988114741762234,0.024521131601791136,0.2,0.2,0.25
ensemble_market,0.05,760,0.0,0.0,0.30000000000000004,0.9536983906307793,0.5661815276912856,0.5394736842105263,0.39907211733225995,0.023815664643297037,0.2,0.2,0.30000000000000004
ensemble_market,0.05,760,0.0,0.0,0.25,0.9535304333433269,0.5661149257799325,0.5394736842105263,0.3996369537402087,0.024178751149784176,0.2,0.2,0.35000000000000003
ensemble_market,0.05,760,0.0,0.0,0.2,0.9535784341451614,0.5661914971275597,0.5368421052631579,0.3985337243401759,0.023222530608688022,0.2,0.2,0.4
ensemble_market,0.05,760,0.0,0.0,0.15000000000000002,0.9538453485964516,0.5664112417341668,0.5368421052631579,0.3999372941369142,0.026613295000286447,0.2,0.2,0.45
ensemble_market,0.05,760,0.0,0.0,0.1,0.9543357941967459,0.5667741595997541,0.5394736842105263,0.40591464193116344,0.027561463203142025,0.2,0.2,0.5
ensemble_market,0.05,760,0.0,0.0,0.05,0.9550563508710909,0.5672802507243215,0.5407894736842105,0.40767738260873493,0.02099729448372571,0.2,0.2,0.55
ensemble_market,0.05,760,0.0,0.0,0.0,0.9560160212090627,0.5679295151078692,0.5381578947368421,0.4155551880952338,0.017260605522478486,0.2,0.2,0.6000000000000001
ensemble_market,0.05,760,0.0,0.0,0.55,0.9577267668213283,0.5685901594727527,0.5355263157894737,0.39791921664626684,0.013476732744603762,0.2,0.25,0.0
ensemble_market,0.05,760,0.0,0.0,0.5,0.9563598061346764,0.5677380065257873,0.5381578947368421,0.3995949849608387,0.019040712297205876,0.2,0.25,0.05
ensemble_market,0.05,760,0.0,0.0,0.45,0.9552179943207751,0.567029026837802,0.5355263157894737,0.39690932174414256,0.019569129160108653,0.2,0.25,0.1
ensemble_market,0.05,760,0.0,0.0,0.4,0.9542967296061468,0.5664632204087967,0.5407894736842105,0.4000432495887427,0.020402965302423935,0.2,0.25,0.15000000000000002
ensemble_market,0.05,760,0.0,0.0,0.35000000000000003,0.9535928097103649,0.5660405872387716,0.5368421052631579,0.3971479133378004,0.025758696815944292,0.2,0.25,0.2
ensemble_market,0.05,760,0.0,0.0,0.30000000000000004,0.9531043535112178,0.5657611273277267,0.5381578947368421,0.3974433148745075,0.02523233202971124,0.2,0.25,0.25
ensemble_market,0.05,760,0.0,0.0,0.25,0.9528307729695898,0.5656248406756618,0.5407894736842105,0.4007486749422233,0.02439066736538441,0.2,0.25,0.30000000000000004
ensemble_market,0.05,760,0.0,0.0,0.2,0.9527727942463927,0.565631727282577,0.5394736842105263,0.4006342412147437,0.02265646771608846,0.2,0.25,0.35000000000000003
ensemble_market,0.05,760,0.0,0.0,0.15000000000000002,0.9529325322509618,0.5657817871484724,0.5394736842105263,0.40194862787761215,0.024417261432685286,0.2,0.25,0.4
ensemble_market,0.05,760,0.0,0.0,0.1,0.9533136292372301,0.5660750202733478,0.5394736842105263,0.40248587927282414,0.026856970678293,0.2,0.25,0.45
ensemble_market,0.05,760,0.0,0.0,0.05,0.9539214770670583,0.5665114266572034,0.5421052631578948,0.4092949090719081,0.02654389646222599,0.2,0.25,0.5
ensemble_market,0.05,760,0.0,0.0,0.0,0.9547635570060024,0.5670910063000391,0.5434210526315789,0.4154192654192654,0.017558991845856742,0.2,0.25,0.55
ensemble_market,0.05,760,0.0,0.0,0.5,0.9563445659062694,0.5676936617525699,0.5381578947368421,0.39915349112436127,0.013761440176823424,0.2,0.30000000000000004,0.0
ensemble_market,0.05,760,0.0,0.0,0.45,0.9550887080542912,0.5669149973238726,0.5355263157894737,0.3970351250955971,0.01559468817039593,0.2,0.30000000000000004,0.05
ensemble_market,0.05,760,0.0,0.0,0.4,0.9540566247941842,0.5662795061541557,0.5394736842105263,0.39973318468397884,0.020914105577033975,0.2,0.30000000000000004,0.1
ensemble_market,0.05,760,0.0,0.0,0.35000000000000003,0.9532443489770344,0.5657871882434186,0.5381578947368421,0.3983774961597542,0.024657939256198268,0.2,0.30000000000000004,0.15000000000000002
ensemble_market,0.05,760,0.0,0.0,0.30000000000000004,0.9526492811913144,0.5654380435916618,0.5394736842105263,0.3988114741762234,0.02584576882038404,0.2,0.30000000000000004,0.2
ensemble_market,0.05,760,0.0,0.0,0.25,0.9522701329240596,0.565232072198885,0.5434210526315789,0.40237192895258217,0.023414316490583332,0.2,0.30000000000000004,0.25
ensemble_market,0.05,760,0.0,0.0,0.2,0.9521069186735781,0.5651692740650884,0.5394736842105263,0.399155524278677,0.023383208725495857,0.2,0.30000000000000004,0.30000000000000004
ensemble_market,0.05,760,0.0,0.0,0.15000000000000002,0.9521609979281711,0.565249649190272,0.5394736842105263,0.40107825661458874,0.022791318728429565,0.2,0.30000000000000004,0.35000000000000003
ensemble_market,0.05,760,0.0,0.0,0.1,0.9524351733354984,0.5654731975744355,0.5407894736842105,0.403322440087146,0.028436311121439736,0.2,0.30000000000000004,0.4
ensemble_market,0.05,760,0.0,0.0,0.05,0.9529338582929485,0.5658399192175794,0.5394736842105263,0.4046634119026371,0.025341521095812152,0.2,0.30000000000000004,0.45
ensemble_market,0.05,760,0.0,0.0,0.0,0.9536633373255506,0.5663498141197031,0.5407894736842105,0.4085197152734585,0.0215565351381271,0.2,0.30000000000000004,0.5
ensemble_market,0.05,760,0.0,0.0,0.45,0.9551043337523454,0.5668982844374374,0.5355263157894737,0.3974808439888113,0.014459540813221613,0.2,0.35000000000000003,0.0
ensemble_market,0.05,760,0.0,0.0,0.4,0.9539590076863256,0.5661931085270084,0.5381578947368421,0.3988332905653922,0.016009281453322935,0.2,0.35000000000000003,0.05
ensemble_market,0.05,760,0.0,0.0,0.35000000000000003,0.9530365988914854,0.5656311058755598,0.5381578947368421,0.3986426816487123,0.022417926399201885,0.2,0.35000000000000003,0.1
ensemble_market,0.05,760,0.0,0.0,0.30000000000000004,0.9523337632648385,0.565212276483091,0.5394736842105263,0.3992760842646154,0.020359061406847366,0.2,0.35000000000000003,0.15000000000000002
ensemble_market,0.05,760,0.0,0.0,0.25,0.9518485086053713,0.5649366203496025,0.5407894736842105,0.39975369117301124,0.022840874679654576,0.2,0.35000000000000003,0.2
ensemble_market,0.05,760,0.0,0.0,0.2,0.9515801590615848,0.564804137475094,0.5421052631578948,0.40092504610044477,0.021670731321771095,0.2,0.35000000000000003,0.25
ensemble_market,0.05,760,0.0,0.0,0.15000000000000002,0.9515293686767402,0.5648148278595656,0.5407894736842105,0.4014031762397341,0.02192903320166428,0.2,0.35000000000000003,0.30000000000000004
ensemble_market,0.05,760,0.0,0.0,0.1,0.9516981870959488,0.5649686915030175,0.5407894736842105,0.4020600601228234,0.024692364980021135,0.2,0.35000000000000003,0.35000000000000003
ensemble_market,0.05,760,0.0,0.0,0.05,0.9520901863338206,0.5652657284054493,0.5407894736842105,0.4037819722274478,0.025692971170473346,0.2,0.35000000000000003,0.4
ensemble_market,0.05,760,0.0,0.0,0.0,0.9527106654078873,0.5657059385668615,0.5421052631578948,0.40904597337803866,0.023980306346140224,0.2,0.35000000000000003,0.45
ensemble_market,0.05,760,0.0,0.0,0.4,0.9540063267072983,0.5662040275273555,0.5355263157894737,0.39716322964595907,0.014894495796993555,0.2,0.4,0.0
ensemble_market,0.05,760,0.0,0.0,0.35000000000000003,0.952971412886826,0.5655723401351949,0.5368421052631579,0.3977417536163607,0.01824964491273229,0.2,0.4,0.05
ensemble_market,0.05,760,0.0,0.0,0.30000000000000004,0.9521590804092916,0.5650838260020143,0.5368421052631579,0.3969359715628373,0.01739962782504521,0.2,0.4,0.1
ensemble_market,0.05,760,0.0,0.0,0.25,0.9515666091044359,0.564738485127814,0.5394736842105263,0.39837607437018335,0.018945208512222377,0.2,0.4,0.15000000000000002
ensemble_market,0.05,760,0.0,0.0,0.2,0.9511926313430749,0.5645363175125937,0.5394736842105263,0.3985091186464184,0.02152294514426294,0.2,0.4,0.2
ensemble_market,0.05,760,0.0,0.0,0.15000000000000002,0.9510371186896592,0.5644773231563535,0.5407894736842105,0.40040682684605927,0.023271675725048194,0.2,0.4,0.25
ensemble_market,0.05,760,0.0,0.0,0.1,0.9511014194603481,0.5645615020590934,0.5407894736842105,0.4019335332699388,0.024416870660075803,0.2,0.4,0.30000000000000004
ensemble_market,0.05,760,0.0,0.0,0.05,0.9513883528234219,0.5647888542208135,0.5421052631578948,0.40383089652045784,0.021272791683852543,0.2,0.4,0.35000000000000003
ensemble_market,0.05,760,0.0,0.0,0.0,0.9519023717907042,0.5651593796415136,0.5407894736842105,0.4045836789115074,0.027571838232404586,0.2,0.4,0.4
ensemble_market,0.05,760,0.0,0.0,0.35000000000000003,0.9530513721412547,0.5656108910223241,0.5368421052631579,0.39813300169774024,0.014687822695917037,0.2,0.45,0.0
ensemble_market,0.05,760,0.0,0.0,0.30000000000000004,0.9521272167827364,0.5650526921484318,0.5394736842105263,0.39980197167333936,0.017343413285632936,0.2,0.45,0.05
ensemble_market,0.05,760,0.0,0.0,0.25,0.9514258444761033,0.5646376665335195,0.5381578947368421,0.397612424121997,0.015886804592535903,0.2,0.45,0.1
ensemble_market,0.05,760,0.0,0.0,0.2,0.9509451734099873,0.5643658141775874,0.5394736842105263,0.3985091186464184,0.019387543963808068,0.2,0.45,0.15000000000000002
ensemble_market,0.05,760,0.0,0.0,0.15000000000000002,0.9506844929986354,0.5642371350806354,0.5407894736842105,0.39988779016761344,0.020847496087000098,0.2,0.45,0.2
ensemble_market,0.05,760,0.0,0.0,0.1,0.9506444750343436,0.5642516292426635,0.5407894736842105,0.40141267234863287,0.021533543848304644,0.2,0.45,0.25
ensemble_market,0.05,760,0.0,0.0,0.05,0.9508272396526335,0.5644092966636718,0.5421052631578948,0.40310012568077086,0.024335619325204776,0.2,0.45,0.30000000000000004
ensemble_market,0.05,760,0.0,0.0,0.0,0.9512364851263904,0.56471013734366,0.5421052631578948,0.40423105658448355,0.0238119038967838,0.2,0.45,0.35000000000000003
ensemble_market,0.05,760,0.0,0.0,0.30000000000000004,0.9522409008546108,0.5651188749223433,0.5381578947368421,0.39876699759791334,0.01489415195761544,0.2,0.5,0.0
ensemble_market,0.05,760,0.0,0.0,0.25,0.9514283428395809,0.5646341645667192,0.5394736842105263,0.3995960465082125,0.016820058145041752,0.2,0.5,0.05
ensemble_market,0.05,760,0.0,0.0,0.2,0.9508393369406856,0.5642926274700752,0.5381578947368421,0.39788263369128973,0.018112884394893,0.2,0.5,0.1
ensemble_market,0.05,760,0.0,0.0,0.15000000000000002,0.950472469767631,0.5640942636324113,0.5407894736842105,0.39988779016761344,0.01897953783678814,0.2,0.5,0.15000000000000002
ensemble_market,0.05,760,0.0,0.0,0.1,0.9503277387761792,0.5640390730537276,0.5421052631578948,0.40118395424035974,0.01725098705135441,0.2,0.5,0.2
ensemble_market,0.05,760,0.0,0.0,0.05,0.9504065920671433,0.564127055734024,0.5421052631578948,0.40271744484167565,0.01818526446972782,0.2,0.5,0.25
ensemble_market,0.05,760,0.0,0.0,0.0,0.9507120298065843,0.5643582116733005,0.5394736842105263,0.40194862787761215,0.02127943611379595,0.2,0.5,0.30000000000000004
ensemble_market,0.05,760,0.0,0.0,0.25,0.9515769969951133,0.564727979227413,0.5394736842105263,0.39946153049601324,0.016952223650000722,0.2,0.55,0.0
ensemble_market,0.05,760,0.0,0.0,0.2,0.9508774098405895,0.5643167573900573,0.5394736842105263,0.39912413991942713,0.0173320018109359,0.2,0.55,0.05
ensemble_market,0.05,760,0.0,0.0,0.15000000000000002,0.9504027572360607,0.5640487088116816,0.5434210526315789,0.40244364898579016,0.015536665709551473,0.2,0.55,0.1
ensemble_market,0.05,760,0.0,0.0,0.1,0.9501523434121497,0.5639238334922859,0.5407894736842105,0.3999404407385348,0.017026328883461877,0.2,0.55,0.15000000000000002
ensemble_market,0.05,760,0.0,0.0,0.05,0.950126948761734,0.5639421314318704,0.5421052631578948,0.4023170858991754,0.014036630208191481,0.2,0.55,0.2
ensemble_market,0.05,760,0.0,0.0,0.0,0.9503289051351278,0.5641036026304351,0.5407894736842105,0.4016728031194577,0.017137742357779033,0.2,0.55,0.25
ensemble_market,0.05,760,0.0,0.0,0.2,0.9510624695614107,0.5644382039375332,0.5407894736842105,0.4006358557168572,0.01622468580063559,0.2,0.6000000000000001,0.0
ensemble_market,0.05,760,0.0,0.0,0.15000000000000002,0.9504778223180848,0.5641004706184457,0.5434210526315789,0.40291122176247357,0.015533041543486042,0.2,0.6000000000000001,0.05
ensemble_market,0.05,760,0.0,0.0,0.1,0.9501201722347253,0.5639059105583383,0.5421052631578948,0.4010654490106545,0.014024458178889084,0.2,0.6000000000000001,0.1
ensemble_market,0.05,760,0.0,0.0,0.05,0.9499896150837472,0.563854523757211,0.5421052631578948,0.4017243107769423,0.016013413468363533,0.2,0.6000000000000001,0.15000000000000002
ensemble_market,0.05,760,0.0,0.0,0.0,0.9500878214137563,0.5639463102150637,0.5421052631578948,0.4029243881460631,0.015738359706202125,0.2,0.6000000000000001,0.2
ensemble_market,0.05,760,0.0,0.0,0.15000000000000002,0.950700951806805,0.564249549052704,0.5434210526315789,0.40291122176247357,0.013904990529139618,0.2,0.65,0.0
ensemble_market,0.05,760,0.0,0.0,0.1,0.9502338949389615,0.5639853042518848,0.5434210526315789,0.40291122176247357,0.016415238723974022,0.2,0.65,0.05
ensemble_market,0.05,760,0.0,0.0,0.05,0.9499966726830577,0.5638642327100456,0.5460526315789473,0.40518658780809,0.015581248173389638,0.2,0.65,0.1
ensemble_market,0.05,760,0.0,0.0,0.0,0.9499902798593078,0.5638863344271866,0.5434210526315789,0.4044361039434931,0.01856660541418898,0.2,0.65,0.15000000000000002
ensemble_market,0.05,760,0.0,0.0,0.1,0.9504970382798078,0.5641620145729253,0.5447368421052632,0.40487612294492115,0.013648261325056225,0.2,0.7000000000000001,0.0
ensemble_market,0.05,760,0.0,0.0,0.05,0.9501510240458166,0.5639712582903742,0.5460526315789473,0.4061938740837823,0.014247468380353921,0.2,0.7000000000000001,0.05
ensemble_market,0.05,760,0.0,0.0,0.0,0.9500385904874576,0.5639236752668034,0.5434210526315789,0.4041765704878711,0.015570278368634104,0.2,0.7000000000000001,0.1
ensemble_market,0.05,760,0.0,0.0,0.05,0.9504564747485635,0.5641756004981971,0.5434210526315789,0.40436937287563895,0.01520941807481014,0.2,0.75,0.0
ensemble_market,0.05,760,0.0,0.0,0.0,0.9502359273819042,0.5640583327339145,0.5434210526315789,0.40432304698359744,0.01805736749545786,0.2,0.75,0.05
ensemble_market,0.05,760,0.0,0.0,0.0,0.9505864255753816,0.5642903068285194,0.5447368421052632,0.4057267854736209,0.015485591703806834,0.2,0.8,0.0
ensemble_market,0.05,760,0.0,0.0,0.75,0.9645431401852618,0.5730982691548379,0.5368421052631579,0.39838099208998506,0.022081269729269132,0.25,0.0,0.0
ensemble_market,0.05,760,0.0,0.0,0.7000000000000001,0.9627065498275137,0.5719476770283481,0.5394736842105263,0.40018285206498944,0.01864382638436358,0.25,0.0,0.05
ensemble_market,0.05,760,0.0,0.0,0.65,0.9611070025620552,0.5709402581608386,0.5394736842105263,0.40031477204687366,0.021484606336004283,0.25,0.0,0.1
ensemble_market,0.05,760,0.0,0.0,0.6000000000000001,0.9597368490640793,0.5700760125523091,0.5368421052631579,0.39838099208998506,0.01857957655864211,0.25,0.0,0.15000000000000002
ensemble_market,0.05,760,0.0,0.0,0.55,0.9585901783463449,0.5693549402027598,0.5368421052631579,0.3979339425554003,0.021021680195372944,0.25,0.0,0.2
ensemble_market,0.05,760,0.0,0.0,0.5,0.957662622512602,0.5687770411121905,0.5381578947368421,0.3979141968627046,0.02040856673314518,0.25,0.0,0.25
ensemble_market,0.05,760,0.0,0.0,0.45,0.9569512356298308,0.5683423152806014,0.5407894736842105,0.39983641138232384,0.019600111864181473,0.25,0.0,0.30000000000000004
ensemble_market,0.05,760,0.0,0.0,0.4,0.9564544349005303,0.5680507627079924,0.5394736842105263,0.39837748544839696,0.0247266766362003,0.25,0.0,0.35000000000000003
ensemble_market,0.05,760,0.0,0.0,0.35000000000000003,0.9561720003744631,0.5679023833943634,0.5368421052631579,0.3968449183985885,0.02550088558162612,0.25,0.0,0.4
ensemble_market,0.05,760,0.0,0.0,0.30000000000000004,0.9561051368956657,0.5678971773397146,0.5355263157894737,0.3958591227942425,0.025768985809076755,0.25,0.0,0.45
ensemble_market,0.05,760,0.0,0.0,0.25,0.9562566107812629,0.5680351445440459,0.5302631578947369,0.39157263473526394,0.02328537477871456,0.25,0.0,0.5
ensemble_market,0.05,760,0.0,0.0,0.2,0.9566309864927414,0.5683162850073573,0.5276315789473685,0.3904346589562497,0.023624961970471665,0.25,0.0,0.55
ensemble_market,0.05,760,0.0,0.0,0.15000000000000002,0.9572350099468281,0.5687405987296489,0.531578947368421,0.4054537262661591,0.02146043433346758,0.25,0.0,0.6000000000000001
ensemble_market,0.05,760,0.0,0.0,0.1,0.9580782248255446,0.5693080857109204,0.5328947368421053,0.4092267218859333,0.014356980960406935,0.25,0.0,0.65
ensemble_market,0.05,760,0.0,0.0,0.05,0.9591739888025076,0.5700187459511723,0.5289473684210526,0.4095017729136777,0.01802746844434558,0.25,0.0,0.7000000000000001
ensemble_market,0.05,760,0.0,0.0,0.0,0.9605412360319597,0.5708725794504041,0.5289473684210526,0.41082373429551877,0.019227550908828644,0.25,0.0,0.75
ensemble_market,0.05,760,0.0,0.0,0.7000000000000001,0.9625553360864136,0.571777372434813,0.5381578947368421,0.39968009562880136,0.019792440109467617,0.25,0.05,0.0
ensemble_market,0.05,760,0.0,0.0,0.65,0.9608373554732216,0.5707002688265915,0.5394736842105263,0.4007565825412433,0.021533717795979488,0.25,0.05,0.05
ensemble_market,0.05,760,0.0,0.0,0.6000000000000001,0.9593526805178406,0.5697663384773501,0.5342105263157895,0.39626352015732547,0.02093046086857818,0.25,0.05,0.1
ensemble_market,0.05,760,0.0,0.0,0.55,0.9580944924314471,0.5689755813870889,0.531578947368421,0.39331366764995085,0.020464534327431762,0.25,0.05,0.15000000000000002
ensemble_market,0.05,760,0.0,0.0,0.5,0.9570575984151811,0.568327997555808,0.5342105263157895,0.3942844119936188,0.020076410149959364,0.25,0.05,0.2
ensemble_market,0.05,760,0.0,0.0,0.45,0.9562382713763402,0.567823586983507,0.5355263157894737,0.39504981574409714,0.02151848530405477,0.25,0.05,0.25
ensemble_market,0.05,760,0.0,0.0,0.4,0.9556341551207853,0.567462349670186,0.5394736842105263,0.39919957567867304,0.024788947722464757,0.25,0.05,0.30000000000000004
ensemble_market,0.05,760,0.0,0.0,0.35000000000000003,0.95524422664978,0.5672442856158453,0.5407894736842105,0.4000965421531486,0.027956726811750262,0.25,0.05,0.35000000000000003
ensemble_market,0.05,760,0.0,0.0,0.30000000000000004,0.9550688141198571,0.5671693948204846,0.5381578947368421,0.3978713326943175,0.026419151429725105,0.25,0.05,0.4
ensemble_market,0.05,760,0.0,0.0,0.25,0.9551096758975397,0.5672376772841041,0.5328947368421053,0.3939882697947214,0.025152237646459293,0.25,0.05,0.45
ensemble_market,0.05,760,0.0,0.0,0.2,0.9553701546969624,0.5674491330067036,0.5355263157894737,0.39689078245677356,0.025930008244214847,0.25,0.05,0.5
ensemble_market,0.05,760,0.0,0.0,0.15000000000000002,0.9558554335516923,0.5678037619882834,0.5328947368421053,0.40006998613822936,0.023314487177117146,0.25,0.05,0.55
ensemble_market,0.05,760,0.0,0.0,0.1,0.9565729419564123,0.5683015642288431,0.5368421052631579,0.41115070285524946,0.01946925590841534,0.25,0.05,0.6000000000000001
ensemble_market,0.05,760,0.0,0.0,0.05,0.9575330005599514,0.5689425397283832,0.5328947368421053,0.4133887585584563,0.018436222111988487,0.25,0.05,0.65
ensemble_market,0.05,760,0.0,0.0,0.0,0.9587498735399419,0.5697266884869031,0.5302631578947369,0.4120901562935326,0.016125342700650552,0.25,0.05,0.7000000000000001
ensemble_market,0.05,760,0.0,0.0,0.65,0.9607143186801561,0.5705575961198386,0.5368421052631579,0.3990801634014514,0.019078971792660982,0.25,0.1,0.0
ensemble_market,0.05,760,0.0,0.0,0.6000000000000001,0.9591124123012661,0.5695539810298854,0.5355263157894737,0.3976084930556089,0.02063073600203329,0.25,0.1,0.05
ensemble_market,0.05,760,0.0,0.0,0.55,0.9577406965473716,0.5686935391989123,0.5302631578947369,0.3919579269360744,0.020876853849041727,0.25,0.1,0.1
ensemble_market,0.05,760,0.0,0.0,0.5,0.9565931137793942,0.5679762706269194,0.5328947368421053,0.39374097164958827,0.017797459423613618,0.25,0.1,0.15000000000000002
ensemble_market,0.05,760,0.0,0.0,0.45,0.9556651434286496,0.5674021753139066,0.5368421052631579,0.3970174946302718,0.024080749148464062,0.25,0.1,0.2
ensemble_market,0.05,760,0.0,0.0,0.4,0.954953671394002,0.566971253259874,0.5381578947368421,0.39683438529171705,0.02735496478228432,0.25,0.1,0.25
ensemble_market,0.05,760,0.0,0.0,0.35000000000000003,0.9544569185552715,0.5666835044648213,0.5394736842105263,0.3993293768290213,0.025301185595619963,0.25,0.1,0.30000000000000004
ensemble_market,0.05,760,0.0,0.0,0.30000000000000004,0.9541744227891008,0.5665389289287488,0.5355263157894737,0.3960844791761164,0.027294613234382335,0.25,0.1,0.35000000000000003
ensemble_market,0.05,760,0.0,0.0,0.25,0.9541070750534819,0.5665375266516564,0.5368421052631579,0.3965168930686172,0.02448424836488621,0.25,0.1,0.4
ensemble_market,0.05,760,0.0,0.0,0.2,0.9542572166584358,0.5666792976335442,0.5355263157894737,0.3963972937762621,0.025431005399352963,0.25,0.1,0.45
ensemble_market,0.05,760,0.0,0.0,0.15000000000000002,0.9546288133919241,0.566964241874412,0.5355263157894737,0.39841869125156876,0.027351666509397778,0.25,0.1,0.5
ensemble_market,0.05,760,0.0,0.0,0.1,0.9552277352338333,0.5673923593742599,0.5355263157894737,0.4032093740827187,0.02364936544824792,0.25,0.1,0.55
ensemble_market,0.05,760,0.0,0.0,0.05,0.9560621926524954,0.567963650133088,0.5394736842105263,0.4132378551327321,0.016346734278504985,0.25,0.1,0.6000000000000001
ensemble_market,0.05,760,0.0,0.0,0.0,0.9571434217393382,0.5686781141508962,0.5355263157894737,0.4164953586631904,0.017542699229612334,0.25,0.1,0.65
ensemble_market,0.05,760,0.0,0.0,0.6000000000000001,0.9590179968885226,0.5694389402099146,0.5355263157894737,0.39791921664626684,0.019043808755188543,0.25,0.15000000000000002,0.0
ensemble_market,0.05,760,0.0,0.0,0.55,0.9575301417531051,0.5685088136382298,0.5328947368421053,0.3952390200026575,0.019485188940346548,0.25,0.15000000000000002,0.05
ensemble_market,0.05,760,0.0,0.0,0.5,0.9562699401002087,0.567721860325525,0.5328947368421053,0.39420683644566346,0.01720835678433055,0.25,0.15000000000000002,0.1
ensemble_market,0.05,760,0.0,0.0,0.45,0.9552320425842591,0.5670780802718004,0.5394736842105263,0.39973318468397884,0.019840663373005794,0.25,0.15000000000000002,0.15000000000000002
ensemble_market,0.05,760,0.0,0.0,0.4,0.954412568072325,0.5665774734770558,0.5421052631578948,0.40153467389895897,0.02387736637202507,0.25,0.15000000000000002,0.2
ensemble_market,0.05,760,0.0,0.0,0.35000000000000003,0.9538089989864681,0.5662200399412913,0.5407894736842105,0.40017524869852067,0.026614927032419886,0.25,0.15000000000000002,0.25
ensemble_market,0.05,760,0.0,0.0,0.30000000000000004,0.9534201312344417,0.566005779664507,0.5394736842105263,0.39907211733225995,0.025492918019695113,0.25,0.15000000000000002,0.30000000000000004
ensemble_market,0.05,760,0.0,0.0,0.25,0.9532460754383937,0.5659346926467028,0.5407894736842105,0.40061860390774506,0.024022088460332172,0.25,0.15000000000000002,0.35000000000000003
ensemble_market,0.05,760,0.0,0.0,0.2,0.9532883118981325,0.5660067788878786,0.5394736842105263,0.40055176449688074,0.022989505085040298,0.25,0.15000000000000002,0.4
ensemble_market,0.05,760,0.0,0.0,0.15000000000000002,0.9535498081983088,0.5662220383880346,0.5407894736842105,0.4020600601228234,0.02559150349941865,0.25,0.15000000000000002,0.45
ensemble_market,0.05,760,0.0,0.0,0.1,0.954035217187781,0.5665804711471709,0.5381578947368421,0.4024404663371722,0.025380290002792003,0.25,0.15000000000000002,0.5
ensemble_market,0.05,760,0.0,0.0,0.05,0.9547511868201013,0.567082077165287,0.5368421052631579,0.4047210898801487,0.0173791544848696,0.25,0.15000000000000002,0.55
ensemble_market,0.05,760,0.0,0.0,0.0,0.9557068369669346,0.5677268564423835,0.5394736842105263,0.41613691406985853,0.013832151207095683,0.25,0.15000000000000002,0.6000000000000001
ensemble_market,0.05,760,0.0,0.0,0.55,0.9574648652857375,0.5684214047050414,0.5342105263157895,0.39658119658119656,0.014916831999043072,0.25,0.2,0.0
ensemble_market,0.05,760,0.0,0.0,0.5,0.9560895181391157,0.5675647666516248,0.5368421052631579,0.39838099208998506,0.01834656975403151,0.25,0.2,0.05
ensemble_market,0.05,760,0.0,0.0,0.45,0.9549398340466816,0.5668513018571882,0.5368421052631579,0.39838099208998506,0.018360105586383037,0.25,0.2,0.1
ensemble_market,0.05,760,0.0,0.0,0.4,0.9540111333775398,0.5662810103217318,0.5421052631578948,0.40153467389895897,0.02285672788742129,0.25,0.2,0.15000000000000002
ensemble_market,0.05,760,0.0,0.0,0.35000000000000003,0.9533001536825202,0.5658538920452556,0.5368421052631579,0.396889400921659,0.026549325090126127,0.25,0.2,0.2
ensemble_market,0.05,760,0.0,0.0,0.30000000000000004,0.9528049684933041,0.5655699470277594,0.5394736842105263,0.3986804803876089,0.025060838885937353,0.25,0.2,0.25
ensemble_market,0.05,760,0.0,0.0,0.25,0.9525249577458614,0.5654291752692434,0.5421052631578948,0.4008637074772759,0.02537930390477388,0.25,0.2,0.30000000000000004
ensemble_market,0.05,760,0.0,0.0,0.2,0.9524608286275841,0.5654315767697075,0.5394736842105263,0.3995085050448372,0.021028939822164142,0.25,0.2,0.35000000000000003
ensemble_market,0.05,760,0.0,0.0,0.15000000000000002,0.9526146911832334,0.5655771515291514,0.5407894736842105,0.4025275275275275,0.02509100083218658,0.25,0.2,0.4
ensemble_market,0.05,760,0.0,0.0,0.1,0.9529901996708131,0.5658658995475759,0.5421052631578948,0.40497205947247233,0.025988160777837468,0.25,0.2,0.45
ensemble_market,0.05,760,0.0,0.0,0.05,0.9535927800940421,0.5662978208249803,0.5434210526315789,0.4095711715650343,0.02203720291187104,0.25,0.2,0.5
ensemble_market,0.05,760,0.0,0.0,0.0,0.9544299793635358,0.5668729153613649,0.5407894736842105,0.410195554899865,0.01712251281899312,0.25,0.2,0.55
ensemble_market,0.05,760,0.0,0.0,0.5,0.9560539786121733,0.5675049896052186,0.5355263157894737,0.3973554900384169,0.014609966244107906,0.25,0.25,0.0
ensemble_market,0.05,760,0.0,0.0,0.45,0.9547900552814452,0.5667218400700702,0.5355263157894737,0.3974808439888113,0.017274839092358624,0.25,0.25,0.05
ensemble_market,0.05,760,0.0,0.0,0.4,0.9537503319167513,0.566081863793902,0.5407894736842105,0.4003096015170475,0.019949472646431807,0.25,0.25,0.1
ensemble_market,0.05,760,0.0,0.0,0.35000000000000003,0.9529307729350106,0.5655850607767138,0.5381578947368421,0.3983774961597542,0.023957731980398456,0.25,0.25,0.15000000000000002
ensemble_market,0.05,760,0.0,0.0,0.30000000000000004,0.9523287254307311,0.5652314310185059,0.5394736842105263,0.3988114741762234,0.027449739167770604,0.25,0.25,0.2
ensemble_market,0.05,760,0.0,0.0,0.25,0.9519428600293024,0.5650209745192779,0.5421052631578948,0.40099409754582166,0.021342645558322784,0.25,0.25,0.25
ensemble_market,0.05,760,0.0,0.0,0.2,0.951773161843857,0.5649536912790302,0.5434210526315789,0.40223044229987676,0.02422118386464441,0.25,0.25,0.30000000000000004
ensemble_market,0.05,760,0.0,0.0,0.15000000000000002,0.9518209723721031,0.5650295812977625,0.5407894736842105,0.4020036202484239,0.023168058720805816,0.25,0.25,0.35000000000000003
ensemble_market,0.05,760,0.0,0.0,0.1,0.9520890887802529,0.5652486445754749,0.5434210526315789,0.40560234065136025,0.023740995586985943,0.25,0.25,0.4
ensemble_market,0.05,760,0.0,0.0,0.05,0.9525819341850739,0.5656108811121675,0.5434210526315789,0.40700889600078477,0.02331749012821763,0.25,0.25,0.45
ensemble_market,0.05,760,0.0,0.0,0.0,0.9533058230949085,0.5661162909078401,0.5421052631578948,0.40944085984179535,0.020363320203409037,0.25,0.25,0.5
ensemble_market,0.05,760,0.0,0.0,0.45,0.9547849400020353,0.5666896949104463,0.5342105263157895,0.39581216320246343,0.014525978734113163,0.25,0.30000000000000004,0.0
ensemble_market,0.05,760,0.0,0.0,0.4,0.953631805795104,0.5659800338935662,0.5381578947368421,0.39896424965898847,0.017856867895215924,0.25,0.30000000000000004,0.05
ensemble_market,0.05,760,0.0,0.0,0.35000000000000003,0.952701927467068,0.5654135461356662,0.5394736842105263,0.3998655913978495,0.02321460870635333,0.25,0.30000000000000004,0.1
ensemble_market,0.05,760,0.0,0.0,0.30000000000000004,0.9519919001243905,0.5649902316367464,0.5407894736842105,0.4006336405529954,0.023594369975650415,0.25,0.30000000000000004,0.15000000000000002
ensemble_market,0.05,760,0.0,0.0,0.25,0.9514996831218216,0.5647100903968066,0.5421052631578948,0.4008670380571721,0.023344448988831215,0.25,0.30000000000000004,0.2
ensemble_market,0.05,760,0.0,0.0,0.2,0.9512245626076239,0.564573122415847,0.5447368421052632,0.40300058956775375,0.022610362937150505,0.25,0.30000000000000004,0.25
ensemble_market,0.05,760,0.0,0.0,0.15000000000000002,0.9511671641140956,0.5645793276938675,0.5434210526315789,0.4025484995059032,0.02199420112571904,0.25,0.30000000000000004,0.30000000000000004
ensemble_market,0.05,760,0.0,0.0,0.1,0.9513295182069591,0.5647287062308681,0.5421052631578948,0.4034325430481435,0.02510154263681558,0.25,0.30000000000000004,0.35000000000000003
ensemble_market,0.05,760,0.0,0.0,0.05,0.9517151882091636,0.5650212580268488,0.5421052631578948,0.40514513652359635,0.02250895224734202,0.25,0.30000000000000004,0.4
ensemble_market,0.05,760,0.0,0.0,0.0,0.9523294771423633,0.5654569830818097,0.5394736842105263,0.40480657553828286,0.02108517975746494,0.25,0.30000000000000004,0.45
ensemble_market,0.05,760,0.0,0.0,0.4,0.9536579022946733,0.5659755206207245,0.5355263157894737,0.39729364468394496,0.013199535667886961,0.25,0.35000000000000003,0.0
ensemble_market,0.05,760,0.0,0.0,0.35000000000000003,0.9526153731167052,0.5653393481221127,0.5381578947368421,0.39850891894048807,0.020296216531885847,0.25,0.35000000000000003,0.05
ensemble_market,0.05,760,0.0,0.0,0.30000000000000004,0.9517956773545025,0.5648463488824811,0.5394736842105263,0.3992760842646154,0.01799886119312139,0.25,0.35000000000000003,0.1
ensemble_market,0.05,760,0.0,0.0,0.25,0.9511960398823016,0.5644965229018295,0.5407894736842105,0.39949447044656267,0.02060699600263289,0.25,0.35000000000000003,0.15000000000000002
ensemble_market,0.05,760,0.0,0.0,0.2,0.9508150478765601,0.564289870180158,0.5394736842105263,0.3985091186464184,0.023270506697950975,0.25,0.35000000000000003,0.2
ensemble_market,0.05,760,0.0,0.0,0.15000000000000002,0.9506526358035471,0.5642263907174666,0.5421052631578948,0.4012619867989539,0.024410831814184315,0.25,0.35000000000000003,0.25
ensemble_market,0.05,760,0.0,0.0,0.1,0.9507101220347084,0.5643060845137554,0.5421052631578948,0.40251150804784014,0.02381495515571152,0.25,0.35000000000000003,0.30000000000000004
ensemble_market,0.05,760,0.0,0.0,0.05,0.9509903026647909,0.5645289515690243,0.5434210526315789,0.4043381786894897,0.020489193604659287,0.25,0.35000000000000003,0.35000000000000003
ensemble_market,0.05,760,0.0,0.0,0.0,0.9514976149347467,0.5648949918832733,0.5407894736842105,0.40463374270533925,0.022642733745504847,0.25,0.35000000000000003,0.4
ensemble_market,0.05,760,0.0,0.0,0.35000000000000003,0.9526735826681202,0.5653624667360534,0.5381578947368421,0.3988332905653922,0.015202477408521176,0.25,0.4,0.0
ensemble_market,0.05,760,0.0,0.0,0.30000000000000004,0.9517419372349948,0.5647997827557099,0.5421052631578948,0.4021217357910906,0.019118016876907774,0.25,0.4,0.05
ensemble_market,0.05,760,0.0,0.0,0.25,0.9510332386050627,0.5643802720343463,0.5394736842105263,0.39946153049601324,0.017986331227656614,0.25,0.4,0.1
ensemble_market,0.05,760,0.0,0.0,0.2,0.9505453538565055,0.5641039345719631,0.5394736842105263,0.3985091186464184,0.01889013633567251,0.25,0.4,0.15000000000000002
ensemble_market,0.05,760,0.0,0.0,0.15000000000000002,0.9502775282972059,0.5639707703685598,0.5407894736842105,0.40002427016156994,0.021651534675385834,0.25,0.4,0.2
ensemble_market,0.05,760,0.0,0.0,0.1,0.9502303949747063,0.5639807794241368,0.5421052631578948,0.4015218027509511,0.023324420006799917,0.25,0.4,0.25
ensemble_market,0.05,760,0.0,0.0,0.05,0.9504060394305406,0.5641339617386938,0.5421052631578948,0.4024399684435851,0.022957533535008543,0.25,0.4,0.30000000000000004
ensemble_market,0.05,760,0.0,0.0,0.0,0.9508081285765071,0.5644303173122309,0.5421052631578948,0.4044289775102416,0.023890062879545277,0.25,0.4,0.35000000000000003
ensemble_market,0.05,760,0.0,0.0,0.30000000000000004,0.9518332917443914,0.5648505332564326,0.5407894736842105,0.40102647106327555,0.014136778817416571,0.25,0.45,0.0
ensemble_market,0.05,760,0.0,0.0,0.25,0.9510132960611384,0.5643613377943573,0.5407894736842105,0.4007043783163186,0.016878432595476892,0.25,0.45,0.05
ensemble_market,0.05,760,0.0,0.0,0.2,0.9504169237221327,0.5640153155912623,0.5394736842105263,0.39912413991942713,0.01675305013744169,0.25,0.45,0.1
ensemble_market,0.05,760,0.0,0.0,0.15000000000000002,0.9500427116935972,0.5638124666471471,0.5407894736842105,0.39988779016761344,0.018545552969698065,0.25,0.45,0.15000000000000002
ensemble_market,0.05,760,0.0,0.0,0.1,0.9498906116115429,0.5637527909620123,0.5434210526315789,0.40244364898579016,0.0188738067465785,0.25,0.45,0.2
ensemble_market,0.05,760,0.0,0.0,0.05,0.9499620276489431,0.5638362885358574,0.5421052631578948,0.40318451891688784,0.018852742373783496,0.25,0.45,0.25
ensemble_market,0.05,760,0.0,0.0,0.0,0.950259916003031,0.5640629593686828,0.5407894736842105,0.4016728031194577,0.018281030170469288,0.25,0.45,0.30000000000000004
ensemble_market,0.05,760,0.0,0.0,0.25,0.9511389793961293,0.5644397201818625,0.5407894736842105,0.4005682551982435,0.014191140234372299,0.25,0.5,0.0
ensemble_market,0.05,760,0.0,0.0,0.2,0.9504319256468953,0.5640240132380555,0.5394736842105263,0.39912413991942713,0.017939588031221056,0.25,0.5,0.05
ensemble_market,0.05,760,0.0,0.0,0.15000000000000002,0.9499497778687226,0.5637514795532286,0.5421052631578948,0.40153942167672146,0.01465447995437159,0.25,0.5,0.1
ensemble_market,0.05,760,0.0,0.0,0.1,0.9496917890429573,0.5636221191273819,0.5434210526315789,0.40244364898579016,0.017578267229815293,0.25,0.5,0.15000000000000002
ensemble_market,0.05,760,0.0,0.0,0.05,0.9496586881498971,0.5636359319605152,0.5434210526315789,0.4028921581346272,0.01612544124325716,0.25,0.5,0.2
ensemble_market,0.05,760,0.0,0.0,0.0,0.9498527527444433,0.5637929180526287,0.5407894736842105,0.40195204109119725,0.018285652524862226,0.25,0.5,0.25
ensemble_market,0.05,760,0.0,0.0,0.2,0.950593300902167,0.5641300275123428,0.5421052631578948,0.4017474114502617,0.013890258300589006,0.25,0.55,0.0
ensemble_market,0.05,760,0.0,0.0,0.15000000000000002,0.9500010642351505,0.5637878090868041,0.5434210526315789,0.40291122176247357,0.013622487013079871,0.25,0.55,0.05
ensemble_market,0.05,760,0.0,0.0,0.1,0.9496356848927113,0.5635887639202456,0.5434210526315789,0.40244364898579016,0.014448032390459305,0.25,0.55,0.1
ensemble_market,0.05,760,0.0,0.0,0.05,0.9494972015377886,0.563532892012667,0.5421052631578948,0.4017980492207296,0.017070955800192165,0.25,0.55,0.15000000000000002
ensemble_market,0.05,760,0.0,0.0,0.0,0.949587222025543,0.5636201933640687,0.5434210526315789,0.40429265447880486,0.015698231063679083,0.25,0.55,0.2
ensemble_market,0.05,760,0.0,0.0,0.15000000000000002,0.9501997091127815,0.5639214552478736,0.5434210526315789,0.40291122176247357,0.013021565484465113,0.25,0.6000000000000001,0.0
ensemble_market,0.05,760,0.0,0.0,0.1,0.9497248277698178,0.5636527253406033,0.5407894736842105,0.4010343989725433,0.016030150656556743,0.25,0.6000000000000001,0.05
ensemble_market,0.05,760,0.0,0.0,0.05,0.9494795125712387,0.563527168692313,0.5447368421052632,0.40468215828635223,0.017681709973189443,0.25,0.6000000000000001,0.1
ensemble_market,0.05,760,0.0,0.0,0.0,0.9494646891137019,0.5635447853030027,0.5434210526315789,0.40403252370798004,0.017516077163198484,0.25,0.6000000000000001,0.15000000000000002
ensemble_market,0.05,760,0.0,0.0,0.1,0.9499625813223764,0.5638140033884551,0.5407894736842105,0.4014992908759371,0.012563018772087868,0.25,0.65,0.0
ensemble_market,0.05,760,0.0,0.0,0.05,0.9496083686300247,0.563618761999453,0.5447368421052632,0.4051356564005431,0.015910794888460165,0.25,0.65,0.05
ensemble_market,0.05,760,0.0,0.0,0.0,0.9494873132923439,0.5635666938694309,0.5447368421052632,0.4045383940028365,0.01591605788014107,0.25,0.65,0.1
ensemble_market,0.05,760,0.0,0.0,0.05,0.9498873943693249,0.5638076719340871,0.5447368421052632,0.4052812858783008,0.016521355282468533,0.25,0.7000000000000001,0.0
ensemble_market,0.05,760,0.0,0.0,0.0,0.949658096148911,0.5636859190633532,0.5434210526315789,0.4035140520569554,0.018335701864070693,0.25,0.7000000000000001,0.05
ensemble_market,0.05,760,0.0,0.0,0.0,0.9499809695200642,0.5639024608847696,0.5447368421052632,0.4057267854736209,0.01496923864382543,0.25,0.75,0.0
ensemble_market,0.05,760,0.0,0.0,0.7000000000000001,0.962421852810088,0.5716969062950373,0.5368421052631579,0.39838099208998506,0.022075879122920947,0.30000000000000004,0.0,0.0
ensemble_market,0.05,760,0.0,0.0,0.65,0.9606934636823589,0.5706153175803648,0.5394736842105263,0.4011910967561693,0.019420616617171666,0.30000000000000004,0.0,0.05
ensemble_market,0.05,760,0.0,0.0,0.6000000000000001,0.9591992975608875,0.5696769021246721,0.5342105263157895,0.39568503304581126,0.019531897074408486,0.30000000000000004,0.0,0.1
ensemble_market,0.05,760,0.0,0.0,0.55,0.9579324072670311,0.5688816599279598,0.5355263157894737,0.3970351250955971,0.01975810996902152,0.30000000000000004,0.0,0.15000000000000002
ensemble_market,0.05,760,0.0,0.0,0.5,0.9568875025979234,0.5682295909902276,0.5368421052631579,0.39747946866418515,0.02077874687409864,0.30000000000000004,0.0,0.2
ensemble_market,0.05,760,0.0,0.0,0.45,0.9560607839694755,0.5677206953114754,0.5394736842105263,0.3986804803876089,0.020766101034429434,0.30000000000000004,0.0,0.25
ensemble_market,0.05,760,0.0,0.0,0.4,0.9554498440310945,0.5673549728917033,0.5434210526315789,0.402100822248052,0.02342559067672885,0.30000000000000004,0.0,0.30000000000000004
ensemble_market,0.05,760,0.0,0.0,0.35000000000000003,0.955053628384994,0.5671324237309113,0.5407894736842105,0.3999676248338189,0.023507842859270073,0.30000000000000004,0.0,0.35000000000000003
ensemble_market,0.05,760,0.0,0.0,0.30000000000000004,0.9548724538660508,0.5670530478290996,0.5355263157894737,0.3960844791761164,0.025578957693393217,0.30000000000000004,0.0,0.4
ensemble_market,0.05,760,0.0,0.0,0.25,0.9549080900996674,0.5671168451862678,0.5355263157894737,0.3965043030786975,0.025378596306426554,0.30000000000000004,0.0,0.45
ensemble_market,0.05,760,0.0,0.0,0.2,0.9551639191361486,0.5673238158024163,0.5342105263157895,0.39576386704414385,0.02379239992882376,0.30000000000000004,0.0,0.5
ensemble_market,0.05,760,0.0,0.0,0.15000000000000002,0.9556452016140043,0.5676739596775449,0.5328947368421053,0.39613252708490804,0.02141666750389643,0.30000000000000004,0.0,0.55
ensemble_market,0.05,760,0.0,0.0,0.1,0.9563595012255851,0.5681672768116535,0.5342105263157895,0.4085840645547665,0.021251762164335095,0.30000000000000004,0.0,0.6000000000000001
ensemble_market,0.05,760,0.0,0.0,0.05,0.9573173630385844,0.5688037672047422,0.5342105263157895,0.4133630941780348,0.017093404006141268,0.30000000000000004,0.0,0.65
ensemble_market,0.05,760,0.0,0.0,0.0,0.9585334307747161,0.569583430856811,0.5289473684210526,0.4109861855353203,0.016583845195921716,0.30000000000000004,0.0,0.7000000000000001
ensemble_market,0.05,760,0.0,0.0,0.65,0.9605516908771762,0.5704572126004231,0.5381578947368421,0.4001196228462547,0.021357625835738924,0.30000000000000004,0.05,0.0
ensemble_market,0.05,760,0.0,0.0,0.6000000000000001,0.9589399449551101,0.5694491124040187,0.5355263157894737,0.3974808439888113,0.020808995354598823,0.30000000000000004,0.05,0.05
ensemble_market,0.05,760,0.0,0.0,0.55,0.9575591975457128,0.5685841854665945,0.5328947368421053,0.3946651523639238,0.020192922539442836,0.30000000000000004,0.05,0.1
ensemble_market,0.05,760,0.0,0.0,0.5,0.956403279601417,0.5678624317881503,0.5328947368421053,0.39374097164958827,0.020385679377317164,0.30000000000000004,0.05,0.15000000000000002
ensemble_market,0.05,760,0.0,0.0,0.45,0.9554675858475729,0.5672838513686863,0.5368421052631579,0.396889400921659,0.022649827792713115,0.30000000000000004,0.05,0.2
ensemble_market,0.05,760,0.0,0.0,0.4,0.9547489393288324,0.5668484442082025,0.5381578947368421,0.39731334683539954,0.02359895776801984,0.30000000000000004,0.05,0.25
ensemble_market,0.05,760,0.0,0.0,0.35000000000000003,0.9542455171676666,0.5665562103066987,0.5381578947368421,0.39757200051659564,0.023330201916474953,0.30000000000000004,0.05,0.30000000000000004
ensemble_market,0.05,760,0.0,0.0,0.30000000000000004,0.9539568315813408,0.566407149664175,0.5381578947368421,0.3974849417887392,0.0267274512421023,0.30000000000000004,0.05,0.35000000000000003
ensemble_market,0.05,760,0.0,0.0,0.25,0.9538837667179968,0.5664012622806315,0.5394736842105263,0.39902663729916155,0.025243542787830753,0.30000000000000004,0.05,0.4
ensemble_market,0.05,760,0.0,0.0,0.2,0.954028678782835,0.5665385481560682,0.5368421052631579,0.3982736459302143,0.02498947522491053,0.30000000000000004,0.05,0.45
ensemble_market,0.05,760,0.0,0.0,0.15000000000000002,0.9543955759911542,0.5668190072904847,0.5355263157894737,0.3982853943592974,0.02568030685701524,0.30000000000000004,0.05,0.5
ensemble_market,0.05,760,0.0,0.0,0.1,0.9549904088442867,0.5672426396838816,0.5342105263157895,0.4018316668667487,0.022731299866376467,0.30000000000000004,0.05,0.55
ensemble_market,0.05,760,0.0,0.0,0.05,0.9558215252454647,0.5678094453362584,0.5381578947368421,0.41185626531278013,0.015579814889792624,0.30000000000000004,0.05,0.6000000000000001
ensemble_market,0.05,760,0.0,0.0,0.0,0.9569003900140085,0.5685194242476155,0.5328947368421053,0.41404760691166725,0.014076918742732855,0.30000000000000004,0.05,0.65
ensemble_market,0.05,760,0.0,0.0,0.6000000000000001,0.95882645669992,0.5693186393108594,0.5342105263157895,0.3967074487838616,0.019748673631641574,0.30000000000000004,0.1,0.0
ensemble_market,0.05,760,0.0,0.0,0.55,0.9573292566987998,0.5683840276327233,0.5328947368421053,0.3952390200026575,0.01794622185849333,0.30000000000000004,0.1,0.05
ensemble_market,0.05,760,0.0,0.0,0.5,0.9560604170506086,0.5675925892135674,0.5328947368421053,0.39420683644566346,0.019055400612987296,0.30000000000000004,0.1,0.1
ensemble_market,0.05,760,0.0,0.0,0.45,0.9550144914083197,0.5669443240533915,0.5381578947368421,0.3983774961597542,0.020445033276495116,0.30000000000000004,0.1,0.15000000000000002
ensemble_market,0.05,760,0.0,0.0,0.4,0.9541875247147833,0.5664392321521958,0.5394736842105263,0.3991455453149002,0.02440071908262144,0.30000000000000004,0.1,0.2
ensemble_market,0.05,760,0.0,0.0,0.35000000000000003,0.9535769446734064,0.5660773135099801,0.5421052631578948,0.4016621354424122,0.025718415015040182,0.30000000000000004,0.1,0.25
ensemble_market,0.05,760,0.0,0.0,0.30000000000000004,0.9531815095910858,0.5658585681267446,0.5421052631578948,0.40107114506335123,0.026877147440931896,0.30000000000000004,0.1,0.30000000000000004
ensemble_market,0.05,760,0.0,0.0,0.25,0.953001309081469,0.5657829960024893,0.5421052631578948,0.40190989379076464,0.024714315784205985,0.30000000000000004,0.1,0.35000000000000003
ensemble_market,0.05,760,0.0,0.0,0.2,0.9530378201364448,0.565850597137214,0.5394736842105263,0.4002898293555733,0.022036550153015384,0.30000000000000004,0.1,0.4
ensemble_market,0.05,760,0.0,0.0,0.15000000000000002,0.9532940278863774,0.5660613715309188,0.5394736842105263,0.4006831490766241,0.02463561002347707,0.30000000000000004,0.1,0.45
ensemble_market,0.05,760,0.0,0.0,0.1,0.9537746297001515,0.5664153191836038,0.5368421052631579,0.40066767447719825,0.022589766467438276,0.30000000000000004,0.1,0.5
ensemble_market,0.05,760,0.0,0.0,0.05,0.954486355948471,0.5669124400952689,0.5342105263157895,0.40229824482450377,0.01702886272488132,0.30000000000000004,0.1,0.55
ensemble_market,0.05,760,0.0,0.0,0.0,0.9554384661827879,0.567552734265914,0.5368421052631579,0.41080766080766074,0.014827302002807347,0.30000000000000004,0.1,0.6000000000000001
ensemble_market,0.05,760,0.0,0.0,0.55,0.9572445448069073,0.5682811864263462,0.5328947368421053,0.3952390200026575,0.015991603455826314,0.30000000000000004,0.15000000000000002,0.0
ensemble_market,0.05,760,0.0,0.0,0.5,0.9558602783490627,0.5674200632664783,0.5342105263157895,0.39613682270976636,0.017734873383999445,0.30000000000000004,0.15000000000000002,0.05
ensemble_market,0.05,760,0.0,0.0,0.45,0.9547022871996432,0.5667021133655906,0.5368421052631579,0.39838099208998506,0.018539434128355074,0.30000000000000004,0.15000000000000002,0.1
ensemble_market,0.05,760,0.0,0.0,0.4,0.9537658069487035,0.5661273367236831,0.5407894736842105,0.4006336405529954,0.022404922630435573,0.30000000000000004,0.15000000000000002,0.15000000000000002
ensemble_market,0.05,760,0.0,0.0,0.35000000000000003,0.9530475103045595,0.5656957333407556,0.5394736842105263,0.3991455453149002,0.02416386074662233,0.30000000000000004,0.15000000000000002,0.2
ensemble_market,0.05,760,0.0,0.0,0.30000000000000004,0.9525454228082717,0.5654073032168083,0.5407894736842105,0.40030309590820523,0.02390148058765036,0.30000000000000004,0.15000000000000002,0.25
ensemble_market,0.05,760,0.0,0.0,0.25,0.9522588917049605,0.5652620463518411,0.5421052631578948,0.4008637074772759,0.025029174112321317,0.30000000000000004,0.15000000000000002,0.30000000000000004
ensemble_market,0.05,760,0.0,0.0,0.2,0.9521886066402259,0.565259962745854,0.5434210526315789,0.4028856662735594,0.023945509418386874,0.30000000000000004,0.15000000000000002,0.35000000000000003
ensemble_market,0.05,760,0.0,0.0,0.15000000000000002,0.9523366766480992,0.565401052398847,0.5421052631578948,0.40317000227645156,0.02406727007996806,0.30000000000000004,0.15000000000000002,0.4
ensemble_market,0.05,760,0.0,0.0,0.1,0.9527067748794863,0.5656853153108201,0.5421052631578948,0.40469184176499456,0.020984879846604614,0.30000000000000004,0.15000000000000002,0.45
ensemble_market,0.05,760,0.0,0.0,0.05,0.9533043724690952,0.5661127514817733,0.5421052631578948,0.4061318700461632,0.016747444885825052,0.30000000000000004,0.15000000000000002,0.5
ensemble_market,0.05,760,0.0,0.0,0.0,0.9541370988988669,0.5666833609117066,0.5355263157894737,0.4052450404692196,0.01710150412403485,0.30000000000000004,0.15000000000000002,0.55
ensemble_market,0.05,760,0.0,0.0,0.5,0.955804911765256,0.5673448539468835,0.5342105263157895,0.39658119658119656,0.01576926781131715,0.30000000000000004,0.2,0.0
ensemble_market,0.05,760,0.0,0.0,0.45,0.9545324288719971,0.5665572193052839,0.5381578947368421,0.3998526624358276,0.01860506560774314,0.30000000000000004,0.2,0.05
ensemble_market,0.05,760,0.0,0.0,0.4,0.9534846681552527,0.5659127579226645,0.5394736842105263,0.3996031135061158,0.01892646612320662,0.30000000000000004,0.2,0.1
ensemble_market,0.05,760,0.0,0.0,0.35000000000000003,0.9526575195461779,0.5654114697990252,0.5394736842105263,0.3998655913978495,0.022804373167877867,0.30000000000000004,0.2,0.15000000000000002
ensemble_market,0.05,760,0.0,0.0,0.30000000000000004,0.9520482727894278,0.565053354934366,0.5407894736842105,0.4000432495887427,0.024456530400456776,0.30000000000000004,0.2,0.2
ensemble_market,0.05,760,0.0,0.0,0.25,0.9516555558373448,0.564838413328687,0.5434210526315789,0.402100822248052,0.020207398213434133,0.30000000000000004,0.2,0.25
ensemble_market,0.05,760,0.0,0.0,0.2,0.951479324667358,0.564766644981988,0.5447368421052632,0.4035928360026732,0.02310637077975348,0.30000000000000004,0.2,0.30000000000000004
ensemble_market,0.05,760,0.0,0.0,0.15000000000000002,0.9515209052947873,0.5648380498942692,0.5421052631578948,0.4027734431891476,0.023688257314095948,0.30000000000000004,0.2,0.35000000000000003
ensemble_market,0.05,760,0.0,0.0,0.1,0.9517830946013395,0.5650526280655305,0.5447368421052632,0.4057081468529948,0.02022658016848005,0.30000000000000004,0.2,0.4
ensemble_market,0.05,760,0.0,0.0,0.05,0.9522703340772574,0.5654103794957719,0.5434210526315789,0.40690706384461284,0.02110963991642137,0.30000000000000004,0.2,0.45
ensemble_market,0.05,760,0.0,0.0,0.0,0.9529889816367846,0.5659113041849934,0.5407894736842105,0.4083753241741983,0.017366307173939464,0.30000000000000004,0.2,0.5
ensemble_market,0.05,760,0.0,0.0,0.45,0.9545070620256725,0.5665096418724713,0.5368421052631579,0.3986414262461069,0.016548138322996585,0.30000000000000004,0.25,0.0
ensemble_market,0.05,760,0.0,0.0,0.4,0.9533456637627699,0.56579549574914,0.5394736842105263,0.40031477204687366,0.016950888485770622,0.30000000000000004,0.25,0.05
ensemble_market,0.05,760,0.0,0.0,0.35000000000000003,0.9524079563817665,0.565224522884789,0.5381578947368421,0.39850891894048807,0.02311941943709997,0.30000000000000004,0.25,0.1
ensemble_market,0.05,760,0.0,0.0,0.30000000000000004,0.9516904690031655,0.564796723279418,0.5421052631578948,0.40198690070377247,0.024041944246548486,0.30000000000000004,0.25,0.15000000000000002
ensemble_market,0.05,760,0.0,0.0,0.25,0.9511911095382142,0.5645120969330271,0.5421052631578948,0.4007336843157739,0.02064877149684431,0.30000000000000004,0.25,0.2
ensemble_market,0.05,760,0.0,0.0,0.2,0.9509091252511626,0.5643706438456162,0.5447368421052632,0.4034635966292888,0.02054740142518432,0.30000000000000004,0.25,0.25
ensemble_market,0.05,760,0.0,0.0,0.15000000000000002,0.9508451144905872,0.5643723640171856,0.5460526315789473,0.4046271274830513,0.021613727886952105,0.30000000000000004,0.25,0.30000000000000004
ensemble_market,0.05,760,0.0,0.0,0.1,0.9510010925814985,0.5645172574477351,0.5447368421052632,0.40464661667142404,0.02174649768710338,0.30000000000000004,0.25,0.35000000000000003
ensemble_market,0.05,760,0.0,0.0,0.05,0.9513806210828654,0.5648053241372645,0.5434210526315789,0.40591942998081665,0.020567306005131143,0.30000000000000004,0.25,0.4
ensemble_market,0.05,760,0.0,0.0,0.0,0.9519890180344676,0.5652365640857742,0.5421052631578948,0.4062363969664085,0.017752306590938623,0.30000000000000004,0.25,0.45
ensemble_market,0.05,760,0.0,0.0,0.4,0.9533510467970168,0.5657755502031098,0.5381578947368421,0.39954494910615,0.01487283634393459,0.30000000000000004,0.30000000000000004,0.0
ensemble_market,0.05,760,0.0,0.0,0.35000000000000003,0.9523004846105831,0.5651348925980467,0.5394736842105263,0.4004490306537917,0.019584127732947786,0.30000000000000004,0.30000000000000004,0.05
ensemble_market,0.05,760,0.0,0.0,0.30000000000000004,0.951473104709055,0.5646374082519638,0.5407894736842105,0.4007675085748317,0.017735583853362553,0.30000000000000004,0.30000000000000004,0.1
ensemble_market,0.05,760,0.0,0.0,0.25,0.9508660727009789,0.5642830971648611,0.5407894736842105,0.40017524869852067,0.02254103132286408,0.30000000000000004,0.30000000000000004,0.15000000000000002
ensemble_market,0.05,760,0.0,0.0,0.2,0.9504779285147277,0.5640719593367385,0.5434210526315789,0.4016315640510559,0.024552285662287735,0.30000000000000004,0.30000000000000004,0.2
ensemble_market,0.05,760,0.0,0.0,0.15000000000000002,0.9503085697215651,0.564003994767596,0.5447368421052632,0.40313645494646594,0.024387374379625893,0.30000000000000004,0.30000000000000004,0.25
ensemble_market,0.05,760,0.0,0.0,0.1,0.950359287405349,0.5640792034574336,0.5421052631578948,0.40237866638987646,0.02322181994835974,0.30000000000000004,0.30000000000000004,0.30000000000000004
ensemble_market,0.05,760,0.0,0.0,0.05,0.9506328601414413,0.5642975854062513,0.5394736842105263,0.40089528844031785,0.020156762175192418,0.30000000000000004,0.30000000000000004,0.35000000000000003
ensemble_market,0.05,760,0.0,0.0,0.0,0.951133718645997,0.564659140614049,0.5434210526315789,0.4060568689338991,0.019404882741761675,0.30000000000000004,0.30000000000000004,0.4
ensemble_market,0.05,760,0.0,0.0,0.35000000000000003,0.9523374760152463,0.5651425789387987,0.5381578947368421,0.39896424965898847,0.014574341866760276,0.30000000000000004,0.35000000000000003,0.0
ensemble_market,0.05,760,0.0,0.0,0.30000000000000004,0.951397962000266,0.5645754098520039,0.5434210526315789,0.40360983102918585,0.017888528451371396,0.30000000000000004,0.35000000000000003,0.05
ensemble_market,0.05,760,0.0,0.0,0.25,0.9506816566739865,0.5641514140241893,0.5434210526315789,0.4027123453728958,0.01746006244045748,0.30000000000000004,0.35000000000000003,0.1
ensemble_market,0.05,760,0.0,0.0,0.2,0.950186372661908,0.5638705914553549,0.5407894736842105,0.39949447044656267,0.021967202913353096,0.30000000000000004,0.35000000000000003,0.15000000000000002
ensemble_market,0.05,760,0.0,0.0,0.15000000000000002,0.9499113102148904,0.5637329421455005,0.5421052631578948,0.40112685400916925,0.021992646968544607,0.30000000000000004,0.35000000000000003,0.2
ensemble_market,0.05,760,0.0,0.0,0.1,0.9498570651794593,0.5637384660946262,0.5447368421052632,0.4038599621589239,0.022746968690795906,0.30000000000000004,0.35000000000000003,0.25
ensemble_market,0.05,760,0.0,0.0,0.05,0.9500256928789509,0.5638871633027321,0.5407894736842105,0.40114184463561875,0.021750685108838687,0.30000000000000004,0.35000000000000003,0.30000000000000004
ensemble_market,0.05,760,0.0,0.0,0.0,0.9504208367257921,0.5641790337698182,0.5421052631578948,0.4044289775102416,0.019905143852544074,0.30000000000000004,0.35000000000000003,0.35000000000000003
ensemble_market,0.05,760,0.0,0.0,0.30000000000000004,0.9514675443505648,0.564610728079538,0.5407894736842105,0.40121796567878204,0.013888807454485091,0.30000000000000004,0.4,0.0
ensemble_market,0.05,760,0.0,0.0,0.25,0.9506397734514439,0.5641170475110117,0.5434210526315789,0.40316478532034433,0.0160323144933729,0.30000000000000004,0.4,0.05
ensemble_market,0.05,760,0.0,0.0,0.2,0.950035797693383,0.5637665402014653,0.5421052631578948,0.4016074029586984,0.017129772564024415,0.30000000000000004,0.4,0.1
ensemble_market,0.05,760,0.0,0.0,0.15000000000000002,0.949654102181185,0.5635592061508992,0.5421052631578948,0.40139950596504353,0.01712741914148136,0.30000000000000004,0.4,0.15000000000000002
ensemble_market,0.05,760,0.0,0.0,0.1,0.9494945931415699,0.563495045359313,0.5447368421052632,0.4039971005488247,0.019598571024611367,0.30000000000000004,0.4,0.2
ensemble_market,0.05,760,0.0,0.0,0.05,0.9495586341025225,0.5635740578267071,0.5421052631578948,0.4027843588528622,0.01975094724599979,0.30000000000000004,0.4,0.25
ensemble_market,0.05,760,0.0,0.0,0.0,0.9498491439940709,0.5637962435530812,0.5407894736842105,0.4016728031194577,0.02060308276636153,0.30000000000000004,0.4,0.30000000000000004
ensemble_market,0.05,760,0.0,0.0,0.25,0.950743073212584,0.5641799976253281,0.5407894736842105,0.40043449767012235,0.01211636871675589,0.30000000000000004,0.45,0.0
ensemble_market,0.05,760,0.0,0.0,0.2,0.9500282592726894,0.5637598055750699,0.5421052631578948,0.4013345387231477,0.015661538429375156,0.30000000000000004,0.45,0.05
ensemble_market,0.05,760,0.0,0.0,0.15000000000000002,0.9495384270786351,0.5634827867837919,0.5407894736842105,0.40077664517023787,0.014380930822243397,0.30000000000000004,0.45,0.1
ensemble_market,0.05,760,0.0,0.0,0.1,0.949272777533883,0.5633489412514939,0.5434210526315789,0.40305457319187293,0.016819009074154654,0.30000000000000004,0.45,0.15000000000000002
ensemble_market,0.05,760,0.0,0.0,0.05,0.9492319903919572,0.5633582689781761,0.5434210526315789,0.4031704424889222,0.01725139104536904,0.30000000000000004,0.45,0.2
ensemble_market,0.05,760,0.0,0.0,0.0,0.9494182945672607,0.5635107699638384,0.5407894736842105,0.40181121560431904,0.01924648436063294,0.30000000000000004,0.45,0.25
ensemble_market,0.05,760,0.0,0.0,0.2,0.9501665720191852,0.5638503875761686,0.5434210526315789,0.40297128356829853,0.01188033181978422,0.30000000000000004,0.5,0.0
ensemble_market,0.05,760,0.0,0.0,0.15000000000000002,0.9495665008252504,0.5635036840441788,0.5421052631578948,0.40214757151428726,0.012294613458244851,0.30000000000000004,0.5,0.05
ensemble_market,0.05,760,0.0,0.0,0.1,0.949193257008559,0.5633001537711689,0.5434210526315789,0.40345838350456714,0.017122940332907798,0.30000000000000004,0.5,0.1
ensemble_market,0.05,760,0.0,0.0,0.05,0.9490468231192066,0.5632397967571393,0.5434210526315789,0.40305457319187293,0.014566276592537206,0.30000000000000004,0.5,0.15000000000000002
ensemble_market,0.05,760,0.0,0.0,0.0,0.9491287489502527,0.5633226130020897,0.5434210526315789,0.4038908962759578,0.014980874854874171,0.30000000000000004,0.5,0.2
ensemble_market,0.05,760,0.0,0.0,0.15000000000000002,0.9497413238171731,0.5636218979320596,0.5434210526315789,0.4035140520569554,0.011765603337319994,0.30000000000000004,0.55,0.0
ensemble_market,0.05,760,0.0,0.0,0.1,0.9492584280619422,0.5633486829183381,0.5421052631578948,0.40240591649503843,0.016499459018626855,0.30000000000000004,0.55,0.05
ensemble_market,0.05,760,0.0,0.0,0.05,0.9490049477893655,0.5632186411635964,0.5434210526315789,0.4033712320495111,0.015802575139816876,0.30000000000000004,0.55,0.1
ensemble_market,0.05,760,0.0,0.0,0.0,0.9489817429146219,0.5632317726678351,0.5434210526315789,0.40377299025235813,0.01716347922407461,0.30000000000000004,0.55,0.15000000000000002
ensemble_market,0.05,760,0.0,0.0,0.1,0.9494715030519169,0.5634945286930012,0.5434210526315789,0.4039660350005178,0.013796175199198608,0.30000000000000004,0.6000000000000001,0.0
ensemble_market,0.05,760,0.0,0.0,0.05,0.9491089668697794,0.5632948021975479,0.5447368421052632,0.4051356564005431,0.01746173789242545,0.30000000000000004,0.6000000000000001,0.05
ensemble_market,0.05,760,0.0,0.0,0.0,0.9489792938648116,0.5632382489610747,0.5460526315789473,0.4060890515164444,0.014157602134753524,0.30000000000000004,0.6000000000000001,0.1
ensemble_market,0.05,760,0.0,0.0,0.05,0.9493623375257899,0.5634682798589933,0.5447368421052632,0.4054675365020193,0.016325829678475186,0.30000000000000004,0.65,0.0
ensemble_market,0.05,760,0.0,0.0,0.0,0.9491242426786791,0.5633420418818083,0.5447368421052632,0.40487612294492115,0.017275372169411534,0.30000000000000004,0.65,0.05
ensemble_market,0.05,760,0.0,0.0,0.0,0.949420333557212,0.563543151430036,0.5460526315789473,0.4062338200269235,0.01804689825589495,0.30000000000000004,0.7000000000000001,0.0
ensemble_market,0.05,760,0.0,0.0,0.65,0.9604308916389603,0.5703853655700237,0.5381578947368421,0.39998497760297175,0.02136776131893437,0.35000000000000003,0.0,0.0
ensemble_market,0.05,760,0.0,0.0,0.6000000000000001,0.9588086859257586,0.5693727802671682,0.5381578947368421,0.3997226679749652,0.020275418997386715,0.35000000000000003,0.0,0.05
ensemble_market,0.05,760,0.0,0.0,0.55,0.9574183910775541,0.5685033682232928,0.5342105263157895,0.3960124152076072,0.019018959364573422,0.35000000000000003,0.0,0.1
ensemble_market,0.05,760,0.0,0.0,0.5,0.9562537174859981,0.5677771294383975,0.531578947368421,0.39331366764995085,0.0170567245026532,0.35000000000000003,0.0,0.15000000000000002
ensemble_market,0.05,760,0.0,0.0,0.45,0.9553099686314053,0.5671940639124823,0.5368421052631579,0.39641942855179285,0.022337700420168853,0.35000000000000003,0.0,0.2
ensemble_market,0.05,760,0.0,0.0,0.4,0.9545839003874758,0.5667541716455473,0.5394736842105263,0.3983382840414998,0.02221136713163139,0.35000000000000003,0.0,0.25
ensemble_market,0.05,760,0.0,0.0,0.35000000000000003,0.9540736438389843,0.5664574526375924,0.5394736842105263,0.39820784086839134,0.021864307502024054,0.35000000000000003,0.0,0.30000000000000004
ensemble_market,0.05,760,0.0,0.0,0.30000000000000004,0.9537786852957086,0.5663039068886175,0.5394736842105263,0.39919957567867304,0.024032980298354285,0.35000000000000003,0.0,0.35000000000000003
ensemble_market,0.05,760,0.0,0.0,0.25,0.9536999040726546,0.5662935343986227,0.5394736842105263,0.3995085050448372,0.027648920134837062,0.35000000000000003,0.0,0.4
ensemble_market,0.05,760,0.0,0.0,0.2,0.953839675921859,0.5664263351676082,0.5394736842105263,0.40063462338743233,0.022122449531248884,0.35000000000000003,0.0,0.45
ensemble_market,0.05,760,0.0,0.0,0.15000000000000002,0.9542020596540516,0.5667023091955736,0.5368421052631579,0.3986635454797778,0.02216480824479179,0.35000000000000003,0.0,0.5
ensemble_market,0.05,760,0.0,0.0,0.1,0.9547930994814288,0.5671214564825193,0.5355263157894737,0.4018455896550958,0.022712929525973053,0.35000000000000003,0.0,0.55
ensemble_market,0.05,760,0.0,0.0,0.05,0.9556213016843631,0.5676837770284451,0.5342105263157895,0.4085840645547665,0.016524358132639028,0.35000000000000003,0.0,0.6000000000000001
ensemble_market,0.05,760,0.0,0.0,0.0,0.9566983936983188,0.5683892708333509,0.5342105263157895,0.4141675747578333,0.014647127598205011,0.35000000000000003,0.0,0.65
ensemble_market,0.05,760,0.0,0.0,0.6000000000000001,0.9586765466055699,0.5692268749008202,0.5355263157894737,0.398046398046398,0.02096637545833742,0.35000000000000003,0.05,0.0
ensemble_market,0.05,760,0.0,0.0,0.55,0.9571694253220169,0.5682877781162329,0.5342105263157895,0.39613682270976636,0.018647203238952283,0.35000000000000003,0.05,0.05
ensemble_market,0.05,760,0.0,0.0,0.5,0.9558914724868877,0.5674918545906258,0.531578947368421,0.3931934820180813,0.01796743950228043,0.35000000000000003,0.05,0.1
ensemble_market,0.05,760,0.0,0.0,0.45,0.9548371366891463,0.5668391043239989,0.5368421052631579,0.396889400921659,0.01993833778202087,0.35000000000000003,0.05,0.15000000000000002
ensemble_market,0.05,760,0.0,0.0,0.4,0.954002383320467,0.5663295273163519,0.5407894736842105,0.4003729364468394,0.024004547391256296,0.35000000000000003,0.05,0.2
ensemble_market,0.05,760,0.0,0.0,0.35000000000000003,0.953384581867826,0.5659631235676851,0.5434210526315789,0.4027558357287629,0.023125470792676867,0.35000000000000003,0.05,0.25
ensemble_market,0.05,760,0.0,0.0,0.30000000000000004,0.9529824515492826,0.5657398930779984,0.5407894736842105,0.3999135944700461,0.026566357722524386,0.35000000000000003,0.05,0.30000000000000004
ensemble_market,0.05,760,0.0,0.0,0.25,0.952796061548941,0.5656598358472918,0.5407894736842105,0.4004050028953546,0.02475883881338786,0.35000000000000003,0.05,0.35000000000000003
ensemble_market,0.05,760,0.0,0.0,0.2,0.9528268884560193,0.5657229518755654,0.5434210526315789,0.40328044307283056,0.023143013864770058,0.35000000000000003,0.05,0.4
ensemble_market,0.05,760,0.0,0.0,0.15000000000000002,0.9530779407125993,0.5659292411628191,0.5368421052631579,0.3984024982542036,0.021736142071109497,0.35000000000000003,0.05,0.45
ensemble_market,0.05,760,0.0,0.0,0.1,0.9535539697951977,0.5662787037090529,0.5328947368421053,0.3968726379440666,0.02241008692645219,0.35000000000000003,0.05,0.5
ensemble_market,0.05,760,0.0,0.0,0.05,0.9542618035892388,0.5667713395142667,0.5368421052631579,0.40849530712077414,0.018437765900646184,0.35000000000000003,0.05,0.55
ensemble_market,0.05,760,0.0,0.0,0.0,0.9552108649659196,0.5674071485784608,0.5368421052631579,0.41054203664309846,0.011960577886032879,0.35000000000000003,0.05,0.6000000000000001
ensemble_market,0.05,760,0.0,0.0,0.55,0.9570657109047153,0.568169504636667,0.5355263157894737,0.3974808439888113,0.015817912701344312,0.35000000000000003,0.1,0.0
ensemble_market,0.05,760,0.0,0.0,0.5,0.9556719904763847,0.5673038963703482,0.5342105263157895,0.39613682270976636,0.018581609650232384,0.35000000000000003,0.1,0.05
ensemble_market,0.05,760,0.0,0.0,0.45,0.9545052564345161,0.5665814613630092,0.5368421052631579,0.39838099208998506,0.01949368755595053,0.35000000000000003,0.1,0.1
ensemble_market,0.05,760,0.0,0.0,0.4,0.9535606525179476,0.5660021996146506,0.5394736842105263,0.3994753683742828,0.022328287591594265,0.35000000000000003,0.1,0.15000000000000002
ensemble_market,0.05,760,0.0,0.0,0.35000000000000003,0.9528347818342225,0.5655661111252719,0.5421052631578948,0.4022997924177865,0.022803859413525283,0.35000000000000003,0.1,0.2
ensemble_market,0.05,760,0.0,0.0,0.30000000000000004,0.9523256192584187,0.5652731958948735,0.5460526315789473,0.40487554529124975,0.02220217421783815,0.35000000000000003,0.1,0.25
ensemble_market,0.05,760,0.0,0.0,0.25,0.9520324786985088,0.565123453923455,0.5447368421052632,0.40312900014222725,0.025262214619869855,0.35000000000000003,0.1,0.30000000000000004
ensemble_market,0.05,760,0.0,0.0,0.2,0.9519560337658258,0.5651168852110167,0.5447368421052632,0.4042502511417889,0.02139519056129193,0.35000000000000003,0.1,0.35000000000000003
ensemble_market,0.05,760,0.0,0.0,0.15000000000000002,0.9520983964861928,0.5652534897575586,0.5421052631578948,0.40317000227645156,0.02109271754347489,0.35000000000000003,0.1,0.4
ensemble_market,0.05,760,0.0,0.0,0.1,0.9524632660477088,0.5655332675630804,0.5421052631578948,0.40389374232383335,0.019704863336412266,0.35000000000000003,0.1,0.45
ensemble_market,0.05,760,0.0,0.0,0.05,0.9530561701320087,0.5659562186275825,0.5394736842105263,0.4034085255037107,0.016459111558320312,0.35000000000000003,0.1,0.5
ensemble_market,0.05,760,0.0,0.0,0.0,0.9538848384413438,0.5665223429510646,0.5381578947368421,0.40954637488725537,0.016376626656350965,0.35000000000000003,0.1,0.55
ensemble_market,0.05,760,0.0,0.0,0.5,0.9555972426852406,0.5672132547775647,0.5368421052631579,0.39894927277001546,0.01721227055600225,0.35000000000000003,0.15000000000000002,0.0
ensemble_market,0.05,760,0.0,0.0,0.45,0.9543157059127088,0.5664211350295139,0.5394736842105263,0.4011910967561693,0.020008384478332274,0.35000000000000003,0.15000000000000002,0.05
ensemble_market,0.05,760,0.0,0.0,0.4,0.953259510750174,0.5657721885404433,0.5394736842105263,0.4000532612258276,0.018561239388232096,0.35000000000000003,0.15000000000000002,0.1
ensemble_market,0.05,760,0.0,0.0,0.35000000000000003,0.9524244665008693,0.5652664153103528,0.5407894736842105,0.40095356497443063,0.023300622433843343,0.35000000000000003,0.15000000000000002,0.15000000000000002
ensemble_market,0.05,760,0.0,0.0,0.30000000000000004,0.951807801661924,0.5649038153392425,0.5434210526315789,0.4027558357287629,0.021536238957474946,0.35000000000000003,0.15000000000000002,0.2
ensemble_market,0.05,760,0.0,0.0,0.25,0.9514080997002565,0.5646843886271122,0.5447368421052632,0.403202584059241,0.020890432972562482,0.35000000000000003,0.15000000000000002,0.25
ensemble_market,0.05,760,0.0,0.0,0.2,0.9512252877465366,0.5646081351739621,0.5460526315789473,0.40449325976593437,0.022237124013130678,0.35000000000000003,0.15000000000000002,0.30000000000000004
ensemble_market,0.05,760,0.0,0.0,0.15000000000000002,0.9512606789292339,0.5646750549797921,0.5460526315789473,0.40488962529556954,0.02231856934270284,0.35000000000000003,0.15000000000000002,0.35000000000000003
ensemble_market,0.05,760,0.0,0.0,0.1,0.9515170751954456,0.5648851480446022,0.5421052631578948,0.4036308780690803,0.021307654848771503,0.35000000000000003,0.15000000000000002,0.4
ensemble_market,0.05,760,0.0,0.0,0.05,0.951998945316102,0.5652384143683924,0.5421052631578948,0.40554666164422254,0.018188451784137825,0.35000000000000003,0.15000000000000002,0.45
ensemble_market,0.05,760,0.0,0.0,0.0,0.9527127044524593,0.5657348539511627,0.5434210526315789,0.40872615039281707,0.017257193423351972,0.35000000000000003,0.15000000000000002,0.5
ensemble_market,0.05,760,0.0,0.0,0.45,0.9542705483274625,0.5663581253235125,0.5368421052631579,0.39851005134928447,0.01847258192486775,0.35000000000000003,0.2,0.0
ensemble_market,0.05,760,0.0,0.0,0.4,0.9531004312726775,0.5656394940937302,0.5394736842105263,0.40031477204687366,0.016780286832653268,0.35000000000000003,0.2,0.05
ensemble_market,0.05,760,0.0,0.0,0.35000000000000003,0.9521545365231047,0.5650640361229279,0.5381578947368421,0.39896424965898847,0.020606148170963668,0.35000000000000003,0.2,0.1
ensemble_market,0.05,760,0.0,0.0,0.30000000000000004,0.9514293219791637,0.5646317514111057,0.5421052631578948,0.40185441792832094,0.020596276616893495,0.35000000000000003,0.2,0.15000000000000002
ensemble_market,0.05,760,0.0,0.0,0.25,0.9509226411026646,0.5643426399582635,0.5434210526315789,0.4023018392230863,0.021771539843621866,0.35000000000000003,0.2,0.2
ensemble_market,0.05,760,0.0,0.0,0.2,0.9506337014108537,0.5641967017644016,0.5447368421052632,0.4034635966292888,0.021433178635295157,0.35000000000000003,0.2,0.25
ensemble_market,0.05,760,0.0,0.0,0.15000000000000002,0.9505630754454493,0.5641939368295198,0.5460526315789473,0.4046271274830513,0.024287403894061015,0.35000000000000003,0.2,0.30000000000000004
ensemble_market,0.05,760,0.0,0.0,0.1,0.9507127672157041,0.564334345153618,0.5460526315789473,0.40600845019311027,0.023465772817822975,0.35000000000000003,0.2,0.35000000000000003
ensemble_market,0.05,760,0.0,0.0,0.05,0.9510863435840471,0.5646179267366963,0.5460526315789473,0.40752378276958723,0.019229659609997212,0.35000000000000003,0.2,0.4
ensemble_market,0.05,760,0.0,0.0,0.0,0.9516891488476015,0.5650446815787549,0.5460526315789473,0.40888269025410323,0.016601892591834578,0.35000000000000003,0.2,0.45
ensemble_market,0.05,760,0.0,0.0,0.4,0.9530855789341497,0.5656041162745111,0.5368421052631579,0.39819531463399804,0.014170049504264294,0.35000000000000003,0.25,0.0
ensemble_market,0.05,760,0.0,0.0,0.35000000000000003,0.9520265685080025,0.564958973562997,0.5394736842105263,0.4007565825412433,0.01852873141118816,0.35000000000000003,0.25,0.05
ensemble_market,0.05,760,0.0,0.0,0.30000000000000004,0.951191185687213,0.5644570041104628,0.5407894736842105,0.40090373348452824,0.018348495185976046,0.35000000000000003,0.25,0.1
ensemble_market,0.05,760,0.0,0.0,0.25,0.9505765325087545,0.564098207916909,0.5421052631578948,0.40140168970814133,0.020673389709088143,0.35000000000000003,0.25,0.15000000000000002
ensemble_market,0.05,760,0.0,0.0,0.2,0.9501810996180685,0.5638825849823352,0.5447368421052632,0.403202584059241,0.02168237004274771,0.35000000000000003,0.25,0.2
ensemble_market,0.05,760,0.0,0.0,0.15000000000000002,0.9500047479255003,0.5638101353067415,0.5447368421052632,0.40313645494646594,0.024338575986181873,0.35000000000000003,0.25,0.25
ensemble_market,0.05,760,0.0,0.0,0.1,0.9500487439288101,0.5638808588901278,0.5460526315789473,0.40508426031288947,0.02334585936201946,0.35000000000000003,0.25,0.30000000000000004
ensemble_market,0.05,760,0.0,0.0,0.05,0.9503158543016021,0.5640947557324945,0.5434210526315789,0.40328044307283056,0.019102864704436662,0.35000000000000003,0.25,0.35000000000000003
ensemble_market,0.05,760,0.0,0.0,0.0,0.9508105125755342,0.5644518258338411,0.5447368421052632,0.4059721873867848,0.01957770454666349,0.35000000000000003,0.25,0.4
ensemble_market,0.05,760,0.0,0.0,0.35000000000000003,0.952042839743371,0.5649512276305602,0.5368421052631579,0.39851005134928447,0.015645236021581462,0.35000000000000003,0.30000000000000004,0.0
ensemble_market,0.05,760,0.0,0.0,0.30000000000000004,0.9510950821056093,0.5643795734373144,0.5434210526315789,0.40360983102918585,0.015591794096173742,0.35000000000000003,0.30000000000000004,0.05
ensemble_market,0.05,760,0.0,0.0,0.25,0.9503708924391595,0.5639510925030485,0.5421052631578948,0.4018077288578714,0.017047703953323758,0.35000000000000003,0.30000000000000004,0.1
ensemble_market,0.05,760,0.0,0.0,0.2,0.9498680256108323,0.563665784827763,0.5460526315789473,0.4042413973606634,0.019846303471689336,0.35000000000000003,0.30000000000000004,0.15000000000000002
ensemble_market,0.05,760,0.0,0.0,0.15000000000000002,0.9495856358945527,0.5635236504114574,0.5434210526315789,0.4022351858172753,0.022562209192110876,0.35000000000000003,0.30000000000000004,0.2
ensemble_market,0.05,760,0.0,0.0,0.1,0.949524283502259,0.5635246892541319,0.5447368421052632,0.4040539936837837,0.02058700132922642,0.35000000000000003,0.30000000000000004,0.25
ensemble_market,0.05,760,0.0,0.0,0.05,0.9496859979278474,0.5636689013557866,0.5421052631578948,0.40237866638987646,0.02158325283260298,0.35000000000000003,0.30000000000000004,0.30000000000000004
ensemble_market,0.05,760,0.0,0.0,0.0,0.9500744069476172,0.5639562867164214,0.5460526315789473,0.4063525862833821,0.019487563742484833,0.35000000000000003,0.30000000000000004,0.35000000000000003
ensemble_market,0.05,760,0.0,0.0,0.30000000000000004,0.9511434132153068,0.5643994593916598,0.5407894736842105,0.4013536866359447,0.012995779076766283,0.35000000000000003,0.35000000000000003,0.0
ensemble_market,0.05,760,0.0,0.0,0.25,0.9503075338302602,0.5639012937166822,0.5447368421052632,0.4040712599491738,0.013331067845752801,0.35000000000000003,0.35000000000000003,0.05
ensemble_market,0.05,760,0.0,0.0,0.2,0.9496957207817702,0.5635463013006847,0.5421052631578948,0.40134905797794723,0.015812781600289618,0.35000000000000003,0.35000000000000003,0.1
ensemble_market,0.05,760,0.0,0.0,0.15000000000000002,0.9493064051475553,0.5633344821436672,0.5421052631578948,0.4016074029586984,0.01661278232186046,0.35000000000000003,0.35000000000000003,0.15000000000000002
ensemble_market,0.05,760,0.0,0.0,0.1,0.9491394481765888,0.56326583624563,0.5434210526315789,0.40309279683479654,0.019237918324846424,0.35000000000000003,0.35000000000000003,0.2
ensemble_market,0.05,760,0.0,0.0,0.05,0.9491961760182791,0.5633403636065729,0.5447368421052632,0.4039971005488247,0.02010300051806965,0.35000000000000003,0.35000000000000003,0.25
ensemble_market,0.05,760,0.0,0.0,0.0,0.94947947697217,0.5635580642264958,0.5421052631578948,0.4020432285510469,0.018343999510606727,0.35000000000000003,0.35000000000000003,0.30000000000000004
ensemble_market,0.05,760,0.0,0.0,0.25,0.9503889975075621,0.56394881155781,0.5421052631578948,0.4016700170094325,0.014481894932464545,0.35000000000000003,0.4,0.0
ensemble_market,0.05,760,0.0,0.0,0.2,0.9496661345655188,0.5635241344011005,0.5434210526315789,0.40342403429194595,0.012909729070058332,0.35000000000000003,0.4,0.05
ensemble_market,0.05,760,0.0,0.0,0.15000000000000002,0.9491684318263551,0.5632426305033713,0.5421052631578948,0.40260582829903263,0.014265141565658548,0.35000000000000003,0.4,0.1
ensemble_market,0.05,760,0.0,0.0,0.1,0.9488950373303067,0.5631042998646223,0.5460526315789473,0.40523818882027834,0.014538896022140618,0.35000000000000003,0.4,0.15000000000000002
ensemble_market,0.05,760,0.0,0.0,0.05,0.9488465837650698,0.5631091424848533,0.5447368421052632,0.40413663579998943,0.016440189434683245,0.35000000000000003,0.4,0.2
ensemble_market,0.05,760,0.0,0.0,0.0,0.9490252569491309,0.5632571583640644,0.5434210526315789,0.4036906716709672,0.01766674862871008,0.35000000000000003,0.4,0.25
ensemble_market,0.05,760,0.0,0.0,0.2,0.9497819632637536,0.5635992841290106,0.5421052631578948,0.40246453349901623,0.013971992220841752,0.35000000000000003,0.45,0.0
ensemble_market,0.05,760,0.0,0.0,0.15000000000000002,0.9491738173147634,0.5632480954905694,0.5421052631578948,0.40260582829903263,0.012234023085109005,0.35000000000000003,0.45,0.05
ensemble_market,0.05,760,0.0,0.0,0.1,0.9487925763987282,0.5630400801111085,0.5460526315789473,0.40578687367678196,0.015280244710667678,0.35000000000000003,0.45,0.1
ensemble_market,0.05,760,0.0,0.0,0.05,0.9486381679413204,0.5629752379906278,0.5447368421052632,0.40413663579998943,0.013360180079571798,0.35000000000000003,0.45,0.15000000000000002
ensemble_market,0.05,760,0.0,0.0,0.0,0.9487120881695513,0.563053569129127,0.5460526315789473,0.4053037977533149,0.016394519580985412,0.35000000000000003,0.45,0.2
ensemble_market,0.05,760,0.0,0.0,0.15000000000000002,0.9493254332993307,0.5633508771052618,0.5421052631578948,0.40214757151428726,0.012631570351440035,0.35000000000000003,0.5,0.0
ensemble_market,0.05,760,0.0,0.0,0.1,0.9488343375629428,0.563073176985089,0.5447368421052632,0.40487612294492115,0.014229820041636797,0.35000000000000003,0.5,0.05
ensemble_market,0.05,760,0.0,0.0,0.05,0.9485726213699485,0.5629386501238963,0.5434210526315789,0.4032557070762044,0.01731834575917232,0.35000000000000003,0.5,0.1
ensemble_market,0.05,760,0.0,0.0,0.0,0.9485410823602948,0.5629472965216836,0.5460526315789473,0.4056415266953996,0.014066600569106993,0.35000000000000003,0.5,0.15000000000000002
ensemble_market,0.05,760,0.0,0.0,0.1,0.9490233921984567,0.5632035904865634,0.5421052631578948,0.40274952606307163,0.012759540419697589,0.35000000000000003,0.55,0.0
ensemble_market,0.05,760,0.0,0.0,0.05,0.9486524104601277,0.5629993788846589,0.5447368421052632,0.4050626372207155,0.018454599577688642,0.35000000000000003,0.55,0.05
ensemble_market,0.05,760,0.0,0.0,0.0,0.948514122670515,0.5629383405417345,0.5460526315789473,0.40578687367678196,0.014302232921989507,0.35000000000000003,0.55,0.1
ensemble_market,0.05,760,0.0,0.0,0.05,0.9488808365891842,0.5631574242729157,0.5447368421052632,0.4053218861923171,0.019779427515020306,0.35000000000000003,0.6000000000000001,0.0
ensemble_market,0.05,760,0.0,0.0,0.0,0.9486338994988871,0.5630267011892794,0.55,0.40959145895217186,0.01873985600578221,0.35000000000000003,0.6000000000000001,0.05
ensemble_market,0.05,760,0.0,0.0,0.0,0.9489039829469658,0.5632123784643184,0.5460526315789473,0.4059742865713016,0.018104951384934714,0.35000000000000003,0.65,0.0
ensemble_market,0.05,760,0.0,0.0,0.6000000000000001,0.9585682605483595,0.5691636469797972,0.5394736842105263,0.4011910967561693,0.01761967218764063,0.4,0.0,0.0
ensemble_market,0.05,760,0.0,0.0,0.55,0.9570506337365616,0.5682200650887588,0.5381578947368421,0.40015639874881,0.018976187163108303,0.4,0.0,0.05
ensemble_market,0.05,760,0.0,0.0,0.5,0.9557630865850141,0.5674196564567004,0.5355263157894737,0.3972324221406229,0.019232435260818054,0.4,0.0,0.1
ensemble_market,0.05,760,0.0,0.0,0.45,0.9546999542235347,0.5667624210836223,0.5394736842105263,0.3994753683742828,0.020368029554870486,0.4,0.0,0.15000000000000002
ensemble_market,0.05,760,0.0,0.0,0.4,0.9538571166467259,0.5662483589695242,0.5434210526315789,0.4026242408690446,0.024207029318533888,0.4,0.0,0.2
ensemble_market,0.05,760,0.0,0.0,0.35000000000000003,0.9532318814986019,0.5658774701144063,0.5421052631578948,0.4009415322234249,0.022234587000919764,0.4,0.0,0.25
ensemble_market,0.05,760,0.0,0.0,0.30000000000000004,0.9528229273718856,0.5656497545182685,0.5407894736842105,0.4000432495887427,0.0259799674545724,0.4,0.0,0.30000000000000004
ensemble_market,0.05,760,0.0,0.0,0.25,0.9526303036338284,0.5655652121811106,0.5407894736842105,0.40035727230362966,0.024343487502760136,0.4,0.0,0.35000000000000003
ensemble_market,0.05,760,0.0,0.0,0.2,0.9526554895080764,0.565623843102933,0.5421052631578948,0.4017789415713291,0.02160561521829619,0.4,0.0,0.4
ensemble_market,0.05,760,0.0,0.0,0.15000000000000002,0.9529015227806638,0.5658256472837355,0.5368421052631579,0.39862057460418415,0.02163494754304253,0.4,0.0,0.45
ensemble_market,0.05,760,0.0,0.0,0.1,0.9533732190955541,0.5661706247235181,0.5368421052631579,0.4008622942252417,0.019968791297055106,0.4,0.0,0.5
ensemble_market,0.05,760,0.0,0.0,0.05,0.9540775197685503,0.5666587754222809,0.5381578947368421,0.4086594449991396,0.017272778124965752,0.4,0.0,0.55
ensemble_market,0.05,760,0.0,0.0,0.0,0.9550240360782587,0.5672900993800237,0.5355263157894737,0.4075525000212748,0.012410574782093885,0.4,0.0,0.6000000000000001
ensemble_market,0.05,760,0.0,0.0,0.55,0.9569283294666538,0.5680863593360043,0.5368421052631579,0.39894927277001546,0.0165215822881151,0.4,0.05,0.0
ensemble_market,0.05,760,0.0,0.0,0.5,0.9555246144523335,0.567216265963234,0.5355263157894737,0.3973554900384169,0.018444222446938236,0.4,0.05,0.05
ensemble_market,0.05,760,0.0,0.0,0.45,0.9543486972295622,0.5664893458494441,0.5355263157894737,0.39633180378018135,0.022621446576262316,0.4,0.05,0.1
ensemble_market,0.05,760,0.0,0.0,0.4,0.9533956223557403,0.5659055989946341,0.5421052631578948,0.4017242778838718,0.02211890654761437,0.4,0.05,0.15000000000000002
ensemble_market,0.05,760,0.0,0.0,0.35000000000000003,0.9526619184152403,0.5654650253988043,0.5434210526315789,0.40320247448401964,0.02261540773437309,0.4,0.05,0.2
ensemble_market,0.05,760,0.0,0.0,0.30000000000000004,0.952145506854266,0.5651676250619546,0.5447368421052632,0.404105722350526,0.02105911585009426,0.4,0.05,0.25
ensemble_market,0.05,760,0.0,0.0,0.25,0.9518456675806877,0.565013397984085,0.5473684210526316,0.4059139784946237,0.02591346018501097,0.4,0.05,0.30000000000000004
ensemble_market,0.05,760,0.0,0.0,0.2,0.9517630597385203,0.5650023441651956,0.5434210526315789,0.40328044307283056,0.021959172396048682,0.4,0.05,0.35000000000000003
ensemble_market,0.05,760,0.0,0.0,0.15000000000000002,0.9518998025021614,0.5651344636052863,0.5421052631578948,0.40251150804784014,0.022315355484080483,0.4,0.05,0.4
ensemble_market,0.05,760,0.0,0.0,0.1,0.9522596285299167,0.5654097563043571,0.5407894736842105,0.4025275275275275,0.01936665040301393,0.4,0.05,0.45
ensemble_market,0.05,760,0.0,0.0,0.05,0.9528481339660998,0.5658282222624079,0.5381578947368421,0.4017693651839993,0.014840215883931139,0.4,0.05,0.5
ensemble_market,0.05,760,0.0,0.0,0.0,0.9536731672421909,0.5663898614794389,0.5355263157894737,0.40698630464083774,0.014050731955177288,0.4,0.05,0.55
ensemble_market,0.05,760,0.0,0.0,0.5,0.9554309091712514,0.5671101920972618,0.5355263157894737,0.3976084930556089,0.017947760180572012,0.4,0.1,0.0
ensemble_market,0.05,760,0.0,0.0,0.45,0.9541398199359644,0.56631358724276,0.5368421052631579,0.3986944104447165,0.01909210743137065,0.4,0.1,0.05
ensemble_market,0.05,760,0.0,0.0,0.4,0.953074790102432,0.5656601556472383,0.5394736842105263,0.3999259901587375,0.021176865186597005,0.4,0.1,0.1
ensemble_market,0.05,760,0.0,0.0,0.35000000000000003,0.9522315420108709,0.5651498973106966,0.5421052631578948,0.4022997924177865,0.022332515916956116,0.4,0.1,0.15000000000000002
ensemble_market,0.05,760,0.0,0.0,0.30000000000000004,0.9516072388966318,0.5647828122331351,0.5447368421052632,0.404105722350526,0.02104360973010958,0.4,0.1,0.2
ensemble_market,0.05,760,0.0,0.0,0.25,0.9512004178763774,0.5645589004145537,0.5460526315789473,0.4050095517485565,0.01935274642577551,0.4,0.1,0.25
ensemble_market,0.05,760,0.0,0.0,0.2,0.9510109775323702,0.5644781618549524,0.5486842105263158,0.4069451309935739,0.022558465039704455,0.4,0.1,0.30000000000000004
ensemble_market,0.05,760,0.0,0.0,0.15000000000000002,0.9510402207808581,0.5645405965543312,0.5447368421052632,0.40398742808474836,0.02293821264630219,0.4,0.1,0.35000000000000003
ensemble_market,0.05,760,0.0,0.0,0.1,0.9512909601541273,0.5647462045126901,0.5407894736842105,0.40226527105139825,0.020221923610322164,0.4,0.1,0.4
ensemble_market,0.05,760,0.0,0.0,0.05,0.9517677009141845,0.565094985730029,0.5447368421052632,0.4061643686990335,0.018756192917681526,0.4,0.1,0.45
ensemble_market,0.05,760,0.0,0.0,0.0,0.9524769298281064,0.5655869402063483,0.5407894736842105,0.40412457912457916,0.01581036050683191,0.4,0.1,0.5
ensemble_market,0.05,760,0.0,0.0,0.45,0.954075308272114,0.5662351452635701,0.5355263157894737,0.398046398046398,0.01868275339676152,0.4,0.15000000000000002,0.0
ensemble_market,0.05,760,0.0,0.0,0.4,0.9528960149361709,0.5655120289273364,0.5394736842105263,0.40018285206498944,0.016600701057377442,0.4,0.15000000000000002,0.05
ensemble_market,0.05,760,0.0,0.0,0.35000000000000003,0.951941572526711,0.5649320858500829,0.5394736842105263,0.39973318468397884,0.02058915490095896,0.4,0.15000000000000002,0.1
ensemble_market,0.05,760,0.0,0.0,0.30000000000000004,0.9512083623534998,0.5644953160318096,0.5407894736842105,0.40095356497443063,0.021778905888469816,0.4,0.15000000000000002,0.15000000000000002
ensemble_market,0.05,760,0.0,0.0,0.25,0.9506941803464958,0.5642017194725163,0.5460526315789473,0.40456042885743,0.019635310271853217,0.4,0.15000000000000002,0.2
ensemble_market,0.05,760,0.0,0.0,0.2,0.9503981933882923,0.5640512961722032,0.5473684210526316,0.40546363589505696,0.019584224470857985,0.4,0.15000000000000002,0.25
ensemble_market,0.05,760,0.0,0.0,0.15000000000000002,0.9503209496180934,0.5640440461308702,0.5447368421052632,0.4037252106107885,0.022018650522572174,0.4,0.15000000000000002,0.30000000000000004
ensemble_market,0.05,760,0.0,0.0,0.1,0.9504644457434511,0.5641799693485172,0.5447368421052632,0.40398742808474836,0.024108234034255677,0.4,0.15000000000000002,0.35000000000000003
ensemble_market,0.05,760,0.0,0.0,0.05,0.9508322611706505,0.5644590658251445,0.5460526315789473,0.4068096998732837,0.02147302152365654,0.4,0.15000000000000002,0.4
ensemble_market,0.05,760,0.0,0.0,0.0,0.9514297779936283,0.5648813355607518,0.5434210526315789,0.4066018955937844,0.017012794154845984,0.4,0.15000000000000002,0.45
ensemble_market,0.05,760,0.0,0.0,0.4,0.9528613789531071,0.5654612188349286,0.5394736842105263,0.4004490306537917,0.016622942475838006,0.4,0.2,0.0
ensemble_market,0.05,760,0.0,0.0,0.35000000000000003,0.9517935036365751,0.5648115910169634,0.5381578947368421,0.3998526624358276,0.015721153738099743,0.4,0.2,0.05
ensemble_market,0.05,760,0.0,0.0,0.30000000000000004,0.9509497981171613,0.5643051364579782,0.5421052631578948,0.4021217357910906,0.0185553003582076,0.4,0.2,0.1
ensemble_market,0.05,760,0.0,0.0,0.25,0.9503272964655434,0.5639418551579731,0.5447368421052632,0.404105722350526,0.020005738153874464,0.4,0.2,0.15000000000000002
ensemble_market,0.05,760,0.0,0.0,0.2,0.949924437964185,0.563721747116948,0.5447368421052632,0.403202584059241,0.020282952111161125,0.4,0.2,0.2
ensemble_market,0.05,760,0.0,0.0,0.15000000000000002,0.9497410470897748,0.5636448123349033,0.5447368421052632,0.4033385363588282,0.022605873900568604,0.4,0.2,0.25
ensemble_market,0.05,760,0.0,0.0,0.1,0.9497783684885803,0.5637110508118385,0.5473684210526316,0.40598802807684625,0.022060012830610227,0.4,0.2,0.30000000000000004
ensemble_market,0.05,760,0.0,0.0,0.05,0.9500391626323814,0.5639204625477539,0.5447368421052632,0.4041828338413207,0.019241904447545692,0.4,0.2,0.35000000000000003
ensemble_market,0.05,760,0.0,0.0,0.0,0.9505278753605035,0.5642730475426493,0.5473684210526316,0.40645577389187676,0.021753106577373567,0.4,0.2,0.4
ensemble_market,0.05,760,0.0,0.0,0.35000000000000003,0.951789523918885,0.564788412811338,0.5381578947368421,0.39998497760297175,0.016705276544319213,0.4,0.25,0.0
ensemble_market,0.05,760,0.0,0.0,0.30000000000000004,0.9508331473364932,0.5642122735116408,0.5447368421052632,0.40495646269337904,0.016054081369693683,0.4,0.25,0.05
ensemble_market,0.05,760,0.0,0.0,0.25,0.9501007954549677,0.563779307470924,0.5434210526315789,0.4030260982091753,0.015362303215948149,0.4,0.25,0.1
ensemble_market,0.05,760,0.0,0.0,0.2,0.9495901620247178,0.5634895146891871,0.5447368421052632,0.40419119961607325,0.017190004946224045,0.4,0.25,0.15000000000000002
ensemble_market,0.05,760,0.0,0.0,0.15000000000000002,0.9493003543968876,0.5633428951664303,0.5447368421052632,0.4033385363588282,0.02117991470304192,0.4,0.25,0.2
ensemble_market,0.05,760,0.0,0.0,0.1,0.9492318987109793,0.5633394489026537,0.5486842105263158,0.4069584042059688,0.018167578913383838,0.4,0.25,0.25
ensemble_market,0.05,760,0.0,0.0,0.05,0.9493868030379431,0.5634791758978572,0.55,0.4077974526250388,0.018651235697053545,0.4,0.25,0.30000000000000004
ensemble_market,0.05,760,0.0,0.0,0.0,0.9497686874260481,0.5637620761520409,0.5473684210526316,0.4069145669529716,0.017561824046568388,0.4,0.25,0.35000000000000003
ensemble_market,0.05,760,0.0,0.0,0.30000000000000004,0.9508607167154233,0.5642167271927976,0.5421052631578948,0.4035367159066581,0.011820580551969653,0.4,0.30000000000000004,0.0
ensemble_market,0.05,760,0.0,0.0,0.25,0.9500163962036346,0.5637140764113688,0.5434210526315789,0.40400931968370807,0.011959192274767865,0.4,0.30000000000000004,0.05
ensemble_market,0.05,760,0.0,0.0,0.2,0.9493965122732149,0.5633545988889201,0.5434210526315789,0.40297128356829853,0.014663829893158125,0.4,0.30000000000000004,0.1
ensemble_market,0.05,760,0.0,0.0,0.15000000000000002,0.9489994397803485,0.5631382946254516,0.5447368421052632,0.4034768713667796,0.018099008947596685,0.4,0.30000000000000004,0.15000000000000002
ensemble_market,0.05,760,0.0,0.0,0.1,0.9488249954028196,0.5630651636209631,0.5460526315789473,0.40528468784351884,0.01697020477245875,0.4,0.30000000000000004,0.2
ensemble_market,0.05,760,0.0,0.0,0.05,0.9488744711506952,0.5631352058754548,0.5473684210526316,0.40600359257075674,0.016321693611530692,0.4,0.30000000000000004,0.25
ensemble_market,0.05,760,0.0,0.0,0.0,0.9491507312946992,0.5633484213889266,0.5447368421052632,0.4043186895011169,0.015289843288288989,0.4,0.30000000000000004,0.30000000000000004
ensemble_market,0.05,760,0.0,0.0,0.25,0.9500765369143638,0.5637461619793078,0.5447368421052632,0.404777368838854,0.011999603437507353,0.4,0.35000000000000003,0.0
ensemble_market,0.05,760,0.0,0.0,0.2,0.9493453374126468,0.5633169997161473,0.5434210526315789,0.40342403429194595,0.011585671199840214,0.4,0.35000000000000003,0.05
ensemble_market,0.05,760,0.0,0.0,0.15000000000000002,0.9488395784515516,0.563031010711967,0.5434210526315789,0.4035645098798915,0.01438351656267988,0.4,0.35000000000000003,0.1
ensemble_market,0.05,760,0.0,0.0,0.1,0.9485583543952343,0.5628881949667667,0.5473684210526316,0.40633479104047615,0.015464141404602224,0.4,0.35000000000000003,0.15000000000000002
ensemble_market,0.05,760,0.0,0.0,0.05,0.9485022529721316,0.5628885524805466,0.5473684210526316,0.40614623673728606,0.01566462257580067,0.4,0.35000000000000003,0.2
ensemble_market,0.05,760,0.0,0.0,0.0,0.9486734223544853,0.5630320832533066,0.5460526315789473,0.4053037977533149,0.014695195973728753,0.4,0.35000000000000003,0.25
ensemble_market,0.05,760,0.0,0.0,0.2,0.9494392227802274,0.5633767171708687,0.5421052631578948,0.40265686896781866,0.01158644315854414,0.4,0.4,0.0
ensemble_market,0.05,760,0.0,0.0,0.15000000000000002,0.948822763347335,0.5630210434259765,0.5434210526315789,0.40370738131932155,0.01135912984116821,0.4,0.4,0.05
ensemble_market,0.05,760,0.0,0.0,0.1,0.9484333928623064,0.5628085429400643,0.5460526315789473,0.40523818882027834,0.013597541734611808,0.4,0.4,0.1
ensemble_market,0.05,760,0.0,0.0,0.05,0.9482709845526837,0.5627392157131323,0.5473684210526316,0.40614623673728606,0.015269567421252947,0.4,0.4,0.15000000000000002
ensemble_market,0.05,760,0.0,0.0,0.0,0.9483369854383799,0.5628130617451804,0.5460526315789473,0.40490203955046783,0.012208653827038937,0.4,0.4,0.2
ensemble_market,0.05,760,0.0,0.0,0.15000000000000002,0.9489517455590524,0.56310839276748,0.5447368421052632,0.40487612294492115,0.01216663199618142,0.4,0.45,0.0
ensemble_market,0.05,760,0.0,0.0,0.1,0.9484522654849052,0.5628262075408561,0.5447368421052632,0.4053218861923171,0.012849608304890505,0.4,0.45,0.05
ensemble_market,0.05,760,0.0,0.0,0.05,0.9481822416999574,0.5626871955732121,0.5460526315789473,0.40568596792698514,0.01757784548931286,0.4,0.45,0.1
ensemble_market,0.05,760,0.0,0.0,0.0,0.9481424128150601,0.5626913568645485,0.5473684210526316,0.40659520427052387,0.015691851000230926,0.4,0.45,0.15000000000000002
ensemble_market,0.05,760,0.0,0.0,0.1,0.9486179117186158,0.5629411887691419,0.5434210526315789,0.4039660350005178,0.01222460571239093,0.4,0.5,0.0
ensemble_market,0.05,760,0.0,0.0,0.05,0.9482383624986933,0.5627324920607861,0.5460526315789473,0.4062687931490703,0.01563678028828653,0.4,0.5,0.05
ensemble_market,0.05,760,0.0,0.0,0.0,0.9480914599593894,0.5626669686114106,0.5473684210526316,0.40659520427052387,0.01590115813205969,0.4,0.5,0.1
ensemble_market,0.05,760,0.0,0.0,0.05,0.9484425028095038,0.5628751051758543,0.5434210526315789,0.4035645098798915,0.01784733417805754,0.4,0.55,0.0
ensemble_market,0.05,760,0.0,0.0,0.0,0.9481866757185359,0.5627398969857669,0.55,0.4094426698729361,0.017967275961552814,0.4,0.55,0.05
ensemble_market,0.05,760,0.0,0.0,0.0,0.9484314679541758,0.5629101419876172,0.5473684210526316,0.407475788072803,0.01934938614256585,0.4,0.6000000000000001,0.0
ensemble_market,0.05,760,0.0,0.0,0.55,0.9568324261891337,0.5680317505243576,0.5368421052631579,0.3988206915036184,0.017031513870006818,0.45,0.0,0.0
ensemble_market,0.05,760,0.0,0.0,0.5,0.9554181659090599,0.5671571720451362,0.5368421052631579,0.3985704205439637,0.019079725710301275,0.45,0.0,0.05
ensemble_market,0.05,760,0.0,0.0,0.45,0.9542326174102286,0.5664257668248951,0.5368421052631579,0.3976818207785187,0.022297140263210384,0.45,0.0,0.1
ensemble_market,0.05,760,0.0,0.0,0.4,0.9532707183720197,0.565837534863634,0.5421052631578948,0.4017242778838718,0.023719723984267818,0.45,0.0,0.15000000000000002
ensemble_market,0.05,760,0.0,0.0,0.35000000000000003,0.9525289176894248,0.565392476161353,0.5447368421052632,0.404105722350526,0.024111996596536126,0.45,0.0,0.2
ensemble_market,0.05,760,0.0,0.0,0.30000000000000004,0.9520050804732489,0.5650905907180522,0.5434210526315789,0.4023018392230863,0.02291959151052786,0.45,0.0,0.25
ensemble_market,0.05,760,0.0,0.0,0.25,0.9516984519164825,0.5649318785337314,0.5447368421052632,0.40260581276848256,0.021455643301124108,0.45,0.0,0.30000000000000004
ensemble_market,0.05,760,0.0,0.0,0.2,0.9516096783076181,0.5649163396083907,0.5421052631578948,0.4020549659526924,0.021593036510143195,0.45,0.0,0.35000000000000003
ensemble_market,0.05,760,0.0,0.0,0.15000000000000002,0.9517408902890487,0.5650439739420302,0.5434210526315789,0.4037429689727572,0.020784381543370187,0.45,0.0,0.4
ensemble_market,0.05,760,0.0,0.0,0.1,0.9520958617486837,0.5653147815346499,0.5394736842105263,0.40115693924329215,0.0194378473304896,0.45,0.0,0.45
ensemble_market,0.05,760,0.0,0.0,0.05,0.9526802697893949,0.5657287623862495,0.5394736842105263,0.40267702981325043,0.01982897571827882,0.45,0.0,0.5
ensemble_market,0.05,760,0.0,0.0,0.0,0.9535021010910081,0.5662859164968294,0.5381578947368421,0.40879421707923796,0.012758696305852172,0.45,0.0,0.55
ensemble_market,0.05,760,0.0,0.0,0.5,0.9553059086420319,0.5670356659059753,0.5355263157894737,0.3973554900384169,0.01834510267973329,0.45,0.05,0.0
ensemble_market,0.05,760,0.0,0.0,0.45,0.9540047601426842,0.5662345759450222,0.5328947368421053,0.3952390200026575,0.02054124037501164,0.45,0.05,0.05
ensemble_market,0.05,760,0.0,0.0,0.4,0.9529304890717095,0.5655766592430495,0.5407894736842105,0.4008248661640992,0.02131937701399783,0.45,0.05,0.1
ensemble_market,0.05,760,0.0,0.0,0.35000000000000003,0.9520787241771966,0.5650619158000566,0.5434210526315789,0.40320247448401964,0.022533604654938862,0.45,0.05,0.15000000000000002
ensemble_market,0.05,760,0.0,0.0,0.30000000000000004,0.9514465592285899,0.5646903456160438,0.5460526315789473,0.4054513839936087,0.02180254606801895,0.45,0.05,0.2
ensemble_market,0.05,760,0.0,0.0,0.25,0.9510324830252602,0.5644619486910113,0.5447368421052632,0.4036578341013825,0.02002225952022363,0.45,0.05,0.25
ensemble_market,0.05,760,0.0,0.0,0.2,0.9508363658807744,0.5643767250249588,0.5447368421052632,0.40352477075375326,0.022502604918832016,0.45,0.05,0.30000000000000004
ensemble_market,0.05,760,0.0,0.0,0.15000000000000002,0.9508595032471568,0.5644346746178864,0.5473684210526316,0.4060413098305875,0.01979395628522947,0.45,0.05,0.35000000000000003
ensemble_market,0.05,760,0.0,0.0,0.1,0.9511047239519558,0.5646357974697942,0.5460526315789473,0.4069956540995405,0.017641715422603236,0.45,0.05,0.4
ensemble_market,0.05,760,0.0,0.0,0.05,0.951576579316941,0.5649800935806821,0.5447368421052632,0.4059006103481759,0.017721414588394387,0.45,0.05,0.45
ensemble_market,0.05,760,0.0,0.0,0.0,0.9522816426988739,0.56546756295055,0.5355263157894737,0.399417034742312,0.011716147879671821,0.45,0.05,0.5
ensemble_market,0.05,760,0.0,0.0,0.45,0.9539213109177139,0.5661407016926436,0.5342105263157895,0.39658119658119656,0.01905932016911171,0.45,0.1,0.0
ensemble_market,0.05,760,0.0,0.0,0.4,0.9527323772492082,0.5654131002499588,0.5394736842105263,0.40018285206498944,0.0169577906079671,0.45,0.1,0.05
ensemble_market,0.05,760,0.0,0.0,0.35000000000000003,0.9517690218401463,0.5648286720662542,0.5394736842105263,0.3996031135061158,0.02081371346680929,0.45,0.1,0.1
ensemble_market,0.05,760,0.0,0.0,0.30000000000000004,0.9510275438081366,0.5643874171415297,0.5421052631578948,0.40153467389895897,0.0192223852751934,0.45,0.1,0.15000000000000002
ensemble_market,0.05,760,0.0,0.0,0.25,0.9505056783255352,0.5640893354757853,0.5473684210526316,0.40635702677273117,0.020916952457019168,0.45,0.1,0.2
ensemble_market,0.05,760,0.0,0.0,0.2,0.9502025506853192,0.563934427069021,0.5447368421052632,0.4036578341013825,0.019277479650199658,0.45,0.1,0.25
ensemble_market,0.05,760,0.0,0.0,0.15000000000000002,0.9501186860366765,0.5639226919212368,0.5460526315789473,0.4046881007304883,0.020470909551370556,0.45,0.1,0.30000000000000004
ensemble_market,0.05,760,0.0,0.0,0.1,0.9502560778945638,0.5640541300324325,0.5473684210526316,0.40617619596858345,0.019924735492144796,0.45,0.1,0.35000000000000003
ensemble_market,0.05,760,0.0,0.0,0.05,0.9506183256595696,0.5643287414026086,0.5447368421052632,0.4059006103481759,0.018694019726341958,0.45,0.1,0.4
ensemble_market,0.05,760,0.0,0.0,0.0,0.9512108611427024,0.5647465260317648,0.5421052631578948,0.4048307357130887,0.016709737275510127,0.45,0.1,0.45
ensemble_market,0.05,760,0.0,0.0,0.4,0.9526783871427046,0.5653468578843623,0.5394736842105263,0.40018285206498944,0.016988192068232443,0.45,0.15000000000000002,0.0
ensemble_market,0.05,760,0.0,0.0,0.35000000000000003,0.9516012251900434,0.5646927449599459,0.5381578947368421,0.39941213915554813,0.017382844343317713,0.45,0.15000000000000002,0.05
ensemble_market,0.05,760,0.0,0.0,0.30000000000000004,0.9507488732565629,0.5641818052945096,0.5407894736842105,0.4016123606305267,0.02194892548480703,0.45,0.15000000000000002,0.1
ensemble_market,0.05,760,0.0,0.0,0.25,0.9501182928750678,0.5638140388880534,0.5447368421052632,0.4050781417255405,0.01976453643284613,0.45,0.15000000000000002,0.15000000000000002
ensemble_market,0.05,760,0.0,0.0,0.2,0.9497078697800112,0.5635894457405771,0.5460526315789473,0.40456042885743,0.01960350755182449,0.45,0.15000000000000002,0.2
ensemble_market,0.05,760,0.0,0.0,0.15000000000000002,0.9495173922008501,0.5635080258520812,0.5473684210526316,0.4059139784946237,0.01847464807935189,0.45,0.15000000000000002,0.25
ensemble_market,0.05,760,0.0,0.0,0.1,0.9495480856922486,0.5635697792225651,0.5460526315789473,0.4048220428389297,0.01838383761181436,0.45,0.15000000000000002,0.30000000000000004
ensemble_market,0.05,760,0.0,0.0,0.05,0.9498027103286907,0.5637747058520294,0.5460526315789473,0.4052877762555182,0.019870479473057222,0.45,0.15000000000000002,0.35000000000000003
ensemble_market,0.05,760,0.0,0.0,0.0,0.9502857339627957,0.5641228057404736,0.5473684210526316,0.40645577389187676,0.017597643177633893,0.45,0.15000000000000002,0.4
ensemble_market,0.05,760,0.0,0.0,0.35000000000000003,0.9515774392936264,0.5646541344811319,0.5368421052631579,0.3993382605266258,0.015142724611889691,0.45,0.2,0.0
ensemble_market,0.05,760,0.0,0.0,0.30000000000000004,0.950612064618396,0.5640735100749835,0.5434210526315789,0.4043074288160993,0.013947393287266739,0.45,0.2,0.05
ensemble_market,0.05,760,0.0,0.0,0.25,0.94987126962142,0.5636360589278155,0.5421052631578948,0.402962018067693,0.016280019144343693,0.45,0.2,0.1
ensemble_market,0.05,760,0.0,0.0,0.2,0.9493526834462428,0.5633417810396275,0.5460526315789473,0.4055454179939999,0.015830198453748688,0.45,0.2,0.15000000000000002
ensemble_market,0.05,760,0.0,0.0,0.15000000000000002,0.9490553654982352,0.5631906764104195,0.5447368421052632,0.4033385363588282,0.016709581865150282,0.45,0.2,0.2
ensemble_market,0.05,760,0.0,0.0,0.1,0.9489798093797788,0.5631827450401918,0.5486842105263158,0.4069584042059688,0.015371729730523568,0.45,0.2,0.25
ensemble_market,0.05,760,0.0,0.0,0.05,0.9491280061715339,0.5633179869289441,0.5486842105263158,0.40662964397950835,0.016856592764490554,0.45,0.2,0.30000000000000004
ensemble_market,0.05,760,0.0,0.0,0.0,0.9495035761931937,0.5635964020766766,0.5473684210526316,0.40645577389187676,0.018426685913922734,0.45,0.2,0.35000000000000003
ensemble_market,0.05,760,0.0,0.0,0.30000000000000004,0.9506193348841256,0.5640625314829517,0.5421052631578948,0.40339882565492324,0.01248071091648972,0.45,0.25,0.0
ensemble_market,0.05,760,0.0,0.0,0.25,0.9497662378239092,0.5635553955950717,0.5421052631578948,0.402962018067693,0.01159232113698722,0.45,0.25,0.05
ensemble_market,0.05,760,0.0,0.0,0.2,0.9491380470638947,0.5631914329661719,0.5460526315789473,0.40568596792698514,0.014413246628978466,0.45,0.25,0.1
ensemble_market,0.05,760,0.0,0.0,0.15000000000000002,0.9487330789428804,0.5629706435962522,0.5460526315789473,0.4046973523701527,0.016518644006172426,0.45,0.25,0.15000000000000002
ensemble_market,0.05,760,0.0,0.0,0.1,0.9485511059092839,0.5628930274853126,0.5486842105263158,0.40710019479095444,0.013932077616497321,0.45,0.25,0.2
ensemble_market,0.05,760,0.0,0.0,0.05,0.9485933890397544,0.562958584633353,0.5513157894736842,0.4089183316569229,0.014255958368520205,0.45,0.25,0.25
ensemble_market,0.05,760,0.0,0.0,0.0,0.9488627751757166,0.5631673150403737,0.5473684210526316,0.4065267799445014,0.017422477191836785,0.45,0.25,0.30000000000000004
ensemble_market,0.05,760,0.0,0.0,0.25,0.9498055390682169,0.563572048889822,0.5447368421052632,0.4050781417255405,0.012392379392646197,0.45,0.30000000000000004,0.0
ensemble_market,0.05,760,0.0,0.0,0.2,0.9490657134445658,0.5631384015202103,0.5460526315789473,0.40568596792698514,0.012538857751859409,0.45,0.30000000000000004,0.05
ensemble_market,0.05,760,0.0,0.0,0.15000000000000002,0.9485517105896866,0.5628479274095789,0.5447368421052632,0.4043307934047957,0.01176617011118056,0.45,0.30000000000000004,0.1
ensemble_market,0.05,760,0.0,0.0,0.1,0.9482625702901166,0.5627006265579274,0.5460526315789473,0.4054258371561603,0.014495126048512006,0.45,0.30000000000000004,0.15000000000000002
ensemble_market,0.05,760,0.0,0.0,0.05,0.948198837344259,0.5626964989652561,0.5486842105263158,0.40724440036366644,0.015519695292807592,0.45,0.30000000000000004,0.2
ensemble_market,0.05,760,0.0,0.0,0.0,0.9483626276520006,0.5628355446315649,0.55,0.40841565362658,0.013149115472956443,0.45,0.30000000000000004,0.25
ensemble_market,0.05,760,0.0,0.0,0.2,0.9491381635036589,0.563182686701743,0.5421052631578948,0.40265686896781866,0.00935428888593672,0.45,0.35000000000000003,0.0
ensemble_market,0.05,760,0.0,0.0,0.15000000000000002,0.948513150282129,0.5628225278503997,0.5447368421052632,0.404777368838854,0.013250302622274819,0.45,0.35000000000000003,0.05
ensemble_market,0.05,760,0.0,0.0,0.1,0.9481155157068374,0.5626055422580364,0.5486842105263158,0.4076868889919763,0.011115910286048053,0.45,0.35000000000000003,0.1
ensemble_market,0.05,760,0.0,0.0,0.05,0.9479450796274258,0.5625317299246532,0.5486842105263158,0.40724440036366644,0.013389720546364713,0.45,0.35000000000000003,0.15000000000000002
ensemble_market,0.05,760,0.0,0.0,0.0,0.9480032440821148,0.56260109085025,0.5473684210526316,0.40600359257075674,0.011970630736330963,0.45,0.35000000000000003,0.2
ensemble_market,0.05,760,0.0,0.0,0.15000000000000002,0.9486200357190058,0.5628944449187145,0.5447368421052632,0.4049188026028578,0.010588281488138913,0.45,0.4,0.0
ensemble_market,0.05,760,0.0,0.0,0.1,0.948111985327974,0.5626077745856393,0.5460526315789473,0.405865975422427,0.014073835948954616,0.45,0.4,0.05
ensemble_market,0.05,760,0.0,0.0,0.05,0.9478335795739796,0.5624642775115444,0.5473684210526316,0.40659520427052387,0.015798399627985578,0.45,0.4,0.1
ensemble_market,0.05,760,0.0,0.0,0.0,0.9477855011091022,0.5624639536964294,0.5473684210526316,0.40659520427052387,0.01511734914866512,0.45,0.4,0.15000000000000002
ensemble_market,0.05,760,0.0,0.0,0.1,0.9482547947160135,0.5627073235407365,0.5434210526315789,0.4039660350005178,0.011317327558611654,0.45,0.45,0.0
ensemble_market,0.05,760,0.0,0.0,0.05,0.9478665537328468,0.5624941417259296,0.5473684210526316,0.40703684230421616,0.016127107562933157,0.45,0.45,0.05
ensemble_market,0.05,760,0.0,0.0,0.0,0.9477110322217721,0.5624241331701029,0.5486842105263158,0.40794790156202426,0.014322741097076487,0.45,0.45,0.1
ensemble_market,0.05,760,0.0,0.0,0.05,0.9480470215264778,0.562621322567809,0.5473684210526316,0.4071807362378969,0.017105694236626903,0.45,0.5,0.0
ensemble_market,0.05,760,0.0,0.0,0.0,0.9477822525433441,0.5624816292712704,0.5513157894736842,0.4106404816828692,0.015675367292918616,0.45,0.5,0.05
ensemble_market,0.05,760,0.0,0.0,0.0,0.9480024181542934,0.562636441999932,0.5486842105263158,0.4085282666144325,0.018283717386236905,0.45,0.55,0.0
ensemble_market,0.05,760,0.0,0.0,0.5,0.9552222981318121,0.566989676203705,0.5368421052631579,0.3986944104447165,0.02021676874399493,0.5,0.0,0.0
ensemble_market,0.05,760,0.0,0.0,0.45,0.9539105713568212,0.5661841011363008,0.5355263157894737,0.3974808439888113,0.020911718878318872,0.5,0.0,0.05
ensemble_market,0.05,760,0.0,0.0,0.4,0.9528266429085219,0.5655216993278768,0.5407894736842105,0.40095356497443063,0.023884117217746904,0.5,0.0,0.1
ensemble_market,0.05,760,0.0,0.0,0.35000000000000003,0.9519660409146192,0.5650024707784327,0.5421052631578948,0.40140168970814133,0.02570378725400798,0.5,0.0,0.15000000000000002
ensemble_market,0.05,760,0.0,0.0,0.30000000000000004,0.9513257852089433,0.5646264154879688,0.5434210526315789,0.4035966602440591,0.02391727871376134,0.5,0.0,0.2
ensemble_market,0.05,760,0.0,0.0,0.25,0.9509043141534389,0.5643935334564851,0.5447368421052632,0.40352477075375326,0.018808627487056487,0.5,0.0,0.25
ensemble_market,0.05,760,0.0,0.0,0.2,0.9507014700260137,0.5643038246839814,0.5447368421052632,0.40352477075375326,0.02226475337448625,0.5,0.0,0.30000000000000004
ensemble_market,0.05,760,0.0,0.0,0.15000000000000002,0.9507185436313826,0.5643572891704579,0.5460526315789473,0.40487554529124975,0.017436890871422608,0.5,0.0,0.35000000000000003
ensemble_market,0.05,760,0.0,0.0,0.1,0.9509583860159586,0.5645539269159144,0.5473684210526316,0.4072397877636125,0.018922415394623665,0.5,0.0,0.4
ensemble_market,0.05,760,0.0,0.0,0.05,0.9514256045487511,0.5648937379203511,0.5434210526315789,0.40480063396730065,0.021059152309246904,0.5,0.0,0.45
ensemble_market,0.05,760,0.0,0.0,0.0,0.952126874902199,0.565376722183768,0.5381578947368421,0.40379177534889443,0.014797621563475052,0.5,0.0,0.5
ensemble_market,0.05,760,0.0,0.0,0.45,0.9538085847138018,0.5660747946107335,0.5355263157894737,0.3974808439888113,0.01825127158462075,0.5,0.05,0.0
ensemble_market,0.05,760,0.0,0.0,0.4,0.9526095362904355,0.5653427080615975,0.5381578947368421,0.3988332905653922,0.01975675830337831,0.5,0.05,0.05
ensemble_market,0.05,760,0.0,0.0,0.35000000000000003,0.9516368944308389,0.5647537947714417,0.5407894736842105,0.4017883694459541,0.01988294124294432,0.5,0.05,0.1
ensemble_market,0.05,760,0.0,0.0,0.30000000000000004,0.9508868701315234,0.564308054740266,0.5434210526315789,0.40386939089361235,0.02214289898326462,0.5,0.05,0.15000000000000002
ensemble_market,0.05,760,0.0,0.0,0.25,0.9503571343703922,0.5640054879680703,0.5447368421052632,0.4045016639491403,0.02376806400392268,0.5,0.05,0.2
ensemble_market,0.05,760,0.0,0.0,0.2,0.9500467697858911,0.5638460944548549,0.5447368421052632,0.4036578341013825,0.01837373906371674,0.5,0.05,0.25
ensemble_market,0.05,760,0.0,0.0,0.15000000000000002,0.9499562799394566,0.5638298742006195,0.5460526315789473,0.40487554529124975,0.017231276031178664,0.5,0.05,0.30000000000000004
ensemble_market,0.05,760,0.0,0.0,0.1,0.9500876593656294,0.5639568272053642,0.5486842105263158,0.40681901849177354,0.01637270810102896,0.5,0.05,0.35000000000000003
ensemble_market,0.05,760,0.0,0.0,0.05,0.9504445351605934,0.564226953469089,0.5486842105263158,0.408593362730772,0.019674163264397432,0.5,0.05,0.4
ensemble_market,0.05,760,0.0,0.0,0.0,0.9510324012404061,0.564640252991794,0.5421052631578948,0.4044289775102416,0.014889897768627598,0.5,0.05,0.45
ensemble_market,0.05,760,0.0,0.0,0.4,0.9525366032289629,0.5652610334228124,0.5368421052631579,0.39876844512351434,0.017543152593506976,0.5,0.1,0.0
ensemble_market,0.05,760,0.0,0.0,0.35000000000000003,0.9514497241630412,0.5646024353919448,0.5381578947368421,0.3998030400342539,0.017869558601654928,0.5,0.1,0.05
ensemble_market,0.05,760,0.0,0.0,0.30000000000000004,0.9505883952675722,0.5640870106200572,0.5421052631578948,0.402962018067693,0.0205008257422698,0.5,0.1,0.1
ensemble_market,0.05,760,0.0,0.0,0.25,0.9499495007009021,0.5637147591071497,0.5447368421052632,0.4050781417255405,0.02303930615671007,0.5,0.1,0.15000000000000002
ensemble_market,0.05,760,0.0,0.0,0.2,0.9495313703001527,0.5634856808532225,0.5447368421052632,0.4037932635333026,0.021085861187997938,0.5,0.1,0.2
ensemble_market,0.05,760,0.0,0.0,0.15000000000000002,0.9493337561601874,0.5633997758582752,0.5460526315789473,0.4050095517485565,0.01788030755121075,0.5,0.1,0.25
ensemble_market,0.05,760,0.0,0.0,0.1,0.9493578675231619,0.563457044122308,0.5486842105263158,0.40681901849177354,0.017461968025122915,0.5,0.1,0.30000000000000004
ensemble_market,0.05,760,0.0,0.0,0.05,0.9496064700004003,0.563657485645321,0.55,0.40843322623166917,0.019716087664520782,0.5,0.1,0.35000000000000003
ensemble_market,0.05,760,0.0,0.0,0.0,0.9500840634428283,0.5640011004273142,0.5460526315789473,0.40595082808053506,0.017637244338647533,0.5,0.1,0.4
ensemble_market,0.05,760,0.0,0.0,0.35000000000000003,0.9514065563877783,0.5645483926399419,0.5381578947368421,0.40024337137720173,0.015546048875930847,0.5,0.15000000000000002,0.0
ensemble_market,0.05,760,0.0,0.0,0.30000000000000004,0.9504317971763516,0.5639632831273425,0.5434210526315789,0.40444679906249625,0.015240132262239985,0.5,0.15000000000000002,0.05
ensemble_market,0.05,760,0.0,0.0,0.25,0.9496822724121985,0.5635213468737232,0.5434210526315789,0.40386939089361235,0.015874391032340358,0.5,0.15000000000000002,0.1
ensemble_market,0.05,760,0.0,0.0,0.2,0.9491555429293445,0.5632225838790841,0.5447368421052632,0.40424061672356615,0.017594445708753112,0.5,0.15000000000000002,0.15000000000000002
ensemble_market,0.05,760,0.0,0.0,0.15000000000000002,0.9488506190377569,0.563066994143425,0.5460526315789473,0.4046973523701527,0.014058137858512086,0.5,0.15000000000000002,0.2
ensemble_market,0.05,760,0.0,0.0,0.1,0.9487679632905355,0.563054577666746,0.55,0.40831044280198975,0.014400710891191373,0.5,0.15000000000000002,0.25
ensemble_market,0.05,760,0.0,0.0,0.05,0.9489095542475837,0.5631853344490473,0.5486842105263158,0.40662964397950835,0.01661733884196118,0.5,0.15000000000000002,0.30000000000000004
ensemble_market,0.05,760,0.0,0.0,0.0,0.9492790206403398,0.5634592644903285,0.5486842105263158,0.40703116910013454,0.01926402343394983,0.5,0.15000000000000002,0.35000000000000003
ensemble_market,0.05,760,0.0,0.0,0.30000000000000004,0.9504192081655233,0.5639368722621219,0.5434210526315789,0.4047382219533287,0.014563789360241108,0.5,0.2,0.0
ensemble_market,0.05,760,0.0,0.0,0.25,0.9495569930558582,0.5634252512677909,0.5434210526315789,0.4043074288160993,0.016129249997755318,0.5,0.2,0.05
ensemble_market,0.05,760,0.0,0.0,0.2,0.9489202546204062,0.5630568035324398,0.5460526315789473,0.40612642115669795,0.013195308718730788,0.5,0.2,0.1
ensemble_market,0.05,760,0.0,0.0,0.15000000000000002,0.9485072482138559,0.5628315290560689,0.55,0.40831044280198975,0.014693066037574361,0.5,0.2,0.15000000000000002
ensemble_market,0.05,760,0.0,0.0,0.1,0.9483177022953094,0.5627494278386781,0.5486842105263158,0.4066497905133264,0.011052708274337507,0.5,0.2,0.2
ensemble_market,0.05,760,0.0,0.0,0.05,0.9483528501768582,0.5628104998802674,0.55,0.407557354925776,0.011288703999086191,0.5,0.2,0.25
ensemble_market,0.05,760,0.0,0.0,0.0,0.948615527903172,0.5630147451808368,0.5513157894736842,0.409035901573215,0.016676321085141443,0.5,0.2,0.30000000000000004
ensemble_market,0.05,760,0.0,0.0,0.25,0.9495759130088831,0.5634264722893525,0.5407894736842105,0.4020552344251766,0.011587341454043052,0.5,0.25,0.0
ensemble_market,0.05,760,0.0,0.0,0.2,0.9488271665811999,0.5629883398132897,0.5447368421052632,0.40521662200321984,0.013292925128648709,0.5,0.25,0.05
ensemble_market,0.05,760,0.0,0.0,0.15000000000000002,0.9483047278338173,0.5626933805962068,0.5473684210526316,0.406634024577573,0.011887180469946825,0.5,0.25,0.1
ensemble_market,0.05,760,0.0,0.0,0.1,0.9480075809286337,0.5625415946381043,0.5513157894736842,0.40951042785905173,0.013876812418763955,0.5,0.25,0.15000000000000002
ensemble_market,0.05,760,0.0,0.0,0.05,0.9479362296661007,0.5625329819389817,0.55,0.4077037037037037,0.00961506803345155,0.5,0.25,0.2
ensemble_market,0.05,760,0.0,0.0,0.0,0.9480927629930501,0.5626675424988393,0.5486842105263158,0.40705495344670606,0.011020009022165142,0.5,0.25,0.25
ensemble_market,0.05,760,0.0,0.0,0.2,0.9488786611768667,0.5630171927216335,0.5434210526315789,0.4037318410084166,0.010145506136855208,0.5,0.30000000000000004,0.0
ensemble_market,0.05,760,0.0,0.0,0.15000000000000002,0.9482448493819127,0.562652548763839,0.5473684210526316,0.40703684230421616,0.01338881860141143,0.5,0.30000000000000004,0.05
ensemble_market,0.05,760,0.0,0.0,0.1,0.9478388120673933,0.5624310780650245,0.5486842105263158,0.4076868889919763,0.011790980777235841,0.5,0.30000000000000004,0.1
ensemble_market,0.05,760,0.0,0.0,0.05,0.9476603163802125,0.5623527806251901,0.55,0.4080089263575502,0.014701038657320486,0.5,0.30000000000000004,0.15000000000000002
ensemble_market,0.05,760,0.0,0.0,0.0,0.9477107234748835,0.5624176564443358,0.5473684210526316,0.4057428988621649,0.012610477515752136,0.5,0.30000000000000004,0.2
ensemble_market,0.05,760,0.0,0.0,0.15000000000000002,0.948330143608292,0.5627090335589652,0.5460526315789473,0.4065596232070221,0.010301757159036664,0.5,0.35000000000000003,0.0
ensemble_market,0.05,760,0.0,0.0,0.1,0.9478133326550243,0.5624178781194388,0.5473684210526316,0.40677611215373516,0.011845319903623249,0.5,0.35000000000000003,0.05
ensemble_market,0.05,760,0.0,0.0,0.05,0.9475264661048505,0.5622698959388926,0.5486842105263158,0.4076868889919763,0.013042587664936425,0.5,0.35000000000000003,0.1
ensemble_market,0.05,760,0.0,0.0,0.0,0.9474701735339726,0.5622650870173266,0.5486842105263158,0.4076868889919763,0.014710181703732205,0.5,0.35000000000000003,0.15000000000000002
ensemble_market,0.05,760,0.0,0.0,0.1,0.9479338415221414,0.5625019948013472,0.5473684210526316,0.40677611215373516,0.01068640643017229,0.5,0.4,0.0
ensemble_market,0.05,760,0.0,0.0,0.05,0.9475367798391421,0.5622843278800893,0.55,0.40946389473296635,0.014333678760588064,0.5,0.4,0.05
ensemble_market,0.05,760,0.0,0.0,0.0,0.9473726295902372,0.5622098342178113,0.5486842105263158,0.40794790156202426,0.014227353643414105,0.5,0.4,0.1
ensemble_market,0.05,760,0.0,0.0,0.05,0.9476941486453493,0.56239607644878,0.5473684210526316,0.40703684230421616,0.012667540419079866,0.5,0.45,0.0
ensemble_market,0.05,760,0.0,0.0,0.0,0.947420379934593,0.5622518980457902,0.55,0.40929631576957837,0.014430923951533555,0.5,0.45,0.05
ensemble_market,0.05,760,0.0,0.0,0.0,0.9476165381464983,0.5623912785012631,0.5486842105263158,0.40838345141978355,0.014920798522858355,0.5,0.5,0.0
ensemble_market,0.05,760,0.0,0.0,0.45,0.9537372180396281,0.5660374240178394,0.5394736842105263,0.4018782890481929,0.01634304062228802,0.55,0.0,0.0
ensemble_market,0.05,760,0.0,0.0,0.4,0.9525275661395616,0.5653008523622522,0.5381578947368421,0.399670827516356,0.020926868654709607,0.55,0.0,0.05
ensemble_market,0.05,760,0.0,0.0,0.35000000000000003,0.9515452531203368,0.5647074539656453,0.5381578947368421,0.3986361701543362,0.021998073838362255,0.55,0.0,0.1
ensemble_market,0.05,760,0.0,0.0,0.30000000000000004,0.9507863954972994,0.5642572288280184,0.5421052631578948,0.40238129565551706,0.023647877006609298,0.55,0.0,0.15000000000000002
ensemble_market,0.05,760,0.0,0.0,0.25,0.9502485963335096,0.5639501769493716,0.5460526315789473,0.4050095517485565,0.022632449982959376,0.55,0.0,0.2
ensemble_market,0.05,760,0.0,0.0,0.2,0.9499308943927292,0.5637862983297051,0.5447368421052632,0.4036578341013825,0.017825017352492548,0.55,0.0,0.25
ensemble_market,0.05,760,0.0,0.0,0.15000000000000002,0.9498337730214715,0.5637655929690184,0.5473684210526316,0.40577848677354694,0.016445050185190567,0.55,0.0,0.30000000000000004
ensemble_market,0.05,760,0.0,0.0,0.1,0.9499592320982778,0.563888060867312,0.5473684210526316,0.4059139784946237,0.016396021646677465,0.55,0.0,0.35000000000000003
ensemble_market,0.05,760,0.0,0.0,0.05,0.9503109344115369,0.5641537020245856,0.5513157894736842,0.41018503244253823,0.017742469808180242,0.55,0.0,0.4
ensemble_market,0.05,760,0.0,0.0,0.0,0.9508944489325061,0.5645625164408394,0.5381578947368421,0.40030932158959837,0.014464890047991522,0.55,0.0,0.45
ensemble_market,0.05,760,0.0,0.0,0.4,0.9524360866142833,0.5652037454502785,0.5381578947368421,0.399670827516356,0.01746368504855185,0.55,0.05,0.0
ensemble_market,0.05,760,0.0,0.0,0.35000000000000003,0.9513390475117696,0.5645406623129597,0.5394736842105263,0.4010158704115779,0.019473090878839756,0.55,0.05,0.05
ensemble_market,0.05,760,0.0,0.0,0.30000000000000004,0.9504684013257017,0.5640207524346209,0.5434210526315789,0.40386939089361235,0.020429966235183204,0.55,0.05,0.1
ensemble_market,0.05,760,0.0,0.0,0.25,0.9498209496450908,0.5636440158152624,0.5447368421052632,0.4050781417255405,0.020603881007651256,0.55,0.05,0.15000000000000002
ensemble_market,0.05,760,0.0,0.0,0.2,0.9493949638337076,0.5634104524548839,0.5460526315789473,0.40514592933947774,0.023475958137521964,0.55,0.05,0.2
ensemble_market,0.05,760,0.0,0.0,0.15000000000000002,0.9491901598563076,0.5633200623534854,0.5473684210526316,0.4059139784946237,0.01818457657973457,0.55,0.05,0.25
ensemble_market,0.05,760,0.0,0.0,0.1,0.949207733434997,0.5633728455110671,0.5473684210526316,0.4059139784946237,0.01622020281255406,0.55,0.05,0.30000000000000004
ensemble_market,0.05,760,0.0,0.0,0.05,0.9494504618088835,0.563568801927629,0.5513157894736842,0.40951698378814383,0.01604091561531938,0.55,0.05,0.35000000000000003
ensemble_market,0.05,760,0.0,0.0,0.0,0.9499228871624146,0.563907931603171,0.5473684210526316,0.4072397877636125,0.016884256740285094,0.55,0.05,0.4
ensemble_market,0.05,760,0.0,0.0,0.35000000000000003,0.9512769054262451,0.5644711872877681,0.5407894736842105,0.40249079666526527,0.01496244816101877,0.55,0.1,0.0
ensemble_market,0.05,760,0.0,0.0,0.30000000000000004,0.9502923644315795,0.5638815926687175,0.5407894736842105,0.40219219512696935,0.017095819988749497,0.55,0.1,0.05
ensemble_market,0.05,760,0.0,0.0,0.25,0.9495338147493624,0.5634351713086471,0.5434210526315789,0.40386939089361235,0.01758941217817257,0.55,0.1,0.1
ensemble_market,0.05,760,0.0,0.0,0.2,0.9489987449065791,0.5631319232075568,0.5460526315789473,0.4055872038320076,0.018496780704848864,0.55,0.1,0.15000000000000002
ensemble_market,0.05,760,0.0,0.0,0.15000000000000002,0.948686114790341,0.5629718483654466,0.5473684210526316,0.4060518531676462,0.01614273129971937,0.55,0.1,0.2
ensemble_market,0.05,760,0.0,0.0,0.1,0.9485963573238657,0.5629549467823164,0.5486842105263158,0.40754327747786245,0.013993025315703636,0.55,0.1,0.25
ensemble_market,0.05,760,0.0,0.0,0.05,0.9487314430645786,0.5630812184581665,0.5513157894736842,0.40907760812611715,0.016183086022740073,0.55,0.1,0.30000000000000004
ensemble_market,0.05,760,0.0,0.0,0.0,0.9490950174894034,0.5633506633929964,0.5513157894736842,0.4088940548452366,0.017444856271203103,0.55,0.1,0.35000000000000003
ensemble_market,0.05,760,0.0,0.0,0.30000000000000004,0.9502603370390168,0.5638397495303084,0.5407894736842105,0.4030549964232606,0.01294826555117644,0.55,0.15000000000000002,0.0
ensemble_market,0.05,760,0.0,0.0,0.25,0.9493886529973401,0.563323643429526,0.5447368421052632,0.40521662200321984,0.013604758771657404,0.55,0.15000000000000002,0.05
ensemble_market,0.05,760,0.0,0.0,0.2,0.948743118605551,0.5629507105877238,0.5434210526315789,0.4034716816985758,0.013022059608308607,0.55,0.15000000000000002,0.1
ensemble_market,0.05,760,0.0,0.0,0.15000000000000002,0.9483219255256343,0.5627209510049017,0.5473684210526316,0.4060518531676462,0.012026375070213235,0.55,0.15000000000000002,0.15000000000000002
ensemble_market,0.05,760,0.0,0.0,0.1,0.9481247583281138,0.5626343646810598,0.55,0.40845317251688057,0.009147363757187572,0.55,0.15000000000000002,0.2
ensemble_market,0.05,760,0.0,0.0,0.05,0.9481528256890951,0.562690951616198,0.5513157894736842,0.40936372588225683,0.01357893101941411,0.55,0.15000000000000002,0.25
ensemble_market,0.05,760,0.0,0.0,0.0,0.9484089595589257,0.5628907118103162,0.5513157894736842,0.40918017962046377,0.016694260899441333,0.55,0.15000000000000002,0.30000000000000004
ensemble_market,0.05,760,0.0,0.0,0.25,0.9493876284771731,0.5633094321778991,0.5421052631578948,0.40339882565492324,0.011380210200327942,0.55,0.2,0.0
ensemble_market,0.05,760,0.0,0.0,0.2,0.9486296583574361,0.5628668145953849,0.5447368421052632,0.40521662200321984,0.010512786172893238,0.55,0.2,0.05
ensemble_market,0.05,760,0.0,0.0,0.15000000000000002,0.9480985850886268,0.562567370271851,0.5473684210526316,0.4061921206810646,0.011904225989999795,0.55,0.2,0.1
ensemble_market,0.05,760,0.0,0.0,0.1,0.947793335958565,0.5624110992072973,0.5513157894736842,0.40936372588225683,0.010186445333821655,0.55,0.2,0.15000000000000002
ensemble_market,0.05,760,0.0,0.0,0.05,0.9477143755852182,0.5623980014017236,0.5513157894736842,0.4090656505517187,0.012379568481176878,0.55,0.2,0.2
ensemble_market,0.05,760,0.0,0.0,0.0,0.9478637712490499,0.5625280768551301,0.55,0.40796435533277636,0.011675224903194607,0.55,0.2,0.25
ensemble_market,0.05,760,0.0,0.0,0.2,0.9486606532944265,0.5628802352305402,0.5447368421052632,0.4050781417255405,0.010889967039975516,0.55,0.25,0.0
ensemble_market,0.05,760,0.0,0.0,0.15000000000000002,0.9480177908144667,0.5625111061662944,0.55,0.4093199897356941,0.009837852569457508,0.55,0.25,0.05
ensemble_market,0.05,760,0.0,0.0,0.1,0.9476032059544017,0.5622851503610288,0.55,0.40859832213177844,0.010467778059306853,0.55,0.25,0.1
ensemble_market,0.05,760,0.0,0.0,0.05,0.947416613650219,0.5622023678147433,0.5513157894736842,0.4089183316569229,0.015162638445754856,0.55,0.25,0.15000000000000002
ensemble_market,0.05,760,0.0,0.0,0.0,0.9474593381497626,0.5622627585274379,0.5473684210526316,0.4058861402651401,0.01265700356860711,0.55,0.25,0.2
ensemble_market,0.05,760,0.0,0.0,0.15000000000000002,0.9480819723171718,0.5625521586882319,0.5486842105263158,0.40881181759794477,0.007892905216815608,0.55,0.30000000000000004,0.0
ensemble_market,0.05,760,0.0,0.0,0.1,0.947556203725665,0.5622565181422544,0.5486842105263158,0.40812211981566815,0.010219701288706619,0.55,0.30000000000000004,0.05
ensemble_market,0.05,760,0.0,0.0,0.05,0.9472607914132304,0.562104050855257,0.5486842105263158,0.40724440036366644,0.013103598734942584,0.55,0.30000000000000004,0.1
ensemble_market,0.05,760,0.0,0.0,0.0,0.9471963145645722,0.5620947568272399,0.5486842105263158,0.40724440036366644,0.013113935661838707,0.55,0.30000000000000004,0.15000000000000002
ensemble_market,0.05,760,0.0,0.0,0.1,0.9476549178074072,0.5623252025509743,0.5473684210526316,0.40677611215373516,0.008817182032457061,0.55,0.35000000000000003,0.0
ensemble_market,0.05,760,0.0,0.0,0.05,0.9472488996247669,0.562103050523265,0.55,0.40946389473296635,0.012627189858204877,0.55,0.35000000000000003,0.05
ensemble_market,0.05,760,0.0,0.0,0.0,0.9470761040906432,0.5620240717545358,0.5486842105263158,0.4076868889919763,0.01105484197290264,0.55,0.35000000000000003,0.1
ensemble_market,0.05,760,0.0,0.0,0.05,0.9473837082225095,0.5621993668187671,0.5486842105263158,0.40812211981566815,0.010920059568550381,0.55,0.4,0.0
ensemble_market,0.05,760,0.0,0.0,0.0,0.947100874277427,0.5620507033093262,0.55,0.40946389473296635,0.011607332815272096,0.55,0.4,0.05
ensemble_market,0.05,760,0.0,0.0,0.0,0.9472736044873754,0.5621746514916104,0.5486842105263158,0.40838345141978355,0.012339338673701924,0.55,0.45,0.0
ensemble_market,0.05,760,0.0,0.0,0.4,0.9523769574612354,0.5651749939667609,0.5368421052631579,0.39876844512351434,0.01815793477182005,0.6000000000000001,0.0,0.0
ensemble_market,0.05,760,0.0,0.0,0.35000000000000003,0.9512692990399014,0.5645074257229908,0.5394736842105263,0.4010158704115779,0.019484971894629263,0.6000000000000001,0.0,0.05
ensemble_market,0.05,760,0.0,0.0,0.30000000000000004,0.9503889823611671,0.5639830307382009,0.5434210526315789,0.4037318410084166,0.01871588606282378,0.6000000000000001,0.0,0.1
ensemble_market,0.05,760,0.0,0.0,0.25,0.949732720787897,0.5636018090123912,0.5460526315789473,0.4057253977183694,0.020008405652917182,0.6000000000000001,0.0,0.15000000000000002
ensemble_market,0.05,760,0.0,0.0,0.2,0.9492987243385308,0.5633637605455615,0.5473684210526316,0.4060518531676462,0.022868240259114388,0.6000000000000001,0.0,0.2
ensemble_market,0.05,760,0.0,0.0,0.15000000000000002,0.949086672705729,0.5632688853377119,0.5473684210526316,0.4060518531676462,0.015179722219419208,0.6000000000000001,0.0,0.25
ensemble_market,0.05,760,0.0,0.0,0.1,0.94909775089027,0.5633171833888424,0.5473684210526316,0.4059139784946237,0.01563731090452601,0.6000000000000001,0.0,0.30000000000000004
ensemble_market,0.05,760,0.0,0.0,0.05,0.9493347540357006,0.5635086546989531,0.55,0.4086083311949363,0.016339052884129058,0.6000000000000001,0.0,0.35000000000000003
ensemble_market,0.05,760,0.0,0.0,0.0,0.9498022774218869,0.5638432992680439,0.5460526315789473,0.40588192095520736,0.013691976464585979,0.6000000000000001,0.0,0.4
ensemble_market,0.05,760,0.0,0.0,0.35000000000000003,0.9511885771176359,0.5644225184246107,0.5407894736842105,0.4029191204435644,0.014047726455229578,0.6000000000000001,0.05,0.0
ensemble_market,0.05,760,0.0,0.0,0.30000000000000004,0.950193842625143,0.5638284386991088,0.5434210526315789,0.40487702225507105,0.01720455455608595,0.6000000000000001,0.05,0.05
ensemble_market,0.05,760,0.0,0.0,0.25,0.9494259615157229,0.5633775322325872,0.5447368421052632,0.40521662200321984,0.016994444458712114,0.6000000000000001,0.05,0.1
ensemble_market,0.05,760,0.0,0.0,0.2,0.9488823456260834,0.5630697990250456,0.5460526315789473,0.4055872038320076,0.018526178630199,0.6000000000000001,0.05,0.15000000000000002
ensemble_market,0.05,760,0.0,0.0,0.15000000000000002,0.948561902858884,0.5629052390764843,0.5486842105263158,0.40740207373271886,0.01423130156334396,0.6000000000000001,0.05,0.2
ensemble_market,0.05,760,0.0,0.0,0.1,0.9484650378349337,0.562883852386903,0.5473684210526316,0.4061921206810646,0.014125476341556335,0.6000000000000001,0.05,0.25
ensemble_market,0.05,760,0.0,0.0,0.05,0.9485937176881536,0.5630056389563018,0.5486842105263158,0.40740207373271886,0.0143409902650584,0.6000000000000001,0.05,0.30000000000000004
ensemble_market,0.05,760,0.0,0.0,0.0,0.9489516132238949,0.5632705987846808,0.5539473684210526,0.4113361977604608,0.014216185734342765,0.6000000000000001,0.05,0.35000000000000003
ensemble_market,0.05,760,0.0,0.0,0.30000000000000004,0.9501427824907164,0.563771163287511,0.5421052631578948,0.40396572291895255,0.01156308708169749,0.6000000000000001,0.1,0.0
ensemble_market,0.05,760,0.0,0.0,0.25,0.9492612658346984,0.5632505720802775,0.5460526315789473,0.4065596232070221,0.014448692037330142,0.6000000000000001,0.1,0.05
ensemble_market,0.05,760,0.0,0.0,0.2,0.948606677152754,0.5628731541320241,0.5460526315789473,0.4057253977183694,0.014471849696111016,0.6000000000000001,0.1,0.1
ensemble_market,0.05,760,0.0,0.0,0.15000000000000002,0.9481771413865138,0.5626389094427509,0.5486842105263158,0.40740207373271886,0.012052034265585605,0.6000000000000001,0.1,0.15000000000000002
ensemble_market,0.05,760,0.0,0.0,0.1,0.9479722991382199,0.5625478380124577,0.5486842105263158,0.40754327747786245,0.012000867800470553,0.6000000000000001,0.1,0.2
ensemble_market,0.05,760,0.0,0.0,0.05,0.9479933375317864,0.5625999398411446,0.55,0.40845317251688057,0.012228439333690298,0.6000000000000001,0.1,0.25
ensemble_market,0.05,760,0.0,0.0,0.0,0.9482430912337108,0.5627952149288117,0.5539473684210526,0.41162725697355923,0.01450855048034522,0.6000000000000001,0.1,0.30000000000000004
ensemble_market,0.05,760,0.0,0.0,0.25,0.9492407160699669,0.5632209285554618,0.5434210526315789,0.4043074288160993,0.010554627982906415,0.6000000000000001,0.15000000000000002,0.0
ensemble_market,0.05,760,0.0,0.0,0.2,0.9484732079979235,0.5627738258664965,0.5473684210526316,0.4074712259387468,0.011667396823266065,0.6000000000000001,0.15000000000000002,0.05
ensemble_market,0.05,760,0.0,0.0,0.15000000000000002,0.9479332925909715,0.5624698964365115,0.5460526315789473,0.40528468784351884,0.011476357320843952,0.6000000000000001,0.15000000000000002,0.1
ensemble_market,0.05,760,0.0,0.0,0.1,0.9476198387496202,0.5623091402655065,0.55,0.40845317251688057,0.012111186170691002,0.6000000000000001,0.15000000000000002,0.15000000000000002
ensemble_market,0.05,760,0.0,0.0,0.05,0.9475332735863968,0.5622915573534816,0.5513157894736842,0.40951042785905173,0.011963639562573378,0.6000000000000001,0.15000000000000002,0.2
ensemble_market,0.05,760,0.0,0.0,0.0,0.9476756479911235,0.5624171477004368,0.5539473684210526,0.411776455354437,0.009771327345823607,0.6000000000000001,0.15000000000000002,0.25
ensemble_market,0.05,760,0.0,0.0,0.2,0.9484841389247889,0.5627718142284631,0.5460526315789473,0.4059864449439435,0.010911655670002822,0.6000000000000001,0.2,0.0
ensemble_market,0.05,760,0.0,0.0,0.15000000000000002,0.9478319634259907,0.5623982000577662,0.55,0.40889016897081415,0.009961864755639123,0.6000000000000001,0.2,0.05
ensemble_market,0.05,760,0.0,0.0,0.1,0.94740867799469,0.5621677591460493,0.5486842105263158,0.40783291838130004,0.009177045348663317,0.6000000000000001,0.2,0.1
ensemble_market,0.05,760,0.0,0.0,0.05,0.9472139456230584,0.5620804914933127,0.5513157894736842,0.40951042785905173,0.0119304519085871,0.6000000000000001,0.2,0.15000000000000002
ensemble_market,0.05,760,0.0,0.0,0.0,0.9472490575131981,0.5621363970995561,0.55,0.4081546814087365,0.012969384256786638,0.6000000000000001,0.2,0.2
ensemble_market,0.05,760,0.0,0.0,0.15000000000000002,0.9478754876594355,0.5624238203065149,0.55,0.4093199897356941,0.008811769257543706,0.6000000000000001,0.25,0.0
ensemble_market,0.05,760,0.0,0.0,0.1,0.9473405549354799,0.5621236946540864,0.55,0.4090347017880787,0.006836942186380512,0.6000000000000001,0.25,0.05
ensemble_market,0.05,760,0.0,0.0,0.05,0.9470365040490094,0.5619667422606378,0.5513157894736842,0.40951042785905173,0.010104391512106315,0.6000000000000001,0.25,0.1
ensemble_market,0.05,760,0.0,0.0,0.0,0.946963866265418,0.5619529631261694,0.5486842105263158,0.40724440036366644,0.012261379515338223,0.6000000000000001,0.25,0.15000000000000002
ensemble_market,0.05,760,0.0,0.0,0.1,0.9474179536420915,0.5621769467896174,0.5486842105263158,0.40855016679497047,0.011584441857495867,0.6000000000000001,0.30000000000000004,0.0
ensemble_market,0.05,760,0.0,0.0,0.05,0.9470028340817868,0.5619503096554571,0.55,0.4090347017880787,0.011191619063917416,0.6000000000000001,0.30000000000000004,0.05
ensemble_market,0.05,760,0.0,0.0,0.0,0.9468213686807523,0.5618668457802767,0.55,0.40859832213177844,0.01111674393471064,0.6000000000000001,0.30000000000000004,0.1
ensemble_market,0.05,760,0.0,0.0,0.05,0.9471155910608045,0.5620311936777704,0.55,0.40946389473296635,0.01082386641190454,0.6000000000000001,0.35000000000000003,0.0
ensemble_market,0.05,760,0.0,0.0,0.0,0.9468236169703276,0.5618780450618783,0.55,0.4090347017880787,0.011222385063520248,0.6000000000000001,0.35000000000000003,0.05
ensemble_market,0.05,760,0.0,0.0,0.0,0.9469734637197738,0.5619865609709739,0.5513157894736842,0.41080147121717564,0.011259316138812927,0.6000000000000001,0.4,0.0
ensemble_market,0.05,760,0.0,0.0,0.35000000000000003,0.9511417243023363,0.5644023860504691,0.5407894736842105,0.401658446141475,0.016276907099144828,0.65,0.0,0.0
ensemble_market,0.05,760,0.0,0.0,0.30000000000000004,0.9501363661882435,0.5638038212185164,0.5447368421052632,0.40607345717900256,0.01675695046852461,0.65,0.0,0.05
ensemble_market,0.05,760,0.0,0.0,0.25,0.9493588327198648,0.5633484296455435,0.5486842105263158,0.4078385082542127,0.01656304079418212,0.65,0.0,0.1
ensemble_market,0.05,760,0.0,0.0,0.2,0.9488064541701516,0.5630362113315508,0.5460526315789473,0.4054513839936087,0.01651483501814389,0.65,0.0,0.15000000000000002
ensemble_market,0.05,760,0.0,0.0,0.15000000000000002,0.9484780845962957,0.5628671662765382,0.5486842105263158,0.40726326776835015,0.014401649094734377,0.65,0.0,0.2
ensemble_market,0.05,760,0.0,0.0,0.1,0.9483741015238114,0.5628412944805058,0.5473684210526316,0.4059139784946237,0.013977716832844895,0.65,0.0,0.25
ensemble_market,0.05,760,0.0,0.0,0.05,0.9484964733136845,0.5629585959434534,0.5486842105263158,0.40726326776835015,0.014315491257137259,0.65,0.0,0.30000000000000004
ensemble_market,0.05,760,0.0,0.0,0.0,0.9488489049911074,0.5632190706653811,0.5473684210526316,0.4060413098305875,0.011773709856245677,0.65,0.0,0.35000000000000003
ensemble_market,0.05,760,0.0,0.0,0.30000000000000004,0.95006666734657,0.5637311135337297,0.5447368421052632,0.40607345717900256,0.012552870415980013,0.65,0.05,0.0
ensemble_market,0.05,760,0.0,0.0,0.25,0.9491749379431234,0.5632060372200451,0.5486842105263158,0.40881181759794477,0.013219357952339304,0.65,0.05,0.05
ensemble_market,0.05,760,0.0,0.0,0.2,0.9485110237964666,0.5628241341653405,0.5473684210526316,0.4069295805937565,0.016870271995343585,0.65,0.05,0.1
ensemble_market,0.05,760,0.0,0.0,0.15000000000000002,0.9480729796927748,0.5625854043696161,0.5486842105263158,0.40726326776835015,0.014174281239503303,0.65,0.05,0.15000000000000002
ensemble_market,0.05,760,0.0,0.0,0.1,0.94786040195777,0.5624898478328718,0.5486842105263158,0.40726326776835015,0.010383266569213801,0.65,0.05,0.2
ensemble_market,0.05,760,0.0,0.0,0.05,0.9478744591945694,0.5625374645551076,0.5486842105263158,0.40740207373271886,0.012518575868653325,0.65,0.05,0.25
ensemble_market,0.05,760,0.0,0.0,0.0,0.9481179957433669,0.5627282545363236,0.5526315789473685,0.41042626728110604,0.01646924855489994,0.65,0.05,0.30000000000000004
ensemble_market,0.05,760,0.0,0.0,0.25,0.9491352682564896,0.5631609614220406,0.5447368421052632,0.40521662200321984,0.012949784830258118,0.65,0.1,0.0
ensemble_market,0.05,760,0.0,0.0,0.2,0.9483578932416831,0.5627093736266243,0.5486842105263158,0.4082677810553917,0.01146304188568783,0.65,0.1,0.05
ensemble_market,0.05,760,0.0,0.0,0.15000000000000002,0.947808916596307,0.562400959090188,0.55,0.40917849010334556,0.012580162537645935,0.65,0.1,0.1
ensemble_market,0.05,760,0.0,0.0,0.1,0.9474871469861758,0.5622357178127318,0.55,0.4086083311949363,0.01172685726182294,0.65,0.1,0.15000000000000002
ensemble_market,0.05,760,0.0,0.0,0.05,0.9473929755300474,0.5622136497942558,0.55,0.40845317251688057,0.01196807338573701,0.65,0.1,0.2
ensemble_market,0.05,760,0.0,0.0,0.0,0.9475284420120563,0.5623347550347599,0.5526315789473685,0.4107142243526966,0.010361250050807458,0.65,0.1,0.25
ensemble_market,0.05,760,0.0,0.0,0.2,0.9483491794009231,0.5626919297154023,0.5473684210526316,0.4073303361164633,0.010523847251557404,0.65,0.15000000000000002,0.0
ensemble_market,0.05,760,0.0,0.0,0.15000000000000002,0.947687415276831,0.562313830438254,0.55,0.4093199897356941,0.012067049509525878,0.65,0.15000000000000002,0.05
ensemble_market,0.05,760,0.0,0.0,0.1,0.9472552658564077,0.5620789044200861,0.55,0.40889016897081415,0.007991018824453109,0.65,0.15000000000000002,0.1
ensemble_market,0.05,760,0.0,0.0,0.05,0.9470523421819328,0.5619871516608982,0.5513157894736842,0.40980186711220606,0.009350943612833229,0.65,0.15000000000000002,0.15000000000000002
ensemble_market,0.05,760,0.0,0.0,0.0,0.9470799061557494,0.5620385721606904,0.55,0.40845317251688057,0.01083931544790682,0.65,0.15000000000000002,0.2
ensemble_market,0.05,760,0.0,0.0,0.15000000000000002,0.9477107185196653,0.5623240184138142,0.55,0.4093199897356941,0.009891250635305071,0.65,0.2,0.0
ensemble_market,0.05,760,0.0,0.0,0.1,0.9471664030396222,0.5620194076549344,0.55,0.4093199897356941,0.006695545454291758,0.65,0.2,0.05
ensemble_market,0.05,760,0.0,0.0,0.05,0.9468536111252444,0.5618579701550346,0.55,0.40859832213177844,0.009258335042946831,0.65,0.2,0.1
ensemble_market,0.05,760,0.0,0.0,0.0,0.9467728283631881,0.561839705914115,0.5526315789473685,0.4107142243526966,0.012920152004921928,0.65,0.2,0.15000000000000002
ensemble_market,0.05,760,0.0,0.0,0.1,0.9472229434699446,0.5620572275172767,0.5526315789473685,0.4115712941578993,0.008822809914498037,0.65,0.25,0.0
ensemble_market,0.05,760,0.0,0.0,0.05,0.9467985662603999,0.5618261052766652,0.5526315789473685,0.41171761075276,0.010573213249157977,0.65,0.25,0.05
ensemble_market,0.05,760,0.0,0.0,0.0,0.9466083970450244,0.5617381562950337,0.5513157894736842,0.4099479408277924,0.01004722720777612,0.65,0.25,0.1
ensemble_market,0.05,760,0.0,0.0,0.05,0.9468897542604435,0.5618915570257899,0.5513157894736842,0.41080147121717564,0.010161234498379105,0.65,0.30000000000000004,0.0
ensemble_market,0.05,760,0.0,0.0,0.0,0.9465885538862187,0.5617339233034466,0.5513157894736842,0.4103782642089094,0.009601567059413414,0.65,0.30000000000000004,0.05
ensemble_market,0.05,760,0.0,0.0,0.0,0.9467160314221039,0.5618270069393535,0.5513157894736842,0.4103782642089094,0.008165375187785994,0.65,0.35000000000000003,0.0
ensemble_market,0.05,760,0.0,0.0,0.30000000000000004,0.9500321785202893,0.5637196002689646,0.5434210526315789,0.4050259817701678,0.01616303420980333,0.7000000000000001,0.0,0.0
ensemble_market,0.05,760,0.0,0.0,0.25,0.9491298357726404,0.5631900388488288,0.55,0.4123103200287666,0.013243340761105702,0.7000000000000001,0.0,0.05
ensemble_market,0.05,760,0.0,0.0,0.2,0.9484563090905828,0.5628036506876731,0.5473684210526316,0.40735766961086,0.013362864994367937,0.7000000000000001,0.0,0.1
ensemble_market,0.05,760,0.0,0.0,0.15000000000000002,0.9480095791566563,0.5625604357854975,0.5473684210526316,0.40679285480170435,0.012851516546434247,0.7000000000000001,0.0,0.15000000000000002
ensemble_market,0.05,760,0.0,0.0,0.1,0.9477891974242856,0.5624603941423021,0.5486842105263158,0.40726326776835015,0.012362432241707185,0.7000000000000001,0.0,0.2
ensemble_market,0.05,760,0.0,0.0,0.05,0.9477963169417974,0.5625035257580867,0.5486842105263158,0.40740207373271886,0.012491726982255086,0.7000000000000001,0.0,0.25
ensemble_market,0.05,760,0.0,0.0,0.0,0.9480337988671251,0.5626898306328514,0.5513157894736842,0.409340989769654,0.014727038522326617,0.7000000000000001,0.0,0.30000000000000004
ensemble_market,0.05,760,0.0,0.0,0.25,0.9490714412966464,0.5631295307776358,0.5473684210526316,0.41048357500355337,0.013417515452761609,0.7000000000000001,0.05,0.0
ensemble_market,0.05,760,0.0,0.0,0.2,0.948283851947478,0.5626734578757683,0.55,0.4096018389910787,0.013145297056605915,0.7000000000000001,0.05,0.05
ensemble_market,0.05,760,0.0,0.0,0.15000000000000002,0.9477255807551946,0.5623605582328808,0.55,0.40917849010334556,0.012758434491518686,0.7000000000000001,0.05,0.1
ensemble_market,0.05,760,0.0,0.0,0.1,0.94739537388471,0.5621908318489734,0.5513157894736842,0.40994920301278687,0.011734725286592718,0.7000000000000001,0.05,0.15000000000000002
ensemble_market,0.05,760,0.0,0.0,0.05,0.947293587771962,0.5621642787240463,0.5486842105263158,0.40754327747786245,0.011235270602310995,0.7000000000000001,0.05,0.2
ensemble_market,0.05,760,0.0,0.0,0.0,0.9474222564069466,0.5622808988580992,0.5539473684210526,0.41162725697355923,0.011611625234539614,0.7000000000000001,0.05,0.25
ensemble_market,0.05,760,0.0,0.0,0.2,0.9482558999079931,0.5626405816913574,0.55,0.4096018389910787,0.012914891696297602,0.7000000000000001,0.1,0.0
ensemble_market,0.05,760,0.0,0.0,0.15000000000000002,0.9475842549605562,0.5622579973077582,0.5513157894736842,0.4105143122473505,0.011916748871934415,0.7000000000000001,0.1,0.05
ensemble_market,0.05,760,0.0,0.0,0.1,0.9471430653738342,0.562018586183139,0.5486842105263158,0.4084077771939043,0.009336112504536257,0.7000000000000001,0.1,0.1
ensemble_market,0.05,760,0.0,0.0,0.05,0.9469318899008744,0.5619223483174999,0.5526315789473685,0.4111463133640553,0.009290162236888659,0.7000000000000001,0.1,0.15000000000000002
ensemble_market,0.05,760,0.0,0.0,0.0,0.9469519647704482,0.561969283710841,0.5513157894736842,0.40936372588225683,0.008831786327941585,0.7000000000000001,0.1,0.2
ensemble_market,0.05,760,0.0,0.0,0.15000000000000002,0.9475877581012717,0.5622527530101296,0.5486842105263158,0.4082677810553917,0.01133915201062811,0.7000000000000001,0.15000000000000002,0.0
ensemble_market,0.05,760,0.0,0.0,0.1,0.9470338261713227,0.5619436571447987,0.55,0.40917849010334556,0.008068427757156472,0.7000000000000001,0.15000000000000002,0.05
ensemble_market,0.05,760,0.0,0.0,0.05,0.9467121791716822,0.5617777345384477,0.5526315789473685,0.4111463133640553,0.00982627697074856,0.7000000000000001,0.15000000000000002,0.1
ensemble_market,0.05,760,0.0,0.0,0.0,0.9466232589904744,0.5617549851910768,0.5552631578947368,0.4132554808027407,0.01065786433444279,0.7000000000000001,0.15000000000000002,0.15000000000000002
ensemble_market,0.05,760,0.0,0.0,0.1,0.9470699469968786,0.5619660447339524,0.5526315789473685,0.4114273996129347,0.00859149795943463,0.7000000000000001,0.2,0.0
ensemble_market,0.05,760,0.0,0.0,0.05,0.9466361419602092,0.5617304373868895,0.5526315789473685,0.4115712941578993,0.008687276566309422,0.7000000000000001,0.2,0.05
ensemble_market,0.05,760,0.0,0.0,0.0,0.9464372241422394,0.5616380032988069,0.5539473684210526,0.4120604567465496,0.009740626678662817,0.7000000000000001,0.2,0.1
ensemble_market,0.05,760,0.0,0.0,0.05,0.9467062217130262,0.5617804568628256,0.5513157894736842,0.41065668670349337,0.009591185528276723,0.7000000000000001,0.25,0.0
ensemble_market,0.05,760,0.0,0.0,0.0,0.9463956956906234,0.561618338034031,0.5526315789473685,0.4115712941578993,0.008362276462729202,0.7000000000000001,0.25,0.05
ensemble_market,0.05,760,0.0,0.0,0.0,0.9465012922479067,0.5616959893967493,0.5526315789473685,0.4115712941578993,0.00908040671680647,0.7000000000000001,0.30000000000000004,0.0
ensemble_market,0.05,760,0.0,0.0,0.25,0.9490494581434372,0.5631266366222472,0.5447368421052632,0.4059361361392091,0.014128950088594902,0.75,0.0,0.0
ensemble_market,0.05,760,0.0,0.0,0.2,0.9482512845435035,0.5626660786139284,0.55,0.412205184355179,0.013095190803127262,0.75,0.0,0.05
ensemble_market,0.05,760,0.0,0.0,0.15000000000000002,0.9476834682305023,0.5623486938645896,0.55,0.4117826778304699,0.012013834227913613,0.75,0.0,0.1
ensemble_market,0.05,760,0.0,0.0,0.1,0.9473446900777616,0.5621744823742313,0.5513157894736842,0.4125551768648461,0.011476437484291405,0.75,0.0,0.15000000000000002
ensemble_market,0.05,760,0.0,0.0,0.05,0.9472352729007633,0.5621434441428528,0.55,0.40917849010334556,0.01194213280570641,0.75,0.0,0.2
ensemble_market,0.05,760,0.0,0.0,0.0,0.9473572502462735,0.5622555791704545,0.5486842105263158,0.4078048914593621,0.015034385398978013,0.75,0.0,0.25
ensemble_market,0.05,760,0.0,0.0,0.2,0.9482044920368694,0.5626177701563289,0.5486842105263158,0.41129360335259363,0.011613949564996146,0.75,0.05,0.0
ensemble_market,0.05,760,0.0,0.0,0.15000000000000002,0.947522653759591,0.5622307006662783,0.5513157894736842,0.4131173456600195,0.01044681278910032,0.75,0.05,0.05
ensemble_market,0.05,760,0.0,0.0,0.1,0.9470722324144788,0.561986804435208,0.5486842105263158,0.4084077771939043,0.011632427510939906,0.75,0.05,0.1
ensemble_market,0.05,760,0.0,0.0,0.05,0.9468527337153326,0.5618860814631178,0.5513157894736842,0.4100898126764177,0.01095979261297682,0.75,0.05,0.15000000000000002
ensemble_market,0.05,760,0.0,0.0,0.0,0.9468653717098635,0.5619285317500077,0.5526315789473685,0.4105690324363334,0.012442144029342477,0.75,0.05,0.2
ensemble_market,0.05,760,0.0,0.0,0.15000000000000002,0.9475067661310062,0.5622100240954612,0.55,0.412205184355179,0.01300940278776111,0.75,0.1,0.0
ensemble_market,0.05,760,0.0,0.0,0.1,0.9469429656980441,0.5618964431236789,0.5526315789473685,0.41184600837129753,0.008370915671389262,0.75,0.1,0.05
ensemble_market,0.05,760,0.0,0.0,0.05,0.9466123357417159,0.561726035410877,0.5513157894736842,0.4100898126764177,0.011913497515788008,0.75,0.1,0.1
ensemble_market,0.05,760,0.0,0.0,0.0,0.9465152761288694,0.5616988009570549,0.5539473684210526,0.4117706998079375,0.012894890935780008,0.75,0.1,0.15000000000000002
ensemble_market,0.05,760,0.0,0.0,0.1,0.946959091037109,0.561903398439644,0.5513157894736842,0.4105143122473505,0.009469096401614889,0.75,0.15000000000000002,0.0
ensemble_market,0.05,760,0.0,0.0,0.05,0.9465156712712061,0.5616633059861301,0.5526315789473685,0.4114273996129347,0.009909611356268527,0.75,0.15000000000000002,0.05
ensemble_market,0.05,760,0.0,0.0,0.0,0.9463079475303533,0.5615663867915962,0.5552631578947368,0.4132554808027407,0.009470137273847958,0.75,0.15000000000000002,0.1
ensemble_market,0.05,760,0.0,0.0,0.05,0.9465650855668472,0.5616978931888773,0.5526315789473685,0.4114273996129347,0.010337230519017589,0.75,0.2,0.0
ensemble_market,0.05,760,0.0,0.0,0.0,0.9462451190362599,0.5615312892536317,0.5539473684210526,0.41234111709862287,0.010260670076542817,0.75,0.2,0.05
ensemble_market,0.05,760,0.0,0.0,0.0,0.9463293009678383,0.5615935083431612,0.5526315789473685,0.4114273996129347,0.008991175362207273,0.75,0.25,0.0
ensemble_market,0.05,760,0.0,0.0,0.2,0.9481952174182915,0.5626234951103165,0.5473684210526316,0.4075099623075362,0.010208971143576457,0.8,0.0,0.0
ensemble_market,0.05,760,0.0,0.0,0.15000000000000002,0.9475028487268848,0.5622319405138148,0.5473684210526316,0.40982840188739217,0.01237467215354614,0.8,0.0,0.05
ensemble_market,0.05,760,0.0,0.0,0.1,0.9470429855602628,0.5619835591762934,0.5486842105263158,0.4108722801092273,0.013214503361846635,0.8,0.0,0.1
ensemble_market,0.05,760,0.0,0.0,0.05,0.9468150793300382,0.561878351097752,0.55,0.41192206619035887,0.011737778977312022,0.8,0.0,0.15000000000000002
ensemble_market,0.05,760,0.0,0.0,0.0,0.9468203252346764,0.5619163162781906,0.5513157894736842,0.41221381065336243,0.013056433491427712,0.8,0.0,0.2
ensemble_market,0.05,760,0.0,0.0,0.15000000000000002,0.9474679721201262,0.5621958316698089,0.5486842105263158,0.4111586831204382,0.01301950553813648,0.8,0.05,0.0
ensemble_market,0.05,760,0.0,0.0,0.1,0.9468940289934796,0.5618777655915755,0.5513157894736842,0.41339676766046507,0.010671386822228793,0.8,0.05,0.05
ensemble_market,0.05,760,0.0,0.0,0.05,0.9465542718358191,0.5617028727723222,0.5513157894736842,0.4126936711286304,0.01256021810080284,0.8,0.05,0.1
ensemble_market,0.05,760,0.0,0.0,0.0,0.9464490598045876,0.5616711532120492,0.5539473684210526,0.41451750827604616,0.01202933332163682,0.8,0.05,0.15000000000000002
ensemble_market,0.05,760,0.0,0.0,0.1,0.9468905724025596,0.5618692886343518,0.5526315789473685,0.41469682034939254,0.010197166806000904,0.8,0.1,0.0
ensemble_market,0.05,760,0.0,0.0,0.05,0.9464373310313413,0.5616247110743868,0.5539473684210526,0.41494347266704995,0.009588492122322476,0.8,0.1,0.05
ensemble_market,0.05,760,0.0,0.0,0.0,0.9462207295225878,0.5615233067734019,0.5565789473684211,0.416772112211573,0.013363913580670218,0.8,0.1,0.1
ensemble_market,0.05,760,0.0,0.0,0.05,0.946466508734742,0.5616438660039453,0.5539473684210526,0.41494347266704995,0.012408129836620785,0.8,0.15000000000000002,0.0
ensemble_market,0.05,760,0.0,0.0,0.0,0.9461369686890334,0.5614727769622485,0.5552631578947368,0.41367630912252373,0.012925115226258959,0.8,0.15000000000000002,0.05
ensemble_market,0.05,760,0.0,0.0,0.0,0.9462001845698298,0.5615195637785895,0.5539473684210526,0.41234111709862287,0.010691461185966132,0.8,0.2,0.0
ensemble_market,0.05,760,0.0,0.0,0.15000000000000002,0.9474716798355763,0.5622101757331728,0.5486842105263158,0.41167800397128923,0.011616057638247038,0.8500000000000001,0.0,0.0
ensemble_market,0.05,760,0.0,0.0,0.1,0.946887293245318,0.5618876245484884,0.55,0.41259135180471035,0.010949403109816735,0.8500000000000001,0.0,0.05
ensemble_market,0.05,760,0.0,0.0,0.05,0.946538245238354,0.561708246622784,0.5486842105263158,0.41139664484510297,0.014703468141501332,0.8500000000000001,0.0,0.1
ensemble_market,0.05,760,0.0,0.0,0.0,0.9464248551184895,0.5616720419560596,0.5526315789473685,0.4135637142232212,0.0136144701742216,0.8500000000000001,0.0,0.15000000000000002
ensemble_market,0.05,760,0.0,0.0,0.1,0.9468646619722685,0.561863715318076,0.5513157894736842,0.4137826262333197,0.009200174990689158,0.8500000000000001,0.05,0.0
ensemble_market,0.05,760,0.0,0.0,0.05,0.946401368308103,0.5616146526516597,0.5513157894736842,0.4133656452619307,0.010763533396151298,0.8500000000000001,0.05,0.05
ensemble_market,0.05,760,0.0,0.0,0.0,0.946175800262297,0.5615087632442235,0.5552631578947368,0.4160022892708494,0.013856358009991382,0.8500000000000001,0.05,0.1
ensemble_market,0.05,760,0.0,0.0,0.05,0.9464107285650805,0.5616183753080296,0.5539473684210526,0.4160239239344543,0.012519249344996052,0.8500000000000001,0.1,0.0
ensemble_market,0.05,760,0.0,0.0,0.0,0.9460714606804261,0.5614428011598817,0.5552631578947368,0.41627752840659693,0.012272212602308097,0.8500000000000001,0.1,0.05
ensemble_market,0.05,760,0.0,0.0,0.0,0.9461141455217834,0.5614741557030338,0.5565789473684211,0.4171932742054693,0.010190183791344452,0.8500000000000001,0.15000000000000002,0.0
ensemble_market,0.05,760,0.0,0.0,0.1,0.9468817101418778,0.5618866784908162,0.5513157894736842,0.4139216265509429,0.011292941194892991,0.9,0.0,0.0
ensemble_market,0.05,760,0.0,0.0,0.05,0.9464081050610021,0.5616331307179487,0.55,0.4121691438794792,0.010640749375532825,0.9,0.0,0.05
ensemble_market,0.05,760,0.0,0.0,0.0,0.9461734618444223,0.5615227562040616,0.5539473684210526,0.41548011050490263,0.013717615836506394,0.9,0.0,0.1
ensemble_market,0.05,760,0.0,0.0,0.05,0.9463980618567563,0.56162142110113,0.5539473684210526,0.41616524913059666,0.01157613776070504,0.9,0.05,0.0
ensemble_market,0.05,760,0.0,0.0,0.0,0.9460488866292034,0.5614413618465308,0.5526315789473685,0.4145634064485197,0.015123337863445954,0.9,0.05,0.05
ensemble_market,0.05,760,0.0,0.0,0.0,0.9460714663592156,0.5614572841164943,0.5552631578947368,0.41627752840659693,0.010447307331213886,0.9,0.1,0.0
ensemble_market,0.05,760,0.0,0.0,0.05,0.9464289114764148,0.5616530033832466,0.5539473684210526,0.41616524913059666,0.011127546579368902,0.9500000000000001,0.0,0.0
ensemble_market,0.05,760,0.0,0.0,0.0,0.9460696194356648,0.5614684590221963,0.5526315789473685,0.4145634064485197,0.013253358589114504,0.9500000000000001,0.0,0.05
ensemble_market,0.05,760,0.0,0.0,0.0,0.946072515833561,0.561468949018971,0.5526315789473685,0.415373377189962,0.011100664549213263,0.9500000000000001,0.05,0.0
ensemble_market,0.05,760,0.0,0.0,0.0,0.9461177569535879,0.561509150410464,0.5526315789473685,0.415373377189962,0.00977712823073627,1.0,0.0,0.0
