fixture_id,season,matchday,reference_date,scheduled_date,kickoff_time,home_team_id,home_team,away_team_id,away_team,expected_home_goals,expected_away_goals,predicted_score,predicted_score_probability,goal_model_source,promoted_adjustment_applied,model,probability_home,probability_draw,probability_away,predicted_ftr,probability_edge,confidence,market_odds_available,feature_snapshot,requires_dynamic_update
laliga_102259,2026/27,2,2026-08-23,,,athletic_bilbao,Athletic Club,sevilla,Sevilla FC,1.5778404303255709,0.9343251488036515,1-0,0.12795104089324616,refit_through_current_results,0,ensemble_market,0.49347104587861107,0.2819445998106615,0.2245843543107274,H,0.21152644606794957,medium,True,dynamic_current_results,False
laliga_102260,2026/27,2,2026-08-23,,,atletico_madrid,Atlético de Madrid,villarreal,Villarreal CF,1.9379101540125032,1.2685503087223866,1-1,0.09956254575933927,refit_through_current_results,0,ensemble_sports,0.5199207314961077,0.2403697953957592,0.23970947310813295,H,0.27955093610034853,medium,False,dynamic_current_results,False
laliga_102261,2026/27,2,2026-08-23,,,betis,Real Betis,real_sociedad,Real Sociedad,1.767821060637686,1.096709587157071,1-1,0.11053027392567029,refit_through_current_results,0,ensemble_sports,0.5506101005011723,0.24982259507546234,0.1995673044233654,H,0.30078750542571,medium,False,dynamic_current_results,False
laliga_102262,2026/27,2,2026-08-23,,,elche,Elche CF,barcelona,FC Barcelona,1.0690840726482793,2.265746791795125,1-2,0.09775009214875027,refit_through_current_results,0,ensemble_sports,0.1727346951827644,0.229311077836018,0.5979542269812177,A,0.3686431491451997,medium,False,dynamic_current_results,False
laliga_102263,2026/27,2,2026-08-23,,,espanyol,RCD Espanyol,real_madrid,Real Madrid,0.8980657972291063,1.8717654245897282,0-1,0.11730889970374084,refit_through_current_results,0,ensemble_sports,0.16906419300754644,0.2278061453705405,0.6031296616219131,A,0.37532351625137256,high,False,dynamic_current_results,False
laliga_102264,2026/27,2,2026-08-23,,,getafe,Getafe CF,racing_santander,Racing de Santander,1.4720047859418324,0.8108768057418886,1-0,0.15012967492365892,refit_through_current_results,1,ensemble_sports,0.49573280494529304,0.2680955149544663,0.2361716801002406,H,0.22763728999082672,medium,False,dynamic_current_results,False
laliga_102265,2026/27,2,2026-08-23,,,malaga,Málaga CF,deportivo,RC Deportivo,1.6715644872389692,1.1306492981101801,1-1,0.11467421062327841,refit_through_current_results,1,ensemble_sports,0.5191002153829936,0.24453620864695425,0.2363635759700523,H,0.2745640067360393,medium,False,dynamic_current_results,False
laliga_102266,2026/27,2,2026-08-23,,,osasuna,CA Osasuna,levante,Levante UD,1.6076040919973462,1.1249492063904423,1-1,0.11764668046879019,refit_through_current_results,0,ensemble_sports,0.3900636397462978,0.2987867213035213,0.31114963895018083,H,0.07891400079611699,low,False,dynamic_current_results,False
laliga_102267,2026/27,2,2026-08-23,,,vallecano,Rayo Vallecano,alaves,Deportivo Alavés,1.219206841671932,0.8395916165172629,1-0,0.15557958679360556,refit_through_current_results,0,ensemble_sports,0.45606163281363665,0.28914339804838024,0.2547949691379832,H,0.1669182347652564,medium,False,dynamic_current_results,False
laliga_102268,2026/27,2,2026-08-23,,,valencia,Valencia CF,celta,RC Celta,1.407642654959742,1.2191850732236353,1-1,0.12409247005782649,refit_through_current_results,0,ensemble_sports,0.4590703607182437,0.25841687019421866,0.28251276908753775,H,0.17655759163070595,medium,False,dynamic_current_results,False
laliga_102269,2026/27,3,2026-08-30,,,alaves,Deportivo Alavés,villarreal,Villarreal CF,1.2546469413264159,1.6207105065724206,1-1,0.1146768227409184,refit_through_current_results,0,ensemble_sports,0.3362654724356227,0.2729138558430482,0.39082067172132906,A,0.054555199285706346,low,False,dynamic_current_results,False
laliga_102270,2026/27,3,2026-08-30,,,celta,RC Celta,athletic_bilbao,Athletic Club,1.463742230940874,1.111232940234292,1-1,0.12387178720838907,refit_through_current_results,0,ensemble_sports,0.477506032996192,0.262536875386505,0.2599570916173031,H,0.214969157609687,medium,False,dynamic_current_results,False
laliga_102271,2026/27,3,2026-08-30,,,deportivo,RC Deportivo,valencia,Valencia CF,1.2072045090012982,1.3724252376751056,1-1,0.12558874199236503,refit_through_current_results,1,ensemble_sports,0.34831173373787727,0.2961057407831512,0.3555825254789716,A,0.007270791741094351,low,False,dynamic_current_results,False
laliga_102272,2026/27,3,2026-08-30,,,barcelona,FC Barcelona,vallecano,Rayo Vallecano,2.415508270191344,0.6708054733246603,2-0,0.1332409801324004,refit_through_current_results,0,ensemble_sports,0.7825535627842768,0.14303460964835238,0.0744118275673708,H,0.6395189531359244,high,False,dynamic_current_results,False
laliga_102273,2026/27,3,2026-08-30,,,levante,Levante UD,betis,Real Betis,1.4397417985153722,1.5007678921466818,1-1,0.11416984523789349,refit_through_current_results,0,ensemble_sports,0.40470969923127836,0.24959499668755208,0.3456953040811696,H,0.059014395150108756,low,False,dynamic_current_results,False
laliga_102274,2026/27,3,2026-08-30,,,osasuna,CA Osasuna,getafe,Getafe CF,1.0816474543662578,0.7504717402060438,1-0,0.17314361707947631,refit_through_current_results,0,ensemble_sports,0.4503312675449236,0.2857091248097009,0.2639596076453756,H,0.1646221427352227,medium,False,dynamic_current_results,False
laliga_102275,2026/27,3,2026-08-30,,,racing_santander,Racing de Santander,elche,Elche CF,1.5420177145767355,1.532012558378569,1-1,0.10922395787052014,refit_through_current_results,1,ensemble_sports,0.46007543762455394,0.24940291183997992,0.2905216505354662,H,0.16955378708908775,medium,False,dynamic_current_results,False
laliga_102276,2026/27,3,2026-08-30,,,real_madrid,Real Madrid,malaga,Málaga CF,2.9588959307916336,0.6502491644634938,2-0,0.11855251599052347,refit_through_current_results,1,ensemble_sports,0.7921343795020421,0.14090046885001084,0.06696515164794699,H,0.6512339106520313,high,False,dynamic_current_results,False
laliga_102277,2026/27,3,2026-08-30,,,real_sociedad,Real Sociedad,espanyol,RCD Espanyol,1.6797480760157162,0.9919783041143808,1-0,0.11612583220917438,refit_through_current_results,0,ensemble_sports,0.45783565010674654,0.28157344619953495,0.2605909036937185,H,0.1762622039072116,medium,False,dynamic_current_results,False
laliga_102278,2026/27,3,2026-08-30,,,sevilla,Sevilla FC,atletico_madrid,Atlético de Madrid,1.1084210845572255,1.5683682847868807,1-1,0.11957444053910044,refit_through_current_results,0,ensemble_sports,0.2830140297853263,0.26359194956838317,0.45339402064629064,A,0.17037999086096434,medium,False,dynamic_current_results,False
laliga_102279,2026/27,4,2026-09-06,,,alaves,Deportivo Alavés,osasuna,CA Osasuna,1.262442054305877,1.0431899342376283,1-1,0.13129604451553303,refit_through_current_results,0,ensemble_sports,0.4655059738262163,0.2700117027062253,0.2644823234675585,H,0.19549427111999096,medium,False,dynamic_current_results,False
laliga_102280,2026/27,4,2026-09-06,,,athletic_bilbao,Athletic Club,atletico_madrid,Atlético de Madrid,1.175636757248577,1.3224967376904804,1-1,0.1278622275358318,refit_through_current_results,0,ensemble_sports,0.26721796149773436,0.2736352171016113,0.45914682140065444,A,0.18551160429904312,medium,False,dynamic_current_results,False
laliga_102281,2026/27,4,2026-09-06,,,betis,Real Betis,real_madrid,Real Madrid,1.1920680961042978,1.640748930752222,1-1,0.11509778947112521,refit_through_current_results,0,ensemble_sports,0.24282737865528303,0.25097061071575816,0.5062020106289588,A,0.2552313999132006,medium,False,dynamic_current_results,False
laliga_102282,2026/27,4,2026-09-06,,,elche,Elche CF,real_sociedad,Real Sociedad,1.4574829305359627,1.2936866310735016,1-1,0.12039682832703107,refit_through_current_results,0,ensemble_sports,0.42820575509307807,0.2864640417041177,0.2853302032028041,H,0.14174171338896036,medium,False,dynamic_current_results,False
laliga_102283,2026/27,4,2026-09-06,,,espanyol,RCD Espanyol,sevilla,Sevilla FC,1.389259967085057,1.1158389985746398,1-1,0.12660023938266093,refit_through_current_results,0,ensemble_sports,0.38141903213766987,0.31503440048259534,0.30354656737973484,H,0.06638463165507452,low,False,dynamic_current_results,False
laliga_102284,2026/27,4,2026-09-06,,,getafe,Getafe CF,celta,RC Celta,1.0287989833861668,0.9505211282217669,1-0,0.14214210165660382,refit_through_current_results,0,ensemble_sports,0.38555733217668553,0.2868810339035425,0.3275616339197721,H,0.05799569825691342,low,False,dynamic_current_results,False
laliga_102285,2026/27,4,2026-09-06,,,malaga,Málaga CF,levante,Levante UD,1.4756341954832022,1.4404086833608771,1-1,0.11509156002785938,refit_through_current_results,1,ensemble_sports,0.337381512399763,0.28087070453384416,0.3817477830663929,A,0.0443662706666299,low,False,dynamic_current_results,False
laliga_102286,2026/27,4,2026-09-06,,,vallecano,Rayo Vallecano,racing_santander,Racing de Santander,1.7327404206583257,0.9120109964365539,1-0,0.12306470365705109,refit_through_current_results,1,ensemble_sports,0.526843161319712,0.2507263853485845,0.22243045333170364,H,0.2761167759711275,medium,False,dynamic_current_results,False
laliga_102287,2026/27,4,2026-09-06,,,valencia,Valencia CF,barcelona,FC Barcelona,1.0468330527916667,2.051766678859784,1-2,0.09940384394472608,refit_through_current_results,0,ensemble_sports,0.18961002955160533,0.23165464636997765,0.5787353240784171,A,0.3470806777084394,medium,False,dynamic_current_results,False
laliga_102288,2026/27,4,2026-09-06,,,villarreal,Villarreal CF,deportivo,RC Deportivo,2.8292126272318203,0.8775768923874679,2-0,0.09829707623556672,refit_through_current_results,1,ensemble_sports,0.6918822737459033,0.18613818883446795,0.12197953741962873,H,0.5057440849114353,high,False,dynamic_current_results,False
laliga_102289,2026/27,5,2026-09-13,,,athletic_bilbao,Athletic Club,elche,Elche CF,1.6430141159646263,0.9548715184372637,1-0,0.12229099398075167,refit_through_current_results,0,ensemble_sports,0.4678139501344406,0.2742158526933605,0.2579701971721989,H,0.19359809744108009,medium,False,dynamic_current_results,False
laliga_102290,2026/27,5,2026-09-13,,,celta,RC Celta,malaga,Málaga CF,2.058273812567043,0.9511311725424095,2-0,0.10447515407551233,refit_through_current_results,1,ensemble_sports,0.5821083996186559,0.2392158616030249,0.1786757387783191,H,0.342892538015631,medium,False,dynamic_current_results,False
laliga_102291,2026/27,5,2026-09-13,,,getafe,Getafe CF,deportivo,RC Deportivo,1.34669741101495,0.7010189617732352,1-0,0.1737633529785384,refit_through_current_results,1,ensemble_sports,0.5061656704377634,0.26655682427633964,0.22727750528589707,H,0.23960884616142375,medium,False,dynamic_current_results,False
laliga_102292,2026/27,5,2026-09-13,,,levante,Levante UD,barcelona,FC Barcelona,1.1468697691256842,2.3774614349329273,1-2,0.09552800054661961,refit_through_current_results,0,ensemble_sports,0.2488198750920121,0.2405415055291468,0.5106386193788413,A,0.26181874428682916,medium,False,dynamic_current_results,False
laliga_102293,2026/27,5,2026-09-13,,,osasuna,CA Osasuna,espanyol,RCD Espanyol,1.481660954739337,0.9582362276033344,1-0,0.12915617336959023,refit_through_current_results,0,ensemble_sports,0.490317152575389,0.27132883802589447,0.23835400939871654,H,0.21898831454949452,medium,False,dynamic_current_results,False
laliga_102294,2026/27,5,2026-09-13,,,racing_santander,Racing de Santander,alaves,Deportivo Alavés,1.409674931141035,1.373725275792217,1-1,0.1197302111362573,refit_through_current_results,1,ensemble_sports,0.4136974177969851,0.2783920449670433,0.3079105372359717,H,0.10578688056101337,medium,False,dynamic_current_results,False
laliga_102295,2026/27,5,2026-09-13,,,real_madrid,Real Madrid,vallecano,Rayo Vallecano,2.063368209994995,0.6166673808691372,2-0,0.14594983508689077,refit_through_current_results,0,ensemble_sports,0.7436409858416018,0.17159974539528214,0.08475926876311618,H,0.5720412404463197,high,False,dynamic_current_results,False
laliga_102296,2026/27,5,2026-09-13,,,real_sociedad,Real Sociedad,atletico_madrid,Atlético de Madrid,1.2428083808126271,1.5035224786057395,1-1,0.11989416414323649,refit_through_current_results,0,ensemble_sports,0.2578009707555959,0.25935074797086954,0.4828482812735345,A,0.22349753330266497,medium,False,dynamic_current_results,False
laliga_102297,2026/27,5,2026-09-13,,,sevilla,Sevilla FC,valencia,Valencia CF,1.4027798396263902,1.1088273992727689,1-1,0.1262049640781832,refit_through_current_results,0,ensemble_sports,0.40062474763533723,0.2848482370000811,0.3145270153645817,H,0.08609773227075551,medium,False,dynamic_current_results,False
laliga_102298,2026/27,5,2026-09-13,,,villarreal,Villarreal CF,betis,Real Betis,2.0178162035539753,1.2640829488616316,2-1,0.09665004388077095,refit_through_current_results,0,ensemble_sports,0.49845047244904117,0.2495430832176649,0.252006444333294,H,0.24644402811574717,medium,False,dynamic_current_results,False
laliga_102299,2026/27,6,2026-09-16,,,alaves,Deportivo Alavés,valencia,Valencia CF,1.2855056218904584,1.0555329064982937,1-1,0.13057069128164012,refit_through_current_results,0,ensemble_sports,0.4043232726437084,0.2869219428185066,0.30875478453778515,H,0.09556848810592322,medium,False,dynamic_current_results,False
laliga_102300,2026/27,6,2026-09-16,,,atletico_madrid,Atlético de Madrid,osasuna,CA Osasuna,1.9499503767213728,0.8165177604308305,1-0,0.12262092001648774,refit_through_current_results,0,ensemble_sports,0.6461464305303997,0.20734291372469832,0.1465106557449021,H,0.43880351680570134,high,False,dynamic_current_results,False
laliga_102301,2026/27,6,2026-09-16,,,betis,Real Betis,getafe,Getafe CF,1.3556993281159664,0.7153899275016122,1-0,0.17088377737100255,refit_through_current_results,0,ensemble_sports,0.5439660140127974,0.2657039754415145,0.1903300105456882,H,0.27826203857128295,medium,False,dynamic_current_results,False
laliga_102302,2026/27,6,2026-09-16,,,deportivo,RC Deportivo,sevilla,Sevilla FC,1.2802242094331227,1.3714381544142966,1-1,0.1238397545231958,refit_through_current_results,1,ensemble_sports,0.37746117118985206,0.3026098074148684,0.3199290213952796,H,0.05753214979457244,low,False,dynamic_current_results,False
laliga_102303,2026/27,6,2026-09-16,,,elche,Elche CF,real_madrid,Real Madrid,0.9828024684137422,1.9354394103224803,0-1,0.10456971035298859,refit_through_current_results,0,ensemble_sports,0.17908535139952275,0.2231961689985073,0.59771847960197,A,0.3745223106034627,medium,False,dynamic_current_results,False
laliga_102304,2026/27,6,2026-09-16,,,barcelona,FC Barcelona,racing_santander,Racing de Santander,3.952212837011764,0.7756006832451978,3-0,0.09125048702332772,refit_through_current_results,1,ensemble_sports,0.803699202308676,0.1234301689197352,0.07287062877158894,H,0.6802690333889407,high,False,dynamic_current_results,False
laliga_102305,2026/27,6,2026-09-16,,,levante,Levante UD,athletic_bilbao,Athletic Club,1.3752777184005516,1.2841039453941203,1-1,0.12360497790582119,refit_through_current_results,0,ensemble_sports,0.5105015848750631,0.2319197216236044,0.25757869350133245,H,0.2529228913737307,medium,False,dynamic_current_results,False
laliga_102306,2026/27,6,2026-09-16,,,malaga,Málaga CF,villarreal,Villarreal CF,1.2429130680556664,2.018750851036289,1-2,0.09706385405966715,refit_through_current_results,1,ensemble_sports,0.26338647739266563,0.26272847850514336,0.4738850441021911,A,0.2104985667095255,medium,False,dynamic_current_results,False
laliga_102307,2026/27,6,2026-09-16,,,vallecano,Rayo Vallecano,espanyol,RCD Espanyol,1.2897918191364344,0.8556032936417008,1-0,0.15093376828475277,refit_through_current_results,0,ensemble_sports,0.4713451832782576,0.2907984401878205,0.23785637653392186,H,0.1805467430904371,medium,False,dynamic_current_results,False
laliga_102308,2026/27,6,2026-09-16,,,real_sociedad,Real Sociedad,celta,RC Celta,1.5771730422280996,1.2394719346706033,1-1,0.11691307870390512,refit_through_current_results,0,ensemble_sports,0.4009241526280726,0.27255931788826876,0.3265165294836587,H,0.0744076231444139,low,False,dynamic_current_results,False
laliga_102309,2026/27,7,2026-09-20,,,athletic_bilbao,Athletic Club,alaves,Deportivo Alavés,1.502003374469617,0.8562143520544344,1-0,0.14207256005887559,refit_through_current_results,0,ensemble_sports,0.4229628814267066,0.3089390531091847,0.2680980654641088,H,0.11402382831752195,medium,False,dynamic_current_results,False
laliga_102310,2026/27,7,2026-09-20,,,atletico_madrid,Atlético de Madrid,real_madrid,Real Madrid,1.3611810941837417,1.3848777622137038,1-1,0.1209843918111415,refit_through_current_results,0,ensemble_sports,0.3256105192163173,0.26582035096831536,0.4085691298153674,A,0.08295861059905013,medium,False,dynamic_current_results,False
laliga_102311,2026/27,7,2026-09-20,,,celta,RC Celta,racing_santander,Racing de Santander,2.3484536262014566,1.042925232481302,2-1,0.09681562611332525,refit_through_current_results,1,ensemble_sports,0.5626963392272837,0.2397492752573202,0.19755438551539603,H,0.3229470639699635,medium,False,dynamic_current_results,False
laliga_102312,2026/27,7,2026-09-20,,,deportivo,RC Deportivo,betis,Real Betis,1.1301258266182344,1.7000353609177619,1-1,0.1133606102559564,refit_through_current_results,1,ensemble_sports,0.281201627653678,0.28257198436975944,0.43622638797656255,A,0.1536544036068031,medium,False,dynamic_current_results,False
laliga_102313,2026/27,7,2026-09-20,,,espanyol,RCD Espanyol,elche,Elche CF,1.4466442187657187,1.1403769664819259,1-1,0.12413130820915434,refit_through_current_results,0,ensemble_sports,0.40154859014250666,0.28724329384096303,0.31120811601653026,H,0.0903404741259764,medium,False,dynamic_current_results,False
laliga_102314,2026/27,7,2026-09-20,,,getafe,Getafe CF,malaga,Málaga CF,1.2901208135746793,0.7395067096015948,1-0,0.1695018347706877,refit_through_current_results,1,ensemble_sports,0.5050534938402432,0.27914680519515156,0.21579970096460527,H,0.22590668864509167,medium,False,dynamic_current_results,False
laliga_102315,2026/27,7,2026-09-20,,,osasuna,CA Osasuna,vallecano,Rayo Vallecano,1.2165527064830597,0.8834025074074666,1-0,0.14898138240875064,refit_through_current_results,0,ensemble_sports,0.41780279824568034,0.2828484396064999,0.2993487621478198,H,0.11845403609786054,medium,False,dynamic_current_results,False
laliga_102316,2026/27,7,2026-09-20,,,sevilla,Sevilla FC,barcelona,FC Barcelona,1.0460801437406624,2.1758710763576725,1-2,0.09874916507718236,refit_through_current_results,0,ensemble_sports,0.21435324266011851,0.24671713210893292,0.5389296252309486,A,0.29221249312201564,medium,False,dynamic_current_results,False
laliga_102317,2026/27,7,2026-09-20,,,valencia,Valencia CF,real_sociedad,Real Sociedad,1.4271481023800303,1.1715091607478236,1-1,0.12434616424356335,refit_through_current_results,0,ensemble_sports,0.4649798852575439,0.2779467735650916,0.2570733411773646,H,0.1870331116924523,medium,False,dynamic_current_results,False
laliga_102318,2026/27,7,2026-09-20,,,villarreal,Villarreal CF,levante,Levante UD,2.4975900905456947,1.118003060917817,2-1,0.09381012639215432,refit_through_current_results,0,ensemble_sports,0.5605601731525737,0.23597375217017727,0.20346607467724898,H,0.32458642098239643,medium,False,dynamic_current_results,False
laliga_102319,2026/27,8,2026-10-11,,,alaves,Deportivo Alavés,atletico_madrid,Atlético de Madrid,1.0157556413127016,1.492986496533713,1-1,0.12339924140193125,refit_through_current_results,0,ensemble_sports,0.2904080139904675,0.2637199747663222,0.4458720112432104,A,0.1554639972527429,medium,False,dynamic_current_results,False
laliga_102320,2026/27,8,2026-10-11,,,betis,Real Betis,osasuna,CA Osasuna,1.707688743994803,0.967378261764847,1-0,0.11766375562345942,refit_through_current_results,0,ensemble_sports,0.5171752677183881,0.268105740584642,0.21471899169697,H,0.24906952713374608,medium,False,dynamic_current_results,False
laliga_102321,2026/27,8,2026-10-11,,,elche,Elche CF,celta,RC Celta,1.4375628839618708,1.3463346962024303,1-1,0.11960484564194049,refit_through_current_results,0,ensemble_sports,0.3999553691463582,0.27272994967851316,0.3273146811751286,H,0.07264068797122963,low,False,dynamic_current_results,False
laliga_102322,2026/27,8,2026-10-11,,,barcelona,FC Barcelona,getafe,Getafe CF,2.1476491380355105,0.5698654313118171,2-0,0.1523007351006089,refit_through_current_results,0,ensemble_sports,0.7890518145984992,0.14405229794553212,0.06689588745596876,H,0.6449995166529671,high,False,dynamic_current_results,False
laliga_102323,2026/27,8,2026-10-11,,,levante,Levante UD,sevilla,Sevilla FC,1.6309620242090175,1.2106867865964608,1-1,0.11517648417644774,refit_through_current_results,0,ensemble_sports,0.49176083732629694,0.2909927302781037,0.2172464323955995,H,0.20076810704819326,medium,False,dynamic_current_results,False
laliga_102324,2026/27,8,2026-10-11,,,malaga,Málaga CF,espanyol,RCD Espanyol,1.3600298617112898,1.2269458701869254,1-1,0.12556386878226447,refit_through_current_results,1,ensemble_sports,0.40654791810966945,0.290325262137376,0.30312681975295463,H,0.10342109835671481,medium,False,dynamic_current_results,False
laliga_102325,2026/27,8,2026-10-11,,,racing_santander,Racing de Santander,valencia,Valencia CF,1.3963875294614774,1.5001265330142417,1-1,0.11566291668311295,refit_through_current_results,1,ensemble_sports,0.3952806978857737,0.2744758180640021,0.33024348405022413,H,0.06503721383554956,low,False,dynamic_current_results,False
laliga_102326,2026/27,8,2026-10-11,,,vallecano,Rayo Vallecano,athletic_bilbao,Athletic Club,1.0799810141783386,0.9717443106491986,1-0,0.13879158854451912,refit_through_current_results,0,ensemble_sports,0.42323124224636577,0.29416063375336743,0.2826081240002669,H,0.12907060849299834,medium,False,dynamic_current_results,False
laliga_102327,2026/27,8,2026-10-11,,,real_madrid,Real Madrid,villarreal,Villarreal CF,2.296608417996829,1.1005816173959266,2-1,0.09713996161299207,refit_through_current_results,0,ensemble_sports,0.6815512307594775,0.18871010037861957,0.1297386688619028,H,0.492841130380858,high,False,dynamic_current_results,False
laliga_102328,2026/27,8,2026-10-11,,,real_sociedad,Real Sociedad,deportivo,RC Deportivo,2.064518809787651,0.9141231088838324,2-0,0.10839388249117017,refit_through_current_results,1,ensemble_sports,0.5311601622294853,0.24212885824979852,0.22671097952071623,H,0.28903130397968674,medium,False,dynamic_current_results,False
laliga_102329,2026/27,9,2026-10-18,,,betis,Real Betis,barcelona,FC Barcelona,1.2967214226824213,1.9207636292647987,1-1,0.09976705403125155,refit_through_current_results,0,ensemble_sports,0.2208862522975477,0.24956461336702196,0.5295491343354304,A,0.2799845209684084,medium,False,dynamic_current_results,False
laliga_102330,2026/27,9,2026-10-18,,,celta,RC Celta,alaves,Deportivo Alavés,1.6524406623620114,0.9601104430395253,1-0,0.12120204640986662,refit_through_current_results,0,ensemble_sports,0.46490947241885405,0.2858102451926251,0.24928028238852096,H,0.17909922722622895,medium,False,dynamic_current_results,False
laliga_102331,2026/27,9,2026-10-18,,,deportivo,RC Deportivo,levante,Levante UD,1.398834572078488,1.5035759630222105,1-1,0.11544927739302181,refit_through_current_results,1,ensemble_sports,0.33151416386036386,0.28976950195701473,0.37871633418262146,A,0.0472021703222576,low,False,dynamic_current_results,False
laliga_102332,2026/27,9,2026-10-18,,,espanyol,RCD Espanyol,atletico_madrid,Atlético de Madrid,1.0351269059204764,1.5794217219693945,1-1,0.11967627461343879,refit_through_current_results,0,ensemble_sports,0.22218912772841118,0.2536560888253745,0.5241547834462144,A,0.27049869462083986,medium,False,dynamic_current_results,False
laliga_102333,2026/27,9,2026-10-18,,,getafe,Getafe CF,vallecano,Rayo Vallecano,0.8996579589301991,0.7013152660048847,0-0,0.20170012360050235,refit_through_current_results,0,ensemble_sports,0.37167254624530394,0.31043509665447744,0.3178923571002187,H,0.053780189145085255,low,False,dynamic_current_results,False
laliga_102334,2026/27,9,2026-10-18,,,malaga,Málaga CF,real_sociedad,Real Sociedad,1.2946735125994449,1.473112718402182,1-1,0.1197739061420584,refit_through_current_results,1,ensemble_sports,0.37096975636376667,0.29798237517382614,0.3310478684624073,H,0.039921887901359365,low,False,dynamic_current_results,False
laliga_102335,2026/27,9,2026-10-18,,,osasuna,CA Osasuna,racing_santander,Racing de Santander,1.990502488771393,1.0214102531541818,1-1,0.10002517348490107,refit_through_current_results,1,ensemble_sports,0.5152272247203673,0.26006108377747345,0.22471169150215925,H,0.25516614094289386,medium,False,dynamic_current_results,False
laliga_102336,2026/27,9,2026-10-18,,,real_madrid,Real Madrid,sevilla,Sevilla FC,2.495425376110432,0.7162689353638368,2-0,0.12544819043415678,refit_through_current_results,0,ensemble_sports,0.7196764674341959,0.19392072685738893,0.08640280570841512,H,0.525755740576807,high,False,dynamic_current_results,False
laliga_102337,2026/27,9,2026-10-18,,,valencia,Valencia CF,athletic_bilbao,Athletic Club,1.2553179193895325,1.1081911355699317,1-1,0.130890918166719,refit_through_current_results,0,ensemble_sports,0.46130622387661413,0.2722774690749264,0.2664163070484596,H,0.18902875480168774,medium,False,dynamic_current_results,False
laliga_102338,2026/27,9,2026-10-18,,,villarreal,Villarreal CF,elche,Elche CF,2.3802307165638013,1.0421752301575204,2-1,0.09634611851373673,refit_through_current_results,0,ensemble_sports,0.6190793309112627,0.21379582692882212,0.1671248421599152,H,0.4052835039824405,high,False,dynamic_current_results,False
laliga_102339,2026/27,10,2026-10-25,,,alaves,Deportivo Alavés,malaga,Málaga CF,1.616457424861719,0.9575533845726603,1-0,0.12322138136204865,refit_through_current_results,1,ensemble_sports,0.5526025017716606,0.24957188765353522,0.19782561057480408,H,0.3030306141181254,medium,False,dynamic_current_results,False
laliga_102340,2026/27,10,2026-10-25,,,athletic_bilbao,Athletic Club,getafe,Getafe CF,1.1599787449555343,0.6833585218375172,1-0,0.1836110641217454,refit_through_current_results,0,ensemble_sports,0.4443897900358291,0.30780382279447865,0.24780638716969217,H,0.13658596724135047,medium,False,dynamic_current_results,False
laliga_102341,2026/27,10,2026-10-25,,,atletico_madrid,Atlético de Madrid,deportivo,RC Deportivo,2.6062496856473802,0.7104816899213463,2-0,0.12319763260189932,refit_through_current_results,1,ensemble_sports,0.712934113890964,0.17577766076872364,0.11128822534031246,H,0.5371564531222404,high,False,dynamic_current_results,False
laliga_102342,2026/27,10,2026-10-25,,,celta,RC Celta,betis,Real Betis,1.5323529523830552,1.2987287543046389,1-1,0.1173152460187783,refit_through_current_results,0,ensemble_sports,0.38171810499590136,0.27596962880494996,0.3423122661991487,H,0.03940583879675269,low,False,dynamic_current_results,False
laliga_102343,2026/27,10,2026-10-25,,,barcelona,FC Barcelona,real_madrid,Real Madrid,1.8884305435452962,1.306988065044305,1-1,0.10106997403842492,refit_through_current_results,0,ensemble_sports,0.5252903143209404,0.2541398419150847,0.22056984376397498,H,0.2711504724058557,medium,False,dynamic_current_results,False
laliga_102344,2026/27,10,2026-10-25,,,racing_santander,Racing de Santander,espanyol,RCD Espanyol,1.4912869020108954,1.399923304858902,1-1,0.11588551558032138,refit_through_current_results,1,ensemble_sports,0.480902862602122,0.26631485284810985,0.2527822845497682,H,0.21458800975401215,medium,False,dynamic_current_results,False
laliga_102345,2026/27,10,2026-10-25,,,vallecano,Rayo Vallecano,elche,Elche CF,1.3336681429593913,0.936333430766957,1-0,0.13778397150121977,refit_through_current_results,0,ensemble_sports,0.4615644907272972,0.27558012389688546,0.26285538537581743,H,0.18598436683041175,medium,False,dynamic_current_results,False
laliga_102346,2026/27,10,2026-10-25,,,real_sociedad,Real Sociedad,levante,Levante UD,1.8225288800990243,1.1645616955654814,1-1,0.10704379820408519,refit_through_current_results,0,ensemble_sports,0.3904641147352641,0.28901681711480276,0.32051906814993325,H,0.06994504658533085,low,False,dynamic_current_results,False
laliga_102347,2026/27,10,2026-10-25,,,sevilla,Sevilla FC,osasuna,CA Osasuna,1.3776122269091984,1.0958612229017324,1-1,0.12725263791135122,refit_through_current_results,0,ensemble_sports,0.44923737711705514,0.2768719932613194,0.2738906296216255,H,0.17236538385573574,medium,False,dynamic_current_results,False
laliga_102348,2026/27,10,2026-10-25,,,valencia,Valencia CF,villarreal,Villarreal CF,1.3700913853852688,1.605433912634784,1-1,0.11222466298640899,refit_through_current_results,0,ensemble_sports,0.3378990671383124,0.28509060985498424,0.3770103230067034,A,0.03911125586839098,low,False,dynamic_current_results,False
laliga_102349,2026/27,11,2026-11-01,,,athletic_bilbao,Athletic Club,real_sociedad,Real Sociedad,1.5126029885064998,1.0476046887912058,1-1,0.12247250127137456,refit_through_current_results,0,ensemble_sports,0.451372838877236,0.28649064705553934,0.26213651406722466,H,0.16488219182169667,medium,False,dynamic_current_results,False
laliga_102350,2026/27,11,2026-11-01,,,betis,Real Betis,malaga,Málaga CF,2.1865606743439203,0.8879651713586613,2-0,0.1104718417649576,refit_through_current_results,1,ensemble_sports,0.6293484018894331,0.22306448344450172,0.14758711466606517,H,0.4062839184449314,high,False,dynamic_current_results,False
laliga_102351,2026/27,11,2026-11-01,,,deportivo,RC Deportivo,osasuna,CA Osasuna,1.1855457606398419,1.3563766554526353,1-1,0.1265773105829555,refit_through_current_results,1,ensemble_sports,0.3735503632574784,0.2886956938830409,0.3377539428594807,H,0.03579642039799774,low,False,dynamic_current_results,False
laliga_102352,2026/27,11,2026-11-01,,,elche,Elche CF,valencia,Valencia CF,1.4336278084908138,1.1546282083782016,1-1,0.12439801407089537,refit_through_current_results,0,ensemble_sports,0.3928565250268349,0.29031547274866754,0.3168280022244977,H,0.07602852280233718,low,False,dynamic_current_results,False
laliga_102353,2026/27,11,2026-11-01,,,barcelona,FC Barcelona,alaves,Deportivo Alavés,2.780892552155992,0.7140131357648938,2-0,0.11737815026686008,refit_through_current_results,0,ensemble_sports,0.7300890998645412,0.18727969187325186,0.08263120826220698,H,0.5428094079912893,high,False,dynamic_current_results,False
laliga_102354,2026/27,11,2026-11-01,,,getafe,Getafe CF,sevilla,Sevilla FC,1.0880410436000572,0.8145887953855049,1-0,0.16230939124251595,refit_through_current_results,0,ensemble_sports,0.3988212911497241,0.33457765481188784,0.26660105403838813,H,0.06424363633783625,low,False,dynamic_current_results,False
laliga_102355,2026/27,11,2026-11-01,,,levante,Levante UD,atletico_madrid,Atlético de Madrid,1.2152172478816663,1.713674653506804,1-1,0.11132215176906197,refit_through_current_results,0,ensemble_sports,0.31015075128448855,0.2631220929653633,0.4267271557501483,A,0.11657640446565976,medium,False,dynamic_current_results,False
laliga_102356,2026/27,11,2026-11-01,,,racing_santander,Racing de Santander,real_madrid,Real Madrid,0.9572729425928268,2.5145791445233536,0-2,0.09820250893330194,refit_through_current_results,1,ensemble_sports,0.19355395668996478,0.22069859789339977,0.5857474454166356,A,0.36504884752323585,medium,False,dynamic_current_results,False
laliga_102357,2026/27,11,2026-11-01,,,vallecano,Rayo Vallecano,celta,RC Celta,1.211029746825733,1.0690720404690806,1-1,0.13241164964873836,refit_through_current_results,0,ensemble_sports,0.4267706285789883,0.2742191880087333,0.2990101834122784,H,0.12776044516670987,medium,False,dynamic_current_results,False
laliga_102358,2026/27,11,2026-11-01,,,villarreal,Villarreal CF,espanyol,RCD Espanyol,2.3019235497887434,0.9523194731434336,2-0,0.1022974748639492,refit_through_current_results,0,ensemble_sports,0.6221228528499247,0.23067158229629728,0.1472055648537781,H,0.3914512705536275,high,False,dynamic_current_results,False
laliga_102359,2026/27,12,2026-11-08,,,atletico_madrid,Atlético de Madrid,barcelona,FC Barcelona,1.4806810875541832,1.6212247875232109,1-1,0.10793564117972844,refit_through_current_results,0,ensemble_sports,0.3171486519396904,0.2666889408554166,0.4161624072048929,A,0.09901375526520251,medium,False,dynamic_current_results,False
laliga_102360,2026/27,12,2026-11-08,,,celta,RC Celta,levante,Levante UD,1.8966987886951927,1.1486451295954518,1-1,0.10365981062482643,refit_through_current_results,0,ensemble_sports,0.43868133266881915,0.28889965224502245,0.27241901508615846,H,0.1497816804237967,medium,False,dynamic_current_results,False
laliga_102361,2026/27,12,2026-11-08,,,elche,Elche CF,betis,Real Betis,1.3420922470492749,1.4302482416319016,1-1,0.12000016588847849,refit_through_current_results,0,ensemble_sports,0.32106735271015524,0.2855741143920373,0.3933585328978076,A,0.07229118018765235,low,False,dynamic_current_results,False
laliga_102362,2026/27,12,2026-11-08,,,espanyol,RCD Espanyol,deportivo,RC Deportivo,1.7195241042651994,0.9602689120179858,1-0,0.11792064166180273,refit_through_current_results,1,ensemble_sports,0.4962224075795729,0.26510456258905546,0.23867302983137167,H,0.23111784499051746,medium,False,dynamic_current_results,False
laliga_102363,2026/27,12,2026-11-08,,,malaga,Málaga CF,racing_santander,Racing de Santander,1.8271000635337615,1.3078352245234448,1-1,0.1039517702948904,refit_through_current_results,1,ensemble_sports,0.4664148533377259,0.2557509067515692,0.277834239910705,H,0.18858061342702093,medium,False,dynamic_current_results,False
laliga_102364,2026/27,12,2026-11-08,,,osasuna,CA Osasuna,athletic_bilbao,Athletic Club,1.2406387424904026,1.0883088101124478,1-1,0.13150687601054842,refit_through_current_results,0,ensemble_sports,0.42516786779736315,0.27735714830464975,0.29747498389798716,H,0.127692883899376,medium,False,dynamic_current_results,False
laliga_102365,2026/27,12,2026-11-08,,,real_sociedad,Real Sociedad,vallecano,Rayo Vallecano,1.3791968139203192,0.914509487227616,1-0,0.1391497285513025,refit_through_current_results,0,ensemble_sports,0.396292377730009,0.29041787019155035,0.3132897520784407,H,0.08300262565156835,medium,False,dynamic_current_results,False
laliga_102366,2026/27,12,2026-11-08,,,sevilla,Sevilla FC,alaves,Deportivo Alavés,1.4161280676818855,1.0153971624055598,1-1,0.12639812404830555,refit_through_current_results,0,ensemble_sports,0.4397835516329831,0.3054491810195725,0.25476726734744437,H,0.13433437061341058,medium,False,dynamic_current_results,False
laliga_102367,2026/27,12,2026-11-08,,,valencia,Valencia CF,real_madrid,Real Madrid,0.9623472415524618,1.7526539617895525,0-1,0.11603451654376773,refit_through_current_results,0,ensemble_sports,0.1978386041463999,0.23830480025823042,0.5638565955953698,A,0.3255517953371394,medium,False,dynamic_current_results,False
laliga_102368,2026/27,12,2026-11-08,,,villarreal,Villarreal CF,getafe,Getafe CF,1.6804585015286224,0.7458378546484089,1-0,0.14849142785169642,refit_through_current_results,0,ensemble_sports,0.590054489697426,0.24562893893992482,0.1643165713626492,H,0.3444255507575012,medium,False,dynamic_current_results,False
laliga_102369,2026/27,13,2026-11-22,,,alaves,Deportivo Alavés,deportivo,RC Deportivo,1.6873450968095403,0.9077173618305816,1-0,0.12594570084179627,refit_through_current_results,1,ensemble_sports,0.5700565982470351,0.2352240004528986,0.19471940130006635,H,0.33483259779413654,medium,False,dynamic_current_results,False
laliga_102370,2026/27,13,2026-11-22,,,athletic_bilbao,Athletic Club,espanyol,RCD Espanyol,1.5889606246382249,0.8725430379115824,1-0,0.13554893045956226,refit_through_current_results,0,ensemble_sports,0.46637442898160353,0.29042239369429546,0.24320317732410107,H,0.17595203528730807,medium,False,dynamic_current_results,False
laliga_102371,2026/27,13,2026-11-22,,,barcelona,FC Barcelona,villarreal,Villarreal CF,2.68855388979549,1.1972032179635657,2-1,0.08885109881350957,refit_through_current_results,0,ensemble_sports,0.7224727134038942,0.1689944650371398,0.10853282155896603,H,0.5534782483667544,high,False,dynamic_current_results,False
laliga_102372,2026/27,13,2026-11-22,,,getafe,Getafe CF,atletico_madrid,Atlético de Madrid,0.8106910050386981,1.1530151209522257,0-1,0.16181109129378723,refit_through_current_results,0,ensemble_sports,0.238884586116204,0.2762373261766375,0.4848780877071587,A,0.2086407615305212,medium,False,dynamic_current_results,False
laliga_102373,2026/27,13,2026-11-22,,,levante,Levante UD,elche,Elche CF,1.6983299305017363,1.2373105141711624,1-1,0.11157557719495688,refit_through_current_results,0,ensemble_sports,0.5236806572488153,0.23628739997625695,0.24003194277492773,H,0.28364871447388756,medium,False,dynamic_current_results,False
laliga_102374,2026/27,13,2026-11-22,,,osasuna,CA Osasuna,malaga,Málaga CF,1.7445518620329064,0.9315098546594935,1-0,0.1200842530903181,refit_through_current_results,1,ensemble_sports,0.5225742512609254,0.26534895125167174,0.2120767974874028,H,0.25722530000925364,medium,False,dynamic_current_results,False
laliga_102375,2026/27,13,2026-11-22,,,racing_santander,Racing de Santander,real_sociedad,Real Sociedad,1.4196229848149096,1.6807952781658413,1-1,0.10744696441196705,refit_through_current_results,1,ensemble_sports,0.4214138530905084,0.2755280620207564,0.3030580848887352,H,0.11835576820177318,medium,False,dynamic_current_results,False
laliga_102376,2026/27,13,2026-11-22,,,vallecano,Rayo Vallecano,valencia,Valencia CF,1.2077147659615075,0.9168453715081598,1-0,0.14430442963892423,refit_through_current_results,0,ensemble_sports,0.4165290671350431,0.2945775026634845,0.2888934302014725,H,0.12195156447155864,medium,False,dynamic_current_results,False
laliga_102377,2026/27,13,2026-11-22,,,real_madrid,Real Madrid,celta,RC Celta,2.359553534454848,0.8357944037642149,2-0,0.11400496794979843,refit_through_current_results,0,ensemble_sports,0.7509644849750577,0.15711263806656003,0.09192287695838235,H,0.5938518469084977,high,False,dynamic_current_results,False
laliga_102378,2026/27,13,2026-11-22,,,sevilla,Sevilla FC,betis,Real Betis,1.3132138871256185,1.3735143716181295,1-1,0.12283937136655786,refit_through_current_results,0,ensemble_sports,0.32973674377709433,0.28656665930418845,0.38369659691871727,A,0.05395985314162294,low,False,dynamic_current_results,False
laliga_102379,2026/27,14,2026-11-29,,,betis,Real Betis,vallecano,Rayo Vallecano,1.5247848826705417,0.8421066668752365,1-0,0.1429818525289849,refit_through_current_results,0,ensemble_sports,0.5091867945416367,0.26464797947198343,0.2261652259863799,H,0.2445388150696533,medium,False,dynamic_current_results,False
laliga_102380,2026/27,14,2026-11-29,,,celta,RC Celta,villarreal,Villarreal CF,1.5975718900053397,1.6098405679553602,1-1,0.10405972089067671,refit_through_current_results,0,ensemble_sports,0.34405593881467467,0.2796507576278825,0.37629330355744295,A,0.03223736474276828,low,False,dynamic_current_results,False
laliga_102381,2026/27,14,2026-11-29,,,deportivo,RC Deportivo,barcelona,FC Barcelona,0.9002358250577587,2.6931336482838515,0-2,0.09975996748900384,refit_through_current_results,1,ensemble_sports,0.14422741425005314,0.22799143020232093,0.627781155547626,A,0.3997897253453051,high,False,dynamic_current_results,False
laliga_102382,2026/27,14,2026-11-29,,,elche,Elche CF,atletico_madrid,Atlético de Madrid,1.1327959280923299,1.633150717531283,1-1,0.11639736164010862,refit_through_current_results,0,ensemble_sports,0.24347186988789157,0.25455196488236265,0.5019761652297459,A,0.24742420034738322,medium,False,dynamic_current_results,False
laliga_102383,2026/27,14,2026-11-29,,,espanyol,RCD Espanyol,getafe,Getafe CF,1.0213403092375903,0.8161164126332048,1-0,0.16261970296084385,refit_through_current_results,0,ensemble_sports,0.38484492488617694,0.3255442947881826,0.2896107803256406,H,0.059300630097994356,low,False,dynamic_current_results,False
laliga_102384,2026/27,14,2026-11-29,,,levante,Levante UD,racing_santander,Racing de Santander,2.2065196156401012,1.2051698228977612,2-1,0.09677536007764202,refit_through_current_results,1,ensemble_sports,0.5970292083524128,0.21168831147259298,0.19128248017499425,H,0.3853408968798198,medium,False,dynamic_current_results,False
laliga_102385,2026/27,14,2026-11-29,,,malaga,Málaga CF,athletic_bilbao,Athletic Club,1.1387934142326996,1.3934935474055838,1-1,0.1261222727956336,refit_through_current_results,1,ensemble_sports,0.35175344123829705,0.29283899139717096,0.35540756736453205,A,0.003654126126235002,low,False,dynamic_current_results,False
laliga_102386,2026/27,14,2026-11-29,,,real_madrid,Real Madrid,alaves,Deportivo Alavés,2.3754856724526916,0.656387921458109,2-0,0.1360711110284148,refit_through_current_results,0,ensemble_sports,0.7112871534298374,0.20284650349014685,0.08586634308001578,H,0.5084406499396905,high,False,dynamic_current_results,False
laliga_102387,2026/27,14,2026-11-29,,,real_sociedad,Real Sociedad,sevilla,Sevilla FC,1.6679925141018679,1.0622172618785841,1-1,0.11552954989915856,refit_through_current_results,0,ensemble_sports,0.42575677466930506,0.30599680791258005,0.26824641741811506,H,0.11975996675672501,medium,False,dynamic_current_results,False
laliga_102388,2026/27,14,2026-11-29,,,valencia,Valencia CF,osasuna,CA Osasuna,1.3786037539165892,1.033356969645524,1-1,0.12769935648158956,refit_through_current_results,0,ensemble_sports,0.44179499100557046,0.2906452291873176,0.267559779807112,H,0.15114976181825285,medium,False,dynamic_current_results,False
laliga_102389,2026/27,15,2026-12-06,,,alaves,Deportivo Alavés,espanyol,RCD Espanyol,1.3728693904377192,0.9850269842793223,1-0,0.12989963863110282,refit_through_current_results,0,ensemble_sports,0.4822170694542575,0.2871779236419975,0.23060500690374502,H,0.19503914581226,medium,False,dynamic_current_results,False
laliga_102390,2026/27,15,2026-12-06,,,athletic_bilbao,Athletic Club,real_madrid,Real Madrid,1.0199707452405806,1.5672848064006304,1-1,0.12025556975076682,refit_through_current_results,0,ensemble_sports,0.19883830427340993,0.26423567142245696,0.536926024304133,A,0.2726903528816761,medium,False,dynamic_current_results,False
laliga_102391,2026/27,15,2026-12-06,,,atletico_madrid,Atlético de Madrid,betis,Real Betis,1.8587973189389524,1.0233949839593521,1-1,0.10655085673502702,refit_through_current_results,0,ensemble_sports,0.5202730023382325,0.25403408803672756,0.22569290962504007,H,0.2662389143015049,medium,False,dynamic_current_results,False
laliga_102392,2026/27,15,2026-12-06,,,barcelona,FC Barcelona,celta,RC Celta,2.762241391927196,0.9091699642503597,2-0,0.09706953045208558,refit_through_current_results,0,ensemble_sports,0.774193949767767,0.1434069338536222,0.08239911637861083,H,0.6307870159141449,high,False,dynamic_current_results,False
laliga_102393,2026/27,15,2026-12-06,,,getafe,Getafe CF,valencia,Valencia CF,1.0259828271753066,0.8151750901169001,1-0,0.1627553877377665,refit_through_current_results,0,ensemble_sports,0.3625364908077675,0.3167963297576165,0.320667179434616,H,0.04186931137315153,low,False,dynamic_current_results,False
laliga_102394,2026/27,15,2026-12-06,,,osasuna,CA Osasuna,elche,Elche CF,1.5320643104448348,1.048650257829357,1-1,0.12165161200279923,refit_through_current_results,0,ensemble_sports,0.45057984730172496,0.272955989576956,0.2764641631213191,H,0.17411568418040585,medium,False,dynamic_current_results,False
laliga_102395,2026/27,15,2026-12-06,,,racing_santander,Racing de Santander,deportivo,RC Deportivo,1.8328878621454905,1.2900506375278462,1-1,0.10410446523025432,refit_through_current_results,1,ensemble_sports,0.5516069958464331,0.23971725796201593,0.2086757461915508,H,0.3118897378844172,medium,False,dynamic_current_results,False
laliga_102396,2026/27,15,2026-12-06,,,vallecano,Rayo Vallecano,levante,Levante UD,1.3994258265604438,1.0044602974097896,1-1,0.1270247380923675,refit_through_current_results,0,ensemble_sports,0.41548627924412584,0.3033023451432295,0.2812113756126447,H,0.11218393410089633,medium,False,dynamic_current_results,False
laliga_102397,2026/27,15,2026-12-06,,,sevilla,Sevilla FC,malaga,Málaga CF,1.763923742220423,1.0059008322184002,1-1,0.11120301731357286,refit_through_current_results,1,ensemble_sports,0.53442365515638,0.2579230116518827,0.20765333319173737,H,0.2765006435044973,medium,False,dynamic_current_results,False
laliga_102398,2026/27,15,2026-12-06,,,villarreal,Villarreal CF,real_sociedad,Real Sociedad,2.1913044204708996,1.1433869757073545,2-1,0.09780001292799291,refit_through_current_results,0,ensemble_sports,0.5774823809741298,0.2491241020869267,0.1733935169389435,H,0.32835827888720315,medium,False,dynamic_current_results,False
laliga_102399,2026/27,16,2026-12-13,,,atletico_madrid,Atlético de Madrid,valencia,Valencia CF,1.9855740413059788,0.826178758621638,1-0,0.11933304903856397,refit_through_current_results,0,ensemble_sports,0.5901009044611263,0.23764276596834036,0.17225632957053347,H,0.35245813849278596,medium,False,dynamic_current_results,False
laliga_102400,2026/27,16,2026-12-13,,,betis,Real Betis,racing_santander,Racing de Santander,2.4948266422182943,0.9736630545911779,2-0,0.09699092525481542,refit_through_current_results,1,ensemble_sports,0.6146255153655764,0.22204314833624617,0.16333133629817742,H,0.39258236702933025,high,False,dynamic_current_results,False
laliga_102401,2026/27,16,2026-12-13,,,deportivo,RC Deportivo,athletic_bilbao,Athletic Club,1.079524724460841,1.4546034238122223,1-1,0.12457173556872723,refit_through_current_results,1,ensemble_sports,0.3621180930708078,0.2980010120040171,0.33988089492517526,H,0.02223719814563252,low,False,dynamic_current_results,False
laliga_102402,2026/27,16,2026-12-13,,,elche,Elche CF,sevilla,Sevilla FC,1.5203430852531041,1.1537977702999287,1-1,0.12097815927928507,refit_through_current_results,0,ensemble_sports,0.4245596640040187,0.3121246338763356,0.2633157021196458,H,0.11243503012768308,medium,False,dynamic_current_results,False
laliga_102403,2026/27,16,2026-12-13,,,espanyol,RCD Espanyol,celta,RC Celta,1.3136170277796781,1.3020416556761867,1-1,0.12506265425415708,refit_through_current_results,0,ensemble_sports,0.35517819600938205,0.2962753515258099,0.34854645246480803,H,0.00663174354457402,low,False,dynamic_current_results,False
laliga_102404,2026/27,16,2026-12-13,,,levante,Levante UD,alaves,Deportivo Alavés,1.5525717410399158,1.1094717977503536,1-1,0.1202423542798822,refit_through_current_results,0,ensemble_sports,0.4852897277244298,0.29586056789047654,0.21884970438509357,H,0.18942915983395325,medium,False,dynamic_current_results,False
laliga_102405,2026/27,16,2026-12-13,,,malaga,Málaga CF,barcelona,FC Barcelona,0.9496610921478752,2.57999142566907,0-2,0.09757378254967845,refit_through_current_results,1,ensemble_sports,0.14820115752751606,0.22785967350192116,0.6239391689705628,A,0.39607949546864163,high,False,dynamic_current_results,False
laliga_102406,2026/27,16,2026-12-13,,,real_madrid,Real Madrid,osasuna,CA Osasuna,2.310877230599154,0.70840267920673,2-0,0.13040087458650484,refit_through_current_results,0,ensemble_sports,0.7495708431754067,0.16145487679230014,0.08897428003229324,H,0.5881159663831066,high,False,dynamic_current_results,False
laliga_102407,2026/27,16,2026-12-13,,,real_sociedad,Real Sociedad,getafe,Getafe CF,1.22625572644496,0.7768978699514669,1-0,0.16543314611265975,refit_through_current_results,0,ensemble_sports,0.42525628886048256,0.3101194033167642,0.26462430782275315,H,0.11513688554371837,medium,False,dynamic_current_results,False
laliga_102408,2026/27,16,2026-12-13,,,villarreal,Villarreal CF,vallecano,Rayo Vallecano,1.8900486752080565,0.8779478235048723,1-0,0.11867234501308094,refit_through_current_results,0,ensemble_sports,0.5804048488788274,0.2342949727996403,0.18530017832153237,H,0.3461098760791871,medium,False,dynamic_current_results,False
laliga_102409,2026/27,17,2026-12-20,,,alaves,Deportivo Alavés,elche,Elche CF,1.4195718590437008,1.0779688465932,1-1,0.12592025498914758,refit_through_current_results,0,ensemble_sports,0.47882773506800624,0.264382852692605,0.25678941223938884,H,0.21444488237540127,medium,False,dynamic_current_results,False
laliga_102410,2026/27,17,2026-12-20,,,athletic_bilbao,Athletic Club,betis,Real Betis,1.3928483834741188,1.1581898800528214,1-1,0.12582933612035038,refit_through_current_results,0,ensemble_sports,0.33223710229868864,0.3148960526240062,0.3528668450773052,A,0.020629742778616567,low,False,dynamic_current_results,False
laliga_102411,2026/27,17,2026-12-20,,,celta,RC Celta,atletico_madrid,Atlético de Madrid,1.2933858970396492,1.4829731897108043,1-1,0.1194274778922055,refit_through_current_results,0,ensemble_sports,0.28014430997539347,0.2556516881570091,0.46420400186759736,A,0.1840596918922039,medium,False,dynamic_current_results,False
laliga_102412,2026/27,17,2026-12-20,,,deportivo,RC Deportivo,real_madrid,Real Madrid,0.8275813040873208,2.3005205255192727,0-2,0.11590914403857866,refit_through_current_results,1,ensemble_sports,0.15728586625844004,0.23354785109649384,0.6091662826450662,A,0.3756184315485724,high,False,dynamic_current_results,False
laliga_102413,2026/27,17,2026-12-20,,,barcelona,FC Barcelona,real_sociedad,Real Sociedad,2.8005172668749614,0.8736171112888093,2-0,0.09950879193834143,refit_through_current_results,0,ensemble_sports,0.8036148491167009,0.1346398873353057,0.06174526354799332,H,0.6689749617813951,high,False,dynamic_current_results,False
laliga_102414,2026/27,17,2026-12-20,,,getafe,Getafe CF,levante,Levante UD,1.1888459977663186,0.893074272832915,1-0,0.14823786138168032,refit_through_current_results,0,ensemble_sports,0.3604536165565112,0.3197075840570038,0.3198387993864852,H,0.04061481717002602,low,False,dynamic_current_results,False
laliga_102415,2026/27,17,2026-12-20,,,osasuna,CA Osasuna,villarreal,Villarreal CF,1.354070094281717,1.5766304341309874,1-1,0.11391592996181021,refit_through_current_results,0,ensemble_sports,0.3067489510106517,0.29041501364411515,0.40283603534523327,A,0.09608708433458157,medium,False,dynamic_current_results,False
laliga_102416,2026/27,17,2026-12-20,,,vallecano,Rayo Vallecano,malaga,Málaga CF,1.5186394110689982,0.831739477957086,1-0,0.14477659391326303,refit_through_current_results,1,ensemble_sports,0.5533081919173518,0.25866682123891926,0.18802498684372898,H,0.29464137067843255,medium,False,dynamic_current_results,False
laliga_102417,2026/27,17,2026-12-20,,,sevilla,Sevilla FC,racing_santander,Racing de Santander,2.012605457771409,1.102980734497726,2-1,0.09907798519780597,refit_through_current_results,1,ensemble_sports,0.5291690567152625,0.2419437640775289,0.2288871792072087,H,0.28722529263773355,medium,False,dynamic_current_results,False
laliga_102418,2026/27,17,2026-12-20,,,valencia,Valencia CF,espanyol,RCD Espanyol,1.499191894661053,0.9757422556399837,1-0,0.126184852032043,refit_through_current_results,0,ensemble_sports,0.5001582797397109,0.2841497181906027,0.2156920020696863,H,0.21600856154910825,medium,False,dynamic_current_results,False
laliga_102419,2026/27,18,2027-01-03,,,betis,Real Betis,alaves,Deportivo Alavés,1.7554329977610328,0.8963481154738607,1-0,0.12380307353141122,refit_through_current_results,0,ensemble_sports,0.529773322924216,0.2690640683030783,0.20116260877270586,H,0.2607092546211377,medium,False,dynamic_current_results,False
laliga_102420,2026/27,18,2027-01-03,,,celta,RC Celta,deportivo,RC Deportivo,2.1485367768492765,0.9016293948773684,2-0,0.10929296084584623,refit_through_current_results,1,ensemble_sports,0.5778114089441992,0.23489081823960678,0.1872977728161939,H,0.34292059070459247,medium,False,dynamic_current_results,False
laliga_102421,2026/27,18,2027-01-03,,,espanyol,RCD Espanyol,barcelona,FC Barcelona,0.9769082505027131,2.1912060295654494,0-2,0.10102995882217206,refit_through_current_results,0,ensemble_sports,0.1505908891529737,0.24178829767834015,0.6076208131686862,A,0.36583251549034607,high,False,dynamic_current_results,False
laliga_102422,2026/27,18,2027-01-03,,,levante,Levante UD,valencia,Valencia CF,1.5379374137182051,1.2115581701563285,1-1,0.11917701600287875,refit_through_current_results,0,ensemble_sports,0.4455154711882986,0.2713217240087059,0.2831628048029955,H,0.1623526663853031,medium,False,dynamic_current_results,False
laliga_102423,2026/27,18,2027-01-03,,,malaga,Málaga CF,elche,Elche CF,1.4062955533802677,1.3427139008636946,1-1,0.12083163777217953,refit_through_current_results,1,ensemble_sports,0.39279695488735106,0.28704299869384914,0.3201600464187999,H,0.07263690846855114,low,False,dynamic_current_results,False
laliga_102424,2026/27,18,2027-01-03,,,racing_santander,Racing de Santander,athletic_bilbao,Athletic Club,1.248698834159867,1.5899512273401086,1-1,0.11615339548076921,refit_through_current_results,1,ensemble_sports,0.4054173606680648,0.2686415833251847,0.3259410560067506,H,0.07947630466131417,low,False,dynamic_current_results,False
laliga_102425,2026/27,18,2027-01-03,,,vallecano,Rayo Vallecano,atletico_madrid,Atlético de Madrid,0.9542883871779633,1.296821492389286,0-1,0.13653238021699687,refit_through_current_results,0,ensemble_sports,0.25764659176509186,0.27111480188781933,0.47123860634708886,A,0.20012380445926953,medium,False,dynamic_current_results,False
laliga_102426,2026/27,18,2027-01-03,,,real_madrid,Real Madrid,getafe,Getafe CF,1.8345583877030538,0.5238738158071624,1-0,0.173491845743261,refit_through_current_results,0,ensemble_sports,0.7530679369888295,0.17228958928327445,0.07464247372789616,H,0.580778347705555,high,False,dynamic_current_results,False
laliga_102427,2026/27,18,2027-01-03,,,real_sociedad,Real Sociedad,osasuna,CA Osasuna,1.5446368216611688,1.0505517090898215,1-1,0.12110667581879123,refit_through_current_results,0,ensemble_sports,0.4133790455987847,0.29568655435282654,0.2909344000483889,H,0.11769249124595815,medium,False,dynamic_current_results,False
laliga_102428,2026/27,18,2027-01-03,,,villarreal,Villarreal CF,sevilla,Sevilla FC,2.2858137502319713,1.0197503100626624,2-1,0.09771684224813214,refit_through_current_results,0,ensemble_sports,0.5725144807143302,0.25229475054655826,0.1751907687391116,H,0.32021973016777194,medium,False,dynamic_current_results,False
laliga_102429,2026/27,19,2027-01-10,,,alaves,Deportivo Alavés,real_sociedad,Real Sociedad,1.3068960366956817,1.1826567200475986,1-1,0.1282037729088176,refit_through_current_results,0,ensemble_sports,0.45554465605181804,0.2874138605169461,0.2570414834312359,H,0.16813079553487192,medium,False,dynamic_current_results,False
laliga_102430,2026/27,19,2027-01-10,,,athletic_bilbao,Athletic Club,villarreal,Villarreal CF,1.4521298249317327,1.4356354613112956,1-1,0.11612064131725189,refit_through_current_results,0,ensemble_sports,0.3015776928339656,0.31542386864119026,0.3829984385248442,A,0.06757456988365396,low,False,dynamic_current_results,False
laliga_102431,2026/27,19,2027-01-10,,,atletico_madrid,Atlético de Madrid,racing_santander,Racing de Santander,2.8487557629898426,0.8218224537097195,2-0,0.10333581774212909,refit_through_current_results,1,ensemble_sports,0.6824783024498939,0.1870666651693218,0.1304550323807843,H,0.49541163728057214,high,False,dynamic_current_results,False
laliga_102432,2026/27,19,2027-01-10,,,deportivo,RC Deportivo,vallecano,Rayo Vallecano,1.058566591771879,1.1807313328157587,1-1,0.13315410828572374,refit_through_current_results,1,ensemble_sports,0.35076320991820875,0.3051104889994459,0.34412630108234554,H,0.006636908835863209,low,False,dynamic_current_results,False
laliga_102433,2026/27,19,2027-01-10,,,elche,Elche CF,getafe,Getafe CF,1.1177085021010822,0.8438791782723135,1-0,0.15718889582646822,refit_through_current_results,0,ensemble_sports,0.4243082106102537,0.31656877334390027,0.259123016045846,H,0.10773943726635343,medium,False,dynamic_current_results,False
laliga_102434,2026/27,19,2027-01-10,,,espanyol,RCD Espanyol,betis,Real Betis,1.2263778150116587,1.3831945309105778,1-1,0.1247914472631007,refit_through_current_results,0,ensemble_sports,0.28499580199164953,0.30629989381550365,0.4087043041928469,A,0.10240441037734327,medium,False,dynamic_current_results,False
laliga_102435,2026/27,19,2027-01-10,,,osasuna,CA Osasuna,barcelona,FC Barcelona,1.0345918130798508,2.0149554361395188,1-2,0.09951126797754484,refit_through_current_results,0,ensemble_sports,0.1767019447015785,0.24798216456709005,0.5753158907313316,A,0.32733372616424156,medium,False,dynamic_current_results,False
laliga_102436,2026/27,19,2027-01-10,,,real_madrid,Real Madrid,levante,Levante UD,2.7266218389128074,0.7852813127636196,2-0,0.11093698920452273,refit_through_current_results,0,ensemble_sports,0.6936508793274597,0.20766638741371526,0.09868273325882496,H,0.4859844919137445,high,False,dynamic_current_results,False
laliga_102437,2026/27,19,2027-01-10,,,sevilla,Sevilla FC,celta,RC Celta,1.4066302424335302,1.2929294372928106,1-1,0.12227877705827536,refit_through_current_results,0,ensemble_sports,0.40070981239691206,0.2777351088774218,0.32155507872566624,H,0.07915473367124581,low,False,dynamic_current_results,False
laliga_102438,2026/27,19,2027-01-10,,,valencia,Valencia CF,malaga,Málaga CF,1.7651933143069845,0.948527618298915,1-0,0.11701441869961175,refit_through_current_results,1,ensemble_sports,0.5657926196029671,0.2528520540728202,0.1813553263242128,H,0.31294056553014693,medium,False,dynamic_current_results,False
laliga_102439,2026/27,20,2027-01-17,,,atletico_madrid,Atlético de Madrid,real_sociedad,Real Sociedad,2.0186133774603854,0.9256801515415782,2-0,0.1072481467508436,refit_through_current_results,0,ensemble_sports,0.6393379032112524,0.22383922576156773,0.13682287102718005,H,0.41549867744968466,high,False,dynamic_current_results,False
laliga_102440,2026/27,20,2027-01-17,,,betis,Real Betis,deportivo,RC Deportivo,2.2824494947934655,0.8417508785714729,2-0,0.11454109603710988,refit_through_current_results,1,ensemble_sports,0.6456019289216687,0.21519050829369793,0.13920756278463337,H,0.4304114206279708,high,False,dynamic_current_results,False
laliga_102441,2026/27,20,2027-01-17,,,celta,RC Celta,valencia,Valencia CF,1.636864984347601,1.0484535558953358,1-1,0.11704250044859801,refit_through_current_results,0,ensemble_sports,0.43578953078124316,0.29207096148788003,0.2721395077308768,H,0.14371856929336313,medium,False,dynamic_current_results,False
laliga_102442,2026/27,20,2027-01-17,,,barcelona,FC Barcelona,elche,Elche CF,3.0419676785257552,0.7962851889787418,3-0,0.1010468983192085,refit_through_current_results,0,ensemble_sports,0.795735307552305,0.13483423060579547,0.0694304618418996,H,0.6609010769465096,high,False,dynamic_current_results,False
laliga_102443,2026/27,20,2027-01-17,,,getafe,Getafe CF,athletic_bilbao,Athletic Club,0.9174699237366637,0.8639862081661778,0-0,0.16839276766971473,refit_through_current_results,0,ensemble_sports,0.3858394567349581,0.3169289966512437,0.2972315466137983,H,0.06891046008371443,low,False,dynamic_current_results,False
laliga_102444,2026/27,20,2027-01-17,,,levante,Levante UD,espanyol,RCD Espanyol,1.6424566052054121,1.1306303036891552,1-1,0.11600555050860435,refit_through_current_results,0,ensemble_sports,0.5497208215396798,0.2481020482330092,0.2021771302273111,H,0.30161877330667064,medium,False,dynamic_current_results,False
laliga_102445,2026/27,20,2027-01-17,,,malaga,Málaga CF,real_madrid,Real Madrid,0.8730176507142486,2.2038725163890764,0-2,0.11196318756802114,refit_through_current_results,1,ensemble_sports,0.16478640910051606,0.23592742241751782,0.5992861684819661,A,0.3633587460644483,medium,False,dynamic_current_results,False
laliga_102446,2026/27,20,2027-01-17,,,racing_santander,Racing de Santander,osasuna,CA Osasuna,1.3713346027285391,1.4825846638119735,1-1,0.11714448927300342,refit_through_current_results,1,ensemble_sports,0.41482029696353295,0.2725716443195572,0.3126080587169099,H,0.10221223824662307,medium,False,dynamic_current_results,False
laliga_102447,2026/27,20,2027-01-17,,,vallecano,Rayo Vallecano,sevilla,Sevilla FC,1.2807653301037472,0.9161859529153489,1-0,0.14234617342308328,refit_through_current_results,0,ensemble_sports,0.4389085572037328,0.3149254286099882,0.2461660141862791,H,0.12398312859374461,medium,False,dynamic_current_results,False
laliga_102448,2026/27,20,2027-01-17,,,villarreal,Villarreal CF,alaves,Deportivo Alavés,2.1759487843450973,0.9344978588081422,2-0,0.10554199858820476,refit_through_current_results,0,ensemble_sports,0.5748141698663596,0.2431342570097494,0.18205157312389098,H,0.3316799128566102,medium,False,dynamic_current_results,False
laliga_102449,2026/27,21,2027-01-24,,,alaves,Deportivo Alavés,barcelona,FC Barcelona,0.9586264841707111,2.071290376572307,0-2,0.10365273886798274,refit_through_current_results,0,ensemble_sports,0.21242526338390763,0.2565556286417045,0.531019107974388,A,0.2744634793326835,medium,False,dynamic_current_results,False
laliga_102450,2026/27,21,2027-01-24,,,athletic_bilbao,Athletic Club,levante,Levante UD,1.7240243754958495,1.0243472014152064,1-1,0.11308080382986668,refit_through_current_results,0,ensemble_sports,0.38832215088830957,0.32124218004015437,0.29043566907153606,H,0.0670799708481552,low,False,dynamic_current_results,False
laliga_102451,2026/27,21,2027-01-24,,,deportivo,RC Deportivo,atletico_madrid,Atlético de Madrid,0.9538852023322297,1.9412112448000847,0-1,0.10733741451966117,refit_through_current_results,1,ensemble_sports,0.20944929930732326,0.25989049815490106,0.5306602025377758,A,0.27076970438287473,medium,False,dynamic_current_results,False
laliga_102452,2026/27,21,2027-01-24,,,elche,Elche CF,vallecano,Rayo Vallecano,1.257111360824015,0.9933551686170616,1-0,0.1324367768498569,refit_through_current_results,0,ensemble_sports,0.39365716979997667,0.2916223690743378,0.3147204611256856,H,0.07893670867429109,low,False,dynamic_current_results,False
laliga_102453,2026/27,21,2027-01-24,,,espanyol,RCD Espanyol,villarreal,Villarreal CF,1.2785740522389972,1.7145402085334265,1-1,0.10989589309316168,refit_through_current_results,0,ensemble_sports,0.2648149746349422,0.295974682491188,0.4392103428738698,A,0.14323566038268176,medium,False,dynamic_current_results,False
laliga_102454,2026/27,21,2027-01-24,,,getafe,Getafe CF,osasuna,CA Osasuna,1.0075754208814476,0.8056427643476565,1-0,0.1643640816298338,refit_through_current_results,0,ensemble_sports,0.39195636888056995,0.3203990760698153,0.2876445550496148,H,0.07155729281075462,low,False,dynamic_current_results,False
laliga_102455,2026/27,21,2027-01-24,,,racing_santander,Racing de Santander,celta,RC Celta,1.4002203864155136,1.749197174844515,1-1,0.10501749515785334,refit_through_current_results,1,ensemble_sports,0.38332598857856237,0.2660089732116843,0.3506650382097534,H,0.03266095036880895,low,False,dynamic_current_results,False
laliga_102456,2026/27,21,2027-01-24,,,real_madrid,Real Madrid,betis,Real Betis,2.2028521607083715,0.8878872985457226,2-0,0.11032103098502787,refit_through_current_results,0,ensemble_sports,0.6741745871568543,0.2047818812778378,0.1210435315653079,H,0.4693927058790165,high,False,dynamic_current_results,False
laliga_102457,2026/27,21,2027-01-24,,,real_sociedad,Real Sociedad,malaga,Málaga CF,1.9777855550461918,0.9643108236494965,1-0,0.10433889594074439,refit_through_current_results,1,ensemble_sports,0.5084064944271646,0.27455766174310275,0.21703584382973273,H,0.2338488326840618,medium,False,dynamic_current_results,False
laliga_102458,2026/27,21,2027-01-24,,,valencia,Valencia CF,sevilla,Sevilla FC,1.4886999385218738,1.0448315883384767,1-1,0.12346814755187092,refit_through_current_results,0,ensemble_sports,0.43734136871933693,0.3101263322257805,0.25253229905488256,H,0.12721503649355642,medium,False,dynamic_current_results,False
laliga_102459,2026/27,22,2027-01-31,,,atletico_madrid,Atlético de Madrid,espanyol,RCD Espanyol,2.1205148988364226,0.7709928947459317,2-0,0.12476504903361148,refit_through_current_results,0,ensemble_sports,0.6415525364827981,0.22974888521355186,0.12869857830364997,H,0.41180365126924623,high,False,dynamic_current_results,False
laliga_102460,2026/27,22,2027-01-31,,,betis,Real Betis,elche,Elche CF,1.920236161899395,0.9996296885437993,1-0,0.10357990301923795,refit_through_current_results,0,ensemble_sports,0.5475516831152673,0.25414385877282847,0.19830445811190434,H,0.2934078243424388,medium,False,dynamic_current_results,False
laliga_102461,2026/27,22,2027-01-31,,,celta,RC Celta,getafe,Getafe CF,1.2761596133677338,0.7662796723530533,1-0,0.16553313299498332,refit_through_current_results,0,ensemble_sports,0.4630474341582232,0.3000705512432802,0.2368820145984967,H,0.162976882914943,medium,False,dynamic_current_results,False
laliga_102462,2026/27,22,2027-01-31,,,barcelona,FC Barcelona,valencia,Valencia CF,2.754680242103576,0.7797119764458845,2-0,0.11071520026708792,refit_through_current_results,0,ensemble_sports,0.7512532425813038,0.16380701473991544,0.0849397426787809,H,0.5874462278413883,high,False,dynamic_current_results,False
laliga_102463,2026/27,22,2027-01-31,,,levante,Levante UD,real_sociedad,Real Sociedad,1.5635282152391865,1.3574729909818022,1-1,0.11435697603718908,refit_through_current_results,0,ensemble_sports,0.5106311512244588,0.2499482673105006,0.2394205814650405,H,0.2606828839139582,medium,False,dynamic_current_results,False
laliga_102464,2026/27,22,2027-01-31,,,malaga,Málaga CF,alaves,Deportivo Alavés,1.285601046366333,1.203984924070205,1-1,0.12838488552555918,refit_through_current_results,1,ensemble_sports,0.3591736419990704,0.30470627091360836,0.33612008708732116,H,0.023053554911749263,low,False,dynamic_current_results,False
laliga_102465,2026/27,22,2027-01-31,,,osasuna,CA Osasuna,deportivo,RC Deportivo,1.8210569516131834,0.8830292716975331,1-0,0.12188641872213653,refit_through_current_results,1,ensemble_sports,0.5275011476503518,0.25803266890124765,0.21446618344840063,H,0.2694684787491042,medium,False,dynamic_current_results,False
laliga_102466,2026/27,22,2027-01-31,,,vallecano,Rayo Vallecano,real_madrid,Real Madrid,0.8279311032451279,1.5368571911828839,0-1,0.1444173294362055,refit_through_current_results,0,ensemble_sports,0.186465899743932,0.2608385247094269,0.5526955755466411,A,0.29185705083721414,medium,False,dynamic_current_results,False
laliga_102467,2026/27,22,2027-01-31,,,sevilla,Sevilla FC,athletic_bilbao,Athletic Club,1.2544150627010895,1.1752218533457155,1-1,0.12983245734252036,refit_through_current_results,0,ensemble_sports,0.4051603645164088,0.2974101835743892,0.2974294519092021,H,0.10773091260720669,medium,False,dynamic_current_results,False
laliga_102468,2026/27,22,2027-01-31,,,villarreal,Villarreal CF,racing_santander,Racing de Santander,3.0924649395394677,1.0151034224409936,3-1,0.08232701470788115,refit_through_current_results,1,ensemble_sports,0.6479602124674877,0.20586858758197468,0.14617119995053773,H,0.442091624885513,high,False,dynamic_current_results,False
laliga_102469,2026/27,23,2027-02-07,,,alaves,Deportivo Alavés,celta,RC Celta,1.2890341260186897,1.2307862952682715,1-1,0.1276741725732692,refit_through_current_results,0,ensemble_sports,0.4119881915651233,0.279688508299294,0.30832330013558285,H,0.10366489142954044,medium,False,dynamic_current_results,False
laliga_102470,2026/27,23,2027-02-07,,,athletic_bilbao,Athletic Club,osasuna,CA Osasuna,1.461151897734318,0.9240641412523702,1-0,0.13452697929184657,refit_through_current_results,0,ensemble_sports,0.4196882928113972,0.3107257785516216,0.26958592863698116,H,0.1089625142597756,medium,False,dynamic_current_results,False
laliga_102471,2026/27,23,2027-02-07,,,betis,Real Betis,sevilla,Sevilla FC,1.8440658680763855,0.9781202386534442,1-0,0.10967768649934226,refit_through_current_results,0,ensemble_sports,0.522485480778419,0.2845573864741424,0.1929571327474386,H,0.23792809430427664,medium,False,dynamic_current_results,False
laliga_102472,2026/27,23,2027-02-07,,,deportivo,RC Deportivo,malaga,Málaga CF,1.517997789097167,1.2450302812145055,1-1,0.11925690022013226,refit_through_current_results,1,ensemble_sports,0.47345123381698173,0.286049973158109,0.2404987930249094,H,0.18740126065887275,medium,False,dynamic_current_results,False
laliga_102473,2026/27,23,2027-02-07,,,elche,Elche CF,levante,Levante UD,1.6612000096562856,1.2649659687734802,1-1,0.11263768374723414,refit_through_current_results,0,ensemble_sports,0.38010022822134254,0.29681210491368226,0.32308766686497525,H,0.057012561356367286,low,False,dynamic_current_results,False
laliga_102474,2026/27,23,2027-02-07,,,espanyol,RCD Espanyol,vallecano,Rayo Vallecano,1.1487239325785965,0.9606747951076995,1-0,0.1393527238790697,refit_through_current_results,0,ensemble_sports,0.3606170800517887,0.3142099227216545,0.3251729972265569,H,0.035444082825231815,low,False,dynamic_current_results,False
laliga_102475,2026/27,23,2027-02-07,,,barcelona,FC Barcelona,atletico_madrid,Atlético de Madrid,2.17663925251023,1.1028547237633655,2-1,0.09835646349130936,refit_through_current_results,0,ensemble_sports,0.6178166637140066,0.2202541817659005,0.16192915452009304,H,0.39756248194810606,high,False,dynamic_current_results,False
laliga_102476,2026/27,23,2027-02-07,,,getafe,Getafe CF,villarreal,Villarreal CF,1.0013540151430136,1.251654804047282,1-1,0.13170521199466806,refit_through_current_results,0,ensemble_sports,0.2803236340137626,0.30380715699410044,0.4158692089921371,A,0.11206205199803665,medium,False,dynamic_current_results,False
laliga_102477,2026/27,23,2027-02-07,,,real_sociedad,Real Sociedad,real_madrid,Real Madrid,1.0782481770435721,1.7818175800688438,1-1,0.11002020218029689,refit_through_current_results,0,ensemble_sports,0.18581237972818315,0.2537052484573898,0.5604823718144272,A,0.3067771233570374,medium,False,dynamic_current_results,False
laliga_102478,2026/27,23,2027-02-07,,,valencia,Valencia CF,racing_santander,Racing de Santander,2.01405401682716,1.0400704081489063,2-1,0.09949229349951369,refit_through_current_results,1,ensemble_sports,0.5370364848029371,0.25388953012210747,0.2090739850749554,H,0.2831469546808296,medium,False,dynamic_current_results,False
laliga_102479,2026/27,24,2027-02-14,,,celta,RC Celta,vallecano,Rayo Vallecano,1.435324814272796,0.9020104924220139,1-0,0.1386304155561304,refit_through_current_results,0,ensemble_sports,0.4477442111032431,0.28231304063545715,0.2699427482612998,H,0.16543117046778594,medium,False,dynamic_current_results,False
laliga_102480,2026/27,24,2027-02-14,,,elche,Elche CF,deportivo,RC Deportivo,1.8817691748009435,0.9929354781379582,1-0,0.10619401482867949,refit_through_current_results,1,ensemble_sports,0.5357212745782198,0.2536570392784151,0.21062168614336518,H,0.28206423529980473,medium,False,dynamic_current_results,False
laliga_102481,2026/27,24,2027-02-14,,,levante,Levante UD,malaga,Málaga CF,1.9338774635007094,1.099095650450692,1-1,0.10239143083433656,refit_through_current_results,1,ensemble_sports,0.6096751163188304,0.22291055340422652,0.16741433027694314,H,0.3867645629146039,high,False,dynamic_current_results,False
laliga_102482,2026/27,24,2027-02-14,,,osasuna,CA Osasuna,atletico_madrid,Atlético de Madrid,1.0962481090858875,1.452380260778218,1-1,0.12448990744633538,refit_through_current_results,0,ensemble_sports,0.2421932959166218,0.2733082486854753,0.4844984553979029,A,0.2111902067124276,medium,False,dynamic_current_results,False
laliga_102483,2026/27,24,2027-02-14,,,racing_santander,Racing de Santander,getafe,Getafe CF,1.0886746229832351,1.0963923597212997,1-1,0.13424607229046429,refit_through_current_results,1,ensemble_sports,0.42957704525443896,0.2979715383569635,0.2724514163885976,H,0.13160550689747547,medium,False,dynamic_current_results,False
laliga_102484,2026/27,24,2027-02-14,,,real_madrid,Real Madrid,athletic_bilbao,Athletic Club,2.104220004362392,0.7597041415225418,2-0,0.12629076208835802,refit_through_current_results,0,ensemble_sports,0.7429142824239776,0.16816795650759706,0.0889177610684253,H,0.5747463259163805,high,False,dynamic_current_results,False
laliga_102485,2026/27,24,2027-02-14,,,real_sociedad,Real Sociedad,betis,Real Betis,1.4724306921418773,1.3167250016768315,1-1,0.11918326654869914,refit_through_current_results,0,ensemble_sports,0.32270202574628715,0.29818911704914935,0.37910885720456367,A,0.05640683145827652,low,False,dynamic_current_results,False
laliga_102486,2026/27,24,2027-02-14,,,sevilla,Sevilla FC,espanyol,RCD Espanyol,1.4981136375849389,1.0347615905366425,1-1,0.12313217904625413,refit_through_current_results,0,ensemble_sports,0.45457402883014547,0.3021424153330263,0.24328355583682826,H,0.15243161349711914,medium,False,dynamic_current_results,False
laliga_102487,2026/27,24,2027-02-14,,,valencia,Valencia CF,alaves,Deportivo Alavés,1.4171473162030612,0.9574823096228513,1-0,0.13186410659090028,refit_through_current_results,0,ensemble_sports,0.43722276483705025,0.30277042483724786,0.26000681032570183,H,0.13445233999980238,medium,False,dynamic_current_results,False
laliga_102488,2026/27,24,2027-02-14,,,villarreal,Villarreal CF,barcelona,FC Barcelona,1.6073523779710586,2.0025138312201367,1-2,0.08719494143638507,refit_through_current_results,0,ensemble_sports,0.24628063022076618,0.2624841661577661,0.4912352036214678,A,0.22875103746370168,medium,False,dynamic_current_results,False
laliga_102489,2026/27,25,2027-02-21,,,alaves,Deportivo Alavés,racing_santander,Racing de Santander,1.8443490257898436,1.0499672548311634,1-1,0.10716056302575529,refit_through_current_results,1,ensemble_sports,0.5318396063203262,0.2480810724543632,0.2200793212253105,H,0.28375853386596306,medium,False,dynamic_current_results,False
laliga_102490,2026/27,25,2027-02-21,,,athletic_bilbao,Athletic Club,celta,RC Celta,1.4919295923741145,1.0902381662965606,1-1,0.12298403524210051,refit_through_current_results,0,ensemble_sports,0.3936686287333557,0.3032760942091194,0.30305527705752505,H,0.09039253452423629,medium,False,dynamic_current_results,False
laliga_102491,2026/27,25,2027-02-21,,,atletico_madrid,Atlético de Madrid,elche,Elche CF,2.192650880002008,0.843739648502004,2-0,0.11540633994284044,refit_through_current_results,0,ensemble_sports,0.6542994162137152,0.20876561391304269,0.13693496987324205,H,0.4455338023006725,high,False,dynamic_current_results,False
laliga_102492,2026/27,25,2027-02-21,,,deportivo,RC Deportivo,real_sociedad,Real Sociedad,1.2272920175757835,1.537714191672157,1-1,0.11884938287976983,refit_through_current_results,1,ensemble_sports,0.36124670070373194,0.31298299897967025,0.3257703003165978,H,0.03547640038713412,low,False,dynamic_current_results,False
laliga_102493,2026/27,25,2027-02-21,,,espanyol,RCD Espanyol,osasuna,CA Osasuna,1.2865178241970858,1.1035845575965189,1-1,0.13008080391100704,refit_through_current_results,0,ensemble_sports,0.37231946992534126,0.30923269587180047,0.3184478342028584,H,0.05387163572248288,low,False,dynamic_current_results,False
laliga_102494,2026/27,25,2027-02-21,,,barcelona,FC Barcelona,levante,Levante UD,3.1919545768295974,0.8542222582925889,3-0,0.09484144734747357,refit_through_current_results,0,ensemble_sports,0.6921098382145305,0.20901607166489677,0.09887409012057258,H,0.48309376654963376,high,False,dynamic_current_results,False
laliga_102495,2026/27,25,2027-02-21,,,malaga,Málaga CF,betis,Real Betis,1.1921726473193115,1.6286145536434824,1-1,0.11563936579676924,refit_through_current_results,1,ensemble_sports,0.2749892486324152,0.2916081237222391,0.4334026276453458,A,0.14179450392310672,medium,False,dynamic_current_results,False
laliga_102496,2026/27,25,2027-02-21,,,vallecano,Rayo Vallecano,getafe,Getafe CF,0.941578458532562,0.6700916477675819,0-0,0.19955406024890432,refit_through_current_results,0,ensemble_sports,0.4277272054216261,0.3276329502902316,0.24463984428814234,H,0.10009425513139453,medium,False,dynamic_current_results,False
laliga_102497,2026/27,25,2027-02-21,,,sevilla,Sevilla FC,real_madrid,Real Madrid,0.9616550968533222,1.8586660469799876,0-1,0.1107524365419222,refit_through_current_results,0,ensemble_sports,0.20815922027039663,0.26953985277470777,0.5223009269548957,A,0.25276107418018795,medium,False,dynamic_current_results,False
laliga_102498,2026/27,25,2027-02-21,,,villarreal,Villarreal CF,valencia,Valencia CF,2.155438590900474,1.0204842683954007,2-1,0.09898491237830065,refit_through_current_results,0,ensemble_sports,0.5488675037845863,0.25228594534298204,0.19884655087243172,H,0.2965815584416042,medium,False,dynamic_current_results,False
laliga_102499,2026/27,26,2027-02-28,,,athletic_bilbao,Athletic Club,barcelona,FC Barcelona,1.1095154045185478,1.8347619165922624,1-1,0.10715965202585341,refit_through_current_results,0,ensemble_sports,0.1820699100344122,0.276698946609214,0.5412311433563738,A,0.2645321967471598,medium,False,dynamic_current_results,False
laliga_102500,2026/27,26,2027-02-28,,,betis,Real Betis,villarreal,Villarreal CF,1.6971443973075306,1.5029287200876253,1-1,0.10396426930102122,refit_through_current_results,0,ensemble_sports,0.3887968416531957,0.2884525759057415,0.3227505824410628,H,0.06604625921213292,low,False,dynamic_current_results,False
laliga_102501,2026/27,26,2027-02-28,,,celta,RC Celta,espanyol,RCD Espanyol,1.7481073555986584,0.9784205096425235,1-0,0.11440713967062495,refit_through_current_results,0,ensemble_sports,0.507646238440038,0.2836203680830071,0.20873339347695485,H,0.22402587035703087,medium,False,dynamic_current_results,False
laliga_102502,2026/27,26,2027-02-28,,,getafe,Getafe CF,alaves,Deportivo Alavés,1.0357456227126345,0.7464881133991333,1-0,0.17427650262018857,refit_through_current_results,0,ensemble_sports,0.38315713188909917,0.3388376211710314,0.27800524693986955,H,0.04431951071806778,low,False,dynamic_current_results,False
laliga_102503,2026/27,26,2027-02-28,,,levante,Levante UD,deportivo,RC Deportivo,2.018685185072251,1.0418930372971438,2-1,0.09948143352938953,refit_through_current_results,1,ensemble_sports,0.6230262209744392,0.2198668533789544,0.1571069256466064,H,0.40315936759548476,high,False,dynamic_current_results,False
laliga_102504,2026/27,26,2027-02-28,,,malaga,Málaga CF,atletico_madrid,Atlético de Madrid,1.0062559585122066,1.8596583092666237,1-1,0.10653509869557308,refit_through_current_results,1,ensemble_sports,0.2137146797472127,0.26124520548159336,0.525040114771194,A,0.2637949092896007,medium,False,dynamic_current_results,False
laliga_102505,2026/27,26,2027-02-28,,,osasuna,CA Osasuna,sevilla,Sevilla FC,1.4712916872655597,1.0260860118572845,1-1,0.1242468534095732,refit_through_current_results,0,ensemble_sports,0.4025167847928378,0.32936124280169093,0.2681219724054713,H,0.07315554199114688,low,False,dynamic_current_results,False
laliga_102506,2026/27,26,2027-02-28,,,racing_santander,Racing de Santander,vallecano,Rayo Vallecano,1.2244563177432604,1.2905959115985712,1-1,0.12777925887957337,refit_through_current_results,1,ensemble_sports,0.4142470500364067,0.2847550408347832,0.30099790912881014,H,0.11324914090759658,medium,False,dynamic_current_results,False
laliga_102507,2026/27,26,2027-02-28,,,real_madrid,Real Madrid,valencia,Valencia CF,2.353094671792444,0.7167844650463525,2-0,0.12853841141712896,refit_through_current_results,0,ensemble_sports,0.7109527859881788,0.19354103226078934,0.09550618175103187,H,0.5174117537273895,high,False,dynamic_current_results,False
laliga_102508,2026/27,26,2027-02-28,,,real_sociedad,Real Sociedad,elche,Elche CF,1.7368899879357347,1.0855760556793357,1-1,0.11211200493617922,refit_through_current_results,0,ensemble_sports,0.44134446365428337,0.2802313985997611,0.27842413774595554,H,0.16111306505452228,medium,False,dynamic_current_results,False
laliga_102509,2026/27,27,2027-03-07,,,alaves,Deportivo Alavés,athletic_bilbao,Athletic Club,1.1495443331405473,1.1187361887484872,1-1,0.13309193177299866,refit_through_current_results,0,ensemble_sports,0.4336627839131849,0.29037561652202487,0.27596159956479027,H,0.14328716739116004,medium,False,dynamic_current_results,False
laliga_102510,2026/27,27,2027-03-07,,,atletico_madrid,Atlético de Madrid,celta,RC Celta,1.9910241195338392,0.963351769796207,1-0,0.10375543127633866,refit_through_current_results,0,ensemble_sports,0.6057266613266811,0.22791629153740378,0.16635704713591526,H,0.3778103697892773,high,False,dynamic_current_results,False
laliga_102511,2026/27,27,2027-03-07,,,deportivo,RC Deportivo,getafe,Getafe CF,0.9411806436050723,1.0030597498013785,0-1,0.1435337184927921,refit_through_current_results,1,ensemble_sports,0.37924981102517363,0.32641677798418567,0.2943334109906407,H,0.052833033040987964,low,False,dynamic_current_results,False
laliga_102512,2026/27,27,2027-03-07,,,elche,Elche CF,malaga,Málaga CF,1.8027134818090145,1.0474501951090058,1-1,0.10920716026851314,refit_through_current_results,1,ensemble_sports,0.5133930608130434,0.2748510632012039,0.21175587598575263,H,0.23854199761183947,medium,False,dynamic_current_results,False
laliga_102513,2026/27,27,2027-03-07,,,espanyol,RCD Espanyol,racing_santander,Racing de Santander,1.8795222225259158,1.1107542455923796,1-1,0.10495591550521335,refit_through_current_results,1,ensemble_sports,0.45072424929724325,0.2819402808931757,0.267335469809581,H,0.16878396840406756,medium,False,dynamic_current_results,False
laliga_102514,2026/27,27,2027-03-07,,,barcelona,FC Barcelona,betis,Real Betis,2.5787969332981295,0.965836167174066,2-0,0.09603394746622823,refit_through_current_results,0,ensemble_sports,0.6999124026969059,0.19335048879331482,0.10673710850977931,H,0.5065619139035911,high,False,dynamic_current_results,False
laliga_102515,2026/27,27,2027-03-07,,,vallecano,Rayo Vallecano,osasuna,CA Osasuna,1.1860468629563943,0.9061241548429331,1-0,0.14638060797312583,refit_through_current_results,0,ensemble_sports,0.4180010985953718,0.3067151618515892,0.2752837395530391,H,0.11128593674378262,medium,False,dynamic_current_results,False
laliga_102516,2026/27,27,2027-03-07,,,sevilla,Sevilla FC,real_sociedad,Real Sociedad,1.4261216610381755,1.2423697708044517,1-1,0.1228843377261634,refit_through_current_results,0,ensemble_sports,0.42912301487174154,0.2994740478471969,0.27140293728106163,H,0.12964896702454465,medium,False,dynamic_current_results,False
laliga_102517,2026/27,27,2027-03-07,,,valencia,Valencia CF,levante,Levante UD,1.6266251849569489,1.1455009156449893,1-1,0.1165103219267976,refit_through_current_results,0,ensemble_sports,0.4174706390815722,0.3010741718985322,0.2814551890198956,H,0.11639646718304003,medium,False,dynamic_current_results,False
laliga_102518,2026/27,27,2027-03-07,,,villarreal,Villarreal CF,real_madrid,Real Madrid,1.4776292389872385,1.7105813424052585,1-1,0.10425286327094282,refit_through_current_results,0,ensemble_sports,0.2627895398197577,0.2545590231677205,0.4826514370125218,A,0.21986189719276406,medium,False,dynamic_current_results,False
laliga_102519,2026/27,28,2027-03-14,,,alaves,Deportivo Alavés,sevilla,Sevilla FC,1.363261490688134,1.054773740290448,1-1,0.12811477564858956,refit_through_current_results,0,ensemble_sports,0.4442520895199521,0.317923294466821,0.2378246160132269,H,0.1263287950531311,medium,False,dynamic_current_results,False
laliga_102520,2026/27,28,2027-03-14,,,athletic_bilbao,Athletic Club,valencia,Valencia CF,1.4878456976040189,0.9349976229590251,1-0,0.13192607222698446,refit_through_current_results,0,ensemble_sports,0.3775258618218982,0.32364285554231,0.2988312826357919,H,0.0538830062795882,low,False,dynamic_current_results,False
laliga_102521,2026/27,28,2027-03-14,,,betis,Real Betis,levante,Levante UD,2.0149150988149067,1.0723619399468676,2-1,0.09932106973416856,refit_through_current_results,0,ensemble_sports,0.4921232056853362,0.27997838734188746,0.22789840697277639,H,0.21214481834344873,medium,False,dynamic_current_results,False
laliga_102522,2026/27,28,2027-03-14,,,elche,Elche CF,villarreal,Villarreal CF,1.3992134412281585,1.7728656842272177,1-1,0.1039787615968625,refit_through_current_results,0,ensemble_sports,0.2941083245006137,0.2859689589463362,0.41992271655305025,A,0.12581439205243655,medium,False,dynamic_current_results,False
laliga_102523,2026/27,28,2027-03-14,,,barcelona,FC Barcelona,deportivo,RC Deportivo,3.6157727517022593,0.6705220594165445,3-0,0.10851994493546825,refit_through_current_results,1,ensemble_sports,0.826184593206426,0.12076790951898768,0.05304749727458643,H,0.7054166836874384,high,False,dynamic_current_results,False
laliga_102524,2026/27,28,2027-03-14,,,getafe,Getafe CF,real_sociedad,Real Sociedad,1.0430548631762395,0.9133512488402152,1-0,0.1474520388100183,refit_through_current_results,0,ensemble_sports,0.39640359354924315,0.3314202111496415,0.2721761953011154,H,0.06498338239960166,low,False,dynamic_current_results,False
laliga_102525,2026/27,28,2027-03-14,,,malaga,Málaga CF,vallecano,Rayo Vallecano,1.1166846260410024,1.1311271969828356,1-1,0.1334227042814149,refit_through_current_results,1,ensemble_sports,0.34784177912844333,0.30965218391897575,0.3425060369525809,H,0.005335742175862412,low,False,dynamic_current_results,False
laliga_102526,2026/27,28,2027-03-14,,,osasuna,CA Osasuna,celta,RC Celta,1.3911822545912333,1.197311378658959,1-1,0.12514767329578427,refit_through_current_results,0,ensemble_sports,0.39009767959517094,0.28918291109004346,0.32071940931478565,H,0.06937827028038529,low,False,dynamic_current_results,False
laliga_102527,2026/27,28,2027-03-14,,,racing_santander,Racing de Santander,atletico_madrid,Atlético de Madrid,1.1033701341759412,2.1218368874090787,1-2,0.0987260617572186,refit_through_current_results,1,ensemble_sports,0.24015700715351163,0.25448702030198916,0.5053559725444992,A,0.25086895224251,medium,False,dynamic_current_results,False
laliga_102528,2026/27,28,2027-03-14,,,real_madrid,Real Madrid,espanyol,RCD Espanyol,2.513012461941,0.6689057590115192,2-0,0.1310683318257467,refit_through_current_results,0,ensemble_sports,0.7546770542055468,0.17261099711221206,0.07271194868224108,H,0.5820660570933347,high,False,dynamic_current_results,False
laliga_102529,2026/27,29,2027-03-21,,,atletico_madrid,Atlético de Madrid,getafe,Getafe CF,1.5480259062881578,0.6038264498240112,1-0,0.1799869197864741,refit_through_current_results,0,ensemble_sports,0.6147776719141097,0.24643556755750282,0.13878676052838754,H,0.36834210435660686,high,False,dynamic_current_results,False
laliga_102530,2026/27,29,2027-03-21,,,celta,RC Celta,real_madrid,Real Madrid,1.1221287265418944,1.7574647122322,1-1,0.11074875462501338,refit_through_current_results,0,ensemble_sports,0.19925652390916124,0.24679378272353492,0.5539496933673038,A,0.3071559106437689,medium,False,dynamic_current_results,False
laliga_102531,2026/27,29,2027-03-21,,,espanyol,RCD Espanyol,athletic_bilbao,Athletic Club,1.1714670540686394,1.1835045003856226,1-1,0.1315675800160927,refit_through_current_results,0,ensemble_sports,0.36417230407124634,0.31204874470742755,0.32377895122132616,H,0.04039335284992018,low,False,dynamic_current_results,False
laliga_102532,2026/27,29,2027-03-21,,,levante,Levante UD,osasuna,CA Osasuna,1.5103449062424432,1.1973907019567511,1-1,0.12060287642683391,refit_through_current_results,0,ensemble_sports,0.5076368176894211,0.25011681986396606,0.24224636244661285,H,0.2575199978254551,medium,False,dynamic_current_results,False
laliga_102533,2026/27,29,2027-03-21,,,racing_santander,Racing de Santander,betis,Real Betis,1.3072297189459463,1.8582200924076142,1-1,0.10249756973474045,refit_through_current_results,1,ensemble_sports,0.3152410602028173,0.2859309974198427,0.3988279423773401,A,0.08358688217452281,medium,False,dynamic_current_results,False
laliga_102534,2026/27,29,2027-03-21,,,vallecano,Rayo Vallecano,barcelona,FC Barcelona,0.9006163335732094,1.7991414413689646,0-1,0.12094189112938311,refit_through_current_results,0,ensemble_sports,0.16836334074951181,0.2685927409041875,0.5630439183463007,A,0.29445117744211324,medium,False,dynamic_current_results,False
laliga_102535,2026/27,29,2027-03-21,,,real_sociedad,Real Sociedad,alaves,Deportivo Alavés,1.5878224037231174,0.9734145182594629,1-0,0.12259458291957302,refit_through_current_results,0,ensemble_sports,0.4036974319564172,0.31192341138586455,0.28437915665771824,H,0.09177402057055267,medium,False,dynamic_current_results,False
laliga_102536,2026/27,29,2027-03-21,,,sevilla,Sevilla FC,elche,Elche CF,1.5490766830245317,1.1323961435085175,1-1,0.12009440876141786,refit_through_current_results,0,ensemble_sports,0.458204215869913,0.2790133223638752,0.2627824617662118,H,0.17919089350603778,medium,False,dynamic_current_results,False
laliga_102537,2026/27,29,2027-03-21,,,valencia,Valencia CF,deportivo,RC Deportivo,1.8426036083639314,0.8991613430409243,1-0,0.11876821194993065,refit_through_current_results,1,ensemble_sports,0.5661967103003752,0.2505153515184012,0.18328793818122366,H,0.315681358781974,medium,False,dynamic_current_results,False
laliga_102538,2026/27,29,2027-03-21,,,villarreal,Villarreal CF,malaga,Málaga CF,2.710353540866466,0.9257581256721822,2-0,0.09681274696444742,refit_through_current_results,1,ensemble_sports,0.6592232741811811,0.21421497508531331,0.1265617507335056,H,0.4450082990958678,high,False,dynamic_current_results,False
laliga_102539,2026/27,30,2027-04-04,,,athletic_bilbao,Athletic Club,racing_santander,Racing de Santander,2.1346517013796578,0.9300675340466401,2-0,0.1063261146935963,refit_through_current_results,1,ensemble_sports,0.49665005512708943,0.27729546822537315,0.22605447664753753,H,0.21935458690171628,medium,False,dynamic_current_results,False
laliga_102540,2026/27,30,2027-04-04,,,betis,Real Betis,celta,RC Celta,1.7436594892568034,1.1413414449696955,1-1,0.1111573800923803,refit_through_current_results,0,ensemble_sports,0.4750949669921139,0.2763134123323473,0.24859162067553872,H,0.1987815546597666,medium,False,dynamic_current_results,False
laliga_102541,2026/27,30,2027-04-04,,,deportivo,RC Deportivo,villarreal,Villarreal CF,1.178225453846363,2.107280586414187,1-2,0.0978975527466092,refit_through_current_results,1,ensemble_sports,0.2531169142726051,0.29164574223191975,0.45523734349547523,A,0.1635916012635555,medium,False,dynamic_current_results,False
laliga_102542,2026/27,30,2027-04-04,,,elche,Elche CF,alaves,Deportivo Alavés,1.4472695720761333,1.0573387771528469,1-1,0.12503344094061997,refit_through_current_results,0,ensemble_sports,0.40365011068519296,0.3141872258522646,0.2821626634625425,H,0.08946288483292836,medium,False,dynamic_current_results,False
laliga_102543,2026/27,30,2027-04-04,,,barcelona,FC Barcelona,sevilla,Sevilla FC,2.921301493568478,0.7791511876910042,2-0,0.1054722693420813,refit_through_current_results,0,ensemble_sports,0.7030460571543661,0.2152384369057286,0.08171550593990533,H,0.48780762024863744,high,False,dynamic_current_results,False
laliga_102544,2026/27,30,2027-04-04,,,getafe,Getafe CF,espanyol,RCD Espanyol,1.095709263777733,0.7607242329765993,1-0,0.17118137913798565,refit_through_current_results,0,ensemble_sports,0.41580341876138305,0.3351308340915525,0.2490657471470646,H,0.08067258466983057,medium,False,dynamic_current_results,False
laliga_102545,2026/27,30,2027-04-04,,,levante,Levante UD,vallecano,Rayo Vallecano,1.348577771420822,1.0423334209853345,1-1,0.12868360363054546,refit_through_current_results,0,ensemble_sports,0.4628419476294554,0.2743943198877249,0.26276373248281976,H,0.18844762774173052,medium,False,dynamic_current_results,False
laliga_102546,2026/27,30,2027-04-04,,,malaga,Málaga CF,osasuna,CA Osasuna,1.2506352785596824,1.2993934197344574,1-1,0.12688434613699368,refit_through_current_results,1,ensemble_sports,0.3674290885742425,0.30380065217758956,0.32877025924816805,H,0.03865882932607445,low,False,dynamic_current_results,False
laliga_102547,2026/27,30,2027-04-04,,,real_madrid,Real Madrid,atletico_madrid,Atlético de Madrid,1.8593222361027586,1.013847622041024,1-1,0.10654360243647965,refit_through_current_results,0,ensemble_sports,0.5899495380962707,0.2404215576254421,0.1696289042782872,H,0.3495279804708286,medium,False,dynamic_current_results,False
laliga_102548,2026/27,30,2027-04-04,,,real_sociedad,Real Sociedad,valencia,Valencia CF,1.5728558085117004,1.062981785510341,1-1,0.11980788377308466,refit_through_current_results,0,ensemble_sports,0.3765928727682034,0.3043619000808245,0.3190452271509721,H,0.0575476456172313,low,False,dynamic_current_results,False
laliga_102549,2026/27,31,2027-04-11,,,alaves,Deportivo Alavés,betis,Real Betis,1.2034274994244405,1.3074980089255686,1-1,0.1277556057590524,refit_through_current_results,0,ensemble_sports,0.3336816480047328,0.2992961296079334,0.3670222223873338,A,0.03334057438260096,low,False,dynamic_current_results,False
laliga_102550,2026/27,31,2027-04-11,,,atletico_madrid,Atlético de Madrid,levante,Levante UD,2.300761464764721,0.9051294660883344,2-0,0.10725691441112621,refit_through_current_results,0,ensemble_sports,0.5768270625351912,0.2630003356327552,0.16017260183205362,H,0.313826726902436,medium,False,dynamic_current_results,False
laliga_102551,2026/27,31,2027-04-11,,,celta,RC Celta,elche,Elche CF,1.807574723334712,1.0707390204483989,1-1,0.10882922416204308,refit_through_current_results,0,ensemble_sports,0.47362360828349964,0.2783351193231552,0.24804127239334509,H,0.19528848896034445,medium,False,dynamic_current_results,False
laliga_102552,2026/27,31,2027-04-11,,,espanyol,RCD Espanyol,malaga,Málaga CF,1.6472845482668441,1.012990150313273,1-1,0.11668951043874454,refit_through_current_results,1,ensemble_sports,0.470197663515045,0.2934061184115857,0.23639621807336936,H,0.1767915451034593,medium,False,dynamic_current_results,False
laliga_102553,2026/27,31,2027-04-11,,,osasuna,CA Osasuna,real_madrid,Real Madrid,0.9510939445358715,1.7212091727417436,0-1,0.11892359992058256,refit_through_current_results,0,ensemble_sports,0.18172770082757472,0.2545432792399479,0.5637290199324774,A,0.30918574069252946,medium,False,dynamic_current_results,False
laliga_102554,2026/27,31,2027-04-11,,,racing_santander,Racing de Santander,barcelona,FC Barcelona,1.0413132740243654,2.9437240964672857,1-2,0.08390238574494575,refit_through_current_results,1,ensemble_sports,0.17362944120921858,0.23417917086513687,0.5921913879256445,A,0.3580122170605077,medium,False,dynamic_current_results,False
laliga_102555,2026/27,31,2027-04-11,,,vallecano,Rayo Vallecano,real_sociedad,Real Sociedad,1.2278107650535373,1.0272662587619812,1-1,0.13226562619861473,refit_through_current_results,0,ensemble_sports,0.4270718722497188,0.3135968415195757,0.25933128623070567,H,0.11347503073014314,medium,False,dynamic_current_results,False
laliga_102556,2026/27,31,2027-04-11,,,sevilla,Sevilla FC,deportivo,RC Deportivo,1.841278360818059,0.9535485586445521,1-0,0.11254940934043259,refit_through_current_results,1,ensemble_sports,0.5414176452342019,0.25621308623679667,0.20236926852900153,H,0.2852045589974052,medium,False,dynamic_current_results,False
laliga_102557,2026/27,31,2027-04-11,,,valencia,Valencia CF,getafe,Getafe CF,1.0944454541234343,0.7641821165686858,1-0,0.1706091954439955,refit_through_current_results,0,ensemble_sports,0.4570616172001854,0.31127888347392607,0.23165949932588858,H,0.14578273372625933,medium,False,dynamic_current_results,False
laliga_102558,2026/27,31,2027-04-11,,,villarreal,Villarreal CF,athletic_bilbao,Athletic Club,1.9274689860619094,1.0815889055414347,1-1,0.10285726220254741,refit_through_current_results,0,ensemble_sports,0.560153361507981,0.25270296168891554,0.1871436768031035,H,0.30745039981906547,medium,False,dynamic_current_results,False
laliga_102559,2026/27,32,2027-04-18,,,alaves,Deportivo Alavés,vallecano,Rayo Vallecano,1.1272268242221326,0.9081010326157081,1-0,0.1472582632162957,refit_through_current_results,0,ensemble_sports,0.39406184892456664,0.3131509828002751,0.2927871682751584,H,0.08091086612429155,medium,False,dynamic_current_results,False
laliga_102560,2026/27,32,2027-04-18,,,atletico_madrid,Atlético de Madrid,sevilla,Sevilla FC,2.1056746709841385,0.8255845497709957,2-0,0.11823025469743244,refit_through_current_results,0,ensemble_sports,0.5848105136358688,0.27146594884234104,0.14372353752179018,H,0.31334456479352774,medium,False,dynamic_current_results,False
laliga_102561,2026/27,32,2027-04-18,,,betis,Real Betis,athletic_bilbao,Athletic Club,1.5549734831247106,1.0374343483632749,1-1,0.12073009415446673,refit_through_current_results,0,ensemble_sports,0.5099701614322728,0.27703051137040663,0.21299932719732062,H,0.23293965006186618,medium,False,dynamic_current_results,False
laliga_102562,2026/27,32,2027-04-18,,,deportivo,RC Deportivo,celta,RC Celta,1.2105180892930487,1.6002932389996036,1-1,0.1165336850200832,refit_through_current_results,1,ensemble_sports,0.33952525383308607,0.29816106020026506,0.3623136859666489,A,0.022788432133562853,low,False,dynamic_current_results,False
laliga_102563,2026/27,32,2027-04-18,,,elche,Elche CF,osasuna,CA Osasuna,1.4079067448959004,1.1411264559840737,1-1,0.12556735799435081,refit_through_current_results,0,ensemble_sports,0.4129512456759376,0.3040206750872446,0.2830280792368179,H,0.10893057058869299,medium,False,dynamic_current_results,False
laliga_102564,2026/27,32,2027-04-18,,,barcelona,FC Barcelona,espanyol,RCD Espanyol,2.9418900395519425,0.7276299317971108,2-0,0.1103261509195472,refit_through_current_results,0,ensemble_sports,0.7853441386863407,0.1518876007634863,0.0627682605501731,H,0.6334565379228544,high,False,dynamic_current_results,False
laliga_102565,2026/27,32,2027-04-18,,,getafe,Getafe CF,real_madrid,Real Madrid,0.7033474442432052,1.3664329212444124,0-1,0.1724623193792144,refit_through_current_results,0,ensemble_sports,0.16797921879690242,0.26892809131083883,0.5630926898922588,A,0.29416459858141997,medium,False,dynamic_current_results,False
laliga_102566,2026/27,32,2027-04-18,,,levante,Levante UD,villarreal,Villarreal CF,1.501019084798237,1.8602783898136974,1-1,0.09686643060290515,refit_through_current_results,0,ensemble_sports,0.3598294905306652,0.2688598176783973,0.37131069179093745,A,0.011481201260272245,low,False,dynamic_current_results,False
laliga_102567,2026/27,32,2027-04-18,,,malaga,Málaga CF,valencia,Valencia CF,1.2734831480300817,1.314767779099988,1-1,0.12582857386002094,refit_through_current_results,1,ensemble_sports,0.33178737605698316,0.3142834974218501,0.35392912652116687,A,0.022141750464183707,low,False,dynamic_current_results,False
laliga_102568,2026/27,32,2027-04-18,,,real_sociedad,Real Sociedad,racing_santander,Racing de Santander,2.2566179631874412,1.0573768571275002,2-1,0.09792126861714305,refit_through_current_results,1,ensemble_sports,0.4933362887869235,0.2636484842427772,0.24301522697029931,H,0.22968780454414628,medium,False,dynamic_current_results,False
laliga_102569,2026/27,33,2027-04-21,,,athletic_bilbao,Athletic Club,deportivo,RC Deportivo,1.9529351718970849,0.8040616928237879,1-0,0.12397730739029945,refit_through_current_results,1,ensemble_sports,0.5131203779953217,0.2730423636083133,0.2138372583963649,H,0.24007801438700843,medium,False,dynamic_current_results,False
laliga_102570,2026/27,33,2027-04-21,,,celta,RC Celta,barcelona,FC Barcelona,1.220641977978839,2.057398445126102,1-2,0.09740134675359266,refit_through_current_results,0,ensemble_sports,0.1846032589323126,0.253639943065223,0.5617567980024645,A,0.3081168549372415,medium,False,dynamic_current_results,False
laliga_102571,2026/27,33,2027-04-21,,,espanyol,RCD Espanyol,real_sociedad,Real Sociedad,1.3318195792407834,1.2511256582782326,1-1,0.12588894052400618,refit_through_current_results,0,ensemble_sports,0.3835119967216932,0.3151332980639753,0.3013547052143314,H,0.06837869865771795,low,False,dynamic_current_results,False
laliga_102572,2026/27,33,2027-04-21,,,getafe,Getafe CF,betis,Real Betis,0.9604749501945073,1.0097646418144055,0-1,0.14078486999542278,refit_through_current_results,0,ensemble_sports,0.2951288500905118,0.32435562701659737,0.3805155228928908,A,0.05615989587629344,low,False,dynamic_current_results,False
laliga_102573,2026/27,33,2027-04-21,,,osasuna,CA Osasuna,alaves,Deportivo Alavés,1.4005757721938843,0.9403038876984472,1-0,0.13479556891546784,refit_through_current_results,0,ensemble_sports,0.3850535577879998,0.32991793885878357,0.2850285033532167,H,0.05513561892921626,low,False,dynamic_current_results,False
laliga_102574,2026/27,33,2027-04-21,,,racing_santander,Racing de Santander,malaga,Málaga CF,1.7558857398561107,1.3608777425427994,1-1,0.10585791823180783,refit_through_current_results,1,ensemble_sports,0.5110038025199989,0.27464837389927593,0.2143478235807253,H,0.23635542862072295,medium,False,dynamic_current_results,False
laliga_102575,2026/27,33,2027-04-21,,,real_madrid,Real Madrid,elche,Elche CF,2.598500481724747,0.7320201182597518,2-0,0.12078871545958972,refit_through_current_results,0,ensemble_sports,0.7569813705536703,0.1643570138512102,0.07866161559511932,H,0.59262435670246,high,False,dynamic_current_results,False
laliga_102576,2026/27,33,2027-04-21,,,sevilla,Sevilla FC,levante,Levante UD,1.6254552746058382,1.2147883752933757,1-1,0.1153384351972523,refit_through_current_results,0,ensemble_sports,0.4031088336432289,0.31045203261128657,0.2864391337454846,H,0.09265680103194235,medium,False,dynamic_current_results,False
laliga_102577,2026/27,33,2027-04-21,,,valencia,Valencia CF,vallecano,Rayo Vallecano,1.2309468985826333,0.8995413973980915,1-0,0.14621099884221753,refit_through_current_results,0,ensemble_sports,0.43937708397926745,0.29907438826903465,0.26154852775169796,H,0.1403026957102328,medium,False,dynamic_current_results,False
laliga_102578,2026/27,33,2027-04-21,,,villarreal,Villarreal CF,atletico_madrid,Atlético de Madrid,1.703142227406627,1.443412349591094,1-1,0.10570876891511392,refit_through_current_results,0,ensemble_sports,0.4057637207374378,0.2647539505120546,0.32948232875050765,H,0.07628139198693018,low,False,dynamic_current_results,False
laliga_102579,2026/27,34,2027-05-02,,,atletico_madrid,Atlético de Madrid,alaves,Deportivo Alavés,2.0044678793664708,0.7565646084272055,2-0,0.12701959286050127,refit_through_current_results,0,ensemble_sports,0.5812890021508104,0.2698270325996277,0.14888396524956188,H,0.31146196955118266,medium,False,dynamic_current_results,False
laliga_102580,2026/27,34,2027-05-02,,,betis,Real Betis,valencia,Valencia CF,1.7388865281831698,0.9788242340261307,1-0,0.1148115128345294,refit_through_current_results,0,ensemble_sports,0.4800676774377394,0.28934539509211155,0.23058692747014917,H,0.19072228234562788,medium,False,dynamic_current_results,False
laliga_102581,2026/27,34,2027-05-02,,,celta,RC Celta,sevilla,Sevilla FC,1.7358733875743955,1.0476994813371376,1-1,0.11242565041327394,refit_through_current_results,0,ensemble_sports,0.4502400153261092,0.3122562384040504,0.23750374626984028,H,0.13798377692205877,medium,False,dynamic_current_results,False
laliga_102582,2026/27,34,2027-05-02,,,deportivo,RC Deportivo,racing_santander,Racing de Santander,1.7320083414581737,1.3651886647885072,1-1,0.10681890569002503,refit_through_current_results,1,ensemble_sports,0.4393537299611378,0.2802457044179393,0.28040056562092297,H,0.15895316434021484,medium,False,dynamic_current_results,False
laliga_102583,2026/27,34,2027-05-02,,,elche,Elche CF,espanyol,RCD Espanyol,1.5310580537663814,1.0775030650969624,1-1,0.12148615138527916,refit_through_current_results,0,ensemble_sports,0.44271604082325944,0.3129421912729929,0.24434176790374762,H,0.12977384955026655,medium,False,dynamic_current_results,False
laliga_102584,2026/27,34,2027-05-02,,,barcelona,FC Barcelona,osasuna,CA Osasuna,2.7052578569690513,0.7705943418962355,2-0,0.11321316383782183,refit_through_current_results,0,ensemble_sports,0.7685803633339738,0.15426140256021947,0.07715823410580659,H,0.6143189607737544,high,False,dynamic_current_results,False
laliga_102585,2026/27,34,2027-05-02,,,levante,Levante UD,real_madrid,Real Madrid,1.0543103848266233,2.030867956805253,1-2,0.0994100046600593,refit_through_current_results,0,ensemble_sports,0.23927449172302204,0.27065495115773025,0.49007055711924785,A,0.2194156059615176,medium,False,dynamic_current_results,False
laliga_102586,2026/27,34,2027-05-02,,,malaga,Málaga CF,getafe,Getafe CF,0.9928538867658228,0.960919839819461,0-0,0.1417381822069969,refit_through_current_results,1,ensemble_sports,0.3649456920088961,0.3356523120204318,0.2994019959706721,H,0.02929337998846432,low,False,dynamic_current_results,False
laliga_102587,2026/27,34,2027-05-02,,,vallecano,Rayo Vallecano,villarreal,Villarreal CF,1.1787234620413607,1.4077637157093887,1-1,0.12492367127614577,refit_through_current_results,0,ensemble_sports,0.299257395258121,0.3059123320376139,0.3948302727042651,A,0.08891794066665115,medium,False,dynamic_current_results,False
laliga_102588,2026/27,34,2027-05-02,,,real_sociedad,Real Sociedad,athletic_bilbao,Athletic Club,1.406502974963955,1.1266310923228646,1-1,0.12583353093814825,refit_through_current_results,0,ensemble_sports,0.3867293113665988,0.30446942491520135,0.30880126371819977,H,0.07792804764839906,low,False,dynamic_current_results,False
laliga_102589,2026/27,35,2027-05-09,,,alaves,Deportivo Alavés,levante,Levante UD,1.4895651011022657,1.1564009920702967,1-1,0.12219113910465929,refit_through_current_results,0,ensemble_sports,0.4264182960430667,0.31187311001705426,0.26170859393987905,H,0.11454518602601244,medium,False,dynamic_current_results,False
laliga_102590,2026/27,35,2027-05-09,,,athletic_bilbao,Athletic Club,malaga,Málaga CF,1.870889698174747,0.8482067521722061,1-0,0.12335636019437111,refit_through_current_results,1,ensemble_sports,0.5061782401566713,0.28701398274275713,0.20680777710057158,H,0.2191642574139142,medium,False,dynamic_current_results,False
laliga_102591,2026/27,35,2027-05-09,,,betis,Real Betis,espanyol,RCD Espanyol,1.8570623475582246,0.9134421839873126,1-0,0.11630904035733854,refit_through_current_results,0,ensemble_sports,0.553272324212456,0.27545046768645637,0.17127720810108768,H,0.2778218565259996,medium,False,dynamic_current_results,False
laliga_102592,2026/27,35,2027-05-09,,,getafe,Getafe CF,elche,Elche CF,1.1329832592861822,0.8325020908916999,1-0,0.15871722692432874,refit_through_current_results,0,ensemble_sports,0.40405220713749357,0.3207049929432599,0.2752427999192466,H,0.08334721419423369,medium,False,dynamic_current_results,False
laliga_102593,2026/27,35,2027-05-09,,,osasuna,CA Osasuna,real_sociedad,Real Sociedad,1.4104596132471086,1.1504908312712636,1-1,0.12532488665454164,refit_through_current_results,0,ensemble_sports,0.4234822464406762,0.2985679468632157,0.27794980669610814,H,0.12491429957746053,medium,False,dynamic_current_results,False
laliga_102594,2026/27,35,2027-05-09,,,racing_santander,Racing de Santander,sevilla,Sevilla FC,1.4808502682333573,1.4990476037223683,1-1,0.11276486914587895,refit_through_current_results,1,ensemble_sports,0.40235320908580396,0.31047680078128137,0.2871699901329147,H,0.0918764083045226,medium,False,dynamic_current_results,False
laliga_102595,2026/27,35,2027-05-09,,,vallecano,Rayo Vallecano,deportivo,RC Deportivo,1.5852373991899047,0.788451460592443,1-0,0.1476436400701915,refit_through_current_results,1,ensemble_sports,0.5369707746588992,0.2656794575282275,0.1973497678128734,H,0.27129131713067167,medium,False,dynamic_current_results,False
laliga_102596,2026/27,35,2027-05-09,,,real_madrid,Real Madrid,barcelona,FC Barcelona,1.754748352499575,1.406558483763802,1-1,0.10457688946259107,refit_through_current_results,0,ensemble_sports,0.4336891524770109,0.27878030470738063,0.2875305428156086,H,0.14615860966140232,medium,False,dynamic_current_results,False
laliga_102597,2026/27,35,2027-05-09,,,valencia,Valencia CF,atletico_madrid,Atlético de Madrid,1.1092188630753252,1.4789138115172165,1-1,0.1232958882356506,refit_through_current_results,0,ensemble_sports,0.25420598302500186,0.2751837554373138,0.4706102615376842,A,0.19542650610037038,medium,False,dynamic_current_results,False
laliga_102598,2026/27,35,2027-05-09,,,villarreal,Villarreal CF,celta,RC Celta,2.1613549197259805,1.1899184235237845,2-1,0.0973883927742373,refit_through_current_results,0,ensemble_sports,0.5403769670166396,0.2554976834939293,0.20412534948943117,H,0.2848792835227103,medium,False,dynamic_current_results,False
laliga_102599,2026/27,36,2027-05-16,,,atletico_madrid,Atlético de Madrid,vallecano,Rayo Vallecano,1.7410988195817994,0.710781993825681,1-0,0.14996368585222203,refit_through_current_results,0,ensemble_sports,0.5833842736350633,0.2512247984511121,0.16539092791382456,H,0.33215947518395117,medium,False,dynamic_current_results,False
laliga_102600,2026/27,36,2027-05-16,,,deportivo,RC Deportivo,alaves,Deportivo Alavés,1.2186917293337942,1.2567841422957717,1-1,0.12884545963587038,refit_through_current_results,1,ensemble_sports,0.3564797576508119,0.32058398166824825,0.32293626068093984,H,0.03354349696987208,low,False,dynamic_current_results,False
laliga_102601,2026/27,36,2027-05-16,,,elche,Elche CF,athletic_bilbao,Athletic Club,1.28200040125826,1.2237651268948015,1-1,0.12804015085658463,refit_through_current_results,0,ensemble_sports,0.39037982860615306,0.3008800170117162,0.3087401543821308,H,0.08163967422402224,medium,False,dynamic_current_results,False
laliga_102602,2026/27,36,2027-05-16,,,espanyol,RCD Espanyol,valencia,Valencia CF,1.3100212322829743,1.1166421160857765,1-1,0.12921291208500682,refit_through_current_results,0,ensemble_sports,0.33991197107540827,0.3268568293542802,0.3332311995703116,H,0.006680771505096661,low,False,dynamic_current_results,False
laliga_102603,2026/27,36,2027-05-16,,,levante,Levante UD,getafe,Getafe CF,1.1990320729211787,0.8854873851529338,1-0,0.14911987474689842,refit_through_current_results,0,ensemble_sports,0.49107081213565196,0.2865488067644684,0.22238038109987956,H,0.20452200537118354,medium,False,dynamic_current_results,False
laliga_102604,2026/27,36,2027-05-16,,,malaga,Málaga CF,celta,RC Celta,1.2769786524203688,1.5330627344863204,1-1,0.1178578302078379,refit_through_current_results,1,ensemble_sports,0.32921021502969655,0.29471403594700624,0.3760757490232973,A,0.04686553399360077,low,False,dynamic_current_results,False
laliga_102605,2026/27,36,2027-05-16,,,osasuna,CA Osasuna,betis,Real Betis,1.2987918225697224,1.27193668769223,1-1,0.12634321976803778,refit_through_current_results,0,ensemble_sports,0.3180396084037352,0.30836952836368736,0.37359086323257745,A,0.05555125482884227,low,False,dynamic_current_results,False
laliga_102606,2026/27,36,2027-05-16,,,real_madrid,Real Madrid,racing_santander,Racing de Santander,3.3760473634719608,0.71300497827877,3-0,0.10753606925970476,refit_through_current_results,1,ensemble_sports,0.7657086176479989,0.151535145598412,0.0827562367535889,H,0.6141734720495869,high,False,dynamic_current_results,False
laliga_102607,2026/27,36,2027-05-16,,,real_sociedad,Real Sociedad,barcelona,FC Barcelona,1.1729090936247455,2.0859074399712014,1-2,0.09807170156364105,refit_through_current_results,0,ensemble_sports,0.1704780820025958,0.2604092277560843,0.5691126902413199,A,0.3087034624852356,medium,False,dynamic_current_results,False
laliga_102608,2026/27,36,2027-05-16,,,sevilla,Sevilla FC,villarreal,Villarreal CF,1.3691059806905959,1.702541157090543,1-1,0.1080279629372543,refit_through_current_results,0,ensemble_sports,0.2978770419603823,0.3035251812387933,0.39859777680082453,A,0.09507259556203124,medium,False,dynamic_current_results,False
laliga_102609,2026/27,37,2027-05-23,,,alaves,Deportivo Alavés,real_madrid,Real Madrid,0.8812594809273893,1.769331436132615,0-1,0.1249318987583485,refit_through_current_results,0,ensemble_sports,0.21087014127946768,0.27870245675401883,0.5104274019665136,A,0.23172494521249476,medium,False,dynamic_current_results,False
laliga_102610,2026/27,37,2027-05-23,,,atletico_madrid,Atlético de Madrid,athletic_bilbao,Athletic Club,1.7755701323636541,0.8756487551975926,1-0,0.12529371672292416,refit_through_current_results,0,ensemble_sports,0.6052324731487003,0.24120346419546754,0.15356406265583228,H,0.36402900895323276,high,False,dynamic_current_results,False
laliga_102611,2026/27,37,2027-05-23,,,celta,RC Celta,real_sociedad,Real Sociedad,1.664101909958125,1.174724763106591,1-1,0.11434836321655058,refit_through_current_results,0,ensemble_sports,0.44978263417921904,0.3043121618232392,0.24590520399754182,H,0.14547047235597982,medium,False,dynamic_current_results,False
laliga_102612,2026/27,37,2027-05-23,,,deportivo,RC Deportivo,espanyol,RCD Espanyol,1.289246884793091,1.2807520113236062,1-1,0.1263760871023795,refit_through_current_results,1,ensemble_sports,0.4038507644091,0.3209352227880819,0.27521401280281815,H,0.08291554162101811,medium,False,dynamic_current_results,False
laliga_102613,2026/27,37,2027-05-23,,,barcelona,FC Barcelona,malaga,Málaga CF,3.4638692002917124,0.7073354487019036,3-0,0.10700648959401941,refit_through_current_results,1,ensemble_sports,0.7929922248357855,0.14480369540857385,0.06220407975564059,H,0.6481885294272116,high,False,dynamic_current_results,False
laliga_102614,2026/27,37,2027-05-23,,,racing_santander,Racing de Santander,levante,Levante UD,1.618048257495269,1.6434805588047745,1-1,0.10192791575836088,refit_through_current_results,1,ensemble_sports,0.3633802275562925,0.288651699900106,0.3479680725436015,H,0.015412155012690998,low,False,dynamic_current_results,False
laliga_102615,2026/27,37,2027-05-23,,,vallecano,Rayo Vallecano,betis,Real Betis,1.130603504231799,1.1357045245670698,1-1,0.13314677220408486,refit_through_current_results,0,ensemble_sports,0.33589276083664366,0.30869460329500353,0.3554126358683529,A,0.019519875031709266,low,False,dynamic_current_results,False
laliga_102616,2026/27,37,2027-05-23,,,sevilla,Sevilla FC,getafe,Getafe CF,1.0936583010181302,0.8104048972252672,1-0,0.16291366904364035,refit_through_current_results,0,ensemble_sports,0.42285375274126813,0.32195630099597045,0.2551899462627615,H,0.10089745174529768,medium,False,dynamic_current_results,False
laliga_102617,2026/27,37,2027-05-23,,,valencia,Valencia CF,elche,Elche CF,1.5501916204051212,1.067808060764981,1-1,0.1207524919777405,refit_through_current_results,0,ensemble_sports,0.4703136163105179,0.2855899806212452,0.24409640306823688,H,0.1847236356892727,medium,False,dynamic_current_results,False
laliga_102618,2026/27,37,2027-05-23,,,villarreal,Villarreal CF,osasuna,CA Osasuna,2.1167673453072093,1.0085511406457068,2-1,0.09924569496408124,refit_through_current_results,0,ensemble_sports,0.5423343946988962,0.2664814654377194,0.19118413986338456,H,0.2758529292611768,medium,False,dynamic_current_results,False
laliga_102619,2026/27,38,2027-05-30,,,athletic_bilbao,Athletic Club,vallecano,Rayo Vallecano,1.3046536336234362,0.804401550794945,1-0,0.1583230915499644,refit_through_current_results,0,ensemble_sports,0.38565313132916457,0.3228381037673761,0.2915087649034594,H,0.06281502756178847,low,False,dynamic_current_results,False
laliga_102620,2026/27,38,2027-05-30,,,betis,Real Betis,atletico_madrid,Atlético de Madrid,1.373999281315646,1.3844867885067025,1-1,0.12058138154152953,refit_through_current_results,0,ensemble_sports,0.33092378143381995,0.28812379323665605,0.38095242532952406,A,0.050028643895704106,low,False,dynamic_current_results,False
laliga_102621,2026/27,38,2027-05-30,,,elche,Elche CF,racing_santander,Racing de Santander,2.0568638572321807,1.1485400434585546,2-1,0.09850146650656132,refit_through_current_results,1,ensemble_sports,0.494176329978115,0.2732378144992967,0.23258585552258831,H,0.22093851547881832,medium,False,dynamic_current_results,False
laliga_102622,2026/27,38,2027-05-30,,,espanyol,RCD Espanyol,alaves,Deportivo Alavés,1.3224868107523022,1.0225534080774605,1-1,0.12961026513423968,refit_through_current_results,0,ensemble_sports,0.35805836048451456,0.3334304475765474,0.3085111919389381,H,0.024627912907967175,low,False,dynamic_current_results,False
laliga_102623,2026/27,38,2027-05-30,,,getafe,Getafe CF,barcelona,FC Barcelona,0.7650953007799449,1.5996320995638498,0-1,0.15032544346875346,refit_through_current_results,0,ensemble_sports,0.15316474818811865,0.27653076900352835,0.5703044828083531,A,0.29377371380482475,medium,False,dynamic_current_results,False
laliga_102624,2026/27,38,2027-05-30,,,levante,Levante UD,celta,RC Celta,1.5421588021126686,1.4127169153784447,1-1,0.1134745503416207,refit_through_current_results,0,ensemble_sports,0.4372865967413533,0.27131036469337366,0.29140303856527305,H,0.14588355817608023,medium,False,dynamic_current_results,False
laliga_102625,2026/27,38,2027-05-30,,,malaga,Málaga CF,sevilla,Sevilla FC,1.350511818218749,1.3138221645550392,1-1,0.1235747040784227,refit_through_current_results,1,ensemble_sports,0.3664509629132491,0.31604137459048653,0.3175076624962644,H,0.04894330041698469,low,False,dynamic_current_results,False
laliga_102626,2026/27,38,2027-05-30,,,osasuna,CA Osasuna,valencia,Valencia CF,1.3873741379329037,1.026824530268191,1-1,0.1274138938046119,refit_through_current_results,0,ensemble_sports,0.3725969693683334,0.318572004864521,0.3088310257671457,H,0.054024964503812445,low,False,dynamic_current_results,False
laliga_102627,2026/27,38,2027-05-30,,,real_madrid,Real Madrid,deportivo,RC Deportivo,3.0886545256322266,0.6164068401917431,3-0,0.12084554282011797,refit_through_current_results,1,ensemble_sports,0.7962023696957783,0.14713665828991424,0.05666097201430753,H,0.649065711405864,high,False,dynamic_current_results,False
laliga_102628,2026/27,38,2027-05-30,,,real_sociedad,Real Sociedad,villarreal,Villarreal CF,1.5350992603164584,1.632147834961416,1-1,0.1055307092237812,refit_through_current_results,0,ensemble_sports,0.29094642364174195,0.304109969289829,0.40494360706842925,A,0.10083363777860027,medium,False,dynamic_current_results,False
