fixture_id,season,matchday,reference_date,scheduled_date,kickoff_time,home_team_id,home_team,home_team_official,away_team_id,away_team,away_team_official,status,home_promoted,away_promoted,home_segunda_position,away_segunda_position,history_ready_5,history_ready_10,home_season_matches_pre,away_season_matches_pre,home_days_rest,away_days_rest,home_division_changed,away_division_changed,home_form_ppg_5,home_form_win_rate_5,home_form_draw_rate_5,home_form_goals_for_avg_5,home_form_goals_against_avg_5,home_form_goal_difference_avg_5,home_form_shots_on_target_for_avg_5,home_form_shots_on_target_against_avg_5,home_form_ppg_10,home_form_goals_for_avg_10,home_form_goals_against_avg_10,home_form_goal_difference_avg_10,home_venue_ppg_5,home_venue_win_rate_5,home_venue_goals_for_avg_5,home_venue_goals_against_avg_5,home_venue_shots_on_target_for_avg_5,home_season_ppg_pre,home_season_win_rate_pre,home_season_goals_for_avg_pre,home_season_goals_against_avg_pre,home_season_goal_difference_avg_pre,home_league_position_pre,away_form_ppg_5,away_form_win_rate_5,away_form_draw_rate_5,away_form_goals_for_avg_5,away_form_goals_against_avg_5,away_form_goal_difference_avg_5,away_form_shots_on_target_for_avg_5,away_form_shots_on_target_against_avg_5,away_form_ppg_10,away_form_goals_for_avg_10,away_form_goals_against_avg_10,away_form_goal_difference_avg_10,away_venue_ppg_5,away_venue_win_rate_5,away_venue_goals_for_avg_5,away_venue_goals_against_avg_5,away_venue_shots_on_target_for_avg_5,away_season_ppg_pre,away_season_win_rate_pre,away_season_goals_for_avg_pre,away_season_goals_against_avg_pre,away_season_goal_difference_avg_pre,away_league_position_pre,home_elo_pre,away_elo_pre,elo_difference_pre,elo_expected_home,season_ppg_difference,season_win_rate_difference,season_goal_difference_avg,form_ppg_5_difference,form_ppg_10_difference,form_goal_difference_5_difference,form_shots_on_target_5_difference,venue_ppg_5_difference,days_rest_difference,league_position_advantage
laliga_102259,2026/27,2,2026-08-23,,,athletic_bilbao,Athletic Club,Athletic Club,sevilla,Sevilla FC,Sevilla FC,scheduled,0.0,0.0,,,1.0,1.0,1.0,1.0,7.0,6.0,0.0,0.0,0.2,0.0,0.2,0.8,2.0,-1.2,4.4,5.0,0.7,1.2,1.9,-0.7,1.4,0.4,1.0,1.0,5.4,0.0,0.0,1.0,2.0,-1.0,15.0,1.8,0.6,0.0,1.2,1.0,0.19999999999999996,4.8,3.0,1.5,1.0,1.1,-0.10000000000000009,0.6,0.2,0.8,1.6,1.8,3.0,1.0,1.0,0.0,1.0,6.0,1491.6715194353978,1476.9765509889498,14.694968446448001,0.605868606573406,-3.0,-1.0,-2.0,-1.6,-0.8,-1.4,-0.39999999999999947,0.7999999999999999,1.0,-9.0
laliga_102260,2026/27,2,2026-08-23,,,atletico_madrid,Atlético de Madrid,Atlético de Madrid,villarreal,Villarreal CF,Villarreal CF,scheduled,0.0,0.0,,,1.0,1.0,1.0,1.0,8.0,7.0,0.0,0.0,1.8,0.6,0.0,1.2,1.4,-0.19999999999999996,4.4,5.4,1.5,1.5,1.6,-0.10000000000000009,1.8,0.6,1.4,1.0,4.0,3.0,1.0,2.0,0.0,2.0,1.0,1.0,0.2,0.4,1.8,1.6,0.19999999999999996,4.0,5.6,1.5,1.9,1.3,0.5999999999999999,1.2,0.2,1.0,1.2,3.4,1.0,0.0,1.0,1.0,0.0,12.0,1577.3708957161211,1576.0674602752981,1.3034354408230229,0.5873184487070541,2.0,1.0,2.0,0.8,0.0,-0.3999999999999999,0.40000000000000036,0.6000000000000001,1.0,11.0
laliga_102261,2026/27,2,2026-08-23,,,betis,Real Betis,Real Betis,real_sociedad,Real Sociedad,Real Sociedad,scheduled,0.0,0.0,,,1.0,1.0,1.0,1.0,6.0,6.0,0.0,0.0,1.6,0.4,0.4,1.6,1.6,0.0,5.4,5.6,1.7,1.6,1.2,0.40000000000000013,2.2,0.6,1.6,0.6,6.0,1.0,0.0,1.0,1.0,0.0,10.0,0.6,0.0,0.6,1.4,2.0,-0.6000000000000001,3.4,6.0,0.8,1.5,1.8,-0.30000000000000004,0.6,0.0,1.0,1.6,3.2,0.0,0.0,0.0,2.0,-2.0,20.0,1555.7914399878646,1485.009899854388,70.78154013347648,0.679797001599627,1.0,0.0,2.0,1.0,0.8999999999999999,0.6000000000000001,2.0000000000000004,1.6,0.0,10.0
laliga_102262,2026/27,2,2026-08-23,,,elche,Elche CF,Elche CF,barcelona,FC Barcelona,FC Barcelona,scheduled,0.0,0.0,,,1.0,1.0,1.0,1.0,7.0,7.0,0.0,0.0,1.2,0.2,0.6,0.8,0.8,0.0,2.6,4.0,1.5,1.1,1.1,0.0,2.6,0.8,1.6,0.8,4.0,1.0,0.0,0.0,0.0,0.0,13.0,1.8,0.6,0.0,1.6,1.2,0.40000000000000013,5.4,3.0,2.4,1.9,0.9,0.9999999999999999,1.8,0.6,1.4,1.2,4.0,3.0,1.0,2.0,1.0,1.0,3.0,1476.5295389929652,1674.1910013311833,-197.66146233821814,0.31164433414269904,-2.0,-1.0,-1.0,-0.6000000000000001,-0.8999999999999999,-0.40000000000000013,-2.8000000000000003,0.8,0.0,-10.0
laliga_102263,2026/27,2,2026-08-23,,,espanyol,RCD Espanyol,RCD Espanyol de Barcelona,real_madrid,Real Madrid,Real Madrid,scheduled,0.0,0.0,,,1.0,1.0,1.0,1.0,7.0,6.0,0.0,0.0,1.4,0.4,0.2,1.4,1.2,0.19999999999999996,4.8,5.4,0.9,0.8,1.3,-0.5,1.0,0.2,0.8,1.0,4.4,0.0,0.0,1.0,2.0,-1.0,16.0,2.4,0.8,0.0,1.8,0.8,1.0,4.6,3.6,2.0,1.6,0.9,0.7000000000000001,1.4,0.4,1.0,1.0,4.2,3.0,1.0,2.0,0.0,2.0,2.0,1458.4914947689454,1648.3965579081134,-189.90506313916808,0.32130224235079863,-3.0,-1.0,-3.0,-1.0,-1.1,-0.8,0.20000000000000018,-0.3999999999999999,1.0,-14.0
laliga_102264,2026/27,2,2026-08-23,,,getafe,Getafe CF,Getafe CF,racing_santander,Racing de Santander,R. Racing Club,scheduled,0.0,1.0,,1.0,1.0,1.0,1.0,1.0,8.0,7.0,0.0,1.0,1.4,0.4,0.2,0.8,0.6,0.20000000000000007,2.6,3.6,1.3,0.7,0.8,-0.10000000000000009,1.8,0.6,1.2,1.0,3.2,0.0,0.0,0.0,1.0,-1.0,17.0,2.2,0.6,0.4,2.4,1.0,1.4,6.6,3.8,2.1,2.6,1.5,1.1,1.6,0.4,1.6,1.8,6.4,1.0,0.0,1.0,1.0,0.0,9.0,1484.1941859972617,1472.0458122501277,12.148373747133974,0.6023626885907091,-1.0,0.0,-1.0,-0.8000000000000003,-0.8,-1.1999999999999997,-3.9999999999999996,0.19999999999999996,1.0,-8.0
laliga_102265,2026/27,2,2026-08-23,,,malaga,Málaga CF,Málaga CF,deportivo,RC Deportivo,RC Deportivo,scheduled,1.0,1.0,4.0,2.0,1.0,1.0,1.0,1.0,8.0,7.0,1.0,1.0,2.0,0.6,0.2,1.8,1.0,0.8,6.0,4.8,1.7,2.0,1.4,0.6000000000000001,1.6,0.4,1.4,1.0,6.2,0.0,0.0,0.0,2.0,-2.0,19.0,2.0,0.6,0.2,1.2,0.6,0.6,4.6,2.2,1.9,1.4,0.8,0.5999999999999999,1.8,0.4,1.2,0.6,4.0,1.0,0.0,0.0,0.0,0.0,14.0,1444.6929235788177,1454.018319934787,-9.32539635596936,0.5724138529729805,-1.0,0.0,-2.0,0.0,-0.19999999999999996,0.20000000000000007,1.4000000000000004,-0.19999999999999996,1.0,-5.0
laliga_102266,2026/27,2,2026-08-23,,,osasuna,CA Osasuna,CA Osasuna,levante,Levante UD,Levante UD,scheduled,0.0,0.0,,,1.0,1.0,1.0,1.0,7.0,7.0,0.0,0.0,0.2,0.0,0.2,1.0,1.8,-0.8,4.8,5.0,0.6,1.1,1.6,-0.5,0.8,0.2,1.2,1.6,5.6,1.0,0.0,1.0,1.0,0.0,7.0,2.4,0.8,0.0,2.2,1.4,0.8000000000000003,6.6,4.6,1.9,1.5,1.4,0.10000000000000009,1.4,0.4,1.4,2.0,5.0,3.0,1.0,2.0,1.0,1.0,4.0,1475.1776147281585,1495.6660200246226,-20.48840529646418,0.5566178853886219,-2.0,-1.0,-1.0,-2.1999999999999997,-1.2999999999999998,-1.6000000000000003,-1.7999999999999998,-0.5999999999999999,0.0,-3.0
laliga_102267,2026/27,2,2026-08-23,,,vallecano,Rayo Vallecano,Rayo Vallecano,alaves,Deportivo Alavés,Deportivo Alavés,scheduled,0.0,0.0,,,1.0,1.0,1.0,1.0,6.0,8.0,0.0,0.0,1.6,0.4,0.4,1.2,0.8,0.3999999999999999,4.8,5.2,1.8,1.3,1.0,0.30000000000000004,2.2,0.6,1.6,0.8,6.4,0.0,0.0,0.0,1.0,-1.0,18.0,2.0,0.6,0.2,1.0,0.6,0.4,4.6,2.8,1.5,1.5,1.5,0.0,1.6,0.4,2.0,1.8,3.6,3.0,1.0,1.0,0.0,1.0,5.0,1509.2179749726135,1489.7769840697529,19.440990902860676,0.6123732531851857,-3.0,-1.0,-2.0,-0.3999999999999999,0.30000000000000004,-1.1102230246251565e-16,0.20000000000000018,0.6000000000000001,-2.0,-13.0
laliga_102268,2026/27,2,2026-08-23,,,valencia,Valencia CF,Valencia CF,celta,RC Celta,RC Celta,scheduled,0.0,0.0,,,1.0,1.0,1.0,1.0,6.0,7.0,0.0,0.0,2.2,0.6,0.4,2.0,1.2,0.8,4.4,3.6,1.5,1.5,1.4,0.10000000000000009,1.6,0.4,1.4,1.2,3.2,1.0,0.0,1.0,1.0,0.0,11.0,1.6,0.4,0.4,1.2,1.0,0.19999999999999996,3.0,4.8,1.4,1.3,1.4,-0.09999999999999987,1.4,0.4,1.2,1.2,2.8,1.0,0.0,1.0,1.0,0.0,8.0,1512.288071947149,1517.6410813362293,-5.353009389080171,0.5780011732984156,0.0,0.0,0.0,0.6000000000000001,0.10000000000000009,0.6000000000000001,1.4000000000000004,0.20000000000000018,-1.0,-3.0
laliga_102269,2026/27,3,2026-08-30,,,alaves,Deportivo Alavés,Deportivo Alavés,villarreal,Villarreal CF,Villarreal CF,scheduled,0.0,0.0,,,1.0,1.0,1.0,1.0,15.0,14.0,0.0,0.0,2.0,0.6,0.2,1.0,0.6,0.4,4.6,2.8,1.5,1.5,1.5,0.0,1.8,0.6,1.4,1.4,5.2,3.0,1.0,1.0,0.0,1.0,5.0,1.0,0.2,0.4,1.8,1.6,0.19999999999999996,4.0,5.6,1.5,1.9,1.3,0.5999999999999999,1.2,0.2,1.0,1.2,3.4,1.0,0.0,1.0,1.0,0.0,12.0,1489.7769840697529,1576.0674602752981,-86.29047620554525,0.4622370123291871,2.0,1.0,1.0,1.0,0.0,0.20000000000000007,0.5999999999999996,0.6000000000000001,1.0,7.0
laliga_102270,2026/27,3,2026-08-30,,,celta,RC Celta,RC Celta,athletic_bilbao,Athletic Club,Athletic Club,scheduled,0.0,0.0,,,1.0,1.0,1.0,1.0,14.0,14.0,0.0,0.0,1.6,0.4,0.4,1.2,1.0,0.19999999999999996,3.0,4.8,1.4,1.3,1.4,-0.09999999999999987,1.4,0.4,1.4,1.6,4.4,1.0,0.0,1.0,1.0,0.0,8.0,0.2,0.0,0.2,0.8,2.0,-1.2,4.4,5.0,0.7,1.2,1.9,-0.7,0.6,0.2,1.8,2.6,3.4,0.0,0.0,1.0,2.0,-1.0,15.0,1517.6410813362293,1491.6715194353978,25.969561900831422,0.6212554962319151,1.0,0.0,1.0,1.4000000000000001,0.7,1.4,-1.4000000000000004,0.7999999999999999,0.0,7.0
laliga_102271,2026/27,3,2026-08-30,,,deportivo,RC Deportivo,RC Deportivo,valencia,Valencia CF,Valencia CF,scheduled,1.0,0.0,2.0,,1.0,1.0,1.0,1.0,14.0,13.0,1.0,0.0,2.0,0.6,0.2,1.2,0.6,0.6,4.6,2.2,1.9,1.4,0.8,0.5999999999999999,2.0,0.6,1.6,1.0,4.4,1.0,0.0,0.0,0.0,0.0,14.0,2.2,0.6,0.4,2.0,1.2,0.8,4.4,3.6,1.5,1.5,1.4,0.10000000000000009,2.0,0.6,1.6,1.0,4.8,1.0,0.0,1.0,1.0,0.0,11.0,1454.018319934787,1512.288071947149,-58.269752012362005,0.5024900064299012,0.0,0.0,0.0,-0.20000000000000018,0.3999999999999999,-0.20000000000000007,0.1999999999999993,0.0,1.0,-3.0
laliga_102272,2026/27,3,2026-08-30,,,barcelona,FC Barcelona,FC Barcelona,vallecano,Rayo Vallecano,Rayo Vallecano,scheduled,0.0,0.0,,,1.0,1.0,1.0,1.0,14.0,13.0,0.0,0.0,1.8,0.6,0.0,1.6,1.2,0.40000000000000013,5.4,3.0,2.4,1.9,0.9,0.9999999999999999,3.0,1.0,2.4,0.6,7.2,3.0,1.0,2.0,1.0,1.0,3.0,1.6,0.4,0.4,1.2,0.8,0.3999999999999999,4.8,5.2,1.8,1.3,1.0,0.30000000000000004,1.4,0.4,1.0,1.2,4.2,0.0,0.0,0.0,1.0,-1.0,18.0,1674.1910013311833,1509.2179749726135,164.97302635856977,0.7850005320446088,3.0,1.0,2.0,0.19999999999999996,0.5999999999999999,2.220446049250313e-16,0.6000000000000005,1.6,1.0,15.0
laliga_102273,2026/27,3,2026-08-30,,,levante,Levante UD,Levante UD,betis,Real Betis,Real Betis,scheduled,0.0,0.0,,,1.0,1.0,1.0,1.0,14.0,13.0,0.0,0.0,2.4,0.8,0.0,2.2,1.4,0.8000000000000003,6.6,4.6,1.9,1.5,1.4,0.10000000000000009,3.0,1.0,2.4,0.8,6.0,3.0,1.0,2.0,1.0,1.0,4.0,1.6,0.4,0.4,1.6,1.6,0.0,5.4,5.6,1.7,1.6,1.2,0.40000000000000013,1.2,0.2,1.6,1.8,3.6,1.0,0.0,1.0,1.0,0.0,10.0,1495.6660200246226,1555.7914399878646,-60.12541996324194,0.4998195061717622,2.0,1.0,1.0,0.7999999999999998,0.19999999999999996,0.8000000000000003,1.1999999999999993,1.8,1.0,6.0
laliga_102274,2026/27,3,2026-08-30,,,osasuna,CA Osasuna,CA Osasuna,getafe,Getafe CF,Getafe CF,scheduled,0.0,0.0,,,1.0,1.0,1.0,1.0,14.0,15.0,0.0,0.0,0.2,0.0,0.2,1.0,1.8,-0.8,4.8,5.0,0.6,1.1,1.6,-0.5,0.8,0.2,1.2,1.6,5.6,1.0,0.0,1.0,1.0,0.0,7.0,1.4,0.4,0.2,0.8,0.6,0.20000000000000007,2.6,3.6,1.3,0.7,0.8,-0.10000000000000009,0.8,0.2,0.2,0.6,1.4,0.0,0.0,0.0,1.0,-1.0,17.0,1475.1776147281585,1484.1941859972617,-9.016571269103224,0.5728489098247815,1.0,0.0,1.0,-1.2,-0.7000000000000001,-1.0,2.1999999999999997,0.0,-1.0,10.0
laliga_102275,2026/27,3,2026-08-30,,,racing_santander,Racing de Santander,R. Racing Club,elche,Elche CF,Elche CF,scheduled,1.0,0.0,1.0,,1.0,1.0,1.0,1.0,14.0,14.0,1.0,0.0,2.2,0.6,0.4,2.4,1.0,1.4,6.6,3.8,2.1,2.6,1.5,1.1,2.6,0.8,3.6,1.2,9.6,1.0,0.0,1.0,1.0,0.0,9.0,1.2,0.2,0.6,0.8,0.8,0.0,2.6,4.0,1.5,1.1,1.1,0.0,1.0,0.2,1.0,1.4,2.6,1.0,0.0,0.0,0.0,0.0,13.0,1472.0458122501277,1476.5295389929652,-4.483726742837462,0.5792212476153694,0.0,0.0,0.0,1.0000000000000002,0.6000000000000001,1.4,3.9999999999999996,1.6,0.0,4.0
laliga_102276,2026/27,3,2026-08-30,,,real_madrid,Real Madrid,Real Madrid,malaga,Málaga CF,Málaga CF,scheduled,0.0,1.0,,4.0,1.0,1.0,1.0,1.0,13.0,15.0,0.0,1.0,2.4,0.8,0.0,1.8,0.8,1.0,4.6,3.6,2.0,1.6,0.9,0.7000000000000001,2.6,0.8,2.2,0.8,7.6,3.0,1.0,2.0,0.0,2.0,2.0,2.0,0.6,0.2,1.8,1.0,0.8,6.0,4.8,1.7,2.0,1.4,0.6000000000000001,1.8,0.6,2.4,1.6,5.8,0.0,0.0,0.0,2.0,-2.0,19.0,1648.3965579081134,1444.6929235788177,203.7036343292957,0.8202438027502359,3.0,1.0,4.0,0.3999999999999999,0.30000000000000004,0.19999999999999996,-1.4000000000000004,0.8,-2.0,17.0
laliga_102277,2026/27,3,2026-08-30,,,real_sociedad,Real Sociedad,Real Sociedad,espanyol,RCD Espanyol,RCD Espanyol de Barcelona,scheduled,0.0,0.0,,,1.0,1.0,1.0,1.0,13.0,14.0,0.0,0.0,0.6,0.0,0.6,1.4,2.0,-0.6000000000000001,3.4,6.0,0.8,1.5,1.8,-0.30000000000000004,1.0,0.2,2.0,2.0,4.4,0.0,0.0,0.0,2.0,-2.0,20.0,1.4,0.4,0.2,1.4,1.2,0.19999999999999996,4.8,5.4,0.9,0.8,1.3,-0.5,0.8,0.2,0.8,1.6,3.0,0.0,0.0,1.0,2.0,-1.0,16.0,1485.009899854388,1458.4914947689454,26.518405085442737,0.6219986075077459,0.0,0.0,-1.0,-0.7999999999999999,-0.09999999999999998,-0.8,-1.4,0.19999999999999996,-1.0,-4.0
laliga_102278,2026/27,3,2026-08-30,,,sevilla,Sevilla FC,Sevilla FC,atletico_madrid,Atlético de Madrid,Atlético de Madrid,scheduled,0.0,0.0,,,1.0,1.0,1.0,1.0,13.0,15.0,0.0,0.0,1.8,0.6,0.0,1.2,1.0,0.19999999999999996,4.8,3.0,1.5,1.0,1.1,-0.10000000000000009,2.4,0.8,1.2,0.6,4.8,3.0,1.0,1.0,0.0,1.0,6.0,1.8,0.6,0.0,1.2,1.4,-0.19999999999999996,4.4,5.4,1.5,1.5,1.6,-0.10000000000000009,1.2,0.4,1.6,2.2,3.6,3.0,1.0,2.0,0.0,2.0,1.0,1476.9765509889498,1577.3708957161211,-100.3943447271713,0.44212838784542835,0.0,0.0,-1.0,0.0,0.0,0.3999999999999999,0.39999999999999947,1.2,-2.0,-5.0
laliga_102279,2026/27,4,2026-09-06,,,alaves,Deportivo Alavés,Deportivo Alavés,osasuna,CA Osasuna,CA Osasuna,scheduled,0.0,0.0,,,1.0,1.0,1.0,1.0,22.0,21.0,0.0,0.0,2.0,0.6,0.2,1.0,0.6,0.4,4.6,2.8,1.5,1.5,1.5,0.0,1.8,0.6,1.4,1.4,5.2,3.0,1.0,1.0,0.0,1.0,5.0,0.2,0.0,0.2,1.0,1.8,-0.8,4.8,5.0,0.6,1.1,1.6,-0.5,0.4,0.0,1.0,1.6,3.8,1.0,0.0,1.0,1.0,0.0,7.0,1489.7769840697529,1475.1776147281585,14.59936934159441,0.6057371887427612,2.0,1.0,1.0,1.8,0.9,1.2000000000000002,-0.20000000000000018,1.4,1.0,2.0
laliga_102280,2026/27,4,2026-09-06,,,athletic_bilbao,Athletic Club,Athletic Club,atletico_madrid,Atlético de Madrid,Atlético de Madrid,scheduled,0.0,0.0,,,1.0,1.0,1.0,1.0,21.0,22.0,0.0,0.0,0.2,0.0,0.2,0.8,2.0,-1.2,4.4,5.0,0.7,1.2,1.9,-0.7,1.4,0.4,1.0,1.0,5.4,0.0,0.0,1.0,2.0,-1.0,15.0,1.8,0.6,0.0,1.2,1.4,-0.19999999999999996,4.4,5.4,1.5,1.5,1.6,-0.10000000000000009,1.2,0.4,1.6,2.2,3.6,3.0,1.0,2.0,0.0,2.0,1.0,1491.6715194353978,1577.3708957161211,-85.6993762807233,0.4630829290619234,-3.0,-1.0,-3.0,-1.6,-0.8,-1.0,0.0,0.19999999999999996,-1.0,-14.0
laliga_102281,2026/27,4,2026-09-06,,,betis,Real Betis,Real Betis,real_madrid,Real Madrid,Real Madrid,scheduled,0.0,0.0,,,1.0,1.0,1.0,1.0,20.0,20.0,0.0,0.0,1.6,0.4,0.4,1.6,1.6,0.0,5.4,5.6,1.7,1.6,1.2,0.40000000000000013,2.2,0.6,1.6,0.6,6.0,1.0,0.0,1.0,1.0,0.0,10.0,2.4,0.8,0.0,1.8,0.8,1.0,4.6,3.6,2.0,1.6,0.9,0.7000000000000001,1.4,0.4,1.0,1.0,4.2,3.0,1.0,2.0,0.0,2.0,2.0,1555.7914399878646,1648.3965579081134,-92.60511792024886,0.4532147272510261,-2.0,-1.0,-2.0,-0.7999999999999998,-0.30000000000000004,-1.0,0.8000000000000007,0.8000000000000003,0.0,-8.0
laliga_102282,2026/27,4,2026-09-06,,,elche,Elche CF,Elche CF,real_sociedad,Real Sociedad,Real Sociedad,scheduled,0.0,0.0,,,1.0,1.0,1.0,1.0,21.0,20.0,0.0,0.0,1.2,0.2,0.6,0.8,0.8,0.0,2.6,4.0,1.5,1.1,1.1,0.0,2.6,0.8,1.6,0.8,4.0,1.0,0.0,0.0,0.0,0.0,13.0,0.6,0.0,0.6,1.4,2.0,-0.6000000000000001,3.4,6.0,0.8,1.5,1.8,-0.30000000000000004,0.6,0.0,1.0,1.6,3.2,0.0,0.0,0.0,2.0,-2.0,20.0,1476.5295389929652,1485.009899854388,-8.480360861422923,0.5736040273626865,1.0,0.0,2.0,0.6,0.7,0.6000000000000001,-0.7999999999999998,2.0,1.0,7.0
laliga_102283,2026/27,4,2026-09-06,,,espanyol,RCD Espanyol,RCD Espanyol de Barcelona,sevilla,Sevilla FC,Sevilla FC,scheduled,0.0,0.0,,,1.0,1.0,1.0,1.0,21.0,20.0,0.0,0.0,1.4,0.4,0.2,1.4,1.2,0.19999999999999996,4.8,5.4,0.9,0.8,1.3,-0.5,1.0,0.2,0.8,1.0,4.4,0.0,0.0,1.0,2.0,-1.0,16.0,1.8,0.6,0.0,1.2,1.0,0.19999999999999996,4.8,3.0,1.5,1.0,1.1,-0.10000000000000009,0.6,0.2,0.8,1.6,1.8,3.0,1.0,1.0,0.0,1.0,6.0,1458.4914947689454,1476.9765509889498,-18.48505622000448,0.5594620804242146,-3.0,-1.0,-2.0,-0.40000000000000013,-0.6,0.0,0.0,0.4,1.0,-10.0
laliga_102284,2026/27,4,2026-09-06,,,getafe,Getafe CF,Getafe CF,celta,RC Celta,RC Celta,scheduled,0.0,0.0,,,1.0,1.0,1.0,1.0,22.0,21.0,0.0,0.0,1.4,0.4,0.2,0.8,0.6,0.20000000000000007,2.6,3.6,1.3,0.7,0.8,-0.10000000000000009,1.8,0.6,1.2,1.0,3.2,0.0,0.0,0.0,1.0,-1.0,17.0,1.6,0.4,0.4,1.2,1.0,0.19999999999999996,3.0,4.8,1.4,1.3,1.4,-0.09999999999999987,1.4,0.4,1.2,1.2,2.8,1.0,0.0,1.0,1.0,0.0,8.0,1484.1941859972617,1517.6410813362293,-33.44689533896758,0.5381387629674338,-1.0,0.0,-1.0,-0.20000000000000018,-0.09999999999999987,1.1102230246251565e-16,-0.3999999999999999,0.40000000000000013,1.0,-9.0
laliga_102285,2026/27,4,2026-09-06,,,malaga,Málaga CF,Málaga CF,levante,Levante UD,Levante UD,scheduled,1.0,0.0,4.0,,1.0,1.0,1.0,1.0,22.0,21.0,1.0,0.0,2.0,0.6,0.2,1.8,1.0,0.8,6.0,4.8,1.7,2.0,1.4,0.6000000000000001,1.6,0.4,1.4,1.0,6.2,0.0,0.0,0.0,2.0,-2.0,19.0,2.4,0.8,0.0,2.2,1.4,0.8000000000000003,6.6,4.6,1.9,1.5,1.4,0.10000000000000009,1.4,0.4,1.4,2.0,5.0,3.0,1.0,2.0,1.0,1.0,4.0,1444.6929235788177,1495.6660200246226,-50.97309644580491,0.5129878361734277,-3.0,-1.0,-3.0,-0.3999999999999999,-0.19999999999999996,-2.220446049250313e-16,-0.5999999999999996,0.20000000000000018,1.0,-15.0
laliga_102286,2026/27,4,2026-09-06,,,vallecano,Rayo Vallecano,Rayo Vallecano,racing_santander,Racing de Santander,R. Racing Club,scheduled,0.0,1.0,,1.0,1.0,1.0,1.0,1.0,20.0,21.0,0.0,1.0,1.6,0.4,0.4,1.2,0.8,0.3999999999999999,4.8,5.2,1.8,1.3,1.0,0.30000000000000004,2.2,0.6,1.6,0.8,6.4,0.0,0.0,0.0,1.0,-1.0,18.0,2.2,0.6,0.4,2.4,1.0,1.4,6.6,3.8,2.1,2.6,1.5,1.1,1.6,0.4,1.6,1.8,6.4,1.0,0.0,1.0,1.0,0.0,9.0,1509.2179749726135,1472.0458122501277,37.17216272248584,0.6363062796445682,-1.0,0.0,-1.0,-0.6000000000000001,-0.30000000000000004,-1.0,-1.7999999999999998,0.6000000000000001,-1.0,-9.0
laliga_102287,2026/27,4,2026-09-06,,,valencia,Valencia CF,Valencia CF,barcelona,FC Barcelona,FC Barcelona,scheduled,0.0,0.0,,,1.0,1.0,1.0,1.0,20.0,21.0,0.0,0.0,2.2,0.6,0.4,2.0,1.2,0.8,4.4,3.6,1.5,1.5,1.4,0.10000000000000009,1.6,0.4,1.4,1.2,3.2,1.0,0.0,1.0,1.0,0.0,11.0,1.8,0.6,0.0,1.6,1.2,0.40000000000000013,5.4,3.0,2.4,1.9,0.9,0.9999999999999999,1.8,0.6,1.4,1.2,4.0,3.0,1.0,2.0,1.0,1.0,3.0,1512.288071947149,1674.1910013311833,-161.90292938403422,0.35741525649088823,-2.0,-1.0,-1.0,0.40000000000000013,-0.8999999999999999,0.3999999999999999,-1.0,-0.19999999999999996,-1.0,-8.0
laliga_102288,2026/27,4,2026-09-06,,,villarreal,Villarreal CF,Villarreal CF,deportivo,RC Deportivo,RC Deportivo,scheduled,0.0,1.0,,2.0,1.0,1.0,1.0,1.0,21.0,21.0,0.0,1.0,1.0,0.2,0.4,1.8,1.6,0.19999999999999996,4.0,5.6,1.5,1.9,1.3,0.5999999999999999,2.4,0.8,3.4,1.4,6.8,1.0,0.0,1.0,1.0,0.0,12.0,2.0,0.6,0.2,1.2,0.6,0.6,4.6,2.2,1.9,1.4,0.8,0.5999999999999999,1.8,0.4,1.2,0.6,4.0,1.0,0.0,0.0,0.0,0.0,14.0,1576.0674602752981,1454.018319934787,122.04914034051103,0.7403827962558132,0.0,0.0,0.0,-1.0,-0.3999999999999999,-0.4,-0.5999999999999996,0.5999999999999999,0.0,2.0
laliga_102289,2026/27,5,2026-09-13,,,athletic_bilbao,Athletic Club,Athletic Club,elche,Elche CF,Elche CF,scheduled,0.0,0.0,,,1.0,1.0,1.0,1.0,28.0,28.0,0.0,0.0,0.2,0.0,0.2,0.8,2.0,-1.2,4.4,5.0,0.7,1.2,1.9,-0.7,1.4,0.4,1.0,1.0,5.4,0.0,0.0,1.0,2.0,-1.0,15.0,1.2,0.2,0.6,0.8,0.8,0.0,2.6,4.0,1.5,1.1,1.1,0.0,1.0,0.2,1.0,1.4,2.6,1.0,0.0,0.0,0.0,0.0,13.0,1491.6715194353978,1476.5295389929652,15.141980442432668,0.6064828999308388,-1.0,0.0,-1.0,-1.0,-0.8,-1.2,1.8000000000000003,0.3999999999999999,0.0,-2.0
laliga_102290,2026/27,5,2026-09-13,,,celta,RC Celta,RC Celta,malaga,Málaga CF,Málaga CF,scheduled,0.0,1.0,,4.0,1.0,1.0,1.0,1.0,28.0,29.0,0.0,1.0,1.6,0.4,0.4,1.2,1.0,0.19999999999999996,3.0,4.8,1.4,1.3,1.4,-0.09999999999999987,1.4,0.4,1.4,1.6,4.4,1.0,0.0,1.0,1.0,0.0,8.0,2.0,0.6,0.2,1.8,1.0,0.8,6.0,4.8,1.7,2.0,1.4,0.6000000000000001,1.8,0.6,2.4,1.6,5.8,0.0,0.0,0.0,2.0,-2.0,19.0,1517.6410813362293,1444.6929235788177,72.94815775741154,0.6825057221515629,1.0,0.0,2.0,-0.3999999999999999,-0.30000000000000004,-0.6000000000000001,-3.0,-0.40000000000000013,-1.0,11.0
laliga_102291,2026/27,5,2026-09-13,,,getafe,Getafe CF,Getafe CF,deportivo,RC Deportivo,RC Deportivo,scheduled,0.0,1.0,,2.0,1.0,1.0,1.0,1.0,29.0,28.0,0.0,1.0,1.4,0.4,0.2,0.8,0.6,0.20000000000000007,2.6,3.6,1.3,0.7,0.8,-0.10000000000000009,1.8,0.6,1.2,1.0,3.2,0.0,0.0,0.0,1.0,-1.0,17.0,2.0,0.6,0.2,1.2,0.6,0.6,4.6,2.2,1.9,1.4,0.8,0.5999999999999999,1.8,0.4,1.2,0.6,4.0,1.0,0.0,0.0,0.0,0.0,14.0,1484.1941859972617,1454.018319934787,30.175866062474597,0.6269358917090593,-1.0,0.0,-1.0,-0.6000000000000001,-0.5999999999999999,-0.3999999999999999,-1.9999999999999996,0.0,1.0,-3.0
laliga_102292,2026/27,5,2026-09-13,,,levante,Levante UD,Levante UD,barcelona,FC Barcelona,FC Barcelona,scheduled,0.0,0.0,,,1.0,1.0,1.0,1.0,28.0,28.0,0.0,0.0,2.4,0.8,0.0,2.2,1.4,0.8000000000000003,6.6,4.6,1.9,1.5,1.4,0.10000000000000009,3.0,1.0,2.4,0.8,6.0,3.0,1.0,2.0,1.0,1.0,4.0,1.8,0.6,0.0,1.6,1.2,0.40000000000000013,5.4,3.0,2.4,1.9,0.9,0.9999999999999999,1.8,0.6,1.4,1.2,4.0,3.0,1.0,2.0,1.0,1.0,3.0,1495.6660200246226,1674.1910013311833,-178.52498130656068,0.3357515860172014,0.0,0.0,0.0,0.5999999999999999,-0.5,0.40000000000000013,1.1999999999999993,1.2,0.0,-1.0
laliga_102293,2026/27,5,2026-09-13,,,osasuna,CA Osasuna,CA Osasuna,espanyol,RCD Espanyol,RCD Espanyol de Barcelona,scheduled,0.0,0.0,,,1.0,1.0,1.0,1.0,28.0,28.0,0.0,0.0,0.2,0.0,0.2,1.0,1.8,-0.8,4.8,5.0,0.6,1.1,1.6,-0.5,0.8,0.2,1.2,1.6,5.6,1.0,0.0,1.0,1.0,0.0,7.0,1.4,0.4,0.2,1.4,1.2,0.19999999999999996,4.8,5.4,0.9,0.8,1.3,-0.5,0.8,0.2,0.8,1.6,3.0,0.0,0.0,1.0,2.0,-1.0,16.0,1475.1776147281585,1458.4914947689454,16.6861199592131,0.6086022889535604,1.0,0.0,1.0,-1.2,-0.30000000000000004,-1.0,0.0,0.0,0.0,9.0
laliga_102294,2026/27,5,2026-09-13,,,racing_santander,Racing de Santander,R. Racing Club,alaves,Deportivo Alavés,Deportivo Alavés,scheduled,1.0,0.0,1.0,,1.0,1.0,1.0,1.0,28.0,29.0,1.0,0.0,2.2,0.6,0.4,2.4,1.0,1.4,6.6,3.8,2.1,2.6,1.5,1.1,2.6,0.8,3.6,1.2,9.6,1.0,0.0,1.0,1.0,0.0,9.0,2.0,0.6,0.2,1.0,0.6,0.4,4.6,2.8,1.5,1.5,1.5,0.0,1.6,0.4,2.0,1.8,3.6,3.0,1.0,1.0,0.0,1.0,5.0,1472.0458122501277,1489.7769840697529,-17.73117181962516,0.5605313856048365,-2.0,-1.0,-1.0,0.20000000000000018,0.6000000000000001,0.9999999999999999,2.0,1.0,-1.0,-4.0
laliga_102295,2026/27,5,2026-09-13,,,real_madrid,Real Madrid,Real Madrid,vallecano,Rayo Vallecano,Rayo Vallecano,scheduled,0.0,0.0,,,1.0,1.0,1.0,1.0,27.0,27.0,0.0,0.0,2.4,0.8,0.0,1.8,0.8,1.0,4.6,3.6,2.0,1.6,0.9,0.7000000000000001,2.6,0.8,2.2,0.8,7.6,3.0,1.0,2.0,0.0,2.0,2.0,1.6,0.4,0.4,1.2,0.8,0.3999999999999999,4.8,5.2,1.8,1.3,1.0,0.30000000000000004,1.4,0.4,1.0,1.2,4.2,0.0,0.0,0.0,1.0,-1.0,18.0,1648.3965579081134,1509.2179749726135,139.1785829354999,0.7588827744455446,3.0,1.0,3.0,0.7999999999999998,0.19999999999999996,0.6000000000000001,-0.20000000000000018,1.2000000000000002,0.0,16.0
laliga_102296,2026/27,5,2026-09-13,,,real_sociedad,Real Sociedad,Real Sociedad,atletico_madrid,Atlético de Madrid,Atlético de Madrid,scheduled,0.0,0.0,,,1.0,1.0,1.0,1.0,27.0,29.0,0.0,0.0,0.6,0.0,0.6,1.4,2.0,-0.6000000000000001,3.4,6.0,0.8,1.5,1.8,-0.30000000000000004,1.0,0.2,2.0,2.0,4.4,0.0,0.0,0.0,2.0,-2.0,20.0,1.8,0.6,0.0,1.2,1.4,-0.19999999999999996,4.4,5.4,1.5,1.5,1.6,-0.10000000000000009,1.2,0.4,1.6,2.2,3.6,3.0,1.0,2.0,0.0,2.0,1.0,1485.009899854388,1577.3708957161211,-92.36099586173304,0.45356299401138916,-3.0,-1.0,-4.0,-1.2000000000000002,-0.7,-0.40000000000000013,-1.0000000000000004,-0.19999999999999996,-2.0,-19.0
laliga_102297,2026/27,5,2026-09-13,,,sevilla,Sevilla FC,Sevilla FC,valencia,Valencia CF,Valencia CF,scheduled,0.0,0.0,,,1.0,1.0,1.0,1.0,27.0,27.0,0.0,0.0,1.8,0.6,0.0,1.2,1.0,0.19999999999999996,4.8,3.0,1.5,1.0,1.1,-0.10000000000000009,2.4,0.8,1.2,0.6,4.8,3.0,1.0,1.0,0.0,1.0,6.0,2.2,0.6,0.4,2.0,1.2,0.8,4.4,3.6,1.5,1.5,1.4,0.10000000000000009,2.0,0.6,1.6,1.0,4.8,1.0,0.0,1.0,1.0,0.0,11.0,1476.9765509889498,1512.288071947149,-35.31152095819925,0.5354698968618056,2.0,1.0,1.0,-0.40000000000000013,0.0,-0.6000000000000001,0.39999999999999947,0.3999999999999999,0.0,5.0
laliga_102298,2026/27,5,2026-09-13,,,villarreal,Villarreal CF,Villarreal CF,betis,Real Betis,Real Betis,scheduled,0.0,0.0,,,1.0,1.0,1.0,1.0,28.0,27.0,0.0,0.0,1.0,0.2,0.4,1.8,1.6,0.19999999999999996,4.0,5.6,1.5,1.9,1.3,0.5999999999999999,2.4,0.8,3.4,1.4,6.8,1.0,0.0,1.0,1.0,0.0,12.0,1.6,0.4,0.4,1.6,1.6,0.0,5.4,5.6,1.7,1.6,1.2,0.40000000000000013,1.2,0.2,1.6,1.8,3.6,1.0,0.0,1.0,1.0,0.0,10.0,1576.0674602752981,1555.7914399878646,20.27602028743354,0.6135136396289569,0.0,0.0,0.0,-0.6000000000000001,-0.19999999999999996,0.19999999999999996,-1.4000000000000004,1.2,1.0,-2.0
laliga_102299,2026/27,6,2026-09-16,,,alaves,Deportivo Alavés,Deportivo Alavés,valencia,Valencia CF,Valencia CF,scheduled,0.0,0.0,,,1.0,1.0,1.0,1.0,32.0,30.0,0.0,0.0,2.0,0.6,0.2,1.0,0.6,0.4,4.6,2.8,1.5,1.5,1.5,0.0,1.8,0.6,1.4,1.4,5.2,3.0,1.0,1.0,0.0,1.0,5.0,2.2,0.6,0.4,2.0,1.2,0.8,4.4,3.6,1.5,1.5,1.4,0.10000000000000009,2.0,0.6,1.6,1.0,4.8,1.0,0.0,1.0,1.0,0.0,11.0,1489.7769840697529,1512.288071947149,-22.51108787739622,0.553742472308885,2.0,1.0,1.0,-0.20000000000000018,0.0,-0.4,0.1999999999999993,-0.19999999999999996,2.0,6.0
laliga_102300,2026/27,6,2026-09-16,,,atletico_madrid,Atlético de Madrid,Atlético de Madrid,osasuna,CA Osasuna,CA Osasuna,scheduled,0.0,0.0,,,1.0,1.0,1.0,1.0,32.0,31.0,0.0,0.0,1.8,0.6,0.0,1.2,1.4,-0.19999999999999996,4.4,5.4,1.5,1.5,1.6,-0.10000000000000009,1.8,0.6,1.4,1.0,4.0,3.0,1.0,2.0,0.0,2.0,1.0,0.2,0.0,0.2,1.0,1.8,-0.8,4.8,5.0,0.6,1.1,1.6,-0.5,0.4,0.0,1.0,1.6,3.8,1.0,0.0,1.0,1.0,0.0,7.0,1577.3708957161211,1475.1776147281585,102.19328098796268,0.7178171442595059,2.0,1.0,2.0,1.6,0.9,0.6000000000000001,-0.39999999999999947,1.4,1.0,6.0
laliga_102301,2026/27,6,2026-09-16,,,betis,Real Betis,Real Betis,getafe,Getafe CF,Getafe CF,scheduled,0.0,0.0,,,1.0,1.0,1.0,1.0,30.0,32.0,0.0,0.0,1.6,0.4,0.4,1.6,1.6,0.0,5.4,5.6,1.7,1.6,1.2,0.40000000000000013,2.2,0.6,1.6,0.6,6.0,1.0,0.0,1.0,1.0,0.0,10.0,1.4,0.4,0.2,0.8,0.6,0.20000000000000007,2.6,3.6,1.3,0.7,0.8,-0.10000000000000009,0.8,0.2,0.2,0.6,1.4,0.0,0.0,0.0,1.0,-1.0,17.0,1555.7914399878646,1484.1941859972617,71.5972539906029,0.6808182487944135,1.0,0.0,1.0,0.20000000000000018,0.3999999999999999,-0.20000000000000007,2.8000000000000003,1.4000000000000001,-2.0,7.0
laliga_102302,2026/27,6,2026-09-16,,,deportivo,RC Deportivo,RC Deportivo,sevilla,Sevilla FC,Sevilla FC,scheduled,1.0,0.0,2.0,,1.0,1.0,1.0,1.0,31.0,30.0,1.0,0.0,2.0,0.6,0.2,1.2,0.6,0.6,4.6,2.2,1.9,1.4,0.8,0.5999999999999999,2.0,0.6,1.6,1.0,4.4,1.0,0.0,0.0,0.0,0.0,14.0,1.8,0.6,0.0,1.2,1.0,0.19999999999999996,4.8,3.0,1.5,1.0,1.1,-0.10000000000000009,0.6,0.2,0.8,1.6,1.8,3.0,1.0,1.0,0.0,1.0,6.0,1454.018319934787,1476.9765509889498,-22.958231054162752,0.5531063281605774,-2.0,-1.0,-1.0,0.19999999999999996,0.3999999999999999,0.4,-0.20000000000000018,1.4,1.0,-8.0
laliga_102303,2026/27,6,2026-09-16,,,elche,Elche CF,Elche CF,real_madrid,Real Madrid,Real Madrid,scheduled,0.0,0.0,,,1.0,1.0,1.0,1.0,31.0,30.0,0.0,0.0,1.2,0.2,0.6,0.8,0.8,0.0,2.6,4.0,1.5,1.1,1.1,0.0,2.6,0.8,1.6,0.8,4.0,1.0,0.0,0.0,0.0,0.0,13.0,2.4,0.8,0.0,1.8,0.8,1.0,4.6,3.6,2.0,1.6,0.9,0.7000000000000001,1.4,0.4,1.0,1.0,4.2,3.0,1.0,2.0,0.0,2.0,2.0,1476.5295389929652,1648.3965579081134,-171.86701891514826,0.3443523034777445,-2.0,-1.0,-2.0,-1.2,-0.5,-1.0,-1.9999999999999996,1.2000000000000002,1.0,-11.0
laliga_102304,2026/27,6,2026-09-16,,,barcelona,FC Barcelona,FC Barcelona,racing_santander,Racing de Santander,R. Racing Club,scheduled,0.0,1.0,,1.0,1.0,1.0,1.0,1.0,31.0,31.0,0.0,1.0,1.8,0.6,0.0,1.6,1.2,0.40000000000000013,5.4,3.0,2.4,1.9,0.9,0.9999999999999999,3.0,1.0,2.4,0.6,7.2,3.0,1.0,2.0,1.0,1.0,3.0,2.2,0.6,0.4,2.4,1.0,1.4,6.6,3.8,2.1,2.6,1.5,1.1,1.6,0.4,1.6,1.8,6.4,1.0,0.0,1.0,1.0,0.0,9.0,1674.1910013311833,1472.0458122501277,202.1451890810556,0.8189172618126668,2.0,1.0,1.0,-0.40000000000000013,0.2999999999999998,-0.9999999999999998,-1.1999999999999993,1.4,0.0,6.0
laliga_102305,2026/27,6,2026-09-16,,,levante,Levante UD,Levante UD,athletic_bilbao,Athletic Club,Athletic Club,scheduled,0.0,0.0,,,1.0,1.0,1.0,1.0,31.0,31.0,0.0,0.0,2.4,0.8,0.0,2.2,1.4,0.8000000000000003,6.6,4.6,1.9,1.5,1.4,0.10000000000000009,3.0,1.0,2.4,0.8,6.0,3.0,1.0,2.0,1.0,1.0,4.0,0.2,0.0,0.2,0.8,2.0,-1.2,4.4,5.0,0.7,1.2,1.9,-0.7,0.6,0.2,1.8,2.6,3.4,0.0,0.0,1.0,2.0,-1.0,15.0,1495.6660200246226,1491.6715194353978,3.994500589224799,0.5910679445932103,3.0,1.0,2.0,2.1999999999999997,1.2,2.0,2.1999999999999993,2.4,0.0,11.0
laliga_102306,2026/27,6,2026-09-16,,,malaga,Málaga CF,Málaga CF,villarreal,Villarreal CF,Villarreal CF,scheduled,1.0,0.0,4.0,,1.0,1.0,1.0,1.0,32.0,31.0,1.0,0.0,2.0,0.6,0.2,1.8,1.0,0.8,6.0,4.8,1.7,2.0,1.4,0.6000000000000001,1.6,0.4,1.4,1.0,6.2,0.0,0.0,0.0,2.0,-2.0,19.0,1.0,0.2,0.4,1.8,1.6,0.19999999999999996,4.0,5.6,1.5,1.9,1.3,0.5999999999999999,1.2,0.2,1.0,1.2,3.4,1.0,0.0,1.0,1.0,0.0,12.0,1444.6929235788177,1576.0674602752981,-131.3745366964804,0.39870476195957044,-1.0,0.0,-2.0,1.0,0.19999999999999996,0.6000000000000001,2.0,0.40000000000000013,1.0,-7.0
laliga_102307,2026/27,6,2026-09-16,,,vallecano,Rayo Vallecano,Rayo Vallecano,espanyol,RCD Espanyol,RCD Espanyol de Barcelona,scheduled,0.0,0.0,,,1.0,1.0,1.0,1.0,30.0,31.0,0.0,0.0,1.6,0.4,0.4,1.2,0.8,0.3999999999999999,4.8,5.2,1.8,1.3,1.0,0.30000000000000004,2.2,0.6,1.6,0.8,6.4,0.0,0.0,0.0,1.0,-1.0,18.0,1.4,0.4,0.2,1.4,1.2,0.19999999999999996,4.8,5.4,0.9,0.8,1.3,-0.5,0.8,0.2,0.8,1.6,3.0,0.0,0.0,1.0,2.0,-1.0,16.0,1509.2179749726135,1458.4914947689454,50.72648020366819,0.6541638747786446,0.0,0.0,0.0,0.20000000000000018,0.9,0.19999999999999996,0.0,1.4000000000000001,-1.0,-2.0
laliga_102308,2026/27,6,2026-09-16,,,real_sociedad,Real Sociedad,Real Sociedad,celta,RC Celta,RC Celta,scheduled,0.0,0.0,,,1.0,1.0,1.0,1.0,30.0,31.0,0.0,0.0,0.6,0.0,0.6,1.4,2.0,-0.6000000000000001,3.4,6.0,0.8,1.5,1.8,-0.30000000000000004,1.0,0.2,2.0,2.0,4.4,0.0,0.0,0.0,2.0,-2.0,20.0,1.6,0.4,0.4,1.2,1.0,0.19999999999999996,3.0,4.8,1.4,1.3,1.4,-0.09999999999999987,1.4,0.4,1.2,1.2,2.8,1.0,0.0,1.0,1.0,0.0,8.0,1485.009899854388,1517.6410813362293,-32.63118148184117,0.5393056283646469,-1.0,0.0,-2.0,-1.0,-0.5999999999999999,-0.8,0.3999999999999999,-0.3999999999999999,-1.0,-12.0
laliga_102309,2026/27,7,2026-09-20,,,athletic_bilbao,Athletic Club,Athletic Club,alaves,Deportivo Alavés,Deportivo Alavés,scheduled,0.0,0.0,,,1.0,1.0,1.0,1.0,35.0,36.0,0.0,0.0,0.2,0.0,0.2,0.8,2.0,-1.2,4.4,5.0,0.7,1.2,1.9,-0.7,1.4,0.4,1.0,1.0,5.4,0.0,0.0,1.0,2.0,-1.0,15.0,2.0,0.6,0.2,1.0,0.6,0.4,4.6,2.8,1.5,1.5,1.5,0.0,1.6,0.4,2.0,1.8,3.6,3.0,1.0,1.0,0.0,1.0,5.0,1491.6715194353978,1489.7769840697529,1.8945353656449697,0.5881429206183115,-3.0,-1.0,-2.0,-1.8,-0.8,-1.6,-0.1999999999999993,-0.20000000000000018,-1.0,-10.0
laliga_102310,2026/27,7,2026-09-20,,,atletico_madrid,Atlético de Madrid,Atlético de Madrid,real_madrid,Real Madrid,Real Madrid,scheduled,0.0,0.0,,,1.0,1.0,1.0,1.0,36.0,34.0,0.0,0.0,1.8,0.6,0.0,1.2,1.4,-0.19999999999999996,4.4,5.4,1.5,1.5,1.6,-0.10000000000000009,1.8,0.6,1.4,1.0,4.0,3.0,1.0,2.0,0.0,2.0,1.0,2.4,0.8,0.0,1.8,0.8,1.0,4.6,3.6,2.0,1.6,0.9,0.7000000000000001,1.4,0.4,1.0,1.0,4.2,3.0,1.0,2.0,0.0,2.0,2.0,1577.3708957161211,1648.3965579081134,-71.0256621919923,0.4841381209530276,0.0,0.0,0.0,-0.5999999999999999,-0.5,-1.2,-0.1999999999999993,0.40000000000000013,2.0,1.0
laliga_102311,2026/27,7,2026-09-20,,,celta,RC Celta,RC Celta,racing_santander,Racing de Santander,R. Racing Club,scheduled,0.0,1.0,,1.0,1.0,1.0,1.0,1.0,35.0,35.0,0.0,1.0,1.6,0.4,0.4,1.2,1.0,0.19999999999999996,3.0,4.8,1.4,1.3,1.4,-0.09999999999999987,1.4,0.4,1.4,1.6,4.4,1.0,0.0,1.0,1.0,0.0,8.0,2.2,0.6,0.4,2.4,1.0,1.4,6.6,3.8,2.1,2.6,1.5,1.1,1.6,0.4,1.6,1.8,6.4,1.0,0.0,1.0,1.0,0.0,9.0,1517.6410813362293,1472.0458122501277,45.59526908610155,0.6474513962265432,0.0,0.0,0.0,-0.6000000000000001,-0.7000000000000002,-1.2,-3.5999999999999996,-0.20000000000000018,0.0,1.0
laliga_102312,2026/27,7,2026-09-20,,,deportivo,RC Deportivo,RC Deportivo,betis,Real Betis,Real Betis,scheduled,1.0,0.0,2.0,,1.0,1.0,1.0,1.0,35.0,34.0,1.0,0.0,2.0,0.6,0.2,1.2,0.6,0.6,4.6,2.2,1.9,1.4,0.8,0.5999999999999999,2.0,0.6,1.6,1.0,4.4,1.0,0.0,0.0,0.0,0.0,14.0,1.6,0.4,0.4,1.6,1.6,0.0,5.4,5.6,1.7,1.6,1.2,0.40000000000000013,1.2,0.2,1.6,1.8,3.6,1.0,0.0,1.0,1.0,0.0,10.0,1454.018319934787,1555.7914399878646,-101.77312005307749,0.4401716612383932,0.0,0.0,0.0,0.3999999999999999,0.19999999999999996,0.6,-0.8000000000000007,0.8,1.0,-4.0
laliga_102313,2026/27,7,2026-09-20,,,espanyol,RCD Espanyol,RCD Espanyol de Barcelona,elche,Elche CF,Elche CF,scheduled,0.0,0.0,,,1.0,1.0,1.0,1.0,35.0,35.0,0.0,0.0,1.4,0.4,0.2,1.4,1.2,0.19999999999999996,4.8,5.4,0.9,0.8,1.3,-0.5,1.0,0.2,0.8,1.0,4.4,0.0,0.0,1.0,2.0,-1.0,16.0,1.2,0.2,0.6,0.8,0.8,0.0,2.6,4.0,1.5,1.1,1.1,0.0,1.0,0.2,1.0,1.4,2.6,1.0,0.0,0.0,0.0,0.0,13.0,1458.4914947689454,1476.5295389929652,-18.038044224019814,0.5600961868332158,-1.0,0.0,-1.0,0.19999999999999996,-0.6,0.19999999999999996,2.1999999999999997,0.0,0.0,-3.0
laliga_102314,2026/27,7,2026-09-20,,,getafe,Getafe CF,Getafe CF,malaga,Málaga CF,Málaga CF,scheduled,0.0,1.0,,4.0,1.0,1.0,1.0,1.0,36.0,36.0,0.0,1.0,1.4,0.4,0.2,0.8,0.6,0.20000000000000007,2.6,3.6,1.3,0.7,0.8,-0.10000000000000009,1.8,0.6,1.2,1.0,3.2,0.0,0.0,0.0,1.0,-1.0,17.0,2.0,0.6,0.2,1.8,1.0,0.8,6.0,4.8,1.7,2.0,1.4,0.6000000000000001,1.8,0.6,2.4,1.6,5.8,0.0,0.0,0.0,2.0,-2.0,19.0,1484.1941859972617,1444.6929235788177,39.50126241844396,0.6394033162685764,0.0,0.0,1.0,-0.6000000000000001,-0.3999999999999999,-0.6,-3.4,0.0,0.0,2.0
laliga_102315,2026/27,7,2026-09-20,,,osasuna,CA Osasuna,CA Osasuna,vallecano,Rayo Vallecano,Rayo Vallecano,scheduled,0.0,0.0,,,1.0,1.0,1.0,1.0,35.0,34.0,0.0,0.0,0.2,0.0,0.2,1.0,1.8,-0.8,4.8,5.0,0.6,1.1,1.6,-0.5,0.8,0.2,1.2,1.6,5.6,1.0,0.0,1.0,1.0,0.0,7.0,1.6,0.4,0.4,1.2,0.8,0.3999999999999999,4.8,5.2,1.8,1.3,1.0,0.30000000000000004,1.4,0.4,1.0,1.2,4.2,0.0,0.0,0.0,1.0,-1.0,18.0,1475.1776147281585,1509.2179749726135,-34.04036024445509,0.5372895576669514,1.0,0.0,1.0,-1.4000000000000001,-1.2000000000000002,-1.2,0.0,-0.5999999999999999,1.0,11.0
laliga_102316,2026/27,7,2026-09-20,,,sevilla,Sevilla FC,Sevilla FC,barcelona,FC Barcelona,FC Barcelona,scheduled,0.0,0.0,,,1.0,1.0,1.0,1.0,34.0,35.0,0.0,0.0,1.8,0.6,0.0,1.2,1.0,0.19999999999999996,4.8,3.0,1.5,1.0,1.1,-0.10000000000000009,2.4,0.8,1.2,0.6,4.8,3.0,1.0,1.0,0.0,1.0,6.0,1.8,0.6,0.0,1.6,1.2,0.40000000000000013,5.4,3.0,2.4,1.9,0.9,0.9999999999999999,1.8,0.6,1.4,1.2,4.0,3.0,1.0,2.0,1.0,1.0,3.0,1476.9765509889498,1674.1910013311833,-197.21445034223348,0.3121966115874104,0.0,0.0,0.0,0.0,-0.8999999999999999,-0.20000000000000018,-0.6000000000000005,0.5999999999999999,-1.0,-3.0
laliga_102317,2026/27,7,2026-09-20,,,valencia,Valencia CF,Valencia CF,real_sociedad,Real Sociedad,Real Sociedad,scheduled,0.0,0.0,,,1.0,1.0,1.0,1.0,34.0,34.0,0.0,0.0,2.2,0.6,0.4,2.0,1.2,0.8,4.4,3.6,1.5,1.5,1.4,0.10000000000000009,1.6,0.4,1.4,1.2,3.2,1.0,0.0,1.0,1.0,0.0,11.0,0.6,0.0,0.6,1.4,2.0,-0.6000000000000001,3.4,6.0,0.8,1.5,1.8,-0.30000000000000004,0.6,0.0,1.0,1.6,3.2,0.0,0.0,0.0,2.0,-2.0,20.0,1512.288071947149,1485.009899854388,27.278172092760997,0.6230263553735547,1.0,0.0,2.0,1.6,0.7,1.4000000000000001,1.0000000000000004,1.0,0.0,9.0
laliga_102318,2026/27,7,2026-09-20,,,villarreal,Villarreal CF,Villarreal CF,levante,Levante UD,Levante UD,scheduled,0.0,0.0,,,1.0,1.0,1.0,1.0,35.0,35.0,0.0,0.0,1.0,0.2,0.4,1.8,1.6,0.19999999999999996,4.0,5.6,1.5,1.9,1.3,0.5999999999999999,2.4,0.8,3.4,1.4,6.8,1.0,0.0,1.0,1.0,0.0,12.0,2.4,0.8,0.0,2.2,1.4,0.8000000000000003,6.6,4.6,1.9,1.5,1.4,0.10000000000000009,1.4,0.4,1.4,2.0,5.0,3.0,1.0,2.0,1.0,1.0,4.0,1576.0674602752981,1495.6660200246226,80.40144025067548,0.6917291416375806,-2.0,-1.0,-1.0,-1.4,-0.3999999999999999,-0.6000000000000003,-2.5999999999999996,1.0,0.0,-8.0
laliga_102319,2026/27,8,2026-10-11,,,alaves,Deportivo Alavés,Deportivo Alavés,atletico_madrid,Atlético de Madrid,Atlético de Madrid,scheduled,0.0,0.0,,,1.0,1.0,1.0,1.0,57.0,57.0,0.0,0.0,2.0,0.6,0.2,1.0,0.6,0.4,4.6,2.8,1.5,1.5,1.5,0.0,1.8,0.6,1.4,1.4,5.2,3.0,1.0,1.0,0.0,1.0,5.0,1.8,0.6,0.0,1.2,1.4,-0.19999999999999996,4.4,5.4,1.5,1.5,1.6,-0.10000000000000009,1.2,0.4,1.6,2.2,3.6,3.0,1.0,2.0,0.0,2.0,1.0,1489.7769840697529,1577.3708957161211,-87.59391164636827,0.46037245485565836,0.0,0.0,-1.0,0.19999999999999996,0.0,0.6,0.1999999999999993,0.6000000000000001,0.0,-4.0
laliga_102320,2026/27,8,2026-10-11,,,betis,Real Betis,Real Betis,osasuna,CA Osasuna,CA Osasuna,scheduled,0.0,0.0,,,1.0,1.0,1.0,1.0,55.0,56.0,0.0,0.0,1.6,0.4,0.4,1.6,1.6,0.0,5.4,5.6,1.7,1.6,1.2,0.40000000000000013,2.2,0.6,1.6,0.6,6.0,1.0,0.0,1.0,1.0,0.0,10.0,0.2,0.0,0.2,1.0,1.8,-0.8,4.8,5.0,0.6,1.1,1.6,-0.5,0.4,0.0,1.0,1.6,3.8,1.0,0.0,1.0,1.0,0.0,7.0,1555.7914399878646,1475.1776147281585,80.61382525970612,0.6919897847526881,0.0,0.0,0.0,1.4000000000000001,1.1,0.8,0.6000000000000005,1.8000000000000003,-1.0,-3.0
laliga_102321,2026/27,8,2026-10-11,,,elche,Elche CF,Elche CF,celta,RC Celta,RC Celta,scheduled,0.0,0.0,,,1.0,1.0,1.0,1.0,56.0,56.0,0.0,0.0,1.2,0.2,0.6,0.8,0.8,0.0,2.6,4.0,1.5,1.1,1.1,0.0,2.6,0.8,1.6,0.8,4.0,1.0,0.0,0.0,0.0,0.0,13.0,1.6,0.4,0.4,1.2,1.0,0.19999999999999996,3.0,4.8,1.4,1.3,1.4,-0.09999999999999987,1.4,0.4,1.2,1.2,2.8,1.0,0.0,1.0,1.0,0.0,8.0,1476.5295389929652,1517.6410813362293,-41.11154234326409,0.527155926972286,0.0,0.0,0.0,-0.40000000000000013,0.10000000000000009,-0.19999999999999996,-0.3999999999999999,1.2000000000000002,0.0,-5.0
laliga_102322,2026/27,8,2026-10-11,,,barcelona,FC Barcelona,FC Barcelona,getafe,Getafe CF,Getafe CF,scheduled,0.0,0.0,,,1.0,1.0,1.0,1.0,56.0,57.0,0.0,0.0,1.8,0.6,0.0,1.6,1.2,0.40000000000000013,5.4,3.0,2.4,1.9,0.9,0.9999999999999999,3.0,1.0,2.4,0.6,7.2,3.0,1.0,2.0,1.0,1.0,3.0,1.4,0.4,0.2,0.8,0.6,0.20000000000000007,2.6,3.6,1.3,0.7,0.8,-0.10000000000000009,0.8,0.2,0.2,0.6,1.4,0.0,0.0,0.0,1.0,-1.0,17.0,1674.1910013311833,1484.1941859972617,189.99681533392163,0.8083148321056502,3.0,1.0,2.0,0.40000000000000013,1.0999999999999999,0.20000000000000007,2.8000000000000003,2.2,-1.0,14.0
laliga_102323,2026/27,8,2026-10-11,,,levante,Levante UD,Levante UD,sevilla,Sevilla FC,Sevilla FC,scheduled,0.0,0.0,,,1.0,1.0,1.0,1.0,56.0,55.0,0.0,0.0,2.4,0.8,0.0,2.2,1.4,0.8000000000000003,6.6,4.6,1.9,1.5,1.4,0.10000000000000009,3.0,1.0,2.4,0.8,6.0,3.0,1.0,2.0,1.0,1.0,4.0,1.8,0.6,0.0,1.2,1.0,0.19999999999999996,4.8,3.0,1.5,1.0,1.1,-0.10000000000000009,0.6,0.2,0.8,1.6,1.8,3.0,1.0,1.0,0.0,1.0,6.0,1495.6660200246226,1476.9765509889498,18.6894690356728,0.6113458574222999,0.0,0.0,0.0,0.5999999999999999,0.3999999999999999,0.6000000000000003,1.7999999999999998,2.4,1.0,2.0
laliga_102324,2026/27,8,2026-10-11,,,malaga,Málaga CF,Málaga CF,espanyol,RCD Espanyol,RCD Espanyol de Barcelona,scheduled,1.0,0.0,4.0,,1.0,1.0,1.0,1.0,57.0,56.0,1.0,0.0,2.0,0.6,0.2,1.8,1.0,0.8,6.0,4.8,1.7,2.0,1.4,0.6000000000000001,1.6,0.4,1.4,1.0,6.2,0.0,0.0,0.0,2.0,-2.0,19.0,1.4,0.4,0.2,1.4,1.2,0.19999999999999996,4.8,5.4,0.9,0.8,1.3,-0.5,0.8,0.2,0.8,1.6,3.0,0.0,0.0,1.0,2.0,-1.0,16.0,1444.6929235788177,1458.4914947689454,-13.798571190127632,0.5661000380465596,0.0,0.0,-1.0,0.6000000000000001,0.7999999999999999,0.6000000000000001,1.2000000000000002,0.8,1.0,-3.0
laliga_102325,2026/27,8,2026-10-11,,,racing_santander,Racing de Santander,R. Racing Club,valencia,Valencia CF,Valencia CF,scheduled,1.0,0.0,1.0,,1.0,1.0,1.0,1.0,56.0,55.0,1.0,0.0,2.2,0.6,0.4,2.4,1.0,1.4,6.6,3.8,2.1,2.6,1.5,1.1,2.6,0.8,3.6,1.2,9.6,1.0,0.0,1.0,1.0,0.0,9.0,2.2,0.6,0.4,2.0,1.2,0.8,4.4,3.6,1.5,1.5,1.4,0.10000000000000009,2.0,0.6,1.6,1.0,4.8,1.0,0.0,1.0,1.0,0.0,11.0,1472.0458122501277,1512.288071947149,-40.24225969702138,0.5284030630217144,0.0,0.0,0.0,0.0,0.6000000000000001,0.5999999999999999,2.1999999999999993,0.6000000000000001,1.0,2.0
laliga_102326,2026/27,8,2026-10-11,,,vallecano,Rayo Vallecano,Rayo Vallecano,athletic_bilbao,Athletic Club,Athletic Club,scheduled,0.0,0.0,,,1.0,1.0,1.0,1.0,55.0,56.0,0.0,0.0,1.6,0.4,0.4,1.2,0.8,0.3999999999999999,4.8,5.2,1.8,1.3,1.0,0.30000000000000004,2.2,0.6,1.6,0.8,6.4,0.0,0.0,0.0,1.0,-1.0,18.0,0.2,0.0,0.2,0.8,2.0,-1.2,4.4,5.0,0.7,1.2,1.9,-0.7,0.6,0.2,1.8,2.6,3.4,0.0,0.0,1.0,2.0,-1.0,15.0,1509.2179749726135,1491.6715194353978,17.546455537215706,0.6097813628721975,0.0,0.0,0.0,1.4000000000000001,1.1,1.5999999999999999,0.39999999999999947,1.6,-1.0,-3.0
laliga_102327,2026/27,8,2026-10-11,,,real_madrid,Real Madrid,Real Madrid,villarreal,Villarreal CF,Villarreal CF,scheduled,0.0,0.0,,,1.0,1.0,1.0,1.0,55.0,56.0,0.0,0.0,2.4,0.8,0.0,1.8,0.8,1.0,4.6,3.6,2.0,1.6,0.9,0.7000000000000001,2.6,0.8,2.2,0.8,7.6,3.0,1.0,2.0,0.0,2.0,2.0,1.0,0.2,0.4,1.8,1.6,0.19999999999999996,4.0,5.6,1.5,1.9,1.3,0.5999999999999999,1.2,0.2,1.0,1.2,3.4,1.0,0.0,1.0,1.0,0.0,12.0,1648.3965579081134,1576.0674602752981,72.32909763281532,0.6817330187669984,2.0,1.0,2.0,1.4,0.5,0.8,0.5999999999999996,1.4000000000000001,-1.0,10.0
laliga_102328,2026/27,8,2026-10-11,,,real_sociedad,Real Sociedad,Real Sociedad,deportivo,RC Deportivo,RC Deportivo,scheduled,0.0,1.0,,2.0,1.0,1.0,1.0,1.0,55.0,56.0,0.0,1.0,0.6,0.0,0.6,1.4,2.0,-0.6000000000000001,3.4,6.0,0.8,1.5,1.8,-0.30000000000000004,1.0,0.2,2.0,2.0,4.4,0.0,0.0,0.0,2.0,-2.0,20.0,2.0,0.6,0.2,1.2,0.6,0.6,4.6,2.2,1.9,1.4,0.8,0.5999999999999999,1.8,0.4,1.2,0.6,4.0,1.0,0.0,0.0,0.0,0.0,14.0,1485.009899854388,1454.018319934787,30.99157991960101,0.6280334827684717,-1.0,0.0,-2.0,-1.4,-1.0999999999999999,-1.2000000000000002,-1.1999999999999997,-0.8,-1.0,-6.0
laliga_102329,2026/27,9,2026-10-18,,,betis,Real Betis,Real Betis,barcelona,FC Barcelona,FC Barcelona,scheduled,0.0,0.0,,,1.0,1.0,1.0,1.0,62.0,63.0,0.0,0.0,1.6,0.4,0.4,1.6,1.6,0.0,5.4,5.6,1.7,1.6,1.2,0.40000000000000013,2.2,0.6,1.6,0.6,6.0,1.0,0.0,1.0,1.0,0.0,10.0,1.8,0.6,0.0,1.6,1.2,0.40000000000000013,5.4,3.0,2.4,1.9,0.9,0.9999999999999999,1.8,0.6,1.4,1.2,4.0,3.0,1.0,2.0,1.0,1.0,3.0,1555.7914399878646,1674.1910013311833,-118.39956134331874,0.41673893814732194,-2.0,-1.0,-1.0,-0.19999999999999996,-0.7,-0.40000000000000013,0.0,0.40000000000000013,-1.0,-7.0
laliga_102330,2026/27,9,2026-10-18,,,celta,RC Celta,RC Celta,alaves,Deportivo Alavés,Deportivo Alavés,scheduled,0.0,0.0,,,1.0,1.0,1.0,1.0,63.0,64.0,0.0,0.0,1.6,0.4,0.4,1.2,1.0,0.19999999999999996,3.0,4.8,1.4,1.3,1.4,-0.09999999999999987,1.4,0.4,1.4,1.6,4.4,1.0,0.0,1.0,1.0,0.0,8.0,2.0,0.6,0.2,1.0,0.6,0.4,4.6,2.8,1.5,1.5,1.5,0.0,1.6,0.4,2.0,1.8,3.6,3.0,1.0,1.0,0.0,1.0,5.0,1517.6410813362293,1489.7769840697529,27.864097266476392,0.623818190342538,-2.0,-1.0,-1.0,-0.3999999999999999,-0.10000000000000009,-0.20000000000000007,-1.5999999999999996,-0.20000000000000018,-1.0,-3.0
laliga_102331,2026/27,9,2026-10-18,,,deportivo,RC Deportivo,RC Deportivo,levante,Levante UD,Levante UD,scheduled,1.0,0.0,2.0,,1.0,1.0,1.0,1.0,63.0,63.0,1.0,0.0,2.0,0.6,0.2,1.2,0.6,0.6,4.6,2.2,1.9,1.4,0.8,0.5999999999999999,2.0,0.6,1.6,1.0,4.4,1.0,0.0,0.0,0.0,0.0,14.0,2.4,0.8,0.0,2.2,1.4,0.8000000000000003,6.6,4.6,1.9,1.5,1.4,0.10000000000000009,1.4,0.4,1.4,2.0,5.0,3.0,1.0,2.0,1.0,1.0,4.0,1454.018319934787,1495.6660200246226,-41.64770008983555,0.5263865461046812,-2.0,-1.0,-1.0,-0.3999999999999999,0.0,-0.2000000000000003,-2.0,0.6000000000000001,0.0,-10.0
laliga_102332,2026/27,9,2026-10-18,,,espanyol,RCD Espanyol,RCD Espanyol de Barcelona,atletico_madrid,Atlético de Madrid,Atlético de Madrid,scheduled,0.0,0.0,,,1.0,1.0,1.0,1.0,63.0,64.0,0.0,0.0,1.4,0.4,0.2,1.4,1.2,0.19999999999999996,4.8,5.4,0.9,0.8,1.3,-0.5,1.0,0.2,0.8,1.0,4.4,0.0,0.0,1.0,2.0,-1.0,16.0,1.8,0.6,0.0,1.2,1.4,-0.19999999999999996,4.4,5.4,1.5,1.5,1.6,-0.10000000000000009,1.2,0.4,1.6,2.2,3.6,3.0,1.0,2.0,0.0,2.0,1.0,1458.4914947689454,1577.3708957161211,-118.87940094717578,0.41606769678869987,-3.0,-1.0,-3.0,-0.40000000000000013,-0.6,0.3999999999999999,0.39999999999999947,-0.19999999999999996,-1.0,-15.0
laliga_102333,2026/27,9,2026-10-18,,,getafe,Getafe CF,Getafe CF,vallecano,Rayo Vallecano,Rayo Vallecano,scheduled,0.0,0.0,,,1.0,1.0,1.0,1.0,64.0,62.0,0.0,0.0,1.4,0.4,0.2,0.8,0.6,0.20000000000000007,2.6,3.6,1.3,0.7,0.8,-0.10000000000000009,1.8,0.6,1.2,1.0,3.2,0.0,0.0,0.0,1.0,-1.0,17.0,1.6,0.4,0.4,1.2,0.8,0.3999999999999999,4.8,5.2,1.8,1.3,1.0,0.30000000000000004,1.4,0.4,1.0,1.2,4.2,0.0,0.0,0.0,1.0,-1.0,18.0,1484.1941859972617,1509.2179749726135,-25.023788975351863,0.5501654630193713,0.0,0.0,0.0,-0.20000000000000018,-0.5,-0.19999999999999984,-2.1999999999999997,0.40000000000000013,2.0,1.0
laliga_102334,2026/27,9,2026-10-18,,,malaga,Málaga CF,Málaga CF,real_sociedad,Real Sociedad,Real Sociedad,scheduled,1.0,0.0,4.0,,1.0,1.0,1.0,1.0,64.0,62.0,1.0,0.0,2.0,0.6,0.2,1.8,1.0,0.8,6.0,4.8,1.7,2.0,1.4,0.6000000000000001,1.6,0.4,1.4,1.0,6.2,0.0,0.0,0.0,2.0,-2.0,19.0,0.6,0.0,0.6,1.4,2.0,-0.6000000000000001,3.4,6.0,0.8,1.5,1.8,-0.30000000000000004,0.6,0.0,1.0,1.6,3.2,0.0,0.0,0.0,2.0,-2.0,20.0,1444.6929235788177,1485.009899854388,-40.31697627557037,0.5282958828929187,0.0,0.0,0.0,1.4,0.8999999999999999,1.4000000000000001,2.6,1.0,2.0,1.0
laliga_102335,2026/27,9,2026-10-18,,,osasuna,CA Osasuna,CA Osasuna,racing_santander,Racing de Santander,R. Racing Club,scheduled,0.0,1.0,,1.0,1.0,1.0,1.0,1.0,63.0,63.0,0.0,1.0,0.2,0.0,0.2,1.0,1.8,-0.8,4.8,5.0,0.6,1.1,1.6,-0.5,0.8,0.2,1.2,1.6,5.6,1.0,0.0,1.0,1.0,0.0,7.0,2.2,0.6,0.4,2.4,1.0,1.4,6.6,3.8,2.1,2.6,1.5,1.1,1.6,0.4,1.6,1.8,6.4,1.0,0.0,1.0,1.0,0.0,9.0,1475.1776147281585,1472.0458122501277,3.1318024780307496,0.5898670672014581,0.0,0.0,0.0,-2.0,-1.5,-2.2,-1.7999999999999998,-0.8,0.0,2.0
laliga_102336,2026/27,9,2026-10-18,,,real_madrid,Real Madrid,Real Madrid,sevilla,Sevilla FC,Sevilla FC,scheduled,0.0,0.0,,,1.0,1.0,1.0,1.0,62.0,62.0,0.0,0.0,2.4,0.8,0.0,1.8,0.8,1.0,4.6,3.6,2.0,1.6,0.9,0.7000000000000001,2.6,0.8,2.2,0.8,7.6,3.0,1.0,2.0,0.0,2.0,2.0,1.8,0.6,0.0,1.2,1.0,0.19999999999999996,4.8,3.0,1.5,1.0,1.1,-0.10000000000000009,0.6,0.2,0.8,1.6,1.8,3.0,1.0,1.0,0.0,1.0,6.0,1648.3965579081134,1476.9765509889498,171.4200069191636,0.7911978062802026,0.0,0.0,1.0,0.5999999999999999,0.5,0.8,-0.20000000000000018,2.0,0.0,4.0
laliga_102337,2026/27,9,2026-10-18,,,valencia,Valencia CF,Valencia CF,athletic_bilbao,Athletic Club,Athletic Club,scheduled,0.0,0.0,,,1.0,1.0,1.0,1.0,62.0,63.0,0.0,0.0,2.2,0.6,0.4,2.0,1.2,0.8,4.4,3.6,1.5,1.5,1.4,0.10000000000000009,1.6,0.4,1.4,1.2,3.2,1.0,0.0,1.0,1.0,0.0,11.0,0.2,0.0,0.2,0.8,2.0,-1.2,4.4,5.0,0.7,1.2,1.9,-0.7,0.6,0.2,1.8,2.6,3.4,0.0,0.0,1.0,2.0,-1.0,15.0,1512.288071947149,1491.6715194353978,20.61655251175125,0.6139783426979978,1.0,0.0,1.0,2.0,0.8,2.0,0.0,1.0,-1.0,4.0
laliga_102338,2026/27,9,2026-10-18,,,villarreal,Villarreal CF,Villarreal CF,elche,Elche CF,Elche CF,scheduled,0.0,0.0,,,1.0,1.0,1.0,1.0,63.0,63.0,0.0,0.0,1.0,0.2,0.4,1.8,1.6,0.19999999999999996,4.0,5.6,1.5,1.9,1.3,0.5999999999999999,2.4,0.8,3.4,1.4,6.8,1.0,0.0,1.0,1.0,0.0,12.0,1.2,0.2,0.6,0.8,0.8,0.0,2.6,4.0,1.5,1.1,1.1,0.0,1.0,0.2,1.0,1.4,2.6,1.0,0.0,0.0,0.0,0.0,13.0,1576.0674602752981,1476.5295389929652,99.53792128233295,0.7147107012201717,0.0,0.0,0.0,-0.19999999999999996,0.0,0.19999999999999996,1.4,1.4,0.0,1.0
laliga_102339,2026/27,10,2026-10-25,,,alaves,Deportivo Alavés,Deportivo Alavés,malaga,Málaga CF,Málaga CF,scheduled,0.0,1.0,,4.0,1.0,1.0,1.0,1.0,71.0,71.0,0.0,1.0,2.0,0.6,0.2,1.0,0.6,0.4,4.6,2.8,1.5,1.5,1.5,0.0,1.8,0.6,1.4,1.4,5.2,3.0,1.0,1.0,0.0,1.0,5.0,2.0,0.6,0.2,1.8,1.0,0.8,6.0,4.8,1.7,2.0,1.4,0.6000000000000001,1.8,0.6,2.4,1.6,5.8,0.0,0.0,0.0,2.0,-2.0,19.0,1489.7769840697529,1444.6929235788177,45.084060490935144,0.6467793979042928,3.0,1.0,3.0,0.0,-0.19999999999999996,-0.4,-1.4000000000000004,0.0,0.0,14.0
laliga_102340,2026/27,10,2026-10-25,,,athletic_bilbao,Athletic Club,Athletic Club,getafe,Getafe CF,Getafe CF,scheduled,0.0,0.0,,,1.0,1.0,1.0,1.0,70.0,71.0,0.0,0.0,0.2,0.0,0.2,0.8,2.0,-1.2,4.4,5.0,0.7,1.2,1.9,-0.7,1.4,0.4,1.0,1.0,5.4,0.0,0.0,1.0,2.0,-1.0,15.0,1.4,0.4,0.2,0.8,0.6,0.20000000000000007,2.6,3.6,1.3,0.7,0.8,-0.10000000000000009,0.8,0.2,0.2,0.6,1.4,0.0,0.0,0.0,1.0,-1.0,17.0,1491.6715194353978,1484.1941859972617,7.4773334381361565,0.5959048785561372,0.0,0.0,0.0,-1.2,-0.6000000000000001,-1.4,1.8000000000000003,0.5999999999999999,-1.0,2.0
laliga_102341,2026/27,10,2026-10-25,,,atletico_madrid,Atlético de Madrid,Atlético de Madrid,deportivo,RC Deportivo,RC Deportivo,scheduled,0.0,1.0,,2.0,1.0,1.0,1.0,1.0,71.0,70.0,0.0,1.0,1.8,0.6,0.0,1.2,1.4,-0.19999999999999996,4.4,5.4,1.5,1.5,1.6,-0.10000000000000009,1.8,0.6,1.4,1.0,4.0,3.0,1.0,2.0,0.0,2.0,1.0,2.0,0.6,0.2,1.2,0.6,0.6,4.6,2.2,1.9,1.4,0.8,0.5999999999999999,1.8,0.4,1.2,0.6,4.0,1.0,0.0,0.0,0.0,0.0,14.0,1577.3708957161211,1454.018319934787,123.35257578133405,0.74182242454689,2.0,1.0,2.0,-0.19999999999999996,-0.3999999999999999,-0.7999999999999999,-0.1999999999999993,0.0,1.0,13.0
laliga_102342,2026/27,10,2026-10-25,,,celta,RC Celta,RC Celta,betis,Real Betis,Real Betis,scheduled,0.0,0.0,,,1.0,1.0,1.0,1.0,70.0,69.0,0.0,0.0,1.6,0.4,0.4,1.2,1.0,0.19999999999999996,3.0,4.8,1.4,1.3,1.4,-0.09999999999999987,1.4,0.4,1.4,1.6,4.4,1.0,0.0,1.0,1.0,0.0,8.0,1.6,0.4,0.4,1.6,1.6,0.0,5.4,5.6,1.7,1.6,1.2,0.40000000000000013,1.2,0.2,1.6,1.8,3.6,1.0,0.0,1.0,1.0,0.0,10.0,1517.6410813362293,1555.7914399878646,-38.150358651635315,0.5314027737385341,0.0,0.0,0.0,0.0,-0.30000000000000004,0.19999999999999996,-2.4000000000000004,0.19999999999999996,1.0,2.0
laliga_102343,2026/27,10,2026-10-25,,,barcelona,FC Barcelona,FC Barcelona,real_madrid,Real Madrid,Real Madrid,scheduled,0.0,0.0,,,1.0,1.0,1.0,1.0,70.0,69.0,0.0,0.0,1.8,0.6,0.0,1.6,1.2,0.40000000000000013,5.4,3.0,2.4,1.9,0.9,0.9999999999999999,3.0,1.0,2.4,0.6,7.2,3.0,1.0,2.0,1.0,1.0,3.0,2.4,0.8,0.0,1.8,0.8,1.0,4.6,3.6,2.0,1.6,0.9,0.7000000000000001,1.4,0.4,1.0,1.0,4.2,3.0,1.0,2.0,0.0,2.0,2.0,1674.1910013311833,1648.3965579081134,25.79444342306988,0.6210182729523769,0.0,0.0,-1.0,-0.5999999999999999,0.3999999999999999,-0.5999999999999999,0.8000000000000007,1.6,1.0,-1.0
laliga_102344,2026/27,10,2026-10-25,,,racing_santander,Racing de Santander,R. Racing Club,espanyol,RCD Espanyol,RCD Espanyol de Barcelona,scheduled,1.0,0.0,1.0,,1.0,1.0,1.0,1.0,70.0,70.0,1.0,0.0,2.2,0.6,0.4,2.4,1.0,1.4,6.6,3.8,2.1,2.6,1.5,1.1,2.6,0.8,3.6,1.2,9.6,1.0,0.0,1.0,1.0,0.0,9.0,1.4,0.4,0.2,1.4,1.2,0.19999999999999996,4.8,5.4,0.9,0.8,1.3,-0.5,0.8,0.2,0.8,1.6,3.0,0.0,0.0,1.0,2.0,-1.0,16.0,1472.0458122501277,1458.4914947689454,13.554317481182352,0.6042995868978303,1.0,0.0,1.0,0.8000000000000003,1.2000000000000002,1.2,1.7999999999999998,1.8,0.0,7.0
laliga_102345,2026/27,10,2026-10-25,,,vallecano,Rayo Vallecano,Rayo Vallecano,elche,Elche CF,Elche CF,scheduled,0.0,0.0,,,1.0,1.0,1.0,1.0,69.0,70.0,0.0,0.0,1.6,0.4,0.4,1.2,0.8,0.3999999999999999,4.8,5.2,1.8,1.3,1.0,0.30000000000000004,2.2,0.6,1.6,0.8,6.4,0.0,0.0,0.0,1.0,-1.0,18.0,1.2,0.2,0.6,0.8,0.8,0.0,2.6,4.0,1.5,1.1,1.1,0.0,1.0,0.2,1.0,1.4,2.6,1.0,0.0,0.0,0.0,0.0,13.0,1509.2179749726135,1476.5295389929652,32.688435979648375,0.6303124658565575,-1.0,0.0,-1.0,0.40000000000000013,0.30000000000000004,0.3999999999999999,2.1999999999999997,1.2000000000000002,-1.0,-5.0
laliga_102346,2026/27,10,2026-10-25,,,real_sociedad,Real Sociedad,Real Sociedad,levante,Levante UD,Levante UD,scheduled,0.0,0.0,,,1.0,1.0,1.0,1.0,69.0,70.0,0.0,0.0,0.6,0.0,0.6,1.4,2.0,-0.6000000000000001,3.4,6.0,0.8,1.5,1.8,-0.30000000000000004,1.0,0.2,2.0,2.0,4.4,0.0,0.0,0.0,2.0,-2.0,20.0,2.4,0.8,0.0,2.2,1.4,0.8000000000000003,6.6,4.6,1.9,1.5,1.4,0.10000000000000009,1.4,0.4,1.4,2.0,5.0,3.0,1.0,2.0,1.0,1.0,4.0,1485.009899854388,1495.6660200246226,-10.656120170234544,0.5705379246631462,-3.0,-1.0,-3.0,-1.7999999999999998,-1.0999999999999999,-1.4000000000000004,-3.1999999999999997,-0.3999999999999999,-1.0,-16.0
laliga_102347,2026/27,10,2026-10-25,,,sevilla,Sevilla FC,Sevilla FC,osasuna,CA Osasuna,CA Osasuna,scheduled,0.0,0.0,,,1.0,1.0,1.0,1.0,69.0,70.0,0.0,0.0,1.8,0.6,0.0,1.2,1.0,0.19999999999999996,4.8,3.0,1.5,1.0,1.1,-0.10000000000000009,2.4,0.8,1.2,0.6,4.8,3.0,1.0,1.0,0.0,1.0,6.0,0.2,0.0,0.2,1.0,1.8,-0.8,4.8,5.0,0.6,1.1,1.6,-0.5,0.4,0.0,1.0,1.6,3.8,1.0,0.0,1.0,1.0,0.0,7.0,1476.9765509889498,1475.1776147281585,1.798936260791379,0.5880096114595219,2.0,1.0,1.0,1.6,0.9,1.0,0.0,2.0,-1.0,1.0
laliga_102348,2026/27,10,2026-10-25,,,valencia,Valencia CF,Valencia CF,villarreal,Villarreal CF,Villarreal CF,scheduled,0.0,0.0,,,1.0,1.0,1.0,1.0,69.0,70.0,0.0,0.0,2.2,0.6,0.4,2.0,1.2,0.8,4.4,3.6,1.5,1.5,1.4,0.10000000000000009,1.6,0.4,1.4,1.2,3.2,1.0,0.0,1.0,1.0,0.0,11.0,1.0,0.2,0.4,1.8,1.6,0.19999999999999996,4.0,5.6,1.5,1.9,1.3,0.5999999999999999,1.2,0.2,1.0,1.2,3.4,1.0,0.0,1.0,1.0,0.0,12.0,1512.288071947149,1576.0674602752981,-63.779388328149025,0.49456123750537445,0.0,0.0,0.0,1.2000000000000002,0.0,0.6000000000000001,0.40000000000000036,0.40000000000000013,-1.0,1.0
laliga_102349,2026/27,11,2026-11-01,,,athletic_bilbao,Athletic Club,Athletic Club,real_sociedad,Real Sociedad,Real Sociedad,scheduled,0.0,0.0,,,1.0,1.0,1.0,1.0,77.0,76.0,0.0,0.0,0.2,0.0,0.2,0.8,2.0,-1.2,4.4,5.0,0.7,1.2,1.9,-0.7,1.4,0.4,1.0,1.0,5.4,0.0,0.0,1.0,2.0,-1.0,15.0,0.6,0.0,0.6,1.4,2.0,-0.6000000000000001,3.4,6.0,0.8,1.5,1.8,-0.30000000000000004,0.6,0.0,1.0,1.6,3.2,0.0,0.0,0.0,2.0,-2.0,20.0,1491.6715194353978,1485.009899854388,6.661619581009745,0.5947736537793853,0.0,0.0,1.0,-0.39999999999999997,-0.10000000000000009,-0.5999999999999999,1.0000000000000004,0.7999999999999999,1.0,5.0
laliga_102350,2026/27,11,2026-11-01,,,betis,Real Betis,Real Betis,malaga,Málaga CF,Málaga CF,scheduled,0.0,1.0,,4.0,1.0,1.0,1.0,1.0,76.0,78.0,0.0,1.0,1.6,0.4,0.4,1.6,1.6,0.0,5.4,5.6,1.7,1.6,1.2,0.40000000000000013,2.2,0.6,1.6,0.6,6.0,1.0,0.0,1.0,1.0,0.0,10.0,2.0,0.6,0.2,1.8,1.0,0.8,6.0,4.8,1.7,2.0,1.4,0.6000000000000001,1.8,0.6,2.4,1.6,5.8,0.0,0.0,0.0,2.0,-2.0,19.0,1555.7914399878646,1444.6929235788177,111.09851640904685,0.7280838024592371,1.0,0.0,2.0,-0.3999999999999999,0.0,-0.8,-0.5999999999999996,0.40000000000000013,-2.0,9.0
laliga_102351,2026/27,11,2026-11-01,,,deportivo,RC Deportivo,RC Deportivo,osasuna,CA Osasuna,CA Osasuna,scheduled,1.0,0.0,2.0,,1.0,1.0,1.0,1.0,77.0,77.0,1.0,0.0,2.0,0.6,0.2,1.2,0.6,0.6,4.6,2.2,1.9,1.4,0.8,0.5999999999999999,2.0,0.6,1.6,1.0,4.4,1.0,0.0,0.0,0.0,0.0,14.0,0.2,0.0,0.2,1.0,1.8,-0.8,4.8,5.0,0.6,1.1,1.6,-0.5,0.4,0.0,1.0,1.6,3.8,1.0,0.0,1.0,1.0,0.0,7.0,1454.018319934787,1475.1776147281585,-21.159294793371373,0.5556645703393215,0.0,0.0,0.0,1.8,1.2999999999999998,1.4,-0.20000000000000018,1.6,0.0,-7.0
laliga_102352,2026/27,11,2026-11-01,,,elche,Elche CF,Elche CF,valencia,Valencia CF,Valencia CF,scheduled,0.0,0.0,,,1.0,1.0,1.0,1.0,77.0,76.0,0.0,0.0,1.2,0.2,0.6,0.8,0.8,0.0,2.6,4.0,1.5,1.1,1.1,0.0,2.6,0.8,1.6,0.8,4.0,1.0,0.0,0.0,0.0,0.0,13.0,2.2,0.6,0.4,2.0,1.2,0.8,4.4,3.6,1.5,1.5,1.4,0.10000000000000009,2.0,0.6,1.6,1.0,4.8,1.0,0.0,1.0,1.0,0.0,11.0,1476.5295389929652,1512.288071947149,-35.75853295418392,0.5348297742039533,0.0,0.0,0.0,-1.0000000000000002,0.0,-0.8,-1.8000000000000003,0.6000000000000001,1.0,-2.0
laliga_102353,2026/27,11,2026-11-01,,,barcelona,FC Barcelona,FC Barcelona,alaves,Deportivo Alavés,Deportivo Alavés,scheduled,0.0,0.0,,,1.0,1.0,1.0,1.0,77.0,78.0,0.0,0.0,1.8,0.6,0.0,1.6,1.2,0.40000000000000013,5.4,3.0,2.4,1.9,0.9,0.9999999999999999,3.0,1.0,2.4,0.6,7.2,3.0,1.0,2.0,1.0,1.0,3.0,2.0,0.6,0.2,1.0,0.6,0.4,4.6,2.8,1.5,1.5,1.5,0.0,1.6,0.4,2.0,1.8,3.6,3.0,1.0,1.0,0.0,1.0,5.0,1674.1910013311833,1489.7769840697529,184.41401726143044,0.8032860417139596,0.0,0.0,0.0,-0.19999999999999996,0.8999999999999999,1.1102230246251565e-16,0.8000000000000007,1.4,-1.0,2.0
laliga_102354,2026/27,11,2026-11-01,,,getafe,Getafe CF,Getafe CF,sevilla,Sevilla FC,Sevilla FC,scheduled,0.0,0.0,,,1.0,1.0,1.0,1.0,78.0,76.0,0.0,0.0,1.4,0.4,0.2,0.8,0.6,0.20000000000000007,2.6,3.6,1.3,0.7,0.8,-0.10000000000000009,1.8,0.6,1.2,1.0,3.2,0.0,0.0,0.0,1.0,-1.0,17.0,1.8,0.6,0.0,1.2,1.0,0.19999999999999996,4.8,3.0,1.5,1.0,1.1,-0.10000000000000009,0.6,0.2,0.8,1.6,1.8,3.0,1.0,1.0,0.0,1.0,6.0,1484.1941859972617,1476.9765509889498,7.217635008311845,0.5955448410383415,-3.0,-1.0,-2.0,-0.40000000000000013,-0.19999999999999996,1.1102230246251565e-16,-2.1999999999999997,1.2000000000000002,2.0,-11.0
laliga_102355,2026/27,11,2026-11-01,,,levante,Levante UD,Levante UD,atletico_madrid,Atlético de Madrid,Atlético de Madrid,scheduled,0.0,0.0,,,1.0,1.0,1.0,1.0,77.0,78.0,0.0,0.0,2.4,0.8,0.0,2.2,1.4,0.8000000000000003,6.6,4.6,1.9,1.5,1.4,0.10000000000000009,3.0,1.0,2.4,0.8,6.0,3.0,1.0,2.0,1.0,1.0,4.0,1.8,0.6,0.0,1.2,1.4,-0.19999999999999996,4.4,5.4,1.5,1.5,1.6,-0.10000000000000009,1.2,0.4,1.6,2.2,3.6,3.0,1.0,2.0,0.0,2.0,1.0,1495.6660200246226,1577.3708957161211,-81.7048756914985,0.4688047444239915,0.0,0.0,-1.0,0.5999999999999999,0.3999999999999999,1.0000000000000002,2.1999999999999993,1.8,-1.0,-3.0
laliga_102356,2026/27,11,2026-11-01,,,racing_santander,Racing de Santander,R. Racing Club,real_madrid,Real Madrid,Real Madrid,scheduled,1.0,0.0,1.0,,1.0,1.0,1.0,1.0,77.0,76.0,1.0,0.0,2.2,0.6,0.4,2.4,1.0,1.4,6.6,3.8,2.1,2.6,1.5,1.1,2.6,0.8,3.6,1.2,9.6,1.0,0.0,1.0,1.0,0.0,9.0,2.4,0.8,0.0,1.8,0.8,1.0,4.6,3.6,2.0,1.6,0.9,0.7000000000000001,1.4,0.4,1.0,1.0,4.2,3.0,1.0,2.0,0.0,2.0,2.0,1472.0458122501277,1648.3965579081134,-176.35074565798573,0.33854862766718335,-2.0,-1.0,-2.0,-0.19999999999999973,0.10000000000000009,0.3999999999999999,2.0,1.2000000000000002,1.0,-7.0
laliga_102357,2026/27,11,2026-11-01,,,vallecano,Rayo Vallecano,Rayo Vallecano,celta,RC Celta,RC Celta,scheduled,0.0,0.0,,,1.0,1.0,1.0,1.0,76.0,77.0,0.0,0.0,1.6,0.4,0.4,1.2,0.8,0.3999999999999999,4.8,5.2,1.8,1.3,1.0,0.30000000000000004,2.2,0.6,1.6,0.8,6.4,0.0,0.0,0.0,1.0,-1.0,18.0,1.6,0.4,0.4,1.2,1.0,0.19999999999999996,3.0,4.8,1.4,1.3,1.4,-0.09999999999999987,1.4,0.4,1.2,1.2,2.8,1.0,0.0,1.0,1.0,0.0,8.0,1509.2179749726135,1517.6410813362293,-8.423106363615716,0.573684635716836,-1.0,0.0,-1.0,0.0,0.40000000000000013,0.19999999999999996,1.7999999999999998,0.8000000000000003,-1.0,-10.0
laliga_102358,2026/27,11,2026-11-01,,,villarreal,Villarreal CF,Villarreal CF,espanyol,RCD Espanyol,RCD Espanyol de Barcelona,scheduled,0.0,0.0,,,1.0,1.0,1.0,1.0,77.0,77.0,0.0,0.0,1.0,0.2,0.4,1.8,1.6,0.19999999999999996,4.0,5.6,1.5,1.9,1.3,0.5999999999999999,2.4,0.8,3.4,1.4,6.8,1.0,0.0,1.0,1.0,0.0,12.0,1.4,0.4,0.2,1.4,1.2,0.19999999999999996,4.8,5.4,0.9,0.8,1.3,-0.5,0.8,0.2,0.8,1.6,3.0,0.0,0.0,1.0,2.0,-1.0,16.0,1576.0674602752981,1458.4914947689454,117.57596550635276,0.7354027456960449,1.0,0.0,1.0,-0.3999999999999999,0.6,0.0,-0.7999999999999998,1.5999999999999999,0.0,4.0
laliga_102359,2026/27,12,2026-11-08,,,atletico_madrid,Atlético de Madrid,Atlético de Madrid,barcelona,FC Barcelona,FC Barcelona,scheduled,0.0,0.0,,,1.0,1.0,1.0,1.0,85.0,84.0,0.0,0.0,1.8,0.6,0.0,1.2,1.4,-0.19999999999999996,4.4,5.4,1.5,1.5,1.6,-0.10000000000000009,1.8,0.6,1.4,1.0,4.0,3.0,1.0,2.0,0.0,2.0,1.0,1.8,0.6,0.0,1.6,1.2,0.40000000000000013,5.4,3.0,2.4,1.9,0.9,0.9999999999999999,1.8,0.6,1.4,1.2,4.0,3.0,1.0,2.0,1.0,1.0,3.0,1577.3708957161211,1674.1910013311833,-96.82010561506218,0.44720909367575623,0.0,0.0,1.0,0.0,-0.8999999999999999,-0.6000000000000001,-1.0,0.0,1.0,2.0
laliga_102360,2026/27,12,2026-11-08,,,celta,RC Celta,RC Celta,levante,Levante UD,Levante UD,scheduled,0.0,0.0,,,1.0,1.0,1.0,1.0,84.0,84.0,0.0,0.0,1.6,0.4,0.4,1.2,1.0,0.19999999999999996,3.0,4.8,1.4,1.3,1.4,-0.09999999999999987,1.4,0.4,1.4,1.6,4.4,1.0,0.0,1.0,1.0,0.0,8.0,2.4,0.8,0.0,2.2,1.4,0.8000000000000003,6.6,4.6,1.9,1.5,1.4,0.10000000000000009,1.4,0.4,1.4,2.0,5.0,3.0,1.0,2.0,1.0,1.0,4.0,1517.6410813362293,1495.6660200246226,21.975061311606623,0.6158301412328053,-2.0,-1.0,-1.0,-0.7999999999999998,-0.5,-0.6000000000000003,-3.5999999999999996,0.0,0.0,-4.0
laliga_102361,2026/27,12,2026-11-08,,,elche,Elche CF,Elche CF,betis,Real Betis,Real Betis,scheduled,0.0,0.0,,,1.0,1.0,1.0,1.0,84.0,83.0,0.0,0.0,1.2,0.2,0.6,0.8,0.8,0.0,2.6,4.0,1.5,1.1,1.1,0.0,2.6,0.8,1.6,0.8,4.0,1.0,0.0,0.0,0.0,0.0,13.0,1.6,0.4,0.4,1.6,1.6,0.0,5.4,5.6,1.7,1.6,1.2,0.40000000000000013,1.2,0.2,1.6,1.8,3.6,1.0,0.0,1.0,1.0,0.0,10.0,1476.5295389929652,1555.7914399878646,-79.2619009948994,0.4723082616421433,0.0,0.0,0.0,-0.40000000000000013,-0.19999999999999996,0.0,-2.8000000000000003,1.4000000000000001,1.0,-3.0
laliga_102362,2026/27,12,2026-11-08,,,espanyol,RCD Espanyol,RCD Espanyol de Barcelona,deportivo,RC Deportivo,RC Deportivo,scheduled,0.0,1.0,,2.0,1.0,1.0,1.0,1.0,84.0,84.0,0.0,1.0,1.4,0.4,0.2,1.4,1.2,0.19999999999999996,4.8,5.4,0.9,0.8,1.3,-0.5,1.0,0.2,0.8,1.0,4.4,0.0,0.0,1.0,2.0,-1.0,16.0,2.0,0.6,0.2,1.2,0.6,0.6,4.6,2.2,1.9,1.4,0.8,0.5999999999999999,1.8,0.4,1.2,0.6,4.0,1.0,0.0,0.0,0.0,0.0,14.0,1458.4914947689454,1454.018319934787,4.4731748341582716,0.5917337925628765,-1.0,0.0,-1.0,-0.6000000000000001,-0.9999999999999999,-0.4,0.20000000000000018,-0.8,0.0,-2.0
laliga_102363,2026/27,12,2026-11-08,,,malaga,Málaga CF,Málaga CF,racing_santander,Racing de Santander,R. Racing Club,scheduled,1.0,1.0,4.0,1.0,1.0,1.0,1.0,1.0,85.0,84.0,1.0,1.0,2.0,0.6,0.2,1.8,1.0,0.8,6.0,4.8,1.7,2.0,1.4,0.6000000000000001,1.6,0.4,1.4,1.0,6.2,0.0,0.0,0.0,2.0,-2.0,19.0,2.2,0.6,0.4,2.4,1.0,1.4,6.6,3.8,2.1,2.6,1.5,1.1,1.6,0.4,1.6,1.8,6.4,1.0,0.0,1.0,1.0,0.0,9.0,1444.6929235788177,1472.0458122501277,-27.352888671309984,0.5468451763226835,-1.0,0.0,-2.0,-0.20000000000000018,-0.40000000000000013,-0.5999999999999999,-0.5999999999999996,0.0,1.0,-10.0
laliga_102364,2026/27,12,2026-11-08,,,osasuna,CA Osasuna,CA Osasuna,athletic_bilbao,Athletic Club,Athletic Club,scheduled,0.0,0.0,,,1.0,1.0,1.0,1.0,84.0,84.0,0.0,0.0,0.2,0.0,0.2,1.0,1.8,-0.8,4.8,5.0,0.6,1.1,1.6,-0.5,0.8,0.2,1.2,1.6,5.6,1.0,0.0,1.0,1.0,0.0,7.0,0.2,0.0,0.2,0.8,2.0,-1.2,4.4,5.0,0.7,1.2,1.9,-0.7,0.6,0.2,1.8,2.6,3.4,0.0,0.0,1.0,2.0,-1.0,15.0,1475.1776147281585,1491.6715194353978,-16.49390470723938,0.5622850962468098,1.0,0.0,1.0,0.0,-0.09999999999999998,0.3999999999999999,0.39999999999999947,0.20000000000000007,0.0,8.0
laliga_102365,2026/27,12,2026-11-08,,,real_sociedad,Real Sociedad,Real Sociedad,vallecano,Rayo Vallecano,Rayo Vallecano,scheduled,0.0,0.0,,,1.0,1.0,1.0,1.0,83.0,83.0,0.0,0.0,0.6,0.0,0.6,1.4,2.0,-0.6000000000000001,3.4,6.0,0.8,1.5,1.8,-0.30000000000000004,1.0,0.2,2.0,2.0,4.4,0.0,0.0,0.0,2.0,-2.0,20.0,1.6,0.4,0.4,1.2,0.8,0.3999999999999999,4.8,5.2,1.8,1.3,1.0,0.30000000000000004,1.4,0.4,1.0,1.2,4.2,0.0,0.0,0.0,1.0,-1.0,18.0,1485.009899854388,1509.2179749726135,-24.20807511822545,0.5513272769246405,0.0,0.0,-1.0,-1.0,-1.0,-1.0,-1.4,-0.3999999999999999,0.0,-2.0
laliga_102366,2026/27,12,2026-11-08,,,sevilla,Sevilla FC,Sevilla FC,alaves,Deportivo Alavés,Deportivo Alavés,scheduled,0.0,0.0,,,1.0,1.0,1.0,1.0,83.0,85.0,0.0,0.0,1.8,0.6,0.0,1.2,1.0,0.19999999999999996,4.8,3.0,1.5,1.0,1.1,-0.10000000000000009,2.4,0.8,1.2,0.6,4.8,3.0,1.0,1.0,0.0,1.0,6.0,2.0,0.6,0.2,1.0,0.6,0.4,4.6,2.8,1.5,1.5,1.5,0.0,1.6,0.4,2.0,1.8,3.6,3.0,1.0,1.0,0.0,1.0,5.0,1476.9765509889498,1489.7769840697529,-12.800433080803032,0.5675108301673613,0.0,0.0,0.0,-0.19999999999999996,0.0,-0.20000000000000007,0.20000000000000018,0.7999999999999998,-2.0,-1.0
laliga_102367,2026/27,12,2026-11-08,,,valencia,Valencia CF,Valencia CF,real_madrid,Real Madrid,Real Madrid,scheduled,0.0,0.0,,,1.0,1.0,1.0,1.0,83.0,83.0,0.0,0.0,2.2,0.6,0.4,2.0,1.2,0.8,4.4,3.6,1.5,1.5,1.4,0.10000000000000009,1.6,0.4,1.4,1.2,3.2,1.0,0.0,1.0,1.0,0.0,11.0,2.4,0.8,0.0,1.8,0.8,1.0,4.6,3.6,2.0,1.6,0.9,0.7000000000000001,1.4,0.4,1.0,1.0,4.2,3.0,1.0,2.0,0.0,2.0,2.0,1512.288071947149,1648.3965579081134,-136.10848596096434,0.3921900605062427,-2.0,-1.0,-2.0,-0.19999999999999973,-0.5,-0.19999999999999996,-0.1999999999999993,0.20000000000000018,0.0,-9.0
laliga_102368,2026/27,12,2026-11-08,,,villarreal,Villarreal CF,Villarreal CF,getafe,Getafe CF,Getafe CF,scheduled,0.0,0.0,,,1.0,1.0,1.0,1.0,84.0,85.0,0.0,0.0,1.0,0.2,0.4,1.8,1.6,0.19999999999999996,4.0,5.6,1.5,1.9,1.3,0.5999999999999999,2.4,0.8,3.4,1.4,6.8,1.0,0.0,1.0,1.0,0.0,12.0,1.4,0.4,0.2,0.8,0.6,0.20000000000000007,2.6,3.6,1.3,0.7,0.8,-0.10000000000000009,0.8,0.2,0.2,0.6,1.4,0.0,0.0,0.0,1.0,-1.0,17.0,1576.0674602752981,1484.1941859972617,91.87327427803643,0.705629855042015,1.0,0.0,1.0,-0.3999999999999999,0.19999999999999996,-1.1102230246251565e-16,1.4,1.5999999999999999,-1.0,5.0
laliga_102369,2026/27,13,2026-11-22,,,alaves,Deportivo Alavés,Deportivo Alavés,deportivo,RC Deportivo,RC Deportivo,scheduled,0.0,1.0,,2.0,1.0,1.0,1.0,1.0,99.0,98.0,0.0,1.0,2.0,0.6,0.2,1.0,0.6,0.4,4.6,2.8,1.5,1.5,1.5,0.0,1.8,0.6,1.4,1.4,5.2,3.0,1.0,1.0,0.0,1.0,5.0,2.0,0.6,0.2,1.2,0.6,0.6,4.6,2.2,1.9,1.4,0.8,0.5999999999999999,1.8,0.4,1.2,0.6,4.0,1.0,0.0,0.0,0.0,0.0,14.0,1489.7769840697529,1454.018319934787,35.758664134965784,0.6344211873061236,2.0,1.0,1.0,0.0,-0.3999999999999999,-0.19999999999999996,0.0,0.0,1.0,9.0
laliga_102370,2026/27,13,2026-11-22,,,athletic_bilbao,Athletic Club,Athletic Club,espanyol,RCD Espanyol,RCD Espanyol de Barcelona,scheduled,0.0,0.0,,,1.0,1.0,1.0,1.0,98.0,98.0,0.0,0.0,0.2,0.0,0.2,0.8,2.0,-1.2,4.4,5.0,0.7,1.2,1.9,-0.7,1.4,0.4,1.0,1.0,5.4,0.0,0.0,1.0,2.0,-1.0,15.0,1.4,0.4,0.2,1.4,1.2,0.19999999999999996,4.8,5.4,0.9,0.8,1.3,-0.5,0.8,0.2,0.8,1.6,3.0,0.0,0.0,1.0,2.0,-1.0,16.0,1491.6715194353978,1458.4914947689454,33.18002466645248,0.6309716213400547,0.0,0.0,0.0,-1.2,-0.20000000000000007,-1.4,-0.39999999999999947,0.5999999999999999,0.0,1.0
laliga_102371,2026/27,13,2026-11-22,,,barcelona,FC Barcelona,FC Barcelona,villarreal,Villarreal CF,Villarreal CF,scheduled,0.0,0.0,,,1.0,1.0,1.0,1.0,98.0,98.0,0.0,0.0,1.8,0.6,0.0,1.6,1.2,0.40000000000000013,5.4,3.0,2.4,1.9,0.9,0.9999999999999999,3.0,1.0,2.4,0.6,7.2,3.0,1.0,2.0,1.0,1.0,3.0,1.0,0.2,0.4,1.8,1.6,0.19999999999999996,4.0,5.6,1.5,1.9,1.3,0.5999999999999999,1.2,0.2,1.0,1.2,3.4,1.0,0.0,1.0,1.0,0.0,12.0,1674.1910013311833,1576.0674602752981,98.1235410558852,0.713047690275958,2.0,1.0,1.0,0.8,0.8999999999999999,0.20000000000000018,1.4000000000000004,1.8,0.0,9.0
laliga_102372,2026/27,13,2026-11-22,,,getafe,Getafe CF,Getafe CF,atletico_madrid,Atlético de Madrid,Atlético de Madrid,scheduled,0.0,0.0,,,1.0,1.0,1.0,1.0,99.0,99.0,0.0,0.0,1.4,0.4,0.2,0.8,0.6,0.20000000000000007,2.6,3.6,1.3,0.7,0.8,-0.10000000000000009,1.8,0.6,1.2,1.0,3.2,0.0,0.0,0.0,1.0,-1.0,17.0,1.8,0.6,0.0,1.2,1.4,-0.19999999999999996,4.4,5.4,1.5,1.5,1.6,-0.10000000000000009,1.2,0.4,1.6,2.2,3.6,3.0,1.0,2.0,0.0,2.0,1.0,1484.1941859972617,1577.3708957161211,-93.17670971885946,0.45239946887995075,-3.0,-1.0,-3.0,-0.40000000000000013,-0.19999999999999996,0.4,-1.8000000000000003,0.6000000000000001,0.0,-16.0
laliga_102373,2026/27,13,2026-11-22,,,levante,Levante UD,Levante UD,elche,Elche CF,Elche CF,scheduled,0.0,0.0,,,1.0,1.0,1.0,1.0,98.0,98.0,0.0,0.0,2.4,0.8,0.0,2.2,1.4,0.8000000000000003,6.6,4.6,1.9,1.5,1.4,0.10000000000000009,3.0,1.0,2.4,0.8,6.0,3.0,1.0,2.0,1.0,1.0,4.0,1.2,0.2,0.6,0.8,0.8,0.0,2.6,4.0,1.5,1.1,1.1,0.0,1.0,0.2,1.0,1.4,2.6,1.0,0.0,0.0,0.0,0.0,13.0,1495.6660200246226,1476.5295389929652,19.136481031657468,0.6119570815594002,2.0,1.0,1.0,1.2,0.3999999999999999,0.8000000000000003,3.9999999999999996,2.0,0.0,9.0
laliga_102374,2026/27,13,2026-11-22,,,osasuna,CA Osasuna,CA Osasuna,malaga,Málaga CF,Málaga CF,scheduled,0.0,1.0,,4.0,1.0,1.0,1.0,1.0,98.0,99.0,0.0,1.0,0.2,0.0,0.2,1.0,1.8,-0.8,4.8,5.0,0.6,1.1,1.6,-0.5,0.8,0.2,1.2,1.6,5.6,1.0,0.0,1.0,1.0,0.0,7.0,2.0,0.6,0.2,1.8,1.0,0.8,6.0,4.8,1.7,2.0,1.4,0.6000000000000001,1.8,0.6,2.4,1.6,5.8,0.0,0.0,0.0,2.0,-2.0,19.0,1475.1776147281585,1444.6929235788177,30.484691149340733,0.6273515885900847,1.0,0.0,2.0,-1.8,-1.1,-1.6,-1.2000000000000002,-1.0,-1.0,12.0
laliga_102375,2026/27,13,2026-11-22,,,racing_santander,Racing de Santander,R. Racing Club,real_sociedad,Real Sociedad,Real Sociedad,scheduled,1.0,0.0,1.0,,1.0,1.0,1.0,1.0,98.0,97.0,1.0,0.0,2.2,0.6,0.4,2.4,1.0,1.4,6.6,3.8,2.1,2.6,1.5,1.1,2.6,0.8,3.6,1.2,9.6,1.0,0.0,1.0,1.0,0.0,9.0,0.6,0.0,0.6,1.4,2.0,-0.6000000000000001,3.4,6.0,0.8,1.5,1.8,-0.30000000000000004,0.6,0.0,1.0,1.6,3.2,0.0,0.0,0.0,2.0,-2.0,20.0,1472.0458122501277,1485.009899854388,-12.964087604260385,0.5672795913755873,1.0,0.0,2.0,1.6,1.3,2.0,3.1999999999999997,2.0,1.0,11.0
laliga_102376,2026/27,13,2026-11-22,,,vallecano,Rayo Vallecano,Rayo Vallecano,valencia,Valencia CF,Valencia CF,scheduled,0.0,0.0,,,1.0,1.0,1.0,1.0,97.0,97.0,0.0,0.0,1.6,0.4,0.4,1.2,0.8,0.3999999999999999,4.8,5.2,1.8,1.3,1.0,0.30000000000000004,2.2,0.6,1.6,0.8,6.4,0.0,0.0,0.0,1.0,-1.0,18.0,2.2,0.6,0.4,2.0,1.2,0.8,4.4,3.6,1.5,1.5,1.4,0.10000000000000009,2.0,0.6,1.6,1.0,4.8,1.0,0.0,1.0,1.0,0.0,11.0,1509.2179749726135,1512.288071947149,-3.070096974535545,0.5812032646699727,-1.0,0.0,-1.0,-0.6000000000000001,0.30000000000000004,-0.40000000000000013,0.39999999999999947,0.20000000000000018,0.0,-7.0
laliga_102377,2026/27,13,2026-11-22,,,real_madrid,Real Madrid,Real Madrid,celta,RC Celta,RC Celta,scheduled,0.0,0.0,,,1.0,1.0,1.0,1.0,97.0,98.0,0.0,0.0,2.4,0.8,0.0,1.8,0.8,1.0,4.6,3.6,2.0,1.6,0.9,0.7000000000000001,2.6,0.8,2.2,0.8,7.6,3.0,1.0,2.0,0.0,2.0,2.0,1.6,0.4,0.4,1.2,1.0,0.19999999999999996,3.0,4.8,1.4,1.3,1.4,-0.09999999999999987,1.4,0.4,1.2,1.2,2.8,1.0,0.0,1.0,1.0,0.0,8.0,1648.3965579081134,1517.6410813362293,130.75547657188417,0.7498995809155095,2.0,1.0,2.0,0.7999999999999998,0.6000000000000001,0.8,1.5999999999999996,1.2000000000000002,-1.0,6.0
laliga_102378,2026/27,13,2026-11-22,,,sevilla,Sevilla FC,Sevilla FC,betis,Real Betis,Real Betis,scheduled,0.0,0.0,,,1.0,1.0,1.0,1.0,97.0,97.0,0.0,0.0,1.8,0.6,0.0,1.2,1.0,0.19999999999999996,4.8,3.0,1.5,1.0,1.1,-0.10000000000000009,2.4,0.8,1.2,0.6,4.8,3.0,1.0,1.0,0.0,1.0,6.0,1.6,0.4,0.4,1.6,1.6,0.0,5.4,5.6,1.7,1.6,1.2,0.40000000000000013,1.2,0.2,1.6,1.8,3.6,1.0,0.0,1.0,1.0,0.0,10.0,1476.9765509889498,1555.7914399878646,-78.81488899891474,0.47294963574522886,2.0,1.0,1.0,0.19999999999999996,-0.19999999999999996,0.19999999999999996,-0.6000000000000005,1.2,0.0,4.0
laliga_102379,2026/27,14,2026-11-29,,,betis,Real Betis,Real Betis,vallecano,Rayo Vallecano,Rayo Vallecano,scheduled,0.0,0.0,,,1.0,1.0,1.0,1.0,104.0,104.0,0.0,0.0,1.6,0.4,0.4,1.6,1.6,0.0,5.4,5.6,1.7,1.6,1.2,0.40000000000000013,2.2,0.6,1.6,0.6,6.0,1.0,0.0,1.0,1.0,0.0,10.0,1.6,0.4,0.4,1.2,0.8,0.3999999999999999,4.8,5.2,1.8,1.3,1.0,0.30000000000000004,1.4,0.4,1.0,1.2,4.2,0.0,0.0,0.0,1.0,-1.0,18.0,1555.7914399878646,1509.2179749726135,46.57346501525103,0.6487356360454793,1.0,0.0,1.0,0.0,-0.10000000000000009,-0.3999999999999999,0.6000000000000005,0.8000000000000003,0.0,8.0
laliga_102380,2026/27,14,2026-11-29,,,celta,RC Celta,RC Celta,villarreal,Villarreal CF,Villarreal CF,scheduled,0.0,0.0,,,1.0,1.0,1.0,1.0,105.0,105.0,0.0,0.0,1.6,0.4,0.4,1.2,1.0,0.19999999999999996,3.0,4.8,1.4,1.3,1.4,-0.09999999999999987,1.4,0.4,1.4,1.6,4.4,1.0,0.0,1.0,1.0,0.0,8.0,1.0,0.2,0.4,1.8,1.6,0.19999999999999996,4.0,5.6,1.5,1.9,1.3,0.5999999999999999,1.2,0.2,1.0,1.2,3.4,1.0,0.0,1.0,1.0,0.0,12.0,1517.6410813362293,1576.0674602752981,-58.426378939068854,0.5022646072626638,0.0,0.0,0.0,0.6000000000000001,-0.10000000000000009,0.0,-1.0,0.19999999999999996,0.0,4.0
laliga_102381,2026/27,14,2026-11-29,,,deportivo,RC Deportivo,RC Deportivo,barcelona,FC Barcelona,FC Barcelona,scheduled,1.0,0.0,2.0,,1.0,1.0,1.0,1.0,105.0,105.0,1.0,0.0,2.0,0.6,0.2,1.2,0.6,0.6,4.6,2.2,1.9,1.4,0.8,0.5999999999999999,2.0,0.6,1.6,1.0,4.4,1.0,0.0,0.0,0.0,0.0,14.0,1.8,0.6,0.0,1.6,1.2,0.40000000000000013,5.4,3.0,2.4,1.9,0.9,0.9999999999999999,1.8,0.6,1.4,1.2,4.0,3.0,1.0,2.0,1.0,1.0,3.0,1454.018319934787,1674.1910013311833,-220.17268139639623,0.28454484109141276,-2.0,-1.0,-1.0,0.19999999999999996,-0.5,0.19999999999999984,-0.8000000000000007,0.19999999999999996,0.0,-11.0
laliga_102382,2026/27,14,2026-11-29,,,elche,Elche CF,Elche CF,atletico_madrid,Atlético de Madrid,Atlético de Madrid,scheduled,0.0,0.0,,,1.0,1.0,1.0,1.0,105.0,106.0,0.0,0.0,1.2,0.2,0.6,0.8,0.8,0.0,2.6,4.0,1.5,1.1,1.1,0.0,2.6,0.8,1.6,0.8,4.0,1.0,0.0,0.0,0.0,0.0,13.0,1.8,0.6,0.0,1.2,1.4,-0.19999999999999996,4.4,5.4,1.5,1.5,1.6,-0.10000000000000009,1.2,0.4,1.6,2.2,3.6,3.0,1.0,2.0,0.0,2.0,1.0,1476.5295389929652,1577.3708957161211,-100.84135672315597,0.44149379871291455,-2.0,-1.0,-2.0,-0.6000000000000001,0.0,0.19999999999999996,-1.8000000000000003,1.4000000000000001,-1.0,-12.0
laliga_102383,2026/27,14,2026-11-29,,,espanyol,RCD Espanyol,RCD Espanyol de Barcelona,getafe,Getafe CF,Getafe CF,scheduled,0.0,0.0,,,1.0,1.0,1.0,1.0,105.0,106.0,0.0,0.0,1.4,0.4,0.2,1.4,1.2,0.19999999999999996,4.8,5.4,0.9,0.8,1.3,-0.5,1.0,0.2,0.8,1.0,4.4,0.0,0.0,1.0,2.0,-1.0,16.0,1.4,0.4,0.2,0.8,0.6,0.20000000000000007,2.6,3.6,1.3,0.7,0.8,-0.10000000000000009,0.8,0.2,0.2,0.6,1.4,0.0,0.0,0.0,1.0,-1.0,17.0,1458.4914947689454,1484.1941859972617,-25.702691228316326,0.5491980906772874,0.0,0.0,0.0,0.0,-0.4,-1.1102230246251565e-16,2.1999999999999997,0.19999999999999996,-1.0,1.0
laliga_102384,2026/27,14,2026-11-29,,,levante,Levante UD,Levante UD,racing_santander,Racing de Santander,R. Racing Club,scheduled,0.0,1.0,,1.0,1.0,1.0,1.0,1.0,105.0,105.0,0.0,1.0,2.4,0.8,0.0,2.2,1.4,0.8000000000000003,6.6,4.6,1.9,1.5,1.4,0.10000000000000009,3.0,1.0,2.4,0.8,6.0,3.0,1.0,2.0,1.0,1.0,4.0,2.2,0.6,0.4,2.4,1.0,1.4,6.6,3.8,2.1,2.6,1.5,1.1,1.6,0.4,1.6,1.8,6.4,1.0,0.0,1.0,1.0,0.0,9.0,1495.6660200246226,1472.0458122501277,23.62020777449493,0.6180681671916001,2.0,1.0,1.0,0.19999999999999973,-0.20000000000000018,-0.5999999999999996,0.0,1.4,0.0,5.0
laliga_102385,2026/27,14,2026-11-29,,,malaga,Málaga CF,Málaga CF,athletic_bilbao,Athletic Club,Athletic Club,scheduled,1.0,0.0,4.0,,1.0,1.0,1.0,1.0,106.0,105.0,1.0,0.0,2.0,0.6,0.2,1.8,1.0,0.8,6.0,4.8,1.7,2.0,1.4,0.6000000000000001,1.6,0.4,1.4,1.0,6.2,0.0,0.0,0.0,2.0,-2.0,19.0,0.2,0.0,0.2,0.8,2.0,-1.2,4.4,5.0,0.7,1.2,1.9,-0.7,0.6,0.2,1.8,2.6,3.4,0.0,0.0,1.0,2.0,-1.0,15.0,1444.6929235788177,1491.6715194353978,-46.978595856580114,0.5187305378120922,0.0,0.0,-1.0,1.8,1.0,2.0,1.5999999999999996,1.0,1.0,-4.0
laliga_102386,2026/27,14,2026-11-29,,,real_madrid,Real Madrid,Real Madrid,alaves,Deportivo Alavés,Deportivo Alavés,scheduled,0.0,0.0,,,1.0,1.0,1.0,1.0,104.0,106.0,0.0,0.0,2.4,0.8,0.0,1.8,0.8,1.0,4.6,3.6,2.0,1.6,0.9,0.7000000000000001,2.6,0.8,2.2,0.8,7.6,3.0,1.0,2.0,0.0,2.0,2.0,2.0,0.6,0.2,1.0,0.6,0.4,4.6,2.8,1.5,1.5,1.5,0.0,1.6,0.4,2.0,1.8,3.6,3.0,1.0,1.0,0.0,1.0,5.0,1648.3965579081134,1489.7769840697529,158.61957383836057,0.7787635497997631,0.0,0.0,1.0,0.3999999999999999,0.5,0.6,0.0,1.0,-2.0,3.0
laliga_102387,2026/27,14,2026-11-29,,,real_sociedad,Real Sociedad,Real Sociedad,sevilla,Sevilla FC,Sevilla FC,scheduled,0.0,0.0,,,1.0,1.0,1.0,1.0,104.0,104.0,0.0,0.0,0.6,0.0,0.6,1.4,2.0,-0.6000000000000001,3.4,6.0,0.8,1.5,1.8,-0.30000000000000004,1.0,0.2,2.0,2.0,4.4,0.0,0.0,0.0,2.0,-2.0,20.0,1.8,0.6,0.0,1.2,1.0,0.19999999999999996,4.8,3.0,1.5,1.0,1.1,-0.10000000000000009,0.6,0.2,0.8,1.6,1.8,3.0,1.0,1.0,0.0,1.0,6.0,1485.009899854388,1476.9765509889498,8.033348865438256,0.5966753728481454,-3.0,-1.0,-3.0,-1.2000000000000002,-0.7,-0.8,-1.4,0.4,0.0,-14.0
laliga_102388,2026/27,14,2026-11-29,,,valencia,Valencia CF,Valencia CF,osasuna,CA Osasuna,CA Osasuna,scheduled,0.0,0.0,,,1.0,1.0,1.0,1.0,104.0,105.0,0.0,0.0,2.2,0.6,0.4,2.0,1.2,0.8,4.4,3.6,1.5,1.5,1.4,0.10000000000000009,1.6,0.4,1.4,1.2,3.2,1.0,0.0,1.0,1.0,0.0,11.0,0.2,0.0,0.2,1.0,1.8,-0.8,4.8,5.0,0.6,1.1,1.6,-0.5,0.4,0.0,1.0,1.6,3.8,1.0,0.0,1.0,1.0,0.0,7.0,1512.288071947149,1475.1776147281585,37.11045721899063,0.636224073811934,0.0,0.0,0.0,2.0,0.9,1.6,-0.39999999999999947,1.2000000000000002,-1.0,-4.0
laliga_102389,2026/27,15,2026-12-06,,,alaves,Deportivo Alavés,Deportivo Alavés,espanyol,RCD Espanyol,RCD Espanyol de Barcelona,scheduled,0.0,0.0,,,1.0,1.0,1.0,1.0,113.0,112.0,0.0,0.0,2.0,0.6,0.2,1.0,0.6,0.4,4.6,2.8,1.5,1.5,1.5,0.0,1.8,0.6,1.4,1.4,5.2,3.0,1.0,1.0,0.0,1.0,5.0,1.4,0.4,0.2,1.4,1.2,0.19999999999999996,4.8,5.4,0.9,0.8,1.3,-0.5,0.8,0.2,0.8,1.6,3.0,0.0,0.0,1.0,2.0,-1.0,16.0,1489.7769840697529,1458.4914947689454,31.285489300807512,0.6284286324382728,3.0,1.0,2.0,0.6000000000000001,0.6,0.20000000000000007,-0.20000000000000018,1.0,1.0,11.0
laliga_102390,2026/27,15,2026-12-06,,,athletic_bilbao,Athletic Club,Athletic Club,real_madrid,Real Madrid,Real Madrid,scheduled,0.0,0.0,,,1.0,1.0,1.0,1.0,112.0,111.0,0.0,0.0,0.2,0.0,0.2,0.8,2.0,-1.2,4.4,5.0,0.7,1.2,1.9,-0.7,1.4,0.4,1.0,1.0,5.4,0.0,0.0,1.0,2.0,-1.0,15.0,2.4,0.8,0.0,1.8,0.8,1.0,4.6,3.6,2.0,1.6,0.9,0.7000000000000001,1.4,0.4,1.0,1.0,4.2,3.0,1.0,2.0,0.0,2.0,2.0,1491.6715194353978,1648.3965579081134,-156.7250384727156,0.36428957192139366,-3.0,-1.0,-3.0,-2.1999999999999997,-1.3,-2.2,-0.1999999999999993,0.0,1.0,-13.0
laliga_102391,2026/27,15,2026-12-06,,,atletico_madrid,Atlético de Madrid,Atlético de Madrid,betis,Real Betis,Real Betis,scheduled,0.0,0.0,,,1.0,1.0,1.0,1.0,113.0,111.0,0.0,0.0,1.8,0.6,0.0,1.2,1.4,-0.19999999999999996,4.4,5.4,1.5,1.5,1.6,-0.10000000000000009,1.8,0.6,1.4,1.0,4.0,3.0,1.0,2.0,0.0,2.0,1.0,1.6,0.4,0.4,1.6,1.6,0.0,5.4,5.6,1.7,1.6,1.2,0.40000000000000013,1.2,0.2,1.6,1.8,3.6,1.0,0.0,1.0,1.0,0.0,10.0,1577.3708957161211,1555.7914399878646,21.579455728256562,0.615291230635358,2.0,1.0,2.0,0.19999999999999996,-0.19999999999999996,-0.19999999999999996,-1.0,0.6000000000000001,2.0,9.0
laliga_102392,2026/27,15,2026-12-06,,,barcelona,FC Barcelona,FC Barcelona,celta,RC Celta,RC Celta,scheduled,0.0,0.0,,,1.0,1.0,1.0,1.0,112.0,112.0,0.0,0.0,1.8,0.6,0.0,1.6,1.2,0.40000000000000013,5.4,3.0,2.4,1.9,0.9,0.9999999999999999,3.0,1.0,2.4,0.6,7.2,3.0,1.0,2.0,1.0,1.0,3.0,1.6,0.4,0.4,1.2,1.0,0.19999999999999996,3.0,4.8,1.4,1.3,1.4,-0.09999999999999987,1.4,0.4,1.2,1.2,2.8,1.0,0.0,1.0,1.0,0.0,8.0,1674.1910013311833,1517.6410813362293,156.54991999495405,0.7767040805313606,2.0,1.0,1.0,0.19999999999999996,1.0,0.20000000000000018,2.4000000000000004,1.6,0.0,5.0
laliga_102393,2026/27,15,2026-12-06,,,getafe,Getafe CF,Getafe CF,valencia,Valencia CF,Valencia CF,scheduled,0.0,0.0,,,1.0,1.0,1.0,1.0,113.0,111.0,0.0,0.0,1.4,0.4,0.2,0.8,0.6,0.20000000000000007,2.6,3.6,1.3,0.7,0.8,-0.10000000000000009,1.8,0.6,1.2,1.0,3.2,0.0,0.0,0.0,1.0,-1.0,17.0,2.2,0.6,0.4,2.0,1.2,0.8,4.4,3.6,1.5,1.5,1.4,0.10000000000000009,2.0,0.6,1.6,1.0,4.8,1.0,0.0,1.0,1.0,0.0,11.0,1484.1941859972617,1512.288071947149,-28.093885949887408,0.5457879464311736,-1.0,0.0,-1.0,-0.8000000000000003,-0.19999999999999996,-0.6,-1.8000000000000003,-0.19999999999999996,2.0,-6.0
laliga_102394,2026/27,15,2026-12-06,,,osasuna,CA Osasuna,CA Osasuna,elche,Elche CF,Elche CF,scheduled,0.0,0.0,,,1.0,1.0,1.0,1.0,112.0,112.0,0.0,0.0,0.2,0.0,0.2,1.0,1.8,-0.8,4.8,5.0,0.6,1.1,1.6,-0.5,0.8,0.2,1.2,1.6,5.6,1.0,0.0,1.0,1.0,0.0,7.0,1.2,0.2,0.6,0.8,0.8,0.0,2.6,4.0,1.5,1.1,1.1,0.0,1.0,0.2,1.0,1.4,2.6,1.0,0.0,0.0,0.0,0.0,13.0,1475.1776147281585,1476.5295389929652,-1.351924264806712,0.5836087440926317,0.0,0.0,0.0,-1.0,-0.9,-0.8,2.1999999999999997,-0.19999999999999996,0.0,6.0
laliga_102395,2026/27,15,2026-12-06,,,racing_santander,Racing de Santander,R. Racing Club,deportivo,RC Deportivo,RC Deportivo,scheduled,1.0,1.0,1.0,2.0,1.0,1.0,1.0,1.0,112.0,112.0,1.0,1.0,2.2,0.6,0.4,2.4,1.0,1.4,6.6,3.8,2.1,2.6,1.5,1.1,2.6,0.8,3.6,1.2,9.6,1.0,0.0,1.0,1.0,0.0,9.0,2.0,0.6,0.2,1.2,0.6,0.6,4.6,2.2,1.9,1.4,0.8,0.5999999999999999,1.8,0.4,1.2,0.6,4.0,1.0,0.0,0.0,0.0,0.0,14.0,1472.0458122501277,1454.018319934787,18.027492315340623,0.6104400570948003,0.0,0.0,0.0,0.20000000000000018,0.20000000000000018,0.7999999999999999,2.0,0.8,0.0,5.0
laliga_102396,2026/27,15,2026-12-06,,,vallecano,Rayo Vallecano,Rayo Vallecano,levante,Levante UD,Levante UD,scheduled,0.0,0.0,,,1.0,1.0,1.0,1.0,111.0,112.0,0.0,0.0,1.6,0.4,0.4,1.2,0.8,0.3999999999999999,4.8,5.2,1.8,1.3,1.0,0.30000000000000004,2.2,0.6,1.6,0.8,6.4,0.0,0.0,0.0,1.0,-1.0,18.0,2.4,0.8,0.0,2.2,1.4,0.8000000000000003,6.6,4.6,1.9,1.5,1.4,0.10000000000000009,1.4,0.4,1.4,2.0,5.0,3.0,1.0,2.0,1.0,1.0,4.0,1509.2179749726135,1495.6660200246226,13.551954947990907,0.6042963348791389,-3.0,-1.0,-2.0,-0.7999999999999998,-0.09999999999999987,-0.40000000000000036,-1.7999999999999998,0.8000000000000003,-1.0,-14.0
laliga_102397,2026/27,15,2026-12-06,,,sevilla,Sevilla FC,Sevilla FC,malaga,Málaga CF,Málaga CF,scheduled,0.0,1.0,,4.0,1.0,1.0,1.0,1.0,111.0,113.0,0.0,1.0,1.8,0.6,0.0,1.2,1.0,0.19999999999999996,4.8,3.0,1.5,1.0,1.1,-0.10000000000000009,2.4,0.8,1.2,0.6,4.8,3.0,1.0,1.0,0.0,1.0,6.0,2.0,0.6,0.2,1.8,1.0,0.8,6.0,4.8,1.7,2.0,1.4,0.6000000000000001,1.8,0.6,2.4,1.6,5.8,0.0,0.0,0.0,2.0,-2.0,19.0,1476.9765509889498,1444.6929235788177,32.28362741013211,0.629769305830789,3.0,1.0,3.0,-0.19999999999999996,-0.19999999999999996,-0.6000000000000001,-1.2000000000000002,0.5999999999999999,-2.0,13.0
laliga_102398,2026/27,15,2026-12-06,,,villarreal,Villarreal CF,Villarreal CF,real_sociedad,Real Sociedad,Real Sociedad,scheduled,0.0,0.0,,,1.0,1.0,1.0,1.0,112.0,111.0,0.0,0.0,1.0,0.2,0.4,1.8,1.6,0.19999999999999996,4.0,5.6,1.5,1.9,1.3,0.5999999999999999,2.4,0.8,3.4,1.4,6.8,1.0,0.0,1.0,1.0,0.0,12.0,0.6,0.0,0.6,1.4,2.0,-0.6000000000000001,3.4,6.0,0.8,1.5,1.8,-0.30000000000000004,0.6,0.0,1.0,1.6,3.2,0.0,0.0,0.0,2.0,-2.0,20.0,1576.0674602752981,1485.009899854388,91.05756042091002,0.7046535557189362,1.0,0.0,2.0,0.4,0.7,0.8,0.6000000000000001,1.7999999999999998,1.0,8.0
laliga_102399,2026/27,16,2026-12-13,,,atletico_madrid,Atlético de Madrid,Atlético de Madrid,valencia,Valencia CF,Valencia CF,scheduled,0.0,0.0,,,1.0,1.0,1.0,1.0,120.0,118.0,0.0,0.0,1.8,0.6,0.0,1.2,1.4,-0.19999999999999996,4.4,5.4,1.5,1.5,1.6,-0.10000000000000009,1.8,0.6,1.4,1.0,4.0,3.0,1.0,2.0,0.0,2.0,1.0,2.2,0.6,0.4,2.0,1.2,0.8,4.4,3.6,1.5,1.5,1.4,0.10000000000000009,2.0,0.6,1.6,1.0,4.8,1.0,0.0,1.0,1.0,0.0,11.0,1577.3708957161211,1512.288071947149,65.08282376897205,0.6726146391509243,2.0,1.0,2.0,-0.40000000000000013,0.0,-1.0,0.0,-0.19999999999999996,2.0,10.0
laliga_102400,2026/27,16,2026-12-13,,,betis,Real Betis,Real Betis,racing_santander,Racing de Santander,R. Racing Club,scheduled,0.0,1.0,,1.0,1.0,1.0,1.0,1.0,118.0,119.0,0.0,1.0,1.6,0.4,0.4,1.6,1.6,0.0,5.4,5.6,1.7,1.6,1.2,0.40000000000000013,2.2,0.6,1.6,0.6,6.0,1.0,0.0,1.0,1.0,0.0,10.0,2.2,0.6,0.4,2.4,1.0,1.4,6.6,3.8,2.1,2.6,1.5,1.1,1.6,0.4,1.6,1.8,6.4,1.0,0.0,1.0,1.0,0.0,9.0,1555.7914399878646,1472.0458122501277,83.74562773773687,0.6958189362820352,0.0,0.0,0.0,-0.6000000000000001,-0.40000000000000013,-1.4,-1.1999999999999993,0.6000000000000001,-1.0,-1.0
laliga_102401,2026/27,16,2026-12-13,,,deportivo,RC Deportivo,RC Deportivo,athletic_bilbao,Athletic Club,Athletic Club,scheduled,1.0,0.0,2.0,,1.0,1.0,1.0,1.0,119.0,119.0,1.0,0.0,2.0,0.6,0.2,1.2,0.6,0.6,4.6,2.2,1.9,1.4,0.8,0.5999999999999999,2.0,0.6,1.6,1.0,4.4,1.0,0.0,0.0,0.0,0.0,14.0,0.2,0.0,0.2,0.8,2.0,-1.2,4.4,5.0,0.7,1.2,1.9,-0.7,0.6,0.2,1.8,2.6,3.4,0.0,0.0,1.0,2.0,-1.0,15.0,1454.018319934787,1491.6715194353978,-37.653199500610754,0.5321153565470653,1.0,0.0,1.0,1.8,1.2,1.7999999999999998,0.1999999999999993,1.4,0.0,1.0
laliga_102402,2026/27,16,2026-12-13,,,elche,Elche CF,Elche CF,sevilla,Sevilla FC,Sevilla FC,scheduled,0.0,0.0,,,1.0,1.0,1.0,1.0,119.0,118.0,0.0,0.0,1.2,0.2,0.6,0.8,0.8,0.0,2.6,4.0,1.5,1.1,1.1,0.0,2.6,0.8,1.6,0.8,4.0,1.0,0.0,0.0,0.0,0.0,13.0,1.8,0.6,0.0,1.2,1.0,0.19999999999999996,4.8,3.0,1.5,1.0,1.1,-0.10000000000000009,0.6,0.2,0.8,1.6,1.8,3.0,1.0,1.0,0.0,1.0,6.0,1476.5295389929652,1476.9765509889498,-0.447011995984667,0.5848740498321061,-2.0,-1.0,-1.0,-0.6000000000000001,0.0,-0.19999999999999996,-2.1999999999999997,2.0,1.0,-7.0
laliga_102403,2026/27,16,2026-12-13,,,espanyol,RCD Espanyol,RCD Espanyol de Barcelona,celta,RC Celta,RC Celta,scheduled,0.0,0.0,,,1.0,1.0,1.0,1.0,119.0,119.0,0.0,0.0,1.4,0.4,0.2,1.4,1.2,0.19999999999999996,4.8,5.4,0.9,0.8,1.3,-0.5,1.0,0.2,0.8,1.0,4.4,0.0,0.0,1.0,2.0,-1.0,16.0,1.6,0.4,0.4,1.2,1.0,0.19999999999999996,3.0,4.8,1.4,1.3,1.4,-0.09999999999999987,1.4,0.4,1.2,1.2,2.8,1.0,0.0,1.0,1.0,0.0,8.0,1458.4914947689454,1517.6410813362293,-59.149586567283905,0.5012238408640803,-1.0,0.0,-1.0,-0.20000000000000018,-0.4999999999999999,0.0,1.7999999999999998,-0.3999999999999999,0.0,-8.0
laliga_102404,2026/27,16,2026-12-13,,,levante,Levante UD,Levante UD,alaves,Deportivo Alavés,Deportivo Alavés,scheduled,0.0,0.0,,,1.0,1.0,1.0,1.0,119.0,120.0,0.0,0.0,2.4,0.8,0.0,2.2,1.4,0.8000000000000003,6.6,4.6,1.9,1.5,1.4,0.10000000000000009,3.0,1.0,2.4,0.8,6.0,3.0,1.0,2.0,1.0,1.0,4.0,2.0,0.6,0.2,1.0,0.6,0.4,4.6,2.8,1.5,1.5,1.5,0.0,1.6,0.4,2.0,1.8,3.6,3.0,1.0,1.0,0.0,1.0,5.0,1495.6660200246226,1489.7769840697529,5.889035954869769,0.5937013126408072,0.0,0.0,0.0,0.3999999999999999,0.3999999999999999,0.40000000000000024,2.0,1.4,-1.0,1.0
laliga_102405,2026/27,16,2026-12-13,,,malaga,Málaga CF,Málaga CF,barcelona,FC Barcelona,FC Barcelona,scheduled,1.0,0.0,4.0,,1.0,1.0,1.0,1.0,120.0,119.0,1.0,0.0,2.0,0.6,0.2,1.8,1.0,0.8,6.0,4.8,1.7,2.0,1.4,0.6000000000000001,1.6,0.4,1.4,1.0,6.2,0.0,0.0,0.0,2.0,-2.0,19.0,1.8,0.6,0.0,1.6,1.2,0.40000000000000013,5.4,3.0,2.4,1.9,0.9,0.9999999999999999,1.8,0.6,1.4,1.2,4.0,3.0,1.0,2.0,1.0,1.0,3.0,1444.6929235788177,1674.1910013311833,-229.4980777523656,0.27374396796369527,-3.0,-1.0,-3.0,0.19999999999999996,-0.7,0.3999999999999999,0.5999999999999996,-0.19999999999999996,1.0,-16.0
laliga_102406,2026/27,16,2026-12-13,,,real_madrid,Real Madrid,Real Madrid,osasuna,CA Osasuna,CA Osasuna,scheduled,0.0,0.0,,,1.0,1.0,1.0,1.0,118.0,119.0,0.0,0.0,2.4,0.8,0.0,1.8,0.8,1.0,4.6,3.6,2.0,1.6,0.9,0.7000000000000001,2.6,0.8,2.2,0.8,7.6,3.0,1.0,2.0,0.0,2.0,2.0,0.2,0.0,0.2,1.0,1.8,-0.8,4.8,5.0,0.6,1.1,1.6,-0.5,0.4,0.0,1.0,1.6,3.8,1.0,0.0,1.0,1.0,0.0,7.0,1648.3965579081134,1475.1776147281585,173.21894317995498,0.7929034176812702,2.0,1.0,2.0,2.1999999999999997,1.4,1.8,-0.20000000000000018,2.2,-1.0,5.0
laliga_102407,2026/27,16,2026-12-13,,,real_sociedad,Real Sociedad,Real Sociedad,getafe,Getafe CF,Getafe CF,scheduled,0.0,0.0,,,1.0,1.0,1.0,1.0,118.0,120.0,0.0,0.0,0.6,0.0,0.6,1.4,2.0,-0.6000000000000001,3.4,6.0,0.8,1.5,1.8,-0.30000000000000004,1.0,0.2,2.0,2.0,4.4,0.0,0.0,0.0,2.0,-2.0,20.0,1.4,0.4,0.2,0.8,0.6,0.20000000000000007,2.6,3.6,1.3,0.7,0.8,-0.10000000000000009,0.8,0.2,0.2,0.6,1.4,0.0,0.0,0.0,1.0,-1.0,17.0,1485.009899854388,1484.1941859972617,0.8157138571264113,0.5866378007182713,0.0,0.0,-1.0,-0.7999999999999999,-0.5,-0.8000000000000002,0.7999999999999998,0.19999999999999996,-2.0,-3.0
laliga_102408,2026/27,16,2026-12-13,,,villarreal,Villarreal CF,Villarreal CF,vallecano,Rayo Vallecano,Rayo Vallecano,scheduled,0.0,0.0,,,1.0,1.0,1.0,1.0,119.0,118.0,0.0,0.0,1.0,0.2,0.4,1.8,1.6,0.19999999999999996,4.0,5.6,1.5,1.9,1.3,0.5999999999999999,2.4,0.8,3.4,1.4,6.8,1.0,0.0,1.0,1.0,0.0,12.0,1.6,0.4,0.4,1.2,0.8,0.3999999999999999,4.8,5.2,1.8,1.3,1.0,0.30000000000000004,1.4,0.4,1.0,1.2,4.2,0.0,0.0,0.0,1.0,-1.0,18.0,1576.0674602752981,1509.2179749726135,66.84948530268457,0.6748501108415186,1.0,0.0,1.0,-0.6000000000000001,-0.30000000000000004,-0.19999999999999996,-0.7999999999999998,1.0,1.0,6.0
laliga_102409,2026/27,17,2026-12-20,,,alaves,Deportivo Alavés,Deportivo Alavés,elche,Elche CF,Elche CF,scheduled,0.0,0.0,,,1.0,1.0,1.0,1.0,127.0,126.0,0.0,0.0,2.0,0.6,0.2,1.0,0.6,0.4,4.6,2.8,1.5,1.5,1.5,0.0,1.8,0.6,1.4,1.4,5.2,3.0,1.0,1.0,0.0,1.0,5.0,1.2,0.2,0.6,0.8,0.8,0.0,2.6,4.0,1.5,1.1,1.1,0.0,1.0,0.2,1.0,1.4,2.6,1.0,0.0,0.0,0.0,0.0,13.0,1489.7769840697529,1476.5295389929652,13.247445076787699,0.6038771009723893,2.0,1.0,1.0,0.8,0.0,0.4,1.9999999999999996,0.8,1.0,8.0
laliga_102410,2026/27,17,2026-12-20,,,athletic_bilbao,Athletic Club,Athletic Club,betis,Real Betis,Real Betis,scheduled,0.0,0.0,,,1.0,1.0,1.0,1.0,126.0,125.0,0.0,0.0,0.2,0.0,0.2,0.8,2.0,-1.2,4.4,5.0,0.7,1.2,1.9,-0.7,1.4,0.4,1.0,1.0,5.4,0.0,0.0,1.0,2.0,-1.0,15.0,1.6,0.4,0.4,1.6,1.6,0.0,5.4,5.6,1.7,1.6,1.2,0.40000000000000013,1.2,0.2,1.6,1.8,3.6,1.0,0.0,1.0,1.0,0.0,10.0,1491.6715194353978,1555.7914399878646,-64.11992055246674,0.4940712356065534,-1.0,0.0,-1.0,-1.4000000000000001,-1.0,-1.2,-1.0,0.19999999999999996,1.0,-5.0
laliga_102411,2026/27,17,2026-12-20,,,celta,RC Celta,RC Celta,atletico_madrid,Atlético de Madrid,Atlético de Madrid,scheduled,0.0,0.0,,,1.0,1.0,1.0,1.0,126.0,127.0,0.0,0.0,1.6,0.4,0.4,1.2,1.0,0.19999999999999996,3.0,4.8,1.4,1.3,1.4,-0.09999999999999987,1.4,0.4,1.4,1.6,4.4,1.0,0.0,1.0,1.0,0.0,8.0,1.8,0.6,0.0,1.2,1.4,-0.19999999999999996,4.4,5.4,1.5,1.5,1.6,-0.10000000000000009,1.2,0.4,1.6,2.2,3.6,3.0,1.0,2.0,0.0,2.0,1.0,1517.6410813362293,1577.3708957161211,-59.72981437989188,0.5003888282848701,-2.0,-1.0,-2.0,-0.19999999999999996,-0.10000000000000009,0.3999999999999999,-1.4000000000000004,0.19999999999999996,-1.0,-7.0
laliga_102412,2026/27,17,2026-12-20,,,deportivo,RC Deportivo,RC Deportivo,real_madrid,Real Madrid,Real Madrid,scheduled,1.0,0.0,2.0,,1.0,1.0,1.0,1.0,126.0,125.0,1.0,0.0,2.0,0.6,0.2,1.2,0.6,0.6,4.6,2.2,1.9,1.4,0.8,0.5999999999999999,2.0,0.6,1.6,1.0,4.4,1.0,0.0,0.0,0.0,0.0,14.0,2.4,0.8,0.0,1.8,0.8,1.0,4.6,3.6,2.0,1.6,0.9,0.7000000000000001,1.4,0.4,1.0,1.0,4.2,3.0,1.0,2.0,0.0,2.0,2.0,1454.018319934787,1648.3965579081134,-194.37823797332635,0.3157131141247965,-2.0,-1.0,-2.0,-0.3999999999999999,-0.10000000000000009,-0.4,0.0,0.6000000000000001,1.0,-12.0
laliga_102413,2026/27,17,2026-12-20,,,barcelona,FC Barcelona,FC Barcelona,real_sociedad,Real Sociedad,Real Sociedad,scheduled,0.0,0.0,,,1.0,1.0,1.0,1.0,126.0,125.0,0.0,0.0,1.8,0.6,0.0,1.6,1.2,0.40000000000000013,5.4,3.0,2.4,1.9,0.9,0.9999999999999999,3.0,1.0,2.4,0.6,7.2,3.0,1.0,2.0,1.0,1.0,3.0,0.6,0.0,0.6,1.4,2.0,-0.6000000000000001,3.4,6.0,0.8,1.5,1.8,-0.30000000000000004,0.6,0.0,1.0,1.6,3.2,0.0,0.0,0.0,2.0,-2.0,20.0,1674.1910013311833,1485.009899854388,189.18110147679522,0.8075862290419686,3.0,1.0,3.0,1.2000000000000002,1.5999999999999999,1.0000000000000002,2.0000000000000004,2.4,1.0,17.0
laliga_102414,2026/27,17,2026-12-20,,,getafe,Getafe CF,Getafe CF,levante,Levante UD,Levante UD,scheduled,0.0,0.0,,,1.0,1.0,1.0,1.0,127.0,126.0,0.0,0.0,1.4,0.4,0.2,0.8,0.6,0.20000000000000007,2.6,3.6,1.3,0.7,0.8,-0.10000000000000009,1.8,0.6,1.2,1.0,3.2,0.0,0.0,0.0,1.0,-1.0,17.0,2.4,0.8,0.0,2.2,1.4,0.8000000000000003,6.6,4.6,1.9,1.5,1.4,0.10000000000000009,1.4,0.4,1.4,2.0,5.0,3.0,1.0,2.0,1.0,1.0,4.0,1484.1941859972617,1495.6660200246226,-11.471834027360956,0.5693870025182429,-3.0,-1.0,-2.0,-1.0,-0.5999999999999999,-0.6000000000000002,-3.9999999999999996,0.40000000000000013,1.0,-13.0
laliga_102415,2026/27,17,2026-12-20,,,osasuna,CA Osasuna,CA Osasuna,villarreal,Villarreal CF,Villarreal CF,scheduled,0.0,0.0,,,1.0,1.0,1.0,1.0,126.0,126.0,0.0,0.0,0.2,0.0,0.2,1.0,1.8,-0.8,4.8,5.0,0.6,1.1,1.6,-0.5,0.8,0.2,1.2,1.6,5.6,1.0,0.0,1.0,1.0,0.0,7.0,1.0,0.2,0.4,1.8,1.6,0.19999999999999996,4.0,5.6,1.5,1.9,1.3,0.5999999999999999,1.2,0.2,1.0,1.2,3.4,1.0,0.0,1.0,1.0,0.0,12.0,1475.1776147281585,1576.0674602752981,-100.88984554713966,0.4414249742452564,0.0,0.0,0.0,-0.8,-0.9,-1.0,0.7999999999999998,-0.3999999999999999,0.0,5.0
laliga_102416,2026/27,17,2026-12-20,,,vallecano,Rayo Vallecano,Rayo Vallecano,malaga,Málaga CF,Málaga CF,scheduled,0.0,1.0,,4.0,1.0,1.0,1.0,1.0,125.0,127.0,0.0,1.0,1.6,0.4,0.4,1.2,0.8,0.3999999999999999,4.8,5.2,1.8,1.3,1.0,0.30000000000000004,2.2,0.6,1.6,0.8,6.4,0.0,0.0,0.0,1.0,-1.0,18.0,2.0,0.6,0.2,1.8,1.0,0.8,6.0,4.8,1.7,2.0,1.4,0.6000000000000001,1.8,0.6,2.4,1.6,5.8,0.0,0.0,0.0,2.0,-2.0,19.0,1509.2179749726135,1444.6929235788177,64.52505139379582,0.6719072169871241,0.0,0.0,1.0,-0.3999999999999999,0.10000000000000009,-0.40000000000000013,-1.2000000000000002,0.40000000000000013,-2.0,1.0
laliga_102417,2026/27,17,2026-12-20,,,sevilla,Sevilla FC,Sevilla FC,racing_santander,Racing de Santander,R. Racing Club,scheduled,0.0,1.0,,1.0,1.0,1.0,1.0,1.0,125.0,126.0,0.0,1.0,1.8,0.6,0.0,1.2,1.0,0.19999999999999996,4.8,3.0,1.5,1.0,1.1,-0.10000000000000009,2.4,0.8,1.2,0.6,4.8,3.0,1.0,1.0,0.0,1.0,6.0,2.2,0.6,0.4,2.4,1.0,1.4,6.6,3.8,2.1,2.6,1.5,1.1,1.6,0.4,1.6,1.8,6.4,1.0,0.0,1.0,1.0,0.0,9.0,1476.9765509889498,1472.0458122501277,4.930738738822129,0.5923699609547032,2.0,1.0,1.0,-0.40000000000000013,-0.6000000000000001,-1.2,-1.7999999999999998,0.7999999999999998,-1.0,3.0
laliga_102418,2026/27,17,2026-12-20,,,valencia,Valencia CF,Valencia CF,espanyol,RCD Espanyol,RCD Espanyol de Barcelona,scheduled,0.0,0.0,,,1.0,1.0,1.0,1.0,125.0,126.0,0.0,0.0,2.2,0.6,0.4,2.0,1.2,0.8,4.4,3.6,1.5,1.5,1.4,0.10000000000000009,1.6,0.4,1.4,1.2,3.2,1.0,0.0,1.0,1.0,0.0,11.0,1.4,0.4,0.2,1.4,1.2,0.19999999999999996,4.8,5.4,0.9,0.8,1.3,-0.5,0.8,0.2,0.8,1.6,3.0,0.0,0.0,1.0,2.0,-1.0,16.0,1512.288071947149,1458.4914947689454,53.796577178203734,0.6581511094401028,1.0,0.0,1.0,0.8000000000000003,0.6,0.6000000000000001,-0.39999999999999947,0.8,-1.0,5.0
laliga_102419,2026/27,18,2027-01-03,,,betis,Real Betis,Real Betis,alaves,Deportivo Alavés,Deportivo Alavés,scheduled,0.0,0.0,,,1.0,1.0,1.0,1.0,139.0,141.0,0.0,0.0,1.6,0.4,0.4,1.6,1.6,0.0,5.4,5.6,1.7,1.6,1.2,0.40000000000000013,2.2,0.6,1.6,0.6,6.0,1.0,0.0,1.0,1.0,0.0,10.0,2.0,0.6,0.2,1.0,0.6,0.4,4.6,2.8,1.5,1.5,1.5,0.0,1.6,0.4,2.0,1.8,3.6,3.0,1.0,1.0,0.0,1.0,5.0,1555.7914399878646,1489.7769840697529,66.01445591811171,0.6737944784235038,-2.0,-1.0,-1.0,-0.3999999999999999,0.19999999999999996,-0.4,0.8000000000000007,0.6000000000000001,-2.0,-5.0
laliga_102420,2026/27,18,2027-01-03,,,celta,RC Celta,RC Celta,deportivo,RC Deportivo,RC Deportivo,scheduled,0.0,1.0,,2.0,1.0,1.0,1.0,1.0,140.0,140.0,0.0,1.0,1.6,0.4,0.4,1.2,1.0,0.19999999999999996,3.0,4.8,1.4,1.3,1.4,-0.09999999999999987,1.4,0.4,1.4,1.6,4.4,1.0,0.0,1.0,1.0,0.0,8.0,2.0,0.6,0.2,1.2,0.6,0.6,4.6,2.2,1.9,1.4,0.8,0.5999999999999999,1.8,0.4,1.2,0.6,4.0,1.0,0.0,0.0,0.0,0.0,14.0,1517.6410813362293,1454.018319934787,63.622761401442176,0.6707611901376391,0.0,0.0,0.0,-0.3999999999999999,-0.5,-0.4,-1.5999999999999996,-0.40000000000000013,0.0,6.0
laliga_102421,2026/27,18,2027-01-03,,,espanyol,RCD Espanyol,RCD Espanyol de Barcelona,barcelona,FC Barcelona,FC Barcelona,scheduled,0.0,0.0,,,1.0,1.0,1.0,1.0,140.0,140.0,0.0,0.0,1.4,0.4,0.2,1.4,1.2,0.19999999999999996,4.8,5.4,0.9,0.8,1.3,-0.5,1.0,0.2,0.8,1.0,4.4,0.0,0.0,1.0,2.0,-1.0,16.0,1.8,0.6,0.0,1.6,1.2,0.40000000000000013,5.4,3.0,2.4,1.9,0.9,0.9999999999999999,1.8,0.6,1.4,1.2,4.0,3.0,1.0,2.0,1.0,1.0,3.0,1458.4914947689454,1674.1910013311833,-215.69950656223796,0.28981588588074486,-3.0,-1.0,-2.0,-0.40000000000000013,-1.5,-0.20000000000000018,-0.6000000000000005,-0.8,0.0,-13.0
laliga_102422,2026/27,18,2027-01-03,,,levante,Levante UD,Levante UD,valencia,Valencia CF,Valencia CF,scheduled,0.0,0.0,,,1.0,1.0,1.0,1.0,140.0,139.0,0.0,0.0,2.4,0.8,0.0,2.2,1.4,0.8000000000000003,6.6,4.6,1.9,1.5,1.4,0.10000000000000009,3.0,1.0,2.4,0.8,6.0,3.0,1.0,2.0,1.0,1.0,4.0,2.2,0.6,0.4,2.0,1.2,0.8,4.4,3.6,1.5,1.5,1.4,0.10000000000000009,2.0,0.6,1.6,1.0,4.8,1.0,0.0,1.0,1.0,0.0,11.0,1495.6660200246226,1512.288071947149,-16.622051922526452,0.5621035310051664,2.0,1.0,1.0,0.19999999999999973,0.3999999999999999,2.220446049250313e-16,2.1999999999999993,1.0,1.0,7.0
laliga_102423,2026/27,18,2027-01-03,,,malaga,Málaga CF,Málaga CF,elche,Elche CF,Elche CF,scheduled,1.0,0.0,4.0,,1.0,1.0,1.0,1.0,141.0,140.0,1.0,0.0,2.0,0.6,0.2,1.8,1.0,0.8,6.0,4.8,1.7,2.0,1.4,0.6000000000000001,1.6,0.4,1.4,1.0,6.2,0.0,0.0,0.0,2.0,-2.0,19.0,1.2,0.2,0.6,0.8,0.8,0.0,2.6,4.0,1.5,1.1,1.1,0.0,1.0,0.2,1.0,1.4,2.6,1.0,0.0,0.0,0.0,0.0,13.0,1444.6929235788177,1476.5295389929652,-31.836615414147445,0.5404418282566529,-1.0,0.0,-2.0,0.8,0.19999999999999996,0.8,3.4,0.6000000000000001,1.0,-6.0
laliga_102424,2026/27,18,2027-01-03,,,racing_santander,Racing de Santander,R. Racing Club,athletic_bilbao,Athletic Club,Athletic Club,scheduled,1.0,0.0,1.0,,1.0,1.0,1.0,1.0,140.0,140.0,1.0,0.0,2.2,0.6,0.4,2.4,1.0,1.4,6.6,3.8,2.1,2.6,1.5,1.1,2.6,0.8,3.6,1.2,9.6,1.0,0.0,1.0,1.0,0.0,9.0,0.2,0.0,0.2,0.8,2.0,-1.2,4.4,5.0,0.7,1.2,1.9,-0.7,0.6,0.2,1.8,2.6,3.4,0.0,0.0,1.0,2.0,-1.0,15.0,1472.0458122501277,1491.6715194353978,-19.62570718527013,0.557843141525665,1.0,0.0,1.0,2.0,1.4000000000000001,2.5999999999999996,2.1999999999999993,2.0,0.0,6.0
laliga_102425,2026/27,18,2027-01-03,,,vallecano,Rayo Vallecano,Rayo Vallecano,atletico_madrid,Atlético de Madrid,Atlético de Madrid,scheduled,0.0,0.0,,,1.0,1.0,1.0,1.0,139.0,141.0,0.0,0.0,1.6,0.4,0.4,1.2,0.8,0.3999999999999999,4.8,5.2,1.8,1.3,1.0,0.30000000000000004,2.2,0.6,1.6,0.8,6.4,0.0,0.0,0.0,1.0,-1.0,18.0,1.8,0.6,0.0,1.2,1.4,-0.19999999999999996,4.4,5.4,1.5,1.5,1.6,-0.10000000000000009,1.2,0.4,1.6,2.2,3.6,3.0,1.0,2.0,0.0,2.0,1.0,1509.2179749726135,1577.3708957161211,-68.1529207435076,0.4882691570228728,-3.0,-1.0,-3.0,-0.19999999999999996,0.30000000000000004,0.5999999999999999,0.39999999999999947,1.0000000000000002,-2.0,-17.0
laliga_102426,2026/27,18,2027-01-03,,,real_madrid,Real Madrid,Real Madrid,getafe,Getafe CF,Getafe CF,scheduled,0.0,0.0,,,1.0,1.0,1.0,1.0,139.0,141.0,0.0,0.0,2.4,0.8,0.0,1.8,0.8,1.0,4.6,3.6,2.0,1.6,0.9,0.7000000000000001,2.6,0.8,2.2,0.8,7.6,3.0,1.0,2.0,0.0,2.0,2.0,1.4,0.4,0.2,0.8,0.6,0.20000000000000007,2.6,3.6,1.3,0.7,0.8,-0.10000000000000009,0.8,0.2,0.2,0.6,1.4,0.0,0.0,0.0,1.0,-1.0,17.0,1648.3965579081134,1484.1941859972617,164.20237191085175,0.7842508597700344,3.0,1.0,3.0,1.0,0.7,0.7999999999999999,1.9999999999999996,1.8,-2.0,15.0
laliga_102427,2026/27,18,2027-01-03,,,real_sociedad,Real Sociedad,Real Sociedad,osasuna,CA Osasuna,CA Osasuna,scheduled,0.0,0.0,,,1.0,1.0,1.0,1.0,139.0,140.0,0.0,0.0,0.6,0.0,0.6,1.4,2.0,-0.6000000000000001,3.4,6.0,0.8,1.5,1.8,-0.30000000000000004,1.0,0.2,2.0,2.0,4.4,0.0,0.0,0.0,2.0,-2.0,20.0,0.2,0.0,0.2,1.0,1.8,-0.8,4.8,5.0,0.6,1.1,1.6,-0.5,0.4,0.0,1.0,1.6,3.8,1.0,0.0,1.0,1.0,0.0,7.0,1485.009899854388,1475.1776147281585,9.832285126229635,0.5991649516974353,-1.0,0.0,-2.0,0.39999999999999997,0.20000000000000007,0.19999999999999996,-1.4,0.6,-1.0,-13.0
laliga_102428,2026/27,18,2027-01-03,,,villarreal,Villarreal CF,Villarreal CF,sevilla,Sevilla FC,Sevilla FC,scheduled,0.0,0.0,,,1.0,1.0,1.0,1.0,140.0,139.0,0.0,0.0,1.0,0.2,0.4,1.8,1.6,0.19999999999999996,4.0,5.6,1.5,1.9,1.3,0.5999999999999999,2.4,0.8,3.4,1.4,6.8,1.0,0.0,1.0,1.0,0.0,12.0,1.8,0.6,0.0,1.2,1.0,0.19999999999999996,4.8,3.0,1.5,1.0,1.1,-0.10000000000000009,0.6,0.2,0.8,1.6,1.8,3.0,1.0,1.0,0.0,1.0,6.0,1576.0674602752981,1476.9765509889498,99.09090928634828,0.714185736142359,-2.0,-1.0,-1.0,-0.8,0.0,0.0,-0.7999999999999998,1.7999999999999998,1.0,-6.0
laliga_102429,2026/27,19,2027-01-10,,,alaves,Deportivo Alavés,Deportivo Alavés,real_sociedad,Real Sociedad,Real Sociedad,scheduled,0.0,0.0,,,1.0,1.0,1.0,1.0,148.0,146.0,0.0,0.0,2.0,0.6,0.2,1.0,0.6,0.4,4.6,2.8,1.5,1.5,1.5,0.0,1.8,0.6,1.4,1.4,5.2,3.0,1.0,1.0,0.0,1.0,5.0,0.6,0.0,0.6,1.4,2.0,-0.6000000000000001,3.4,6.0,0.8,1.5,1.8,-0.30000000000000004,0.6,0.0,1.0,1.6,3.2,0.0,0.0,0.0,2.0,-2.0,20.0,1489.7769840697529,1485.009899854388,4.7670842153647754,0.5921424613321223,3.0,1.0,3.0,1.4,0.7,1.0,1.1999999999999997,1.2000000000000002,2.0,15.0
laliga_102430,2026/27,19,2027-01-10,,,athletic_bilbao,Athletic Club,Athletic Club,villarreal,Villarreal CF,Villarreal CF,scheduled,0.0,0.0,,,1.0,1.0,1.0,1.0,147.0,147.0,0.0,0.0,0.2,0.0,0.2,0.8,2.0,-1.2,4.4,5.0,0.7,1.2,1.9,-0.7,1.4,0.4,1.0,1.0,5.4,0.0,0.0,1.0,2.0,-1.0,15.0,1.0,0.2,0.4,1.8,1.6,0.19999999999999996,4.0,5.6,1.5,1.9,1.3,0.5999999999999999,1.2,0.2,1.0,1.2,3.4,1.0,0.0,1.0,1.0,0.0,12.0,1491.6715194353978,1576.0674602752981,-84.39594083990028,0.46494900573012143,-1.0,0.0,-1.0,-0.8,-0.8,-1.4,0.40000000000000036,0.19999999999999996,0.0,-3.0
laliga_102431,2026/27,19,2027-01-10,,,atletico_madrid,Atlético de Madrid,Atlético de Madrid,racing_santander,Racing de Santander,R. Racing Club,scheduled,0.0,1.0,,1.0,1.0,1.0,1.0,1.0,148.0,147.0,0.0,1.0,1.8,0.6,0.0,1.2,1.4,-0.19999999999999996,4.4,5.4,1.5,1.5,1.6,-0.10000000000000009,1.8,0.6,1.4,1.0,4.0,3.0,1.0,2.0,0.0,2.0,1.0,2.2,0.6,0.4,2.4,1.0,1.4,6.6,3.8,2.1,2.6,1.5,1.1,1.6,0.4,1.6,1.8,6.4,1.0,0.0,1.0,1.0,0.0,9.0,1577.3708957161211,1472.0458122501277,105.32508346599343,0.7214544577590796,2.0,1.0,2.0,-0.40000000000000013,-0.6000000000000001,-1.5999999999999999,-2.1999999999999993,0.19999999999999996,1.0,8.0
laliga_102432,2026/27,19,2027-01-10,,,deportivo,RC Deportivo,RC Deportivo,vallecano,Rayo Vallecano,Rayo Vallecano,scheduled,1.0,0.0,2.0,,1.0,1.0,1.0,1.0,147.0,146.0,1.0,0.0,2.0,0.6,0.2,1.2,0.6,0.6,4.6,2.2,1.9,1.4,0.8,0.5999999999999999,2.0,0.6,1.6,1.0,4.4,1.0,0.0,0.0,0.0,0.0,14.0,1.6,0.4,0.4,1.2,0.8,0.3999999999999999,4.8,5.2,1.8,1.3,1.0,0.30000000000000004,1.4,0.4,1.0,1.2,4.2,0.0,0.0,0.0,1.0,-1.0,18.0,1454.018319934787,1509.2179749726135,-55.19965503782646,0.5069078121676821,1.0,0.0,1.0,0.3999999999999999,0.09999999999999987,0.20000000000000007,-0.20000000000000018,0.6000000000000001,1.0,4.0
laliga_102433,2026/27,19,2027-01-10,,,elche,Elche CF,Elche CF,getafe,Getafe CF,Getafe CF,scheduled,0.0,0.0,,,1.0,1.0,1.0,1.0,147.0,148.0,0.0,0.0,1.2,0.2,0.6,0.8,0.8,0.0,2.6,4.0,1.5,1.1,1.1,0.0,2.6,0.8,1.6,0.8,4.0,1.0,0.0,0.0,0.0,0.0,13.0,1.4,0.4,0.2,0.8,0.6,0.20000000000000007,2.6,3.6,1.3,0.7,0.8,-0.10000000000000009,0.8,0.2,0.2,0.6,1.4,0.0,0.0,0.0,1.0,-1.0,17.0,1476.5295389929652,1484.1941859972617,-7.664647004296512,0.5747520962615386,1.0,0.0,1.0,-0.19999999999999996,0.19999999999999996,-0.20000000000000007,0.0,1.8,-1.0,4.0
laliga_102434,2026/27,19,2027-01-10,,,espanyol,RCD Espanyol,RCD Espanyol de Barcelona,betis,Real Betis,Real Betis,scheduled,0.0,0.0,,,1.0,1.0,1.0,1.0,147.0,146.0,0.0,0.0,1.4,0.4,0.2,1.4,1.2,0.19999999999999996,4.8,5.4,0.9,0.8,1.3,-0.5,1.0,0.2,0.8,1.0,4.4,0.0,0.0,1.0,2.0,-1.0,16.0,1.6,0.4,0.4,1.6,1.6,0.0,5.4,5.6,1.7,1.6,1.2,0.40000000000000013,1.2,0.2,1.6,1.8,3.6,1.0,0.0,1.0,1.0,0.0,10.0,1458.4914947689454,1555.7914399878646,-97.29994521891922,0.4465263468275495,-1.0,0.0,-1.0,-0.20000000000000018,-0.7999999999999999,0.19999999999999996,-0.6000000000000005,-0.19999999999999996,1.0,-6.0
laliga_102435,2026/27,19,2027-01-10,,,osasuna,CA Osasuna,CA Osasuna,barcelona,FC Barcelona,FC Barcelona,scheduled,0.0,0.0,,,1.0,1.0,1.0,1.0,147.0,147.0,0.0,0.0,0.2,0.0,0.2,1.0,1.8,-0.8,4.8,5.0,0.6,1.1,1.6,-0.5,0.8,0.2,1.2,1.6,5.6,1.0,0.0,1.0,1.0,0.0,7.0,1.8,0.6,0.0,1.6,1.2,0.40000000000000013,5.4,3.0,2.4,1.9,0.9,0.9999999999999999,1.8,0.6,1.4,1.2,4.0,3.0,1.0,2.0,1.0,1.0,3.0,1475.1776147281585,1674.1910013311833,-199.01338660302486,0.3099773101197199,-2.0,-1.0,-1.0,-1.6,-1.7999999999999998,-1.2000000000000002,-0.6000000000000005,-1.0,0.0,-4.0
laliga_102436,2026/27,19,2027-01-10,,,real_madrid,Real Madrid,Real Madrid,levante,Levante UD,Levante UD,scheduled,0.0,0.0,,,1.0,1.0,1.0,1.0,146.0,147.0,0.0,0.0,2.4,0.8,0.0,1.8,0.8,1.0,4.6,3.6,2.0,1.6,0.9,0.7000000000000001,2.6,0.8,2.2,0.8,7.6,3.0,1.0,2.0,0.0,2.0,2.0,2.4,0.8,0.0,2.2,1.4,0.8000000000000003,6.6,4.6,1.9,1.5,1.4,0.10000000000000009,1.4,0.4,1.4,2.0,5.0,3.0,1.0,2.0,1.0,1.0,4.0,1648.3965579081134,1495.6660200246226,152.7305378834908,0.772867734739689,0.0,0.0,1.0,0.0,0.10000000000000009,0.19999999999999973,-2.0,1.2000000000000002,-1.0,2.0
laliga_102437,2026/27,19,2027-01-10,,,sevilla,Sevilla FC,Sevilla FC,celta,RC Celta,RC Celta,scheduled,0.0,0.0,,,1.0,1.0,1.0,1.0,146.0,147.0,0.0,0.0,1.8,0.6,0.0,1.2,1.0,0.19999999999999996,4.8,3.0,1.5,1.0,1.1,-0.10000000000000009,2.4,0.8,1.2,0.6,4.8,3.0,1.0,1.0,0.0,1.0,6.0,1.6,0.4,0.4,1.2,1.0,0.19999999999999996,3.0,4.8,1.4,1.3,1.4,-0.09999999999999987,1.4,0.4,1.2,1.2,2.8,1.0,0.0,1.0,1.0,0.0,8.0,1476.9765509889498,1517.6410813362293,-40.664530347279424,0.5277972861778851,2.0,1.0,1.0,0.19999999999999996,0.10000000000000009,0.0,1.7999999999999998,1.0,-1.0,2.0
laliga_102438,2026/27,19,2027-01-10,,,valencia,Valencia CF,Valencia CF,malaga,Málaga CF,Málaga CF,scheduled,0.0,1.0,,4.0,1.0,1.0,1.0,1.0,146.0,148.0,0.0,1.0,2.2,0.6,0.4,2.0,1.2,0.8,4.4,3.6,1.5,1.5,1.4,0.10000000000000009,1.6,0.4,1.4,1.2,3.2,1.0,0.0,1.0,1.0,0.0,11.0,2.0,0.6,0.2,1.8,1.0,0.8,6.0,4.8,1.7,2.0,1.4,0.6000000000000001,1.8,0.6,2.4,1.6,5.8,0.0,0.0,0.0,2.0,-2.0,19.0,1512.288071947149,1444.6929235788177,67.59514836833137,0.6757912693461916,1.0,0.0,2.0,0.20000000000000018,-0.19999999999999996,0.0,-1.5999999999999996,-0.19999999999999996,-2.0,8.0
laliga_102439,2026/27,20,2027-01-17,,,atletico_madrid,Atlético de Madrid,Atlético de Madrid,real_sociedad,Real Sociedad,Real Sociedad,scheduled,0.0,0.0,,,1.0,1.0,1.0,1.0,155.0,153.0,0.0,0.0,1.8,0.6,0.0,1.2,1.4,-0.19999999999999996,4.4,5.4,1.5,1.5,1.6,-0.10000000000000009,1.8,0.6,1.4,1.0,4.0,3.0,1.0,2.0,0.0,2.0,1.0,0.6,0.0,0.6,1.4,2.0,-0.6000000000000001,3.4,6.0,0.8,1.5,1.8,-0.30000000000000004,0.6,0.0,1.0,1.6,3.2,0.0,0.0,0.0,2.0,-2.0,20.0,1577.3708957161211,1485.009899854388,92.36099586173304,0.7062126924844607,3.0,1.0,4.0,1.2000000000000002,0.7,0.40000000000000013,1.0000000000000004,1.2000000000000002,2.0,19.0
laliga_102440,2026/27,20,2027-01-17,,,betis,Real Betis,Real Betis,deportivo,RC Deportivo,RC Deportivo,scheduled,0.0,1.0,,2.0,1.0,1.0,1.0,1.0,153.0,154.0,0.0,1.0,1.6,0.4,0.4,1.6,1.6,0.0,5.4,5.6,1.7,1.6,1.2,0.40000000000000013,2.2,0.6,1.6,0.6,6.0,1.0,0.0,1.0,1.0,0.0,10.0,2.0,0.6,0.2,1.2,0.6,0.6,4.6,2.2,1.9,1.4,0.8,0.5999999999999999,1.8,0.4,1.2,0.6,4.0,1.0,0.0,0.0,0.0,0.0,14.0,1555.7914399878646,1454.018319934787,101.77312005307749,0.7173269768150382,0.0,0.0,0.0,-0.3999999999999999,-0.19999999999999996,-0.6,0.8000000000000007,0.40000000000000013,-1.0,4.0
laliga_102441,2026/27,20,2027-01-17,,,celta,RC Celta,RC Celta,valencia,Valencia CF,Valencia CF,scheduled,0.0,0.0,,,1.0,1.0,1.0,1.0,154.0,153.0,0.0,0.0,1.6,0.4,0.4,1.2,1.0,0.19999999999999996,3.0,4.8,1.4,1.3,1.4,-0.09999999999999987,1.4,0.4,1.4,1.6,4.4,1.0,0.0,1.0,1.0,0.0,8.0,2.2,0.6,0.4,2.0,1.2,0.8,4.4,3.6,1.5,1.5,1.4,0.10000000000000009,2.0,0.6,1.6,1.0,4.8,1.0,0.0,1.0,1.0,0.0,11.0,1517.6410813362293,1512.288071947149,5.353009389080171,0.5929567852509481,0.0,0.0,0.0,-0.6000000000000001,-0.10000000000000009,-0.6000000000000001,-1.4000000000000004,-0.6000000000000001,1.0,3.0
laliga_102442,2026/27,20,2027-01-17,,,barcelona,FC Barcelona,FC Barcelona,elche,Elche CF,Elche CF,scheduled,0.0,0.0,,,1.0,1.0,1.0,1.0,154.0,154.0,0.0,0.0,1.8,0.6,0.0,1.6,1.2,0.40000000000000013,5.4,3.0,2.4,1.9,0.9,0.9999999999999999,3.0,1.0,2.4,0.6,7.2,3.0,1.0,2.0,1.0,1.0,3.0,1.2,0.2,0.6,0.8,0.8,0.0,2.6,4.0,1.5,1.1,1.1,0.0,1.0,0.2,1.0,1.4,2.6,1.0,0.0,0.0,0.0,0.0,13.0,1674.1910013311833,1476.5295389929652,197.66146233821814,0.8150582399157899,2.0,1.0,1.0,0.6000000000000001,0.8999999999999999,0.40000000000000013,2.8000000000000003,2.0,0.0,10.0
laliga_102443,2026/27,20,2027-01-17,,,getafe,Getafe CF,Getafe CF,athletic_bilbao,Athletic Club,Athletic Club,scheduled,0.0,0.0,,,1.0,1.0,1.0,1.0,155.0,154.0,0.0,0.0,1.4,0.4,0.2,0.8,0.6,0.20000000000000007,2.6,3.6,1.3,0.7,0.8,-0.10000000000000009,1.8,0.6,1.2,1.0,3.2,0.0,0.0,0.0,1.0,-1.0,17.0,0.2,0.0,0.2,0.8,2.0,-1.2,4.4,5.0,0.7,1.2,1.9,-0.7,0.6,0.2,1.8,2.6,3.4,0.0,0.0,1.0,2.0,-1.0,15.0,1484.1941859972617,1491.6715194353978,-7.4773334381361565,0.5750156156834434,0.0,0.0,0.0,1.2,0.6000000000000001,1.4,-1.8000000000000003,1.2000000000000002,1.0,-2.0
laliga_102444,2026/27,20,2027-01-17,,,levante,Levante UD,Levante UD,espanyol,RCD Espanyol,RCD Espanyol de Barcelona,scheduled,0.0,0.0,,,1.0,1.0,1.0,1.0,154.0,154.0,0.0,0.0,2.4,0.8,0.0,2.2,1.4,0.8000000000000003,6.6,4.6,1.9,1.5,1.4,0.10000000000000009,3.0,1.0,2.4,0.8,6.0,3.0,1.0,2.0,1.0,1.0,4.0,1.4,0.4,0.2,1.4,1.2,0.19999999999999996,4.8,5.4,0.9,0.8,1.3,-0.5,0.8,0.2,0.8,1.6,3.0,0.0,0.0,1.0,2.0,-1.0,16.0,1495.6660200246226,1458.4914947689454,37.17452525567728,0.6363094269205153,3.0,1.0,2.0,1.0,0.9999999999999999,0.6000000000000003,1.7999999999999998,2.2,0.0,12.0
laliga_102445,2026/27,20,2027-01-17,,,malaga,Málaga CF,Málaga CF,real_madrid,Real Madrid,Real Madrid,scheduled,1.0,0.0,4.0,,1.0,1.0,1.0,1.0,155.0,153.0,1.0,0.0,2.0,0.6,0.2,1.8,1.0,0.8,6.0,4.8,1.7,2.0,1.4,0.6000000000000001,1.6,0.4,1.4,1.0,6.2,0.0,0.0,0.0,2.0,-2.0,19.0,2.4,0.8,0.0,1.8,0.8,1.0,4.6,3.6,2.0,1.6,0.9,0.7000000000000001,1.4,0.4,1.0,1.0,4.2,3.0,1.0,2.0,0.0,2.0,2.0,1444.6929235788177,1648.3965579081134,-203.7036343292957,0.30423223022821755,-3.0,-1.0,-4.0,-0.3999999999999999,-0.30000000000000004,-0.19999999999999996,1.4000000000000004,0.20000000000000018,2.0,-17.0
laliga_102446,2026/27,20,2027-01-17,,,racing_santander,Racing de Santander,R. Racing Club,osasuna,CA Osasuna,CA Osasuna,scheduled,1.0,0.0,1.0,,1.0,1.0,1.0,1.0,154.0,154.0,1.0,0.0,2.2,0.6,0.4,2.4,1.0,1.4,6.6,3.8,2.1,2.6,1.5,1.1,2.6,0.8,3.6,1.2,9.6,1.0,0.0,1.0,1.0,0.0,9.0,0.2,0.0,0.2,1.0,1.8,-0.8,4.8,5.0,0.6,1.1,1.6,-0.5,0.4,0.0,1.0,1.6,3.8,1.0,0.0,1.0,1.0,0.0,7.0,1472.0458122501277,1475.1776147281585,-3.1318024780307496,0.5811168030332075,0.0,0.0,0.0,2.0,1.5,2.2,1.7999999999999998,2.2,0.0,-2.0
laliga_102447,2026/27,20,2027-01-17,,,vallecano,Rayo Vallecano,Rayo Vallecano,sevilla,Sevilla FC,Sevilla FC,scheduled,0.0,0.0,,,1.0,1.0,1.0,1.0,153.0,153.0,0.0,0.0,1.6,0.4,0.4,1.2,0.8,0.3999999999999999,4.8,5.2,1.8,1.3,1.0,0.30000000000000004,2.2,0.6,1.6,0.8,6.4,0.0,0.0,0.0,1.0,-1.0,18.0,1.8,0.6,0.0,1.2,1.0,0.19999999999999996,4.8,3.0,1.5,1.0,1.1,-0.10000000000000009,0.6,0.2,0.8,1.6,1.8,3.0,1.0,1.0,0.0,1.0,6.0,1509.2179749726135,1476.9765509889498,32.24142398366371,0.629712659600856,-3.0,-1.0,-2.0,-0.19999999999999996,0.30000000000000004,0.19999999999999996,0.0,1.6,0.0,-12.0
laliga_102448,2026/27,20,2027-01-17,,,villarreal,Villarreal CF,Villarreal CF,alaves,Deportivo Alavés,Deportivo Alavés,scheduled,0.0,0.0,,,1.0,1.0,1.0,1.0,154.0,155.0,0.0,0.0,1.0,0.2,0.4,1.8,1.6,0.19999999999999996,4.0,5.6,1.5,1.9,1.3,0.5999999999999999,2.4,0.8,3.4,1.4,6.8,1.0,0.0,1.0,1.0,0.0,12.0,2.0,0.6,0.2,1.0,0.6,0.4,4.6,2.8,1.5,1.5,1.5,0.0,1.6,0.4,2.0,1.8,3.6,3.0,1.0,1.0,0.0,1.0,5.0,1576.0674602752981,1489.7769840697529,86.29047620554525,0.6989106142996735,-2.0,-1.0,-1.0,-1.0,0.0,-0.20000000000000007,-0.5999999999999996,0.7999999999999998,-1.0,-7.0
laliga_102449,2026/27,21,2027-01-24,,,alaves,Deportivo Alavés,Deportivo Alavés,barcelona,FC Barcelona,FC Barcelona,scheduled,0.0,0.0,,,1.0,1.0,1.0,1.0,162.0,161.0,0.0,0.0,2.0,0.6,0.2,1.0,0.6,0.4,4.6,2.8,1.5,1.5,1.5,0.0,1.8,0.6,1.4,1.4,5.2,3.0,1.0,1.0,0.0,1.0,5.0,1.8,0.6,0.0,1.6,1.2,0.40000000000000013,5.4,3.0,2.4,1.9,0.9,0.9999999999999999,1.8,0.6,1.4,1.2,4.0,3.0,1.0,2.0,1.0,1.0,3.0,1489.7769840697529,1674.1910013311833,-184.41401726143044,0.3282337008246641,0.0,0.0,0.0,0.19999999999999996,-0.8999999999999999,-1.1102230246251565e-16,-0.8000000000000007,0.0,1.0,-2.0
laliga_102450,2026/27,21,2027-01-24,,,athletic_bilbao,Athletic Club,Athletic Club,levante,Levante UD,Levante UD,scheduled,0.0,0.0,,,1.0,1.0,1.0,1.0,161.0,161.0,0.0,0.0,0.2,0.0,0.2,0.8,2.0,-1.2,4.4,5.0,0.7,1.2,1.9,-0.7,1.4,0.4,1.0,1.0,5.4,0.0,0.0,1.0,2.0,-1.0,15.0,2.4,0.8,0.0,2.2,1.4,0.8000000000000003,6.6,4.6,1.9,1.5,1.4,0.10000000000000009,1.4,0.4,1.4,2.0,5.0,3.0,1.0,2.0,1.0,1.0,4.0,1491.6715194353978,1495.6660200246226,-3.994500589224799,0.579907472528298,-3.0,-1.0,-2.0,-2.1999999999999997,-1.2,-2.0,-2.1999999999999993,0.0,0.0,-11.0
laliga_102451,2026/27,21,2027-01-24,,,deportivo,RC Deportivo,RC Deportivo,atletico_madrid,Atlético de Madrid,Atlético de Madrid,scheduled,1.0,0.0,2.0,,1.0,1.0,1.0,1.0,161.0,162.0,1.0,0.0,2.0,0.6,0.2,1.2,0.6,0.6,4.6,2.2,1.9,1.4,0.8,0.5999999999999999,2.0,0.6,1.6,1.0,4.4,1.0,0.0,0.0,0.0,0.0,14.0,1.8,0.6,0.0,1.2,1.4,-0.19999999999999996,4.4,5.4,1.5,1.5,1.6,-0.10000000000000009,1.2,0.4,1.6,2.2,3.6,3.0,1.0,2.0,0.0,2.0,1.0,1454.018319934787,1577.3708957161211,-123.35257578133405,0.40982551331378936,-2.0,-1.0,-2.0,0.19999999999999996,0.3999999999999999,0.7999999999999999,0.1999999999999993,0.8,-1.0,-13.0
laliga_102452,2026/27,21,2027-01-24,,,elche,Elche CF,Elche CF,vallecano,Rayo Vallecano,Rayo Vallecano,scheduled,0.0,0.0,,,1.0,1.0,1.0,1.0,161.0,160.0,0.0,0.0,1.2,0.2,0.6,0.8,0.8,0.0,2.6,4.0,1.5,1.1,1.1,0.0,2.6,0.8,1.6,0.8,4.0,1.0,0.0,0.0,0.0,0.0,13.0,1.6,0.4,0.4,1.2,0.8,0.3999999999999999,4.8,5.2,1.8,1.3,1.0,0.30000000000000004,1.4,0.4,1.0,1.2,4.2,0.0,0.0,0.0,1.0,-1.0,18.0,1476.5295389929652,1509.2179749726135,-32.688435979648375,0.5392237406429051,1.0,0.0,1.0,-0.40000000000000013,-0.30000000000000004,-0.3999999999999999,-2.1999999999999997,1.2000000000000002,1.0,5.0
laliga_102453,2026/27,21,2027-01-24,,,espanyol,RCD Espanyol,RCD Espanyol de Barcelona,villarreal,Villarreal CF,Villarreal CF,scheduled,0.0,0.0,,,1.0,1.0,1.0,1.0,161.0,161.0,0.0,0.0,1.4,0.4,0.2,1.4,1.2,0.19999999999999996,4.8,5.4,0.9,0.8,1.3,-0.5,1.0,0.2,0.8,1.0,4.4,0.0,0.0,1.0,2.0,-1.0,16.0,1.0,0.2,0.4,1.8,1.6,0.19999999999999996,4.0,5.6,1.5,1.9,1.3,0.5999999999999999,1.2,0.2,1.0,1.2,3.4,1.0,0.0,1.0,1.0,0.0,12.0,1458.4914947689454,1576.0674602752981,-117.57596550635276,0.4178917742240427,-1.0,0.0,-1.0,0.3999999999999999,-0.6,0.0,0.7999999999999998,-0.19999999999999996,0.0,-4.0
laliga_102454,2026/27,21,2027-01-24,,,getafe,Getafe CF,Getafe CF,osasuna,CA Osasuna,CA Osasuna,scheduled,0.0,0.0,,,1.0,1.0,1.0,1.0,162.0,161.0,0.0,0.0,1.4,0.4,0.2,0.8,0.6,0.20000000000000007,2.6,3.6,1.3,0.7,0.8,-0.10000000000000009,1.8,0.6,1.2,1.0,3.2,0.0,0.0,0.0,1.0,-1.0,17.0,0.2,0.0,0.2,1.0,1.8,-0.8,4.8,5.0,0.6,1.1,1.6,-0.5,0.4,0.0,1.0,1.6,3.8,1.0,0.0,1.0,1.0,0.0,7.0,1484.1941859972617,1475.1776147281585,9.016571269103224,0.5980366971270455,-1.0,0.0,-1.0,1.2,0.7000000000000001,1.0,-2.1999999999999997,1.4,1.0,-10.0
laliga_102455,2026/27,21,2027-01-24,,,racing_santander,Racing de Santander,R. Racing Club,celta,RC Celta,RC Celta,scheduled,1.0,0.0,1.0,,1.0,1.0,1.0,1.0,161.0,161.0,1.0,0.0,2.2,0.6,0.4,2.4,1.0,1.4,6.6,3.8,2.1,2.6,1.5,1.1,2.6,0.8,3.6,1.2,9.6,1.0,0.0,1.0,1.0,0.0,9.0,1.6,0.4,0.4,1.2,1.0,0.19999999999999996,3.0,4.8,1.4,1.3,1.4,-0.09999999999999987,1.4,0.4,1.2,1.2,2.8,1.0,0.0,1.0,1.0,0.0,8.0,1472.0458122501277,1517.6410813362293,-45.59526908610155,0.5207182043858147,0.0,0.0,0.0,0.6000000000000001,0.7000000000000002,1.2,3.5999999999999996,1.2000000000000002,0.0,-1.0
laliga_102456,2026/27,21,2027-01-24,,,real_madrid,Real Madrid,Real Madrid,betis,Real Betis,Real Betis,scheduled,0.0,0.0,,,1.0,1.0,1.0,1.0,160.0,160.0,0.0,0.0,2.4,0.8,0.0,1.8,0.8,1.0,4.6,3.6,2.0,1.6,0.9,0.7000000000000001,2.6,0.8,2.2,0.8,7.6,3.0,1.0,2.0,0.0,2.0,2.0,1.6,0.4,0.4,1.6,1.6,0.0,5.4,5.6,1.7,1.6,1.2,0.40000000000000013,1.2,0.2,1.6,1.8,3.6,1.0,0.0,1.0,1.0,0.0,10.0,1648.3965579081134,1555.7914399878646,92.60511792024886,0.706504170203738,2.0,1.0,2.0,0.7999999999999998,0.30000000000000004,1.0,-0.8000000000000007,1.4000000000000001,0.0,8.0
laliga_102457,2026/27,21,2027-01-24,,,real_sociedad,Real Sociedad,Real Sociedad,malaga,Málaga CF,Málaga CF,scheduled,0.0,1.0,,4.0,1.0,1.0,1.0,1.0,160.0,162.0,0.0,1.0,0.6,0.0,0.6,1.4,2.0,-0.6000000000000001,3.4,6.0,0.8,1.5,1.8,-0.30000000000000004,1.0,0.2,2.0,2.0,4.4,0.0,0.0,0.0,2.0,-2.0,20.0,2.0,0.6,0.2,1.8,1.0,0.8,6.0,4.8,1.7,2.0,1.4,0.6000000000000001,1.8,0.6,2.4,1.6,5.8,0.0,0.0,0.0,2.0,-2.0,19.0,1485.009899854388,1444.6929235788177,40.31697627557037,0.6404852612149194,0.0,0.0,0.0,-1.4,-0.8999999999999999,-1.4000000000000001,-2.6,-0.8,-2.0,-1.0
laliga_102458,2026/27,21,2027-01-24,,,valencia,Valencia CF,Valencia CF,sevilla,Sevilla FC,Sevilla FC,scheduled,0.0,0.0,,,1.0,1.0,1.0,1.0,160.0,160.0,0.0,0.0,2.2,0.6,0.4,2.0,1.2,0.8,4.4,3.6,1.5,1.5,1.4,0.10000000000000009,1.6,0.4,1.4,1.2,3.2,1.0,0.0,1.0,1.0,0.0,11.0,1.8,0.6,0.0,1.2,1.0,0.19999999999999996,4.8,3.0,1.5,1.0,1.1,-0.10000000000000009,0.6,0.2,0.8,1.6,1.8,3.0,1.0,1.0,0.0,1.0,6.0,1512.288071947149,1476.9765509889498,35.31152095819925,0.6338239993345479,-2.0,-1.0,-1.0,0.40000000000000013,0.0,0.6000000000000001,-0.39999999999999947,1.0,0.0,-5.0
laliga_102459,2026/27,22,2027-01-31,,,atletico_madrid,Atlético de Madrid,Atlético de Madrid,espanyol,RCD Espanyol,RCD Espanyol de Barcelona,scheduled,0.0,0.0,,,1.0,1.0,1.0,1.0,169.0,168.0,0.0,0.0,1.8,0.6,0.0,1.2,1.4,-0.19999999999999996,4.4,5.4,1.5,1.5,1.6,-0.10000000000000009,1.8,0.6,1.4,1.0,4.0,3.0,1.0,2.0,0.0,2.0,1.0,1.4,0.4,0.2,1.4,1.2,0.19999999999999996,4.8,5.4,0.9,0.8,1.3,-0.5,0.8,0.2,0.8,1.6,3.0,0.0,0.0,1.0,2.0,-1.0,16.0,1577.3708957161211,1458.4914947689454,118.87940094717578,0.7368601745558543,3.0,1.0,3.0,0.40000000000000013,0.6,-0.3999999999999999,-0.39999999999999947,1.0,1.0,15.0
laliga_102460,2026/27,22,2027-01-31,,,betis,Real Betis,Real Betis,elche,Elche CF,Elche CF,scheduled,0.0,0.0,,,1.0,1.0,1.0,1.0,167.0,168.0,0.0,0.0,1.6,0.4,0.4,1.6,1.6,0.0,5.4,5.6,1.7,1.6,1.2,0.40000000000000013,2.2,0.6,1.6,0.6,6.0,1.0,0.0,1.0,1.0,0.0,10.0,1.2,0.2,0.6,0.8,0.8,0.0,2.6,4.0,1.5,1.1,1.1,0.0,1.0,0.2,1.0,1.4,2.6,1.0,0.0,0.0,0.0,0.0,13.0,1555.7914399878646,1476.5295389929652,79.2619009948994,0.6903285919409149,0.0,0.0,0.0,0.40000000000000013,0.19999999999999996,0.0,2.8000000000000003,1.2000000000000002,-1.0,3.0
laliga_102461,2026/27,22,2027-01-31,,,celta,RC Celta,RC Celta,getafe,Getafe CF,Getafe CF,scheduled,0.0,0.0,,,1.0,1.0,1.0,1.0,168.0,169.0,0.0,0.0,1.6,0.4,0.4,1.2,1.0,0.19999999999999996,3.0,4.8,1.4,1.3,1.4,-0.09999999999999987,1.4,0.4,1.4,1.6,4.4,1.0,0.0,1.0,1.0,0.0,8.0,1.4,0.4,0.2,0.8,0.6,0.20000000000000007,2.6,3.6,1.3,0.7,0.8,-0.10000000000000009,0.8,0.2,0.2,0.6,1.4,0.0,0.0,0.0,1.0,-1.0,17.0,1517.6410813362293,1484.1941859972617,33.44689533896758,0.631329255242389,1.0,0.0,1.0,0.20000000000000018,0.09999999999999987,-1.1102230246251565e-16,0.3999999999999999,0.5999999999999999,-1.0,9.0
laliga_102462,2026/27,22,2027-01-31,,,barcelona,FC Barcelona,FC Barcelona,valencia,Valencia CF,Valencia CF,scheduled,0.0,0.0,,,1.0,1.0,1.0,1.0,168.0,167.0,0.0,0.0,1.8,0.6,0.0,1.6,1.2,0.40000000000000013,5.4,3.0,2.4,1.9,0.9,0.9999999999999999,3.0,1.0,2.4,0.6,7.2,3.0,1.0,2.0,1.0,1.0,3.0,2.2,0.6,0.4,2.0,1.2,0.8,4.4,3.6,1.5,1.5,1.4,0.10000000000000009,2.0,0.6,1.6,1.0,4.8,1.0,0.0,1.0,1.0,0.0,11.0,1674.1910013311833,1512.288071947149,161.90292938403422,0.782002772859928,2.0,1.0,1.0,-0.40000000000000013,0.8999999999999999,-0.3999999999999999,1.0,1.0,1.0,8.0
laliga_102463,2026/27,22,2027-01-31,,,levante,Levante UD,Levante UD,real_sociedad,Real Sociedad,Real Sociedad,scheduled,0.0,0.0,,,1.0,1.0,1.0,1.0,168.0,167.0,0.0,0.0,2.4,0.8,0.0,2.2,1.4,0.8000000000000003,6.6,4.6,1.9,1.5,1.4,0.10000000000000009,3.0,1.0,2.4,0.8,6.0,3.0,1.0,2.0,1.0,1.0,4.0,0.6,0.0,0.6,1.4,2.0,-0.6000000000000001,3.4,6.0,0.8,1.5,1.8,-0.30000000000000004,0.6,0.0,1.0,1.6,3.2,0.0,0.0,0.0,2.0,-2.0,20.0,1495.6660200246226,1485.009899854388,10.656120170234544,0.6003033730804382,3.0,1.0,3.0,1.7999999999999998,1.0999999999999999,1.4000000000000004,3.1999999999999997,2.4,1.0,16.0
laliga_102464,2026/27,22,2027-01-31,,,malaga,Málaga CF,Málaga CF,alaves,Deportivo Alavés,Deportivo Alavés,scheduled,1.0,0.0,4.0,,1.0,1.0,1.0,1.0,169.0,169.0,1.0,0.0,2.0,0.6,0.2,1.8,1.0,0.8,6.0,4.8,1.7,2.0,1.4,0.6000000000000001,1.6,0.4,1.4,1.0,6.2,0.0,0.0,0.0,2.0,-2.0,19.0,2.0,0.6,0.2,1.0,0.6,0.4,4.6,2.8,1.5,1.5,1.5,0.0,1.6,0.4,2.0,1.8,3.6,3.0,1.0,1.0,0.0,1.0,5.0,1444.6929235788177,1489.7769840697529,-45.084060490935144,0.5214525842292712,-3.0,-1.0,-3.0,0.0,0.19999999999999996,0.4,1.4000000000000004,0.0,0.0,-14.0
laliga_102465,2026/27,22,2027-01-31,,,osasuna,CA Osasuna,CA Osasuna,deportivo,RC Deportivo,RC Deportivo,scheduled,0.0,1.0,,2.0,1.0,1.0,1.0,1.0,168.0,168.0,0.0,1.0,0.2,0.0,0.2,1.0,1.8,-0.8,4.8,5.0,0.6,1.1,1.6,-0.5,0.8,0.2,1.2,1.6,5.6,1.0,0.0,1.0,1.0,0.0,7.0,2.0,0.6,0.2,1.2,0.6,0.6,4.6,2.2,1.9,1.4,0.8,0.5999999999999999,1.8,0.4,1.2,0.6,4.0,1.0,0.0,0.0,0.0,0.0,14.0,1475.1776147281585,1454.018319934787,21.159294793371373,0.614718559772692,0.0,0.0,0.0,-1.8,-1.2999999999999998,-1.4,0.20000000000000018,-1.0,0.0,7.0
laliga_102466,2026/27,22,2027-01-31,,,vallecano,Rayo Vallecano,Rayo Vallecano,real_madrid,Real Madrid,Real Madrid,scheduled,0.0,0.0,,,1.0,1.0,1.0,1.0,167.0,167.0,0.0,0.0,1.6,0.4,0.4,1.2,0.8,0.3999999999999999,4.8,5.2,1.8,1.3,1.0,0.30000000000000004,2.2,0.6,1.6,0.8,6.4,0.0,0.0,0.0,1.0,-1.0,18.0,2.4,0.8,0.0,1.8,0.8,1.0,4.6,3.6,2.0,1.6,0.9,0.7000000000000001,1.4,0.4,1.0,1.0,4.2,3.0,1.0,2.0,0.0,2.0,2.0,1509.2179749726135,1648.3965579081134,-139.1785829354999,0.38798536830206143,-3.0,-1.0,-3.0,-0.7999999999999998,-0.19999999999999996,-0.6000000000000001,0.20000000000000018,0.8000000000000003,0.0,-16.0
laliga_102467,2026/27,22,2027-01-31,,,sevilla,Sevilla FC,Sevilla FC,athletic_bilbao,Athletic Club,Athletic Club,scheduled,0.0,0.0,,,1.0,1.0,1.0,1.0,167.0,168.0,0.0,0.0,1.8,0.6,0.0,1.2,1.0,0.19999999999999996,4.8,3.0,1.5,1.0,1.1,-0.10000000000000009,2.4,0.8,1.2,0.6,4.8,3.0,1.0,1.0,0.0,1.0,6.0,0.2,0.0,0.2,0.8,2.0,-1.2,4.4,5.0,0.7,1.2,1.9,-0.7,0.6,0.2,1.8,2.6,3.4,0.0,0.0,1.0,2.0,-1.0,15.0,1476.9765509889498,1491.6715194353978,-14.694968446448001,0.564832134539526,3.0,1.0,2.0,1.6,0.8,1.4,0.39999999999999947,1.7999999999999998,-1.0,9.0
laliga_102468,2026/27,22,2027-01-31,,,villarreal,Villarreal CF,Villarreal CF,racing_santander,Racing de Santander,R. Racing Club,scheduled,0.0,1.0,,1.0,1.0,1.0,1.0,1.0,168.0,168.0,0.0,1.0,1.0,0.2,0.4,1.8,1.6,0.19999999999999996,4.0,5.6,1.5,1.9,1.3,0.5999999999999999,2.4,0.8,3.4,1.4,6.8,1.0,0.0,1.0,1.0,0.0,12.0,2.2,0.6,0.4,2.4,1.0,1.4,6.6,3.8,2.1,2.6,1.5,1.1,1.6,0.4,1.6,1.8,6.4,1.0,0.0,1.0,1.0,0.0,9.0,1576.0674602752981,1472.0458122501277,104.0216480251704,0.7199441322943986,0.0,0.0,0.0,-1.2000000000000002,-0.6000000000000001,-1.2,-2.5999999999999996,0.7999999999999998,0.0,-3.0
laliga_102469,2026/27,23,2027-02-07,,,alaves,Deportivo Alavés,Deportivo Alavés,celta,RC Celta,RC Celta,scheduled,0.0,0.0,,,1.0,1.0,1.0,1.0,176.0,175.0,0.0,0.0,2.0,0.6,0.2,1.0,0.6,0.4,4.6,2.8,1.5,1.5,1.5,0.0,1.8,0.6,1.4,1.4,5.2,3.0,1.0,1.0,0.0,1.0,5.0,1.6,0.4,0.4,1.2,1.0,0.19999999999999996,3.0,4.8,1.4,1.3,1.4,-0.09999999999999987,1.4,0.4,1.2,1.2,2.8,1.0,0.0,1.0,1.0,0.0,8.0,1489.7769840697529,1517.6410813362293,-27.864097266476392,0.5461158457866491,2.0,1.0,1.0,0.3999999999999999,0.10000000000000009,0.20000000000000007,1.5999999999999996,0.40000000000000013,1.0,3.0
laliga_102470,2026/27,23,2027-02-07,,,athletic_bilbao,Athletic Club,Athletic Club,osasuna,CA Osasuna,CA Osasuna,scheduled,0.0,0.0,,,1.0,1.0,1.0,1.0,175.0,175.0,0.0,0.0,0.2,0.0,0.2,0.8,2.0,-1.2,4.4,5.0,0.7,1.2,1.9,-0.7,1.4,0.4,1.0,1.0,5.4,0.0,0.0,1.0,2.0,-1.0,15.0,0.2,0.0,0.2,1.0,1.8,-0.8,4.8,5.0,0.6,1.1,1.6,-0.5,0.4,0.0,1.0,1.6,3.8,1.0,0.0,1.0,1.0,0.0,7.0,1491.6715194353978,1475.1776147281585,16.49390470723938,0.6083386876510164,-1.0,0.0,-1.0,0.0,0.09999999999999998,-0.3999999999999999,-0.39999999999999947,0.9999999999999999,0.0,-8.0
laliga_102471,2026/27,23,2027-02-07,,,betis,Real Betis,Real Betis,sevilla,Sevilla FC,Sevilla FC,scheduled,0.0,0.0,,,1.0,1.0,1.0,1.0,174.0,174.0,0.0,0.0,1.6,0.4,0.4,1.6,1.6,0.0,5.4,5.6,1.7,1.6,1.2,0.40000000000000013,2.2,0.6,1.6,0.6,6.0,1.0,0.0,1.0,1.0,0.0,10.0,1.8,0.6,0.0,1.2,1.0,0.19999999999999996,4.8,3.0,1.5,1.0,1.1,-0.10000000000000009,0.6,0.2,0.8,1.6,1.8,3.0,1.0,1.0,0.0,1.0,6.0,1555.7914399878646,1476.9765509889498,78.81488899891474,0.6897782351169216,-2.0,-1.0,-1.0,-0.19999999999999996,0.19999999999999996,-0.19999999999999996,0.6000000000000005,1.6,0.0,-4.0
laliga_102472,2026/27,23,2027-02-07,,,deportivo,RC Deportivo,RC Deportivo,malaga,Málaga CF,Málaga CF,scheduled,1.0,1.0,2.0,4.0,1.0,1.0,1.0,1.0,175.0,176.0,1.0,1.0,2.0,0.6,0.2,1.2,0.6,0.6,4.6,2.2,1.9,1.4,0.8,0.5999999999999999,2.0,0.6,1.6,1.0,4.4,1.0,0.0,0.0,0.0,0.0,14.0,2.0,0.6,0.2,1.8,1.0,0.8,6.0,4.8,1.7,2.0,1.4,0.6000000000000001,1.8,0.6,2.4,1.6,5.8,0.0,0.0,0.0,2.0,-2.0,19.0,1454.018319934787,1444.6929235788177,9.32539635596936,0.5984639713684164,1.0,0.0,2.0,0.0,0.19999999999999996,-0.20000000000000007,-1.4000000000000004,0.19999999999999996,-1.0,5.0
laliga_102473,2026/27,23,2027-02-07,,,elche,Elche CF,Elche CF,levante,Levante UD,Levante UD,scheduled,0.0,0.0,,,1.0,1.0,1.0,1.0,175.0,175.0,0.0,0.0,1.2,0.2,0.6,0.8,0.8,0.0,2.6,4.0,1.5,1.1,1.1,0.0,2.6,0.8,1.6,0.8,4.0,1.0,0.0,0.0,0.0,0.0,13.0,2.4,0.8,0.0,2.2,1.4,0.8000000000000003,6.6,4.6,1.9,1.5,1.4,0.10000000000000009,1.4,0.4,1.4,2.0,5.0,3.0,1.0,2.0,1.0,1.0,4.0,1476.5295389929652,1495.6660200246226,-19.136481031657468,0.5585376583968604,-2.0,-1.0,-1.0,-1.2,-0.3999999999999999,-0.8000000000000003,-3.9999999999999996,1.2000000000000002,0.0,-9.0
laliga_102474,2026/27,23,2027-02-07,,,espanyol,RCD Espanyol,RCD Espanyol de Barcelona,vallecano,Rayo Vallecano,Rayo Vallecano,scheduled,0.0,0.0,,,1.0,1.0,1.0,1.0,175.0,174.0,0.0,0.0,1.4,0.4,0.2,1.4,1.2,0.19999999999999996,4.8,5.4,0.9,0.8,1.3,-0.5,1.0,0.2,0.8,1.0,4.4,0.0,0.0,1.0,2.0,-1.0,16.0,1.6,0.4,0.4,1.2,0.8,0.3999999999999999,4.8,5.2,1.8,1.3,1.0,0.30000000000000004,1.4,0.4,1.0,1.2,4.2,0.0,0.0,0.0,1.0,-1.0,18.0,1458.4914947689454,1509.2179749726135,-50.72648020366819,0.5133424994064237,0.0,0.0,0.0,-0.20000000000000018,-0.9,-0.19999999999999996,0.0,-0.3999999999999999,1.0,2.0
laliga_102475,2026/27,23,2027-02-07,,,barcelona,FC Barcelona,FC Barcelona,atletico_madrid,Atlético de Madrid,Atlético de Madrid,scheduled,0.0,0.0,,,1.0,1.0,1.0,1.0,175.0,176.0,0.0,0.0,1.8,0.6,0.0,1.6,1.2,0.40000000000000013,5.4,3.0,2.4,1.9,0.9,0.9999999999999999,3.0,1.0,2.4,0.6,7.2,3.0,1.0,2.0,1.0,1.0,3.0,1.8,0.6,0.0,1.2,1.4,-0.19999999999999996,4.4,5.4,1.5,1.5,1.6,-0.10000000000000009,1.2,0.4,1.6,2.2,3.6,3.0,1.0,2.0,0.0,2.0,1.0,1674.1910013311833,1577.3708957161211,96.82010561506218,0.7115100091824477,0.0,0.0,-1.0,0.0,0.8999999999999999,0.6000000000000001,1.0,1.8,-1.0,-2.0
laliga_102476,2026/27,23,2027-02-07,,,getafe,Getafe CF,Getafe CF,villarreal,Villarreal CF,Villarreal CF,scheduled,0.0,0.0,,,1.0,1.0,1.0,1.0,176.0,175.0,0.0,0.0,1.4,0.4,0.2,0.8,0.6,0.20000000000000007,2.6,3.6,1.3,0.7,0.8,-0.10000000000000009,1.8,0.6,1.2,1.0,3.2,0.0,0.0,0.0,1.0,-1.0,17.0,1.0,0.2,0.4,1.8,1.6,0.19999999999999996,4.0,5.6,1.5,1.9,1.3,0.5999999999999999,1.2,0.2,1.0,1.2,3.4,1.0,0.0,1.0,1.0,0.0,12.0,1484.1941859972617,1576.0674602752981,-91.87327427803643,0.4542589178742496,-1.0,0.0,-1.0,0.3999999999999999,-0.19999999999999996,1.1102230246251565e-16,-1.4,0.6000000000000001,1.0,-5.0
laliga_102477,2026/27,23,2027-02-07,,,real_sociedad,Real Sociedad,Real Sociedad,real_madrid,Real Madrid,Real Madrid,scheduled,0.0,0.0,,,1.0,1.0,1.0,1.0,174.0,174.0,0.0,0.0,0.6,0.0,0.6,1.4,2.0,-0.6000000000000001,3.4,6.0,0.8,1.5,1.8,-0.30000000000000004,1.0,0.2,2.0,2.0,4.4,0.0,0.0,0.0,2.0,-2.0,20.0,2.4,0.8,0.0,1.8,0.8,1.0,4.6,3.6,2.0,1.6,0.9,0.7000000000000001,1.4,0.4,1.0,1.0,4.2,3.0,1.0,2.0,0.0,2.0,2.0,1485.009899854388,1648.3965579081134,-163.38665805372534,0.35545603978648715,-3.0,-1.0,-4.0,-1.7999999999999998,-1.2,-1.6,-1.1999999999999997,-0.3999999999999999,0.0,-18.0
laliga_102478,2026/27,23,2027-02-07,,,valencia,Valencia CF,Valencia CF,racing_santander,Racing de Santander,R. Racing Club,scheduled,0.0,1.0,,1.0,1.0,1.0,1.0,1.0,174.0,175.0,0.0,1.0,2.2,0.6,0.4,2.0,1.2,0.8,4.4,3.6,1.5,1.5,1.4,0.10000000000000009,1.6,0.4,1.4,1.2,3.2,1.0,0.0,1.0,1.0,0.0,11.0,2.2,0.6,0.4,2.4,1.0,1.4,6.6,3.8,2.1,2.6,1.5,1.1,1.6,0.4,1.6,1.8,6.4,1.0,0.0,1.0,1.0,0.0,9.0,1512.288071947149,1472.0458122501277,40.24225969702138,0.6403862179954336,0.0,0.0,0.0,0.0,-0.6000000000000001,-0.5999999999999999,-2.1999999999999993,0.0,-1.0,-2.0
laliga_102479,2026/27,24,2027-02-14,,,celta,RC Celta,RC Celta,vallecano,Rayo Vallecano,Rayo Vallecano,scheduled,0.0,0.0,,,1.0,1.0,1.0,1.0,182.0,181.0,0.0,0.0,1.6,0.4,0.4,1.2,1.0,0.19999999999999996,3.0,4.8,1.4,1.3,1.4,-0.09999999999999987,1.4,0.4,1.4,1.6,4.4,1.0,0.0,1.0,1.0,0.0,8.0,1.6,0.4,0.4,1.2,0.8,0.3999999999999999,4.8,5.2,1.8,1.3,1.0,0.30000000000000004,1.4,0.4,1.0,1.2,4.2,0.0,0.0,0.0,1.0,-1.0,18.0,1517.6410813362293,1509.2179749726135,8.423106363615716,0.5972151924600747,1.0,0.0,1.0,0.0,-0.40000000000000013,-0.19999999999999996,-1.7999999999999998,0.0,1.0,10.0
laliga_102480,2026/27,24,2027-02-14,,,elche,Elche CF,Elche CF,deportivo,RC Deportivo,RC Deportivo,scheduled,0.0,1.0,,2.0,1.0,1.0,1.0,1.0,182.0,182.0,0.0,1.0,1.2,0.2,0.6,0.8,0.8,0.0,2.6,4.0,1.5,1.1,1.1,0.0,2.6,0.8,1.6,0.8,4.0,1.0,0.0,0.0,0.0,0.0,13.0,2.0,0.6,0.2,1.2,0.6,0.6,4.6,2.2,1.9,1.4,0.8,0.5999999999999999,1.8,0.4,1.2,0.6,4.0,1.0,0.0,0.0,0.0,0.0,14.0,1476.5295389929652,1454.018319934787,22.511219058178085,0.6165600640449496,0.0,0.0,0.0,-0.8,-0.3999999999999999,-0.6,-1.9999999999999996,0.8,0.0,1.0
laliga_102481,2026/27,24,2027-02-14,,,levante,Levante UD,Levante UD,malaga,Málaga CF,Málaga CF,scheduled,0.0,1.0,,4.0,1.0,1.0,1.0,1.0,182.0,183.0,0.0,1.0,2.4,0.8,0.0,2.2,1.4,0.8000000000000003,6.6,4.6,1.9,1.5,1.4,0.10000000000000009,3.0,1.0,2.4,0.8,6.0,3.0,1.0,2.0,1.0,1.0,4.0,2.0,0.6,0.2,1.8,1.0,0.8,6.0,4.8,1.7,2.0,1.4,0.6000000000000001,1.8,0.6,2.4,1.6,5.8,0.0,0.0,0.0,2.0,-2.0,19.0,1495.6660200246226,1444.6929235788177,50.97309644580491,0.6544849739436719,3.0,1.0,3.0,0.3999999999999999,0.19999999999999996,2.220446049250313e-16,0.5999999999999996,1.2,-1.0,15.0
laliga_102482,2026/27,24,2027-02-14,,,osasuna,CA Osasuna,CA Osasuna,atletico_madrid,Atlético de Madrid,Atlético de Madrid,scheduled,0.0,0.0,,,1.0,1.0,1.0,1.0,182.0,183.0,0.0,0.0,0.2,0.0,0.2,1.0,1.8,-0.8,4.8,5.0,0.6,1.1,1.6,-0.5,0.8,0.2,1.2,1.6,5.6,1.0,0.0,1.0,1.0,0.0,7.0,1.8,0.6,0.0,1.2,1.4,-0.19999999999999996,4.4,5.4,1.5,1.5,1.6,-0.10000000000000009,1.2,0.4,1.6,2.2,3.6,3.0,1.0,2.0,0.0,2.0,1.0,1475.1776147281585,1577.3708957161211,-102.19328098796268,0.43957574492469315,-2.0,-1.0,-2.0,-1.6,-0.9,-0.6000000000000001,0.39999999999999947,-0.3999999999999999,-1.0,-6.0
laliga_102483,2026/27,24,2027-02-14,,,racing_santander,Racing de Santander,R. Racing Club,getafe,Getafe CF,Getafe CF,scheduled,1.0,0.0,1.0,,1.0,1.0,1.0,1.0,182.0,183.0,1.0,0.0,2.2,0.6,0.4,2.4,1.0,1.4,6.6,3.8,2.1,2.6,1.5,1.1,2.6,0.8,3.6,1.2,9.6,1.0,0.0,1.0,1.0,0.0,9.0,1.4,0.4,0.2,0.8,0.6,0.20000000000000007,2.6,3.6,1.3,0.7,0.8,-0.10000000000000009,0.8,0.2,0.2,0.6,1.4,0.0,0.0,0.0,1.0,-1.0,17.0,1472.0458122501277,1484.1941859972617,-12.148373747133974,0.5684318768764135,1.0,0.0,1.0,0.8000000000000003,0.8,1.1999999999999997,3.9999999999999996,1.8,-1.0,8.0
laliga_102484,2026/27,24,2027-02-14,,,real_madrid,Real Madrid,Real Madrid,athletic_bilbao,Athletic Club,Athletic Club,scheduled,0.0,0.0,,,1.0,1.0,1.0,1.0,181.0,182.0,0.0,0.0,2.4,0.8,0.0,1.8,0.8,1.0,4.6,3.6,2.0,1.6,0.9,0.7000000000000001,2.6,0.8,2.2,0.8,7.6,3.0,1.0,2.0,0.0,2.0,2.0,0.2,0.0,0.2,0.8,2.0,-1.2,4.4,5.0,0.7,1.2,1.9,-0.7,0.6,0.2,1.8,2.6,3.4,0.0,0.0,1.0,2.0,-1.0,15.0,1648.3965579081134,1491.6715194353978,156.7250384727156,0.7768788650184908,3.0,1.0,3.0,2.1999999999999997,1.3,2.2,0.1999999999999993,2.0,-1.0,13.0
laliga_102485,2026/27,24,2027-02-14,,,real_sociedad,Real Sociedad,Real Sociedad,betis,Real Betis,Real Betis,scheduled,0.0,0.0,,,1.0,1.0,1.0,1.0,181.0,181.0,0.0,0.0,0.6,0.0,0.6,1.4,2.0,-0.6000000000000001,3.4,6.0,0.8,1.5,1.8,-0.30000000000000004,1.0,0.2,2.0,2.0,4.4,0.0,0.0,0.0,2.0,-2.0,20.0,1.6,0.4,0.4,1.6,1.6,0.0,5.4,5.6,1.7,1.6,1.2,0.40000000000000013,1.2,0.2,1.6,1.8,3.6,1.0,0.0,1.0,1.0,0.0,10.0,1485.009899854388,1555.7914399878646,-70.78154013347648,0.48448909503440235,-1.0,0.0,-2.0,-1.0,-0.8999999999999999,-0.6000000000000001,-2.0000000000000004,-0.19999999999999996,0.0,-10.0
laliga_102486,2026/27,24,2027-02-14,,,sevilla,Sevilla FC,Sevilla FC,espanyol,RCD Espanyol,RCD Espanyol de Barcelona,scheduled,0.0,0.0,,,1.0,1.0,1.0,1.0,181.0,182.0,0.0,0.0,1.8,0.6,0.0,1.2,1.0,0.19999999999999996,4.8,3.0,1.5,1.0,1.1,-0.10000000000000009,2.4,0.8,1.2,0.6,4.8,3.0,1.0,1.0,0.0,1.0,6.0,1.4,0.4,0.2,1.4,1.2,0.19999999999999996,4.8,5.4,0.9,0.8,1.3,-0.5,0.8,0.2,0.8,1.6,3.0,0.0,0.0,1.0,2.0,-1.0,16.0,1476.9765509889498,1458.4914947689454,18.48505622000448,0.6110662356735062,3.0,1.0,2.0,0.40000000000000013,0.6,0.0,0.0,1.5999999999999999,-1.0,10.0
laliga_102487,2026/27,24,2027-02-14,,,valencia,Valencia CF,Valencia CF,alaves,Deportivo Alavés,Deportivo Alavés,scheduled,0.0,0.0,,,1.0,1.0,1.0,1.0,181.0,183.0,0.0,0.0,2.2,0.6,0.4,2.0,1.2,0.8,4.4,3.6,1.5,1.5,1.4,0.10000000000000009,1.6,0.4,1.4,1.2,3.2,1.0,0.0,1.0,1.0,0.0,11.0,2.0,0.6,0.2,1.0,0.6,0.4,4.6,2.8,1.5,1.5,1.5,0.0,1.6,0.4,2.0,1.8,3.6,3.0,1.0,1.0,0.0,1.0,5.0,1512.288071947149,1489.7769840697529,22.51108787739622,0.6165598855200962,-2.0,-1.0,-1.0,0.20000000000000018,0.0,0.4,-0.1999999999999993,0.0,-2.0,-6.0
laliga_102488,2026/27,24,2027-02-14,,,villarreal,Villarreal CF,Villarreal CF,barcelona,FC Barcelona,FC Barcelona,scheduled,0.0,0.0,,,1.0,1.0,1.0,1.0,182.0,182.0,0.0,0.0,1.0,0.2,0.4,1.8,1.6,0.19999999999999996,4.0,5.6,1.5,1.9,1.3,0.5999999999999999,2.4,0.8,3.4,1.4,6.8,1.0,0.0,1.0,1.0,0.0,12.0,1.8,0.6,0.0,1.6,1.2,0.40000000000000013,5.4,3.0,2.4,1.9,0.9,0.9999999999999999,1.8,0.6,1.4,1.2,4.0,3.0,1.0,2.0,1.0,1.0,3.0,1576.0674602752981,1674.1910013311833,-98.1235410558852,0.44535495286774973,-2.0,-1.0,-1.0,-0.8,-0.8999999999999999,-0.20000000000000018,-1.4000000000000004,0.5999999999999999,0.0,-9.0
laliga_102489,2026/27,25,2027-02-21,,,alaves,Deportivo Alavés,Deportivo Alavés,racing_santander,Racing de Santander,R. Racing Club,scheduled,0.0,1.0,,1.0,1.0,1.0,1.0,1.0,190.0,189.0,0.0,1.0,2.0,0.6,0.2,1.0,0.6,0.4,4.6,2.8,1.5,1.5,1.5,0.0,1.8,0.6,1.4,1.4,5.2,3.0,1.0,1.0,0.0,1.0,5.0,2.2,0.6,0.4,2.4,1.0,1.4,6.6,3.8,2.1,2.6,1.5,1.1,1.6,0.4,1.6,1.8,6.4,1.0,0.0,1.0,1.0,0.0,9.0,1489.7769840697529,1472.0458122501277,17.73117181962516,0.6100343464307448,2.0,1.0,1.0,-0.20000000000000018,-0.6000000000000001,-0.9999999999999999,-2.0,0.19999999999999996,1.0,4.0
laliga_102490,2026/27,25,2027-02-21,,,athletic_bilbao,Athletic Club,Athletic Club,celta,RC Celta,RC Celta,scheduled,0.0,0.0,,,1.0,1.0,1.0,1.0,189.0,189.0,0.0,0.0,0.2,0.0,0.2,0.8,2.0,-1.2,4.4,5.0,0.7,1.2,1.9,-0.7,1.4,0.4,1.0,1.0,5.4,0.0,0.0,1.0,2.0,-1.0,15.0,1.6,0.4,0.4,1.2,1.0,0.19999999999999996,3.0,4.8,1.4,1.3,1.4,-0.09999999999999987,1.4,0.4,1.2,1.2,2.8,1.0,0.0,1.0,1.0,0.0,8.0,1491.6715194353978,1517.6410813362293,-25.969561900831422,0.5488177226076172,-1.0,0.0,-1.0,-1.4000000000000001,-0.7,-1.4,1.4000000000000004,0.0,0.0,-7.0
laliga_102491,2026/27,25,2027-02-21,,,atletico_madrid,Atlético de Madrid,Atlético de Madrid,elche,Elche CF,Elche CF,scheduled,0.0,0.0,,,1.0,1.0,1.0,1.0,190.0,189.0,0.0,0.0,1.8,0.6,0.0,1.2,1.4,-0.19999999999999996,4.4,5.4,1.5,1.5,1.6,-0.10000000000000009,1.8,0.6,1.4,1.0,4.0,3.0,1.0,2.0,0.0,2.0,1.0,1.2,0.2,0.6,0.8,0.8,0.0,2.6,4.0,1.5,1.1,1.1,0.0,1.0,0.2,1.0,1.4,2.6,1.0,0.0,0.0,0.0,0.0,13.0,1577.3708957161211,1476.5295389929652,100.84135672315597,0.7162381261126421,2.0,1.0,2.0,0.6000000000000001,0.0,-0.19999999999999996,1.8000000000000003,0.8,1.0,12.0
laliga_102492,2026/27,25,2027-02-21,,,deportivo,RC Deportivo,RC Deportivo,real_sociedad,Real Sociedad,Real Sociedad,scheduled,1.0,0.0,2.0,,1.0,1.0,1.0,1.0,189.0,188.0,1.0,0.0,2.0,0.6,0.2,1.2,0.6,0.6,4.6,2.2,1.9,1.4,0.8,0.5999999999999999,2.0,0.6,1.6,1.0,4.4,1.0,0.0,0.0,0.0,0.0,14.0,0.6,0.0,0.6,1.4,2.0,-0.6000000000000001,3.4,6.0,0.8,1.5,1.8,-0.30000000000000004,0.6,0.0,1.0,1.6,3.2,0.0,0.0,0.0,2.0,-2.0,20.0,1454.018319934787,1485.009899854388,-30.99157991960101,0.5416497361280846,1.0,0.0,2.0,1.4,1.0999999999999999,1.2000000000000002,1.1999999999999997,1.4,1.0,6.0
laliga_102493,2026/27,25,2027-02-21,,,espanyol,RCD Espanyol,RCD Espanyol de Barcelona,osasuna,CA Osasuna,CA Osasuna,scheduled,0.0,0.0,,,1.0,1.0,1.0,1.0,189.0,189.0,0.0,0.0,1.4,0.4,0.2,1.4,1.2,0.19999999999999996,4.8,5.4,0.9,0.8,1.3,-0.5,1.0,0.2,0.8,1.0,4.4,0.0,0.0,1.0,2.0,-1.0,16.0,0.2,0.0,0.2,1.0,1.8,-0.8,4.8,5.0,0.6,1.1,1.6,-0.5,0.4,0.0,1.0,1.6,3.8,1.0,0.0,1.0,1.0,0.0,7.0,1458.4914947689454,1475.1776147281585,-16.6861199592131,0.562012750036614,-1.0,0.0,-1.0,1.2,0.30000000000000004,1.0,0.0,0.6,0.0,-9.0
laliga_102494,2026/27,25,2027-02-21,,,barcelona,FC Barcelona,FC Barcelona,levante,Levante UD,Levante UD,scheduled,0.0,0.0,,,1.0,1.0,1.0,1.0,189.0,189.0,0.0,0.0,1.8,0.6,0.0,1.6,1.2,0.40000000000000013,5.4,3.0,2.4,1.9,0.9,0.9999999999999999,3.0,1.0,2.4,0.6,7.2,3.0,1.0,2.0,1.0,1.0,3.0,2.4,0.8,0.0,2.2,1.4,0.8000000000000003,6.6,4.6,1.9,1.5,1.4,0.10000000000000009,1.4,0.4,1.4,2.0,5.0,3.0,1.0,2.0,1.0,1.0,4.0,1674.1910013311833,1495.6660200246226,178.52498130656068,0.7978741194583324,0.0,0.0,0.0,-0.5999999999999999,0.5,-0.40000000000000013,-1.1999999999999993,1.6,0.0,1.0
laliga_102495,2026/27,25,2027-02-21,,,malaga,Málaga CF,Málaga CF,betis,Real Betis,Real Betis,scheduled,1.0,0.0,4.0,,1.0,1.0,1.0,1.0,190.0,188.0,1.0,0.0,2.0,0.6,0.2,1.8,1.0,0.8,6.0,4.8,1.7,2.0,1.4,0.6000000000000001,1.6,0.4,1.4,1.0,6.2,0.0,0.0,0.0,2.0,-2.0,19.0,1.6,0.4,0.4,1.6,1.6,0.0,5.4,5.6,1.7,1.6,1.2,0.40000000000000013,1.2,0.2,1.6,1.8,3.6,1.0,0.0,1.0,1.0,0.0,10.0,1444.6929235788177,1555.7914399878646,-111.09851640904685,0.42698898937437957,-1.0,0.0,-2.0,0.3999999999999999,0.0,0.8,0.5999999999999996,0.40000000000000013,2.0,-9.0
laliga_102496,2026/27,25,2027-02-21,,,vallecano,Rayo Vallecano,Rayo Vallecano,getafe,Getafe CF,Getafe CF,scheduled,0.0,0.0,,,1.0,1.0,1.0,1.0,188.0,190.0,0.0,0.0,1.6,0.4,0.4,1.2,0.8,0.3999999999999999,4.8,5.2,1.8,1.3,1.0,0.30000000000000004,2.2,0.6,1.6,0.8,6.4,0.0,0.0,0.0,1.0,-1.0,18.0,1.4,0.4,0.2,0.8,0.6,0.20000000000000007,2.6,3.6,1.3,0.7,0.8,-0.10000000000000009,0.8,0.2,0.2,0.6,1.4,0.0,0.0,0.0,1.0,-1.0,17.0,1509.2179749726135,1484.1941859972617,25.023788975351863,0.6199736235878115,0.0,0.0,0.0,0.20000000000000018,0.5,0.19999999999999984,2.1999999999999997,1.4000000000000001,-2.0,-1.0
laliga_102497,2026/27,25,2027-02-21,,,sevilla,Sevilla FC,Sevilla FC,real_madrid,Real Madrid,Real Madrid,scheduled,0.0,0.0,,,1.0,1.0,1.0,1.0,188.0,188.0,0.0,0.0,1.8,0.6,0.0,1.2,1.0,0.19999999999999996,4.8,3.0,1.5,1.0,1.1,-0.10000000000000009,2.4,0.8,1.2,0.6,4.8,3.0,1.0,1.0,0.0,1.0,6.0,2.4,0.8,0.0,1.8,0.8,1.0,4.6,3.6,2.0,1.6,0.9,0.7000000000000001,1.4,0.4,1.0,1.0,4.2,3.0,1.0,2.0,0.0,2.0,2.0,1476.9765509889498,1648.3965579081134,-171.4200069191636,0.34493349884472185,0.0,0.0,-1.0,-0.5999999999999999,-0.5,-0.8,0.20000000000000018,1.0,0.0,-4.0
laliga_102498,2026/27,25,2027-02-21,,,villarreal,Villarreal CF,Villarreal CF,valencia,Valencia CF,Valencia CF,scheduled,0.0,0.0,,,1.0,1.0,1.0,1.0,189.0,188.0,0.0,0.0,1.0,0.2,0.4,1.8,1.6,0.19999999999999996,4.0,5.6,1.5,1.9,1.3,0.5999999999999999,2.4,0.8,3.4,1.4,6.8,1.0,0.0,1.0,1.0,0.0,12.0,2.2,0.6,0.4,2.0,1.2,0.8,4.4,3.6,1.5,1.5,1.4,0.10000000000000009,2.0,0.6,1.6,1.0,4.8,1.0,0.0,1.0,1.0,0.0,11.0,1576.0674602752981,1512.288071947149,63.779388328149025,0.6709602731414024,0.0,0.0,0.0,-1.2000000000000002,0.0,-0.6000000000000001,-0.40000000000000036,0.3999999999999999,1.0,-1.0
laliga_102499,2026/27,26,2027-02-28,,,athletic_bilbao,Athletic Club,Athletic Club,barcelona,FC Barcelona,FC Barcelona,scheduled,0.0,0.0,,,1.0,1.0,1.0,1.0,196.0,196.0,0.0,0.0,0.2,0.0,0.2,0.8,2.0,-1.2,4.4,5.0,0.7,1.2,1.9,-0.7,1.4,0.4,1.0,1.0,5.4,0.0,0.0,1.0,2.0,-1.0,15.0,1.8,0.6,0.0,1.6,1.2,0.40000000000000013,5.4,3.0,2.4,1.9,0.9,0.9999999999999999,1.8,0.6,1.4,1.2,4.0,3.0,1.0,2.0,1.0,1.0,3.0,1491.6715194353978,1674.1910013311833,-182.51948189578547,0.3306428838241071,-3.0,-1.0,-2.0,-1.6,-1.7,-1.6,-1.0,-0.40000000000000013,0.0,-12.0
laliga_102500,2026/27,26,2027-02-28,,,betis,Real Betis,Real Betis,villarreal,Villarreal CF,Villarreal CF,scheduled,0.0,0.0,,,1.0,1.0,1.0,1.0,195.0,196.0,0.0,0.0,1.6,0.4,0.4,1.6,1.6,0.0,5.4,5.6,1.7,1.6,1.2,0.40000000000000013,2.2,0.6,1.6,0.6,6.0,1.0,0.0,1.0,1.0,0.0,10.0,1.0,0.2,0.4,1.8,1.6,0.19999999999999996,4.0,5.6,1.5,1.9,1.3,0.5999999999999999,1.2,0.2,1.0,1.2,3.4,1.0,0.0,1.0,1.0,0.0,12.0,1555.7914399878646,1576.0674602752981,-20.27602028743354,0.5569195919596662,0.0,0.0,0.0,0.6000000000000001,0.19999999999999996,-0.19999999999999996,1.4000000000000004,1.0000000000000002,-1.0,2.0
laliga_102501,2026/27,26,2027-02-28,,,celta,RC Celta,RC Celta,espanyol,RCD Espanyol,RCD Espanyol de Barcelona,scheduled,0.0,0.0,,,1.0,1.0,1.0,1.0,196.0,196.0,0.0,0.0,1.6,0.4,0.4,1.2,1.0,0.19999999999999996,3.0,4.8,1.4,1.3,1.4,-0.09999999999999987,1.4,0.4,1.4,1.6,4.4,1.0,0.0,1.0,1.0,0.0,8.0,1.4,0.4,0.2,1.4,1.2,0.19999999999999996,4.8,5.4,0.9,0.8,1.3,-0.5,0.8,0.2,0.8,1.6,3.0,0.0,0.0,1.0,2.0,-1.0,16.0,1517.6410813362293,1458.4914947689454,59.149586567283905,0.6650498208621702,1.0,0.0,1.0,0.20000000000000018,0.4999999999999999,0.0,-1.7999999999999998,0.5999999999999999,0.0,8.0
laliga_102502,2026/27,26,2027-02-28,,,getafe,Getafe CF,Getafe CF,alaves,Deportivo Alavés,Deportivo Alavés,scheduled,0.0,0.0,,,1.0,1.0,1.0,1.0,197.0,197.0,0.0,0.0,1.4,0.4,0.2,0.8,0.6,0.20000000000000007,2.6,3.6,1.3,0.7,0.8,-0.10000000000000009,1.8,0.6,1.2,1.0,3.2,0.0,0.0,0.0,1.0,-1.0,17.0,2.0,0.6,0.2,1.0,0.6,0.4,4.6,2.8,1.5,1.5,1.5,0.0,1.6,0.4,2.0,1.8,3.6,3.0,1.0,1.0,0.0,1.0,5.0,1484.1941859972617,1489.7769840697529,-5.582798072491187,0.5776784955289913,-3.0,-1.0,-2.0,-0.6000000000000001,-0.19999999999999996,-0.19999999999999996,-1.9999999999999996,0.19999999999999996,0.0,-12.0
laliga_102503,2026/27,26,2027-02-28,,,levante,Levante UD,Levante UD,deportivo,RC Deportivo,RC Deportivo,scheduled,0.0,1.0,,2.0,1.0,1.0,1.0,1.0,196.0,196.0,0.0,1.0,2.4,0.8,0.0,2.2,1.4,0.8000000000000003,6.6,4.6,1.9,1.5,1.4,0.10000000000000009,3.0,1.0,2.4,0.8,6.0,3.0,1.0,2.0,1.0,1.0,4.0,2.0,0.6,0.2,1.2,0.6,0.6,4.6,2.2,1.9,1.4,0.8,0.5999999999999999,1.8,0.4,1.2,0.6,4.0,1.0,0.0,0.0,0.0,0.0,14.0,1495.6660200246226,1454.018319934787,41.64770008983555,0.6422472381877644,2.0,1.0,1.0,0.3999999999999999,0.0,0.2000000000000003,2.0,1.2,0.0,10.0
laliga_102504,2026/27,26,2027-02-28,,,malaga,Málaga CF,Málaga CF,atletico_madrid,Atlético de Madrid,Atlético de Madrid,scheduled,1.0,0.0,4.0,,1.0,1.0,1.0,1.0,197.0,197.0,1.0,0.0,2.0,0.6,0.2,1.8,1.0,0.8,6.0,4.8,1.7,2.0,1.4,0.6000000000000001,1.6,0.4,1.4,1.0,6.2,0.0,0.0,0.0,2.0,-2.0,19.0,1.8,0.6,0.0,1.2,1.4,-0.19999999999999996,4.4,5.4,1.5,1.5,1.6,-0.10000000000000009,1.2,0.4,1.6,2.2,3.6,3.0,1.0,2.0,0.0,2.0,1.0,1444.6929235788177,1577.3708957161211,-132.6779721373034,0.39690733016372143,-3.0,-1.0,-4.0,0.19999999999999996,0.19999999999999996,1.0,1.5999999999999996,0.40000000000000013,0.0,-18.0
laliga_102505,2026/27,26,2027-02-28,,,osasuna,CA Osasuna,CA Osasuna,sevilla,Sevilla FC,Sevilla FC,scheduled,0.0,0.0,,,1.0,1.0,1.0,1.0,196.0,195.0,0.0,0.0,0.2,0.0,0.2,1.0,1.8,-0.8,4.8,5.0,0.6,1.1,1.6,-0.5,0.8,0.2,1.2,1.6,5.6,1.0,0.0,1.0,1.0,0.0,7.0,1.8,0.6,0.0,1.2,1.0,0.19999999999999996,4.8,3.0,1.5,1.0,1.1,-0.10000000000000009,0.6,0.2,0.8,1.6,1.8,3.0,1.0,1.0,0.0,1.0,6.0,1475.1776147281585,1476.9765509889498,-1.798936260791379,0.582983295712452,-2.0,-1.0,-1.0,-1.6,-0.9,-1.0,0.0,0.20000000000000007,1.0,-1.0
laliga_102506,2026/27,26,2027-02-28,,,racing_santander,Racing de Santander,R. Racing Club,vallecano,Rayo Vallecano,Rayo Vallecano,scheduled,1.0,0.0,1.0,,1.0,1.0,1.0,1.0,196.0,195.0,1.0,0.0,2.2,0.6,0.4,2.4,1.0,1.4,6.6,3.8,2.1,2.6,1.5,1.1,2.6,0.8,3.6,1.2,9.6,1.0,0.0,1.0,1.0,0.0,9.0,1.6,0.4,0.4,1.2,0.8,0.3999999999999999,4.8,5.2,1.8,1.3,1.0,0.30000000000000004,1.4,0.4,1.0,1.2,4.2,0.0,0.0,0.0,1.0,-1.0,18.0,1472.0458122501277,1509.2179749726135,-37.17216272248584,0.5328047063661181,1.0,0.0,1.0,0.6000000000000001,0.30000000000000004,1.0,1.7999999999999998,1.2000000000000002,1.0,9.0
laliga_102507,2026/27,26,2027-02-28,,,real_madrid,Real Madrid,Real Madrid,valencia,Valencia CF,Valencia CF,scheduled,0.0,0.0,,,1.0,1.0,1.0,1.0,195.0,195.0,0.0,0.0,2.4,0.8,0.0,1.8,0.8,1.0,4.6,3.6,2.0,1.6,0.9,0.7000000000000001,2.6,0.8,2.2,0.8,7.6,3.0,1.0,2.0,0.0,2.0,2.0,2.2,0.6,0.4,2.0,1.2,0.8,4.4,3.6,1.5,1.5,1.4,0.10000000000000009,2.0,0.6,1.6,1.0,4.8,1.0,0.0,1.0,1.0,0.0,11.0,1648.3965579081134,1512.288071947149,136.10848596096434,0.7556342142705874,2.0,1.0,2.0,0.19999999999999973,0.5,0.19999999999999996,0.1999999999999993,0.6000000000000001,0.0,9.0
laliga_102508,2026/27,26,2027-02-28,,,real_sociedad,Real Sociedad,Real Sociedad,elche,Elche CF,Elche CF,scheduled,0.0,0.0,,,1.0,1.0,1.0,1.0,195.0,196.0,0.0,0.0,0.6,0.0,0.6,1.4,2.0,-0.6000000000000001,3.4,6.0,0.8,1.5,1.8,-0.30000000000000004,1.0,0.2,2.0,2.0,4.4,0.0,0.0,0.0,2.0,-2.0,20.0,1.2,0.2,0.6,0.8,0.8,0.0,2.6,4.0,1.5,1.1,1.1,0.0,1.0,0.2,1.0,1.4,2.6,1.0,0.0,0.0,0.0,0.0,13.0,1485.009899854388,1476.5295389929652,8.480360861422923,0.597294470940417,-1.0,0.0,-2.0,-0.6,-0.7,-0.6000000000000001,0.7999999999999998,0.0,-1.0,-7.0
laliga_102509,2026/27,27,2027-03-07,,,alaves,Deportivo Alavés,Deportivo Alavés,athletic_bilbao,Athletic Club,Athletic Club,scheduled,0.0,0.0,,,1.0,1.0,1.0,1.0,204.0,203.0,0.0,0.0,2.0,0.6,0.2,1.0,0.6,0.4,4.6,2.8,1.5,1.5,1.5,0.0,1.8,0.6,1.4,1.4,5.2,3.0,1.0,1.0,0.0,1.0,5.0,0.2,0.0,0.2,0.8,2.0,-1.2,4.4,5.0,0.7,1.2,1.9,-0.7,0.6,0.2,1.8,2.6,3.4,0.0,0.0,1.0,2.0,-1.0,15.0,1489.7769840697529,1491.6715194353978,-1.8945353656449697,0.5828495010130385,3.0,1.0,2.0,1.8,0.8,1.6,0.1999999999999993,1.2000000000000002,1.0,10.0
laliga_102510,2026/27,27,2027-03-07,,,atletico_madrid,Atlético de Madrid,Atlético de Madrid,celta,RC Celta,RC Celta,scheduled,0.0,0.0,,,1.0,1.0,1.0,1.0,204.0,203.0,0.0,0.0,1.8,0.6,0.0,1.2,1.4,-0.19999999999999996,4.4,5.4,1.5,1.5,1.6,-0.10000000000000009,1.8,0.6,1.4,1.0,4.0,3.0,1.0,2.0,0.0,2.0,1.0,1.6,0.4,0.4,1.2,1.0,0.19999999999999996,3.0,4.8,1.4,1.3,1.4,-0.09999999999999987,1.4,0.4,1.2,1.2,2.8,1.0,0.0,1.0,1.0,0.0,8.0,1577.3708957161211,1517.6410813362293,59.72981437989188,0.6657934371284342,2.0,1.0,2.0,0.19999999999999996,0.10000000000000009,-0.3999999999999999,1.4000000000000004,0.40000000000000013,1.0,7.0
laliga_102511,2026/27,27,2027-03-07,,,deportivo,RC Deportivo,RC Deportivo,getafe,Getafe CF,Getafe CF,scheduled,1.0,0.0,2.0,,1.0,1.0,1.0,1.0,203.0,204.0,1.0,0.0,2.0,0.6,0.2,1.2,0.6,0.6,4.6,2.2,1.9,1.4,0.8,0.5999999999999999,2.0,0.6,1.6,1.0,4.4,1.0,0.0,0.0,0.0,0.0,14.0,1.4,0.4,0.2,0.8,0.6,0.20000000000000007,2.6,3.6,1.3,0.7,0.8,-0.10000000000000009,0.8,0.2,0.2,0.6,1.4,0.0,0.0,0.0,1.0,-1.0,17.0,1454.018319934787,1484.1941859972617,-30.175866062474597,0.5428152671409033,1.0,0.0,1.0,0.6000000000000001,0.5999999999999999,0.3999999999999999,1.9999999999999996,1.2,-1.0,3.0
laliga_102512,2026/27,27,2027-03-07,,,elche,Elche CF,Elche CF,malaga,Málaga CF,Málaga CF,scheduled,0.0,1.0,,4.0,1.0,1.0,1.0,1.0,203.0,204.0,0.0,1.0,1.2,0.2,0.6,0.8,0.8,0.0,2.6,4.0,1.5,1.1,1.1,0.0,2.6,0.8,1.6,0.8,4.0,1.0,0.0,0.0,0.0,0.0,13.0,2.0,0.6,0.2,1.8,1.0,0.8,6.0,4.8,1.7,2.0,1.4,0.6000000000000001,1.8,0.6,2.4,1.6,5.8,0.0,0.0,0.0,2.0,-2.0,19.0,1476.5295389929652,1444.6929235788177,31.836615414147445,0.6291691367856284,1.0,0.0,2.0,-0.8,-0.19999999999999996,-0.8,-3.4,0.8,-1.0,6.0
laliga_102513,2026/27,27,2027-03-07,,,espanyol,RCD Espanyol,RCD Espanyol de Barcelona,racing_santander,Racing de Santander,R. Racing Club,scheduled,0.0,1.0,,1.0,1.0,1.0,1.0,1.0,203.0,203.0,0.0,1.0,1.4,0.4,0.2,1.4,1.2,0.19999999999999996,4.8,5.4,0.9,0.8,1.3,-0.5,1.0,0.2,0.8,1.0,4.4,0.0,0.0,1.0,2.0,-1.0,16.0,2.2,0.6,0.4,2.4,1.0,1.4,6.6,3.8,2.1,2.6,1.5,1.1,1.6,0.4,1.6,1.8,6.4,1.0,0.0,1.0,1.0,0.0,9.0,1458.4914947689454,1472.0458122501277,-13.554317481182352,0.5664453719582184,-1.0,0.0,-1.0,-0.8000000000000003,-1.2000000000000002,-1.2,-1.7999999999999998,-0.6000000000000001,0.0,-7.0
laliga_102514,2026/27,27,2027-03-07,,,barcelona,FC Barcelona,FC Barcelona,betis,Real Betis,Real Betis,scheduled,0.0,0.0,,,1.0,1.0,1.0,1.0,203.0,202.0,0.0,0.0,1.8,0.6,0.0,1.6,1.2,0.40000000000000013,5.4,3.0,2.4,1.9,0.9,0.9999999999999999,3.0,1.0,2.4,0.6,7.2,3.0,1.0,2.0,1.0,1.0,3.0,1.6,0.4,0.4,1.6,1.6,0.0,5.4,5.6,1.7,1.6,1.2,0.40000000000000013,1.2,0.2,1.6,1.8,3.6,1.0,0.0,1.0,1.0,0.0,10.0,1674.1910013311833,1555.7914399878646,118.39956134331874,0.7363242453707737,2.0,1.0,1.0,0.19999999999999996,0.7,0.40000000000000013,0.0,1.8,1.0,7.0
laliga_102515,2026/27,27,2027-03-07,,,vallecano,Rayo Vallecano,Rayo Vallecano,osasuna,CA Osasuna,CA Osasuna,scheduled,0.0,0.0,,,1.0,1.0,1.0,1.0,202.0,203.0,0.0,0.0,1.6,0.4,0.4,1.2,0.8,0.3999999999999999,4.8,5.2,1.8,1.3,1.0,0.30000000000000004,2.2,0.6,1.6,0.8,6.4,0.0,0.0,0.0,1.0,-1.0,18.0,0.2,0.0,0.2,1.0,1.8,-0.8,4.8,5.0,0.6,1.1,1.6,-0.5,0.4,0.0,1.0,1.6,3.8,1.0,0.0,1.0,1.0,0.0,7.0,1509.2179749726135,1475.1776147281585,34.04036024445509,0.6321240410503852,-1.0,0.0,-1.0,1.4000000000000001,1.2000000000000002,1.2,0.0,1.8000000000000003,-1.0,-11.0
laliga_102516,2026/27,27,2027-03-07,,,sevilla,Sevilla FC,Sevilla FC,real_sociedad,Real Sociedad,Real Sociedad,scheduled,0.0,0.0,,,1.0,1.0,1.0,1.0,202.0,202.0,0.0,0.0,1.8,0.6,0.0,1.2,1.0,0.19999999999999996,4.8,3.0,1.5,1.0,1.1,-0.10000000000000009,2.4,0.8,1.2,0.6,4.8,3.0,1.0,1.0,0.0,1.0,6.0,0.6,0.0,0.6,1.4,2.0,-0.6000000000000001,3.4,6.0,0.8,1.5,1.8,-0.30000000000000004,0.6,0.0,1.0,1.6,3.2,0.0,0.0,0.0,2.0,-2.0,20.0,1476.9765509889498,1485.009899854388,-8.033348865438256,0.574233269322231,3.0,1.0,3.0,1.2000000000000002,0.7,0.8,1.4,1.7999999999999998,0.0,14.0
laliga_102517,2026/27,27,2027-03-07,,,valencia,Valencia CF,Valencia CF,levante,Levante UD,Levante UD,scheduled,0.0,0.0,,,1.0,1.0,1.0,1.0,202.0,203.0,0.0,0.0,2.2,0.6,0.4,2.0,1.2,0.8,4.4,3.6,1.5,1.5,1.4,0.10000000000000009,1.6,0.4,1.4,1.2,3.2,1.0,0.0,1.0,1.0,0.0,11.0,2.4,0.8,0.0,2.2,1.4,0.8000000000000003,6.6,4.6,1.9,1.5,1.4,0.10000000000000009,1.4,0.4,1.4,2.0,5.0,3.0,1.0,2.0,1.0,1.0,4.0,1512.288071947149,1495.6660200246226,16.622051922526452,0.6085144339772167,-2.0,-1.0,-1.0,-0.19999999999999973,-0.3999999999999999,-2.220446049250313e-16,-2.1999999999999993,0.20000000000000018,-1.0,-7.0
laliga_102518,2026/27,27,2027-03-07,,,villarreal,Villarreal CF,Villarreal CF,real_madrid,Real Madrid,Real Madrid,scheduled,0.0,0.0,,,1.0,1.0,1.0,1.0,203.0,202.0,0.0,0.0,1.0,0.2,0.4,1.8,1.6,0.19999999999999996,4.0,5.6,1.5,1.9,1.3,0.5999999999999999,2.4,0.8,3.4,1.4,6.8,1.0,0.0,1.0,1.0,0.0,12.0,2.4,0.8,0.0,1.8,0.8,1.0,4.6,3.6,2.0,1.6,0.9,0.7000000000000001,1.4,0.4,1.0,1.0,4.2,3.0,1.0,2.0,0.0,2.0,2.0,1576.0674602752981,1648.3965579081134,-72.32909763281532,0.4822644461464674,-2.0,-1.0,-2.0,-1.4,-0.5,-0.8,-0.5999999999999996,1.0,1.0,-10.0
laliga_102519,2026/27,28,2027-03-14,,,alaves,Deportivo Alavés,Deportivo Alavés,sevilla,Sevilla FC,Sevilla FC,scheduled,0.0,0.0,,,1.0,1.0,1.0,1.0,211.0,209.0,0.0,0.0,2.0,0.6,0.2,1.0,0.6,0.4,4.6,2.8,1.5,1.5,1.5,0.0,1.8,0.6,1.4,1.4,5.2,3.0,1.0,1.0,0.0,1.0,5.0,1.8,0.6,0.0,1.2,1.0,0.19999999999999996,4.8,3.0,1.5,1.0,1.1,-0.10000000000000009,0.6,0.2,0.8,1.6,1.8,3.0,1.0,1.0,0.0,1.0,6.0,1489.7769840697529,1476.9765509889498,12.800433080803032,0.6032614008396874,0.0,0.0,0.0,0.19999999999999996,0.0,0.20000000000000007,-0.20000000000000018,1.2000000000000002,2.0,1.0
laliga_102520,2026/27,28,2027-03-14,,,athletic_bilbao,Athletic Club,Athletic Club,valencia,Valencia CF,Valencia CF,scheduled,0.0,0.0,,,1.0,1.0,1.0,1.0,210.0,209.0,0.0,0.0,0.2,0.0,0.2,0.8,2.0,-1.2,4.4,5.0,0.7,1.2,1.9,-0.7,1.4,0.4,1.0,1.0,5.4,0.0,0.0,1.0,2.0,-1.0,15.0,2.2,0.6,0.4,2.0,1.2,0.8,4.4,3.6,1.5,1.5,1.4,0.10000000000000009,2.0,0.6,1.6,1.0,4.8,1.0,0.0,1.0,1.0,0.0,11.0,1491.6715194353978,1512.288071947149,-20.61655251175125,0.5564358238045165,-1.0,0.0,-1.0,-2.0,-0.8,-2.0,0.0,-0.6000000000000001,1.0,-4.0
laliga_102521,2026/27,28,2027-03-14,,,betis,Real Betis,Real Betis,levante,Levante UD,Levante UD,scheduled,0.0,0.0,,,1.0,1.0,1.0,1.0,209.0,210.0,0.0,0.0,1.6,0.4,0.4,1.6,1.6,0.0,5.4,5.6,1.7,1.6,1.2,0.40000000000000013,2.2,0.6,1.6,0.6,6.0,1.0,0.0,1.0,1.0,0.0,10.0,2.4,0.8,0.0,2.2,1.4,0.8000000000000003,6.6,4.6,1.9,1.5,1.4,0.10000000000000009,1.4,0.4,1.4,2.0,5.0,3.0,1.0,2.0,1.0,1.0,4.0,1555.7914399878646,1495.6660200246226,60.12541996324194,0.6662999709688057,-2.0,-1.0,-1.0,-0.7999999999999998,-0.19999999999999996,-0.8000000000000003,-1.1999999999999993,0.8000000000000003,-1.0,-6.0
laliga_102522,2026/27,28,2027-03-14,,,elche,Elche CF,Elche CF,villarreal,Villarreal CF,Villarreal CF,scheduled,0.0,0.0,,,1.0,1.0,1.0,1.0,210.0,210.0,0.0,0.0,1.2,0.2,0.6,0.8,0.8,0.0,2.6,4.0,1.5,1.1,1.1,0.0,2.6,0.8,1.6,0.8,4.0,1.0,0.0,0.0,0.0,0.0,13.0,1.0,0.2,0.4,1.8,1.6,0.19999999999999996,4.0,5.6,1.5,1.9,1.3,0.5999999999999999,1.2,0.2,1.0,1.2,3.4,1.0,0.0,1.0,1.0,0.0,12.0,1476.5295389929652,1576.0674602752981,-99.53792128233295,0.44334471373982165,0.0,0.0,0.0,0.19999999999999996,0.0,-0.19999999999999996,-1.4,1.4000000000000001,0.0,-1.0
laliga_102523,2026/27,28,2027-03-14,,,barcelona,FC Barcelona,FC Barcelona,deportivo,RC Deportivo,RC Deportivo,scheduled,0.0,1.0,,2.0,1.0,1.0,1.0,1.0,210.0,210.0,0.0,1.0,1.8,0.6,0.0,1.6,1.2,0.40000000000000013,5.4,3.0,2.4,1.9,0.9,0.9999999999999999,3.0,1.0,2.4,0.6,7.2,3.0,1.0,2.0,1.0,1.0,3.0,2.0,0.6,0.2,1.2,0.6,0.6,4.6,2.2,1.9,1.4,0.8,0.5999999999999999,1.8,0.4,1.2,0.6,4.0,1.0,0.0,0.0,0.0,0.0,14.0,1674.1910013311833,1454.018319934787,220.17268139639623,0.8338002655273826,2.0,1.0,1.0,-0.19999999999999996,0.5,-0.19999999999999984,0.8000000000000007,1.2,0.0,11.0
laliga_102524,2026/27,28,2027-03-14,,,getafe,Getafe CF,Getafe CF,real_sociedad,Real Sociedad,Real Sociedad,scheduled,0.0,0.0,,,1.0,1.0,1.0,1.0,211.0,209.0,0.0,0.0,1.4,0.4,0.2,0.8,0.6,0.20000000000000007,2.6,3.6,1.3,0.7,0.8,-0.10000000000000009,1.8,0.6,1.2,1.0,3.2,0.0,0.0,0.0,1.0,-1.0,17.0,0.6,0.0,0.6,1.4,2.0,-0.6000000000000001,3.4,6.0,0.8,1.5,1.8,-0.30000000000000004,0.6,0.0,1.0,1.6,3.2,0.0,0.0,0.0,2.0,-2.0,20.0,1484.1941859972617,1485.009899854388,-0.8157138571264113,0.584358641613355,0.0,0.0,1.0,0.7999999999999999,0.5,0.8000000000000002,-0.7999999999999998,1.2000000000000002,2.0,3.0
laliga_102525,2026/27,28,2027-03-14,,,malaga,Málaga CF,Málaga CF,vallecano,Rayo Vallecano,Rayo Vallecano,scheduled,1.0,0.0,4.0,,1.0,1.0,1.0,1.0,211.0,209.0,1.0,0.0,2.0,0.6,0.2,1.8,1.0,0.8,6.0,4.8,1.7,2.0,1.4,0.6000000000000001,1.6,0.4,1.4,1.0,6.2,0.0,0.0,0.0,2.0,-2.0,19.0,1.6,0.4,0.4,1.2,0.8,0.3999999999999999,4.8,5.2,1.8,1.3,1.0,0.30000000000000004,1.4,0.4,1.0,1.2,4.2,0.0,0.0,0.0,1.0,-1.0,18.0,1444.6929235788177,1509.2179749726135,-64.52505139379582,0.4934882957579754,0.0,0.0,-1.0,0.3999999999999999,-0.10000000000000009,0.40000000000000013,1.2000000000000002,0.20000000000000018,2.0,-1.0
laliga_102526,2026/27,28,2027-03-14,,,osasuna,CA Osasuna,CA Osasuna,celta,RC Celta,RC Celta,scheduled,0.0,0.0,,,1.0,1.0,1.0,1.0,210.0,210.0,0.0,0.0,0.2,0.0,0.2,1.0,1.8,-0.8,4.8,5.0,0.6,1.1,1.6,-0.5,0.8,0.2,1.2,1.6,5.6,1.0,0.0,1.0,1.0,0.0,7.0,1.6,0.4,0.4,1.2,1.0,0.19999999999999996,3.0,4.8,1.4,1.3,1.4,-0.09999999999999987,1.4,0.4,1.2,1.2,2.8,1.0,0.0,1.0,1.0,0.0,8.0,1475.1776147281585,1517.6410813362293,-42.4634666080708,0.5252156903262385,0.0,0.0,0.0,-1.4000000000000001,-0.7999999999999999,-1.0,1.7999999999999998,-0.5999999999999999,0.0,1.0
laliga_102527,2026/27,28,2027-03-14,,,racing_santander,Racing de Santander,R. Racing Club,atletico_madrid,Atlético de Madrid,Atlético de Madrid,scheduled,1.0,0.0,1.0,,1.0,1.0,1.0,1.0,210.0,211.0,1.0,0.0,2.2,0.6,0.4,2.4,1.0,1.4,6.6,3.8,2.1,2.6,1.5,1.1,2.6,0.8,3.6,1.2,9.6,1.0,0.0,1.0,1.0,0.0,9.0,1.8,0.6,0.0,1.2,1.4,-0.19999999999999996,4.4,5.4,1.5,1.5,1.6,-0.10000000000000009,1.2,0.4,1.6,2.2,3.6,3.0,1.0,2.0,0.0,2.0,1.0,1472.0458122501277,1577.3708957161211,-105.32508346599343,0.4351394938191405,-2.0,-1.0,-2.0,0.40000000000000013,0.6000000000000001,1.5999999999999999,2.1999999999999993,1.4000000000000001,-1.0,-8.0
laliga_102528,2026/27,28,2027-03-14,,,real_madrid,Real Madrid,Real Madrid,espanyol,RCD Espanyol,RCD Espanyol de Barcelona,scheduled,0.0,0.0,,,1.0,1.0,1.0,1.0,209.0,210.0,0.0,0.0,2.4,0.8,0.0,1.8,0.8,1.0,4.6,3.6,2.0,1.6,0.9,0.7000000000000001,2.6,0.8,2.2,0.8,7.6,3.0,1.0,2.0,0.0,2.0,2.0,1.4,0.4,0.2,1.4,1.2,0.19999999999999996,4.8,5.4,0.9,0.8,1.3,-0.5,0.8,0.2,0.8,1.6,3.0,0.0,0.0,1.0,2.0,-1.0,16.0,1648.3965579081134,1458.4914947689454,189.90506313916808,0.8082329833778337,3.0,1.0,3.0,1.0,1.1,0.8,-0.20000000000000018,1.8,-1.0,14.0
laliga_102529,2026/27,29,2027-03-21,,,atletico_madrid,Atlético de Madrid,Atlético de Madrid,getafe,Getafe CF,Getafe CF,scheduled,0.0,0.0,,,1.0,1.0,1.0,1.0,218.0,218.0,0.0,0.0,1.8,0.6,0.0,1.2,1.4,-0.19999999999999996,4.4,5.4,1.5,1.5,1.6,-0.10000000000000009,1.8,0.6,1.4,1.0,4.0,3.0,1.0,2.0,0.0,2.0,1.0,1.4,0.4,0.2,0.8,0.6,0.20000000000000007,2.6,3.6,1.3,0.7,0.8,-0.10000000000000009,0.8,0.2,0.2,0.6,1.4,0.0,0.0,0.0,1.0,-1.0,17.0,1577.3708957161211,1484.1941859972617,93.17670971885946,0.7071859795795368,3.0,1.0,3.0,0.40000000000000013,0.19999999999999996,-0.4,1.8000000000000003,1.0,0.0,16.0
laliga_102530,2026/27,29,2027-03-21,,,celta,RC Celta,RC Celta,real_madrid,Real Madrid,Real Madrid,scheduled,0.0,0.0,,,1.0,1.0,1.0,1.0,217.0,216.0,0.0,0.0,1.6,0.4,0.4,1.2,1.0,0.19999999999999996,3.0,4.8,1.4,1.3,1.4,-0.09999999999999987,1.4,0.4,1.4,1.6,4.4,1.0,0.0,1.0,1.0,0.0,8.0,2.4,0.8,0.0,1.8,0.8,1.0,4.6,3.6,2.0,1.6,0.9,0.7000000000000001,1.4,0.4,1.0,1.0,4.2,3.0,1.0,2.0,0.0,2.0,2.0,1517.6410813362293,1648.3965579081134,-130.75547657188417,0.39955940360884773,-2.0,-1.0,-2.0,-0.7999999999999998,-0.6000000000000001,-0.8,-1.5999999999999996,0.0,1.0,-6.0
laliga_102531,2026/27,29,2027-03-21,,,espanyol,RCD Espanyol,RCD Espanyol de Barcelona,athletic_bilbao,Athletic Club,Athletic Club,scheduled,0.0,0.0,,,1.0,1.0,1.0,1.0,217.0,217.0,0.0,0.0,1.4,0.4,0.2,1.4,1.2,0.19999999999999996,4.8,5.4,0.9,0.8,1.3,-0.5,1.0,0.2,0.8,1.0,4.4,0.0,0.0,1.0,2.0,-1.0,16.0,0.2,0.0,0.2,0.8,2.0,-1.2,4.4,5.0,0.7,1.2,1.9,-0.7,0.6,0.2,1.8,2.6,3.4,0.0,0.0,1.0,2.0,-1.0,15.0,1458.4914947689454,1491.6715194353978,-33.18002466645248,0.5385205637445064,0.0,0.0,0.0,1.2,0.20000000000000007,1.4,0.39999999999999947,0.4,0.0,-1.0
laliga_102532,2026/27,29,2027-03-21,,,levante,Levante UD,Levante UD,osasuna,CA Osasuna,CA Osasuna,scheduled,0.0,0.0,,,1.0,1.0,1.0,1.0,217.0,217.0,0.0,0.0,2.4,0.8,0.0,2.2,1.4,0.8000000000000003,6.6,4.6,1.9,1.5,1.4,0.10000000000000009,3.0,1.0,2.4,0.8,6.0,3.0,1.0,2.0,1.0,1.0,4.0,0.2,0.0,0.2,1.0,1.8,-0.8,4.8,5.0,0.6,1.1,1.6,-0.5,0.4,0.0,1.0,1.6,3.8,1.0,0.0,1.0,1.0,0.0,7.0,1495.6660200246226,1475.1776147281585,20.48840529646418,0.6138034925152489,2.0,1.0,1.0,2.1999999999999997,1.2999999999999998,1.6000000000000003,1.7999999999999998,2.6,0.0,3.0
laliga_102533,2026/27,29,2027-03-21,,,racing_santander,Racing de Santander,R. Racing Club,betis,Real Betis,Real Betis,scheduled,1.0,0.0,1.0,,1.0,1.0,1.0,1.0,217.0,216.0,1.0,0.0,2.2,0.6,0.4,2.4,1.0,1.4,6.6,3.8,2.1,2.6,1.5,1.1,2.6,0.8,3.6,1.2,9.6,1.0,0.0,1.0,1.0,0.0,9.0,1.6,0.4,0.4,1.6,1.6,0.0,5.4,5.6,1.7,1.6,1.2,0.40000000000000013,1.2,0.2,1.6,1.8,3.6,1.0,0.0,1.0,1.0,0.0,10.0,1472.0458122501277,1555.7914399878646,-83.74562773773687,0.4658804034747635,0.0,0.0,0.0,0.6000000000000001,0.40000000000000013,1.4,1.1999999999999993,1.4000000000000001,1.0,1.0
laliga_102534,2026/27,29,2027-03-21,,,vallecano,Rayo Vallecano,Rayo Vallecano,barcelona,FC Barcelona,FC Barcelona,scheduled,0.0,0.0,,,1.0,1.0,1.0,1.0,216.0,217.0,0.0,0.0,1.6,0.4,0.4,1.2,0.8,0.3999999999999999,4.8,5.2,1.8,1.3,1.0,0.30000000000000004,2.2,0.6,1.6,0.8,6.4,0.0,0.0,0.0,1.0,-1.0,18.0,1.8,0.6,0.0,1.6,1.2,0.40000000000000013,5.4,3.0,2.4,1.9,0.9,0.9999999999999999,1.8,0.6,1.4,1.2,4.0,3.0,1.0,2.0,1.0,1.0,3.0,1509.2179749726135,1674.1910013311833,-164.97302635856977,0.3533666364839869,-3.0,-1.0,-2.0,-0.19999999999999996,-0.5999999999999999,-2.220446049250313e-16,-0.6000000000000005,0.40000000000000013,-1.0,-15.0
laliga_102535,2026/27,29,2027-03-21,,,real_sociedad,Real Sociedad,Real Sociedad,alaves,Deportivo Alavés,Deportivo Alavés,scheduled,0.0,0.0,,,1.0,1.0,1.0,1.0,216.0,218.0,0.0,0.0,0.6,0.0,0.6,1.4,2.0,-0.6000000000000001,3.4,6.0,0.8,1.5,1.8,-0.30000000000000004,1.0,0.2,2.0,2.0,4.4,0.0,0.0,0.0,2.0,-2.0,20.0,2.0,0.6,0.2,1.0,0.6,0.4,4.6,2.8,1.5,1.5,1.5,0.0,1.6,0.4,2.0,1.8,3.6,3.0,1.0,1.0,0.0,1.0,5.0,1485.009899854388,1489.7769840697529,-4.7670842153647754,0.5788236491669637,-3.0,-1.0,-3.0,-1.4,-0.7,-1.0,-1.1999999999999997,-0.6000000000000001,-2.0,-15.0
laliga_102536,2026/27,29,2027-03-21,,,sevilla,Sevilla FC,Sevilla FC,elche,Elche CF,Elche CF,scheduled,0.0,0.0,,,1.0,1.0,1.0,1.0,216.0,217.0,0.0,0.0,1.8,0.6,0.0,1.2,1.0,0.19999999999999996,4.8,3.0,1.5,1.0,1.1,-0.10000000000000009,2.4,0.8,1.2,0.6,4.8,3.0,1.0,1.0,0.0,1.0,6.0,1.2,0.2,0.6,0.8,0.8,0.0,2.6,4.0,1.5,1.1,1.1,0.0,1.0,0.2,1.0,1.4,2.6,1.0,0.0,0.0,0.0,0.0,13.0,1476.9765509889498,1476.5295389929652,0.447011995984667,0.5861230327280895,2.0,1.0,1.0,0.6000000000000001,0.0,0.19999999999999996,2.1999999999999997,1.4,-1.0,7.0
laliga_102537,2026/27,29,2027-03-21,,,valencia,Valencia CF,Valencia CF,deportivo,RC Deportivo,RC Deportivo,scheduled,0.0,1.0,,2.0,1.0,1.0,1.0,1.0,216.0,217.0,0.0,1.0,2.2,0.6,0.4,2.0,1.2,0.8,4.4,3.6,1.5,1.5,1.4,0.10000000000000009,1.6,0.4,1.4,1.2,3.2,1.0,0.0,1.0,1.0,0.0,11.0,2.0,0.6,0.2,1.2,0.6,0.6,4.6,2.2,1.9,1.4,0.8,0.5999999999999999,1.8,0.4,1.2,0.6,4.0,1.0,0.0,0.0,0.0,0.0,14.0,1512.288071947149,1454.018319934787,58.269752012362005,0.6639206663581133,0.0,0.0,0.0,0.20000000000000018,-0.3999999999999999,0.20000000000000007,-0.1999999999999993,-0.19999999999999996,-1.0,3.0
laliga_102538,2026/27,29,2027-03-21,,,villarreal,Villarreal CF,Villarreal CF,malaga,Málaga CF,Málaga CF,scheduled,0.0,1.0,,4.0,1.0,1.0,1.0,1.0,217.0,218.0,0.0,1.0,1.0,0.2,0.4,1.8,1.6,0.19999999999999996,4.0,5.6,1.5,1.9,1.3,0.5999999999999999,2.4,0.8,3.4,1.4,6.8,1.0,0.0,1.0,1.0,0.0,12.0,2.0,0.6,0.2,1.8,1.0,0.8,6.0,4.8,1.7,2.0,1.4,0.6000000000000001,1.8,0.6,2.4,1.6,5.8,0.0,0.0,0.0,2.0,-2.0,19.0,1576.0674602752981,1444.6929235788177,131.3745366964804,0.7505673387840865,1.0,0.0,2.0,-1.0,-0.19999999999999996,-0.6000000000000001,-2.0,0.5999999999999999,-1.0,7.0
laliga_102539,2026/27,30,2027-04-04,,,athletic_bilbao,Athletic Club,Athletic Club,racing_santander,Racing de Santander,R. Racing Club,scheduled,0.0,1.0,,1.0,1.0,1.0,1.0,1.0,231.0,231.0,0.0,1.0,0.2,0.0,0.2,0.8,2.0,-1.2,4.4,5.0,0.7,1.2,1.9,-0.7,1.4,0.4,1.0,1.0,5.4,0.0,0.0,1.0,2.0,-1.0,15.0,2.2,0.6,0.4,2.4,1.0,1.4,6.6,3.8,2.1,2.6,1.5,1.1,1.6,0.4,1.6,1.8,6.4,1.0,0.0,1.0,1.0,0.0,9.0,1491.6715194353978,1472.0458122501277,19.62570718527013,0.6126256238641027,-1.0,0.0,-1.0,-2.0,-1.4000000000000001,-2.5999999999999996,-2.1999999999999993,-0.20000000000000018,0.0,-6.0
laliga_102540,2026/27,30,2027-04-04,,,betis,Real Betis,Real Betis,celta,RC Celta,RC Celta,scheduled,0.0,0.0,,,1.0,1.0,1.0,1.0,230.0,231.0,0.0,0.0,1.6,0.4,0.4,1.6,1.6,0.0,5.4,5.6,1.7,1.6,1.2,0.40000000000000013,2.2,0.6,1.6,0.6,6.0,1.0,0.0,1.0,1.0,0.0,10.0,1.6,0.4,0.4,1.2,1.0,0.19999999999999996,3.0,4.8,1.4,1.3,1.4,-0.09999999999999987,1.4,0.4,1.2,1.2,2.8,1.0,0.0,1.0,1.0,0.0,8.0,1555.7914399878646,1517.6410813362293,38.150358651635315,0.6376083942366169,0.0,0.0,0.0,0.0,0.30000000000000004,-0.19999999999999996,2.4000000000000004,0.8000000000000003,-1.0,-2.0
laliga_102541,2026/27,30,2027-04-04,,,deportivo,RC Deportivo,RC Deportivo,villarreal,Villarreal CF,Villarreal CF,scheduled,1.0,0.0,2.0,,1.0,1.0,1.0,1.0,231.0,231.0,1.0,0.0,2.0,0.6,0.2,1.2,0.6,0.6,4.6,2.2,1.9,1.4,0.8,0.5999999999999999,2.0,0.6,1.6,1.0,4.4,1.0,0.0,0.0,0.0,0.0,14.0,1.0,0.2,0.4,1.8,1.6,0.19999999999999996,4.0,5.6,1.5,1.9,1.3,0.5999999999999999,1.2,0.2,1.0,1.2,3.4,1.0,0.0,1.0,1.0,0.0,12.0,1454.018319934787,1576.0674602752981,-122.04914034051103,0.41164151625440326,0.0,0.0,0.0,1.0,0.3999999999999999,0.4,0.5999999999999996,0.8,0.0,-2.0
laliga_102542,2026/27,30,2027-04-04,,,elche,Elche CF,Elche CF,alaves,Deportivo Alavés,Deportivo Alavés,scheduled,0.0,0.0,,,1.0,1.0,1.0,1.0,231.0,232.0,0.0,0.0,1.2,0.2,0.6,0.8,0.8,0.0,2.6,4.0,1.5,1.1,1.1,0.0,2.6,0.8,1.6,0.8,4.0,1.0,0.0,0.0,0.0,0.0,13.0,2.0,0.6,0.2,1.0,0.6,0.4,4.6,2.8,1.5,1.5,1.5,0.0,1.6,0.4,2.0,1.8,3.6,3.0,1.0,1.0,0.0,1.0,5.0,1476.5295389929652,1489.7769840697529,-13.247445076787699,0.5668791467472774,-2.0,-1.0,-1.0,-0.8,0.0,-0.4,-1.9999999999999996,1.0,-1.0,-8.0
laliga_102543,2026/27,30,2027-04-04,,,barcelona,FC Barcelona,FC Barcelona,sevilla,Sevilla FC,Sevilla FC,scheduled,0.0,0.0,,,1.0,1.0,1.0,1.0,231.0,230.0,0.0,0.0,1.8,0.6,0.0,1.6,1.2,0.40000000000000013,5.4,3.0,2.4,1.9,0.9,0.9999999999999999,3.0,1.0,2.4,0.6,7.2,3.0,1.0,2.0,1.0,1.0,3.0,1.8,0.6,0.0,1.2,1.0,0.19999999999999996,4.8,3.0,1.5,1.0,1.1,-0.10000000000000009,0.6,0.2,0.8,1.6,1.8,3.0,1.0,1.0,0.0,1.0,6.0,1674.1910013311833,1476.9765509889498,197.21445034223348,0.8146700444180605,0.0,0.0,0.0,0.0,0.8999999999999999,0.20000000000000018,0.6000000000000005,2.4,1.0,3.0
laliga_102544,2026/27,30,2027-04-04,,,getafe,Getafe CF,Getafe CF,espanyol,RCD Espanyol,RCD Espanyol de Barcelona,scheduled,0.0,0.0,,,1.0,1.0,1.0,1.0,232.0,231.0,0.0,0.0,1.4,0.4,0.2,0.8,0.6,0.20000000000000007,2.6,3.6,1.3,0.7,0.8,-0.10000000000000009,1.8,0.6,1.2,1.0,3.2,0.0,0.0,0.0,1.0,-1.0,17.0,1.4,0.4,0.2,1.4,1.2,0.19999999999999996,4.8,5.4,0.9,0.8,1.3,-0.5,0.8,0.2,0.8,1.6,3.0,0.0,0.0,1.0,2.0,-1.0,16.0,1484.1941859972617,1458.4914947689454,25.702691228316326,0.6208939582316553,0.0,0.0,0.0,0.0,0.4,1.1102230246251565e-16,-2.1999999999999997,1.0,1.0,-1.0
laliga_102545,2026/27,30,2027-04-04,,,levante,Levante UD,Levante UD,vallecano,Rayo Vallecano,Rayo Vallecano,scheduled,0.0,0.0,,,1.0,1.0,1.0,1.0,231.0,230.0,0.0,0.0,2.4,0.8,0.0,2.2,1.4,0.8000000000000003,6.6,4.6,1.9,1.5,1.4,0.10000000000000009,3.0,1.0,2.4,0.8,6.0,3.0,1.0,2.0,1.0,1.0,4.0,1.6,0.4,0.4,1.2,0.8,0.3999999999999999,4.8,5.2,1.8,1.3,1.0,0.30000000000000004,1.4,0.4,1.0,1.2,4.2,0.0,0.0,0.0,1.0,-1.0,18.0,1495.6660200246226,1509.2179749726135,-13.551954947990907,0.5664487118706703,3.0,1.0,2.0,0.7999999999999998,0.09999999999999987,0.40000000000000036,1.7999999999999998,1.6,1.0,14.0
laliga_102546,2026/27,30,2027-04-04,,,malaga,Málaga CF,Málaga CF,osasuna,CA Osasuna,CA Osasuna,scheduled,1.0,0.0,4.0,,1.0,1.0,1.0,1.0,232.0,231.0,1.0,0.0,2.0,0.6,0.2,1.8,1.0,0.8,6.0,4.8,1.7,2.0,1.4,0.6000000000000001,1.6,0.4,1.4,1.0,6.2,0.0,0.0,0.0,2.0,-2.0,19.0,0.2,0.0,0.2,1.0,1.8,-0.8,4.8,5.0,0.6,1.1,1.6,-0.5,0.4,0.0,1.0,1.6,3.8,1.0,0.0,1.0,1.0,0.0,7.0,1444.6929235788177,1475.1776147281585,-30.484691149340733,0.5423740575079529,-1.0,0.0,-2.0,1.8,1.1,1.6,1.2000000000000002,1.2000000000000002,1.0,-12.0
laliga_102547,2026/27,30,2027-04-04,,,real_madrid,Real Madrid,Real Madrid,atletico_madrid,Atlético de Madrid,Atlético de Madrid,scheduled,0.0,0.0,,,1.0,1.0,1.0,1.0,230.0,232.0,0.0,0.0,2.4,0.8,0.0,1.8,0.8,1.0,4.6,3.6,2.0,1.6,0.9,0.7000000000000001,2.6,0.8,2.2,0.8,7.6,3.0,1.0,2.0,0.0,2.0,2.0,1.8,0.6,0.0,1.2,1.4,-0.19999999999999996,4.4,5.4,1.5,1.5,1.6,-0.10000000000000009,1.2,0.4,1.6,2.2,3.6,3.0,1.0,2.0,0.0,2.0,1.0,1648.3965579081134,1577.3708957161211,71.0256621919923,0.6801028157460325,0.0,0.0,0.0,0.5999999999999999,0.5,1.2,0.1999999999999993,1.4000000000000001,-2.0,-1.0
laliga_102548,2026/27,30,2027-04-04,,,real_sociedad,Real Sociedad,Real Sociedad,valencia,Valencia CF,Valencia CF,scheduled,0.0,0.0,,,1.0,1.0,1.0,1.0,230.0,230.0,0.0,0.0,0.6,0.0,0.6,1.4,2.0,-0.6000000000000001,3.4,6.0,0.8,1.5,1.8,-0.30000000000000004,1.0,0.2,2.0,2.0,4.4,0.0,0.0,0.0,2.0,-2.0,20.0,2.2,0.6,0.4,2.0,1.2,0.8,4.4,3.6,1.5,1.5,1.4,0.10000000000000009,2.0,0.6,1.6,1.0,4.8,1.0,0.0,1.0,1.0,0.0,11.0,1485.009899854388,1512.288071947149,-27.278172092760997,0.5469517561248186,-1.0,0.0,-2.0,-1.6,-0.7,-1.4000000000000001,-1.0000000000000004,-1.0,0.0,-9.0
laliga_102549,2026/27,31,2027-04-11,,,alaves,Deportivo Alavés,Deportivo Alavés,betis,Real Betis,Real Betis,scheduled,0.0,0.0,,,1.0,1.0,1.0,1.0,239.0,237.0,0.0,0.0,2.0,0.6,0.2,1.0,0.6,0.4,4.6,2.8,1.5,1.5,1.5,0.0,1.8,0.6,1.4,1.4,5.2,3.0,1.0,1.0,0.0,1.0,5.0,1.6,0.4,0.4,1.6,1.6,0.0,5.4,5.6,1.7,1.6,1.2,0.40000000000000013,1.2,0.2,1.6,1.8,3.6,1.0,0.0,1.0,1.0,0.0,10.0,1489.7769840697529,1555.7914399878646,-66.01445591811171,0.4913453666585055,2.0,1.0,1.0,0.3999999999999999,-0.19999999999999996,0.4,-0.8000000000000007,0.6000000000000001,2.0,5.0
laliga_102550,2026/27,31,2027-04-11,,,atletico_madrid,Atlético de Madrid,Atlético de Madrid,levante,Levante UD,Levante UD,scheduled,0.0,0.0,,,1.0,1.0,1.0,1.0,239.0,238.0,0.0,0.0,1.8,0.6,0.0,1.2,1.4,-0.19999999999999996,4.4,5.4,1.5,1.5,1.6,-0.10000000000000009,1.8,0.6,1.4,1.0,4.0,3.0,1.0,2.0,0.0,2.0,1.0,2.4,0.8,0.0,2.2,1.4,0.8000000000000003,6.6,4.6,1.9,1.5,1.4,0.10000000000000009,1.4,0.4,1.4,2.0,5.0,3.0,1.0,2.0,1.0,1.0,4.0,1577.3708957161211,1495.6660200246226,81.7048756914985,0.6933268128679393,0.0,0.0,1.0,-0.5999999999999999,-0.3999999999999999,-1.0000000000000002,-2.1999999999999993,0.40000000000000013,1.0,3.0
laliga_102551,2026/27,31,2027-04-11,,,celta,RC Celta,RC Celta,elche,Elche CF,Elche CF,scheduled,0.0,0.0,,,1.0,1.0,1.0,1.0,238.0,238.0,0.0,0.0,1.6,0.4,0.4,1.2,1.0,0.19999999999999996,3.0,4.8,1.4,1.3,1.4,-0.09999999999999987,1.4,0.4,1.4,1.6,4.4,1.0,0.0,1.0,1.0,0.0,8.0,1.2,0.2,0.6,0.8,0.8,0.0,2.6,4.0,1.5,1.1,1.1,0.0,1.0,0.2,1.0,1.4,2.6,1.0,0.0,0.0,0.0,0.0,13.0,1517.6410813362293,1476.5295389929652,41.11154234326409,0.6415377847663938,0.0,0.0,0.0,0.40000000000000013,-0.10000000000000009,0.19999999999999996,0.3999999999999999,0.3999999999999999,0.0,5.0
laliga_102552,2026/27,31,2027-04-11,,,espanyol,RCD Espanyol,RCD Espanyol de Barcelona,malaga,Málaga CF,Málaga CF,scheduled,0.0,1.0,,4.0,1.0,1.0,1.0,1.0,238.0,239.0,0.0,1.0,1.4,0.4,0.2,1.4,1.2,0.19999999999999996,4.8,5.4,0.9,0.8,1.3,-0.5,1.0,0.2,0.8,1.0,4.4,0.0,0.0,1.0,2.0,-1.0,16.0,2.0,0.6,0.2,1.8,1.0,0.8,6.0,4.8,1.7,2.0,1.4,0.6000000000000001,1.8,0.6,2.4,1.6,5.8,0.0,0.0,0.0,2.0,-2.0,19.0,1458.4914947689454,1444.6929235788177,13.798571190127632,0.604635751445081,0.0,0.0,1.0,-0.6000000000000001,-0.7999999999999999,-0.6000000000000001,-1.2000000000000002,-0.8,-1.0,3.0
laliga_102553,2026/27,31,2027-04-11,,,osasuna,CA Osasuna,CA Osasuna,real_madrid,Real Madrid,Real Madrid,scheduled,0.0,0.0,,,1.0,1.0,1.0,1.0,238.0,237.0,0.0,0.0,0.2,0.0,0.2,1.0,1.8,-0.8,4.8,5.0,0.6,1.1,1.6,-0.5,0.8,0.2,1.2,1.6,5.6,1.0,0.0,1.0,1.0,0.0,7.0,2.4,0.8,0.0,1.8,0.8,1.0,4.6,3.6,2.0,1.6,0.9,0.7000000000000001,1.4,0.4,1.0,1.0,4.2,3.0,1.0,2.0,0.0,2.0,2.0,1475.1776147281585,1648.3965579081134,-173.21894317995498,0.34259739827332997,-2.0,-1.0,-2.0,-2.1999999999999997,-1.4,-1.8,0.20000000000000018,-0.5999999999999999,1.0,-5.0
laliga_102554,2026/27,31,2027-04-11,,,racing_santander,Racing de Santander,R. Racing Club,barcelona,FC Barcelona,FC Barcelona,scheduled,1.0,0.0,1.0,,1.0,1.0,1.0,1.0,238.0,238.0,1.0,0.0,2.2,0.6,0.4,2.4,1.0,1.4,6.6,3.8,2.1,2.6,1.5,1.1,2.6,0.8,3.6,1.2,9.6,1.0,0.0,1.0,1.0,0.0,9.0,1.8,0.6,0.0,1.6,1.2,0.40000000000000013,5.4,3.0,2.4,1.9,0.9,0.9999999999999999,1.8,0.6,1.4,1.2,4.0,3.0,1.0,2.0,1.0,1.0,3.0,1472.0458122501277,1674.1910013311833,-202.1451890810556,0.30613452257497625,-2.0,-1.0,-1.0,0.40000000000000013,-0.2999999999999998,0.9999999999999998,1.1999999999999993,0.8,0.0,-6.0
laliga_102555,2026/27,31,2027-04-11,,,vallecano,Rayo Vallecano,Rayo Vallecano,real_sociedad,Real Sociedad,Real Sociedad,scheduled,0.0,0.0,,,1.0,1.0,1.0,1.0,237.0,237.0,0.0,0.0,1.6,0.4,0.4,1.2,0.8,0.3999999999999999,4.8,5.2,1.8,1.3,1.0,0.30000000000000004,2.2,0.6,1.6,0.8,6.4,0.0,0.0,0.0,1.0,-1.0,18.0,0.6,0.0,0.6,1.4,2.0,-0.6000000000000001,3.4,6.0,0.8,1.5,1.8,-0.30000000000000004,0.6,0.0,1.0,1.6,3.2,0.0,0.0,0.0,2.0,-2.0,20.0,1509.2179749726135,1485.009899854388,24.20807511822545,0.6188666827191808,0.0,0.0,1.0,1.0,1.0,1.0,1.4,1.6,0.0,2.0
laliga_102556,2026/27,31,2027-04-11,,,sevilla,Sevilla FC,Sevilla FC,deportivo,RC Deportivo,RC Deportivo,scheduled,0.0,1.0,,2.0,1.0,1.0,1.0,1.0,237.0,238.0,0.0,1.0,1.8,0.6,0.0,1.2,1.0,0.19999999999999996,4.8,3.0,1.5,1.0,1.1,-0.10000000000000009,2.4,0.8,1.2,0.6,4.8,3.0,1.0,1.0,0.0,1.0,6.0,2.0,0.6,0.2,1.2,0.6,0.6,4.6,2.2,1.9,1.4,0.8,0.5999999999999999,1.8,0.4,1.2,0.6,4.0,1.0,0.0,0.0,0.0,0.0,14.0,1476.9765509889498,1454.018319934787,22.958231054162752,0.617168223034231,2.0,1.0,1.0,-0.19999999999999996,-0.3999999999999999,-0.4,0.20000000000000018,0.5999999999999999,-1.0,8.0
laliga_102557,2026/27,31,2027-04-11,,,valencia,Valencia CF,Valencia CF,getafe,Getafe CF,Getafe CF,scheduled,0.0,0.0,,,1.0,1.0,1.0,1.0,237.0,239.0,0.0,0.0,2.2,0.6,0.4,2.0,1.2,0.8,4.4,3.6,1.5,1.5,1.4,0.10000000000000009,1.6,0.4,1.4,1.2,3.2,1.0,0.0,1.0,1.0,0.0,11.0,1.4,0.4,0.2,0.8,0.6,0.20000000000000007,2.6,3.6,1.3,0.7,0.8,-0.10000000000000009,0.8,0.2,0.2,0.6,1.4,0.0,0.0,0.0,1.0,-1.0,17.0,1512.288071947149,1484.1941859972617,28.093885949887408,0.624128552650297,1.0,0.0,1.0,0.8000000000000003,0.19999999999999996,0.6,1.8000000000000003,0.8,-2.0,6.0
laliga_102558,2026/27,31,2027-04-11,,,villarreal,Villarreal CF,Villarreal CF,athletic_bilbao,Athletic Club,Athletic Club,scheduled,0.0,0.0,,,1.0,1.0,1.0,1.0,238.0,238.0,0.0,0.0,1.0,0.2,0.4,1.8,1.6,0.19999999999999996,4.0,5.6,1.5,1.9,1.3,0.5999999999999999,2.4,0.8,3.4,1.4,6.8,1.0,0.0,1.0,1.0,0.0,12.0,0.2,0.0,0.2,0.8,2.0,-1.2,4.4,5.0,0.7,1.2,1.9,-0.7,0.6,0.2,1.8,2.6,3.4,0.0,0.0,1.0,2.0,-1.0,15.0,1576.0674602752981,1491.6715194353978,84.39594083990028,0.6966106859138567,1.0,0.0,1.0,0.8,0.8,1.4,-0.40000000000000036,1.7999999999999998,0.0,3.0
laliga_102559,2026/27,32,2027-04-18,,,alaves,Deportivo Alavés,Deportivo Alavés,vallecano,Rayo Vallecano,Rayo Vallecano,scheduled,0.0,0.0,,,1.0,1.0,1.0,1.0,246.0,244.0,0.0,0.0,2.0,0.6,0.2,1.0,0.6,0.4,4.6,2.8,1.5,1.5,1.5,0.0,1.8,0.6,1.4,1.4,5.2,3.0,1.0,1.0,0.0,1.0,5.0,1.6,0.4,0.4,1.2,0.8,0.3999999999999999,4.8,5.2,1.8,1.3,1.0,0.30000000000000004,1.4,0.4,1.0,1.2,4.2,0.0,0.0,0.0,1.0,-1.0,18.0,1489.7769840697529,1509.2179749726135,-19.440990902860676,0.5581053958083901,3.0,1.0,2.0,0.3999999999999999,-0.30000000000000004,1.1102230246251565e-16,-0.20000000000000018,0.40000000000000013,2.0,13.0
laliga_102560,2026/27,32,2027-04-18,,,atletico_madrid,Atlético de Madrid,Atlético de Madrid,sevilla,Sevilla FC,Sevilla FC,scheduled,0.0,0.0,,,1.0,1.0,1.0,1.0,246.0,244.0,0.0,0.0,1.8,0.6,0.0,1.2,1.4,-0.19999999999999996,4.4,5.4,1.5,1.5,1.6,-0.10000000000000009,1.8,0.6,1.4,1.0,4.0,3.0,1.0,2.0,0.0,2.0,1.0,1.8,0.6,0.0,1.2,1.0,0.19999999999999996,4.8,3.0,1.5,1.0,1.1,-0.10000000000000009,0.6,0.2,0.8,1.6,1.8,3.0,1.0,1.0,0.0,1.0,6.0,1577.3708957161211,1476.9765509889498,100.3943447271713,0.7157148537058529,0.0,0.0,1.0,0.0,0.0,-0.3999999999999999,-0.39999999999999947,1.2000000000000002,2.0,5.0
laliga_102561,2026/27,32,2027-04-18,,,betis,Real Betis,Real Betis,athletic_bilbao,Athletic Club,Athletic Club,scheduled,0.0,0.0,,,1.0,1.0,1.0,1.0,244.0,245.0,0.0,0.0,1.6,0.4,0.4,1.6,1.6,0.0,5.4,5.6,1.7,1.6,1.2,0.40000000000000013,2.2,0.6,1.6,0.6,6.0,1.0,0.0,1.0,1.0,0.0,10.0,0.2,0.0,0.2,0.8,2.0,-1.2,4.4,5.0,0.7,1.2,1.9,-0.7,0.6,0.2,1.8,2.6,3.4,0.0,0.0,1.0,2.0,-1.0,15.0,1555.7914399878646,1491.6715194353978,64.11992055246674,0.6713928999192277,1.0,0.0,1.0,1.4000000000000001,1.0,1.2,1.0,1.6,-1.0,5.0
laliga_102562,2026/27,32,2027-04-18,,,deportivo,RC Deportivo,RC Deportivo,celta,RC Celta,RC Celta,scheduled,1.0,0.0,2.0,,1.0,1.0,1.0,1.0,245.0,245.0,1.0,0.0,2.0,0.6,0.2,1.2,0.6,0.6,4.6,2.2,1.9,1.4,0.8,0.5999999999999999,2.0,0.6,1.6,1.0,4.4,1.0,0.0,0.0,0.0,0.0,14.0,1.6,0.4,0.4,1.2,1.0,0.19999999999999996,3.0,4.8,1.4,1.3,1.4,-0.09999999999999987,1.4,0.4,1.2,1.2,2.8,1.0,0.0,1.0,1.0,0.0,8.0,1454.018319934787,1517.6410813362293,-63.622761401442176,0.4947866161919581,0.0,0.0,0.0,0.3999999999999999,0.5,0.4,1.5999999999999996,0.6000000000000001,0.0,-6.0
laliga_102563,2026/27,32,2027-04-18,,,elche,Elche CF,Elche CF,osasuna,CA Osasuna,CA Osasuna,scheduled,0.0,0.0,,,1.0,1.0,1.0,1.0,245.0,245.0,0.0,0.0,1.2,0.2,0.6,0.8,0.8,0.0,2.6,4.0,1.5,1.1,1.1,0.0,2.6,0.8,1.6,0.8,4.0,1.0,0.0,0.0,0.0,0.0,13.0,0.2,0.0,0.2,1.0,1.8,-0.8,4.8,5.0,0.6,1.1,1.6,-0.5,0.4,0.0,1.0,1.6,3.8,1.0,0.0,1.0,1.0,0.0,7.0,1476.5295389929652,1475.1776147281585,1.351924264806712,0.5873860998998561,0.0,0.0,0.0,1.0,0.9,0.8,-2.1999999999999997,2.2,0.0,-6.0
laliga_102564,2026/27,32,2027-04-18,,,barcelona,FC Barcelona,FC Barcelona,espanyol,RCD Espanyol,RCD Espanyol de Barcelona,scheduled,0.0,0.0,,,1.0,1.0,1.0,1.0,245.0,245.0,0.0,0.0,1.8,0.6,0.0,1.6,1.2,0.40000000000000013,5.4,3.0,2.4,1.9,0.9,0.9999999999999999,3.0,1.0,2.4,0.6,7.2,3.0,1.0,2.0,1.0,1.0,3.0,1.4,0.4,0.2,1.4,1.2,0.19999999999999996,4.8,5.4,0.9,0.8,1.3,-0.5,0.8,0.2,0.8,1.6,3.0,0.0,0.0,1.0,2.0,-1.0,16.0,1674.1910013311833,1458.4914947689454,215.69950656223796,0.8302012085358149,3.0,1.0,2.0,0.40000000000000013,1.5,0.20000000000000018,0.6000000000000005,2.2,0.0,13.0
laliga_102565,2026/27,32,2027-04-18,,,getafe,Getafe CF,Getafe CF,real_madrid,Real Madrid,Real Madrid,scheduled,0.0,0.0,,,1.0,1.0,1.0,1.0,246.0,244.0,0.0,0.0,1.4,0.4,0.2,0.8,0.6,0.20000000000000007,2.6,3.6,1.3,0.7,0.8,-0.10000000000000009,1.8,0.6,1.2,1.0,3.2,0.0,0.0,0.0,1.0,-1.0,17.0,2.4,0.8,0.0,1.8,0.8,1.0,4.6,3.6,2.0,1.6,0.9,0.7000000000000001,1.4,0.4,1.0,1.0,4.2,3.0,1.0,2.0,0.0,2.0,2.0,1484.1941859972617,1648.3965579081134,-164.20237191085175,0.35438097035119903,-3.0,-1.0,-3.0,-1.0,-0.7,-0.7999999999999999,-1.9999999999999996,0.40000000000000013,2.0,-15.0
laliga_102566,2026/27,32,2027-04-18,,,levante,Levante UD,Levante UD,villarreal,Villarreal CF,Villarreal CF,scheduled,0.0,0.0,,,1.0,1.0,1.0,1.0,245.0,245.0,0.0,0.0,2.4,0.8,0.0,2.2,1.4,0.8000000000000003,6.6,4.6,1.9,1.5,1.4,0.10000000000000009,3.0,1.0,2.4,0.8,6.0,3.0,1.0,2.0,1.0,1.0,4.0,1.0,0.2,0.4,1.8,1.6,0.19999999999999996,4.0,5.6,1.5,1.9,1.3,0.5999999999999999,1.2,0.2,1.0,1.2,3.4,1.0,0.0,1.0,1.0,0.0,12.0,1495.6660200246226,1576.0674602752981,-80.40144025067548,0.47067366581520753,2.0,1.0,1.0,1.4,0.3999999999999999,0.6000000000000003,2.5999999999999996,1.8,0.0,8.0
laliga_102567,2026/27,32,2027-04-18,,,malaga,Málaga CF,Málaga CF,valencia,Valencia CF,Valencia CF,scheduled,1.0,0.0,4.0,,1.0,1.0,1.0,1.0,246.0,244.0,1.0,0.0,2.0,0.6,0.2,1.8,1.0,0.8,6.0,4.8,1.7,2.0,1.4,0.6000000000000001,1.6,0.4,1.4,1.0,6.2,0.0,0.0,0.0,2.0,-2.0,19.0,2.2,0.6,0.4,2.0,1.2,0.8,4.4,3.6,1.5,1.5,1.4,0.10000000000000009,2.0,0.6,1.6,1.0,4.8,1.0,0.0,1.0,1.0,0.0,11.0,1444.6929235788177,1512.288071947149,-67.59514836833137,0.4890714436785395,-1.0,0.0,-2.0,-0.20000000000000018,0.19999999999999996,0.0,1.5999999999999996,-0.3999999999999999,2.0,-8.0
laliga_102568,2026/27,32,2027-04-18,,,real_sociedad,Real Sociedad,Real Sociedad,racing_santander,Racing de Santander,R. Racing Club,scheduled,0.0,1.0,,1.0,1.0,1.0,1.0,1.0,244.0,245.0,0.0,1.0,0.6,0.0,0.6,1.4,2.0,-0.6000000000000001,3.4,6.0,0.8,1.5,1.8,-0.30000000000000004,1.0,0.2,2.0,2.0,4.4,0.0,0.0,0.0,2.0,-2.0,20.0,2.2,0.6,0.4,2.4,1.0,1.4,6.6,3.8,2.1,2.6,1.5,1.1,1.6,0.4,1.6,1.8,6.4,1.0,0.0,1.0,1.0,0.0,9.0,1485.009899854388,1472.0458122501277,12.964087604260385,0.6034868514560391,-1.0,0.0,-2.0,-1.6,-1.3,-2.0,-3.1999999999999997,-0.6000000000000001,-1.0,-11.0
laliga_102569,2026/27,33,2027-04-21,,,athletic_bilbao,Athletic Club,Athletic Club,deportivo,RC Deportivo,RC Deportivo,scheduled,0.0,1.0,,2.0,1.0,1.0,1.0,1.0,248.0,248.0,0.0,1.0,0.2,0.0,0.2,0.8,2.0,-1.2,4.4,5.0,0.7,1.2,1.9,-0.7,1.4,0.4,1.0,1.0,5.4,0.0,0.0,1.0,2.0,-1.0,15.0,2.0,0.6,0.2,1.2,0.6,0.6,4.6,2.2,1.9,1.4,0.8,0.5999999999999999,1.8,0.4,1.2,0.6,4.0,1.0,0.0,0.0,0.0,0.0,14.0,1491.6715194353978,1454.018319934787,37.653199500610754,0.6369468573564339,-1.0,0.0,-1.0,-1.8,-1.2,-1.7999999999999998,-0.1999999999999993,-0.40000000000000013,0.0,-1.0
laliga_102570,2026/27,33,2027-04-21,,,celta,RC Celta,RC Celta,barcelona,FC Barcelona,FC Barcelona,scheduled,0.0,0.0,,,1.0,1.0,1.0,1.0,248.0,248.0,0.0,0.0,1.6,0.4,0.4,1.2,1.0,0.19999999999999996,3.0,4.8,1.4,1.3,1.4,-0.09999999999999987,1.4,0.4,1.4,1.6,4.4,1.0,0.0,1.0,1.0,0.0,8.0,1.8,0.6,0.0,1.6,1.2,0.40000000000000013,5.4,3.0,2.4,1.9,0.9,0.9999999999999999,1.8,0.6,1.4,1.2,4.0,3.0,1.0,2.0,1.0,1.0,3.0,1517.6410813362293,1674.1910013311833,-156.54991999495405,0.3645230537718008,-2.0,-1.0,-1.0,-0.19999999999999996,-1.0,-0.20000000000000018,-2.4000000000000004,-0.40000000000000013,0.0,-5.0
laliga_102571,2026/27,33,2027-04-21,,,espanyol,RCD Espanyol,RCD Espanyol de Barcelona,real_sociedad,Real Sociedad,Real Sociedad,scheduled,0.0,0.0,,,1.0,1.0,1.0,1.0,248.0,247.0,0.0,0.0,1.4,0.4,0.2,1.4,1.2,0.19999999999999996,4.8,5.4,0.9,0.8,1.3,-0.5,1.0,0.2,0.8,1.0,4.4,0.0,0.0,1.0,2.0,-1.0,16.0,0.6,0.0,0.6,1.4,2.0,-0.6000000000000001,3.4,6.0,0.8,1.5,1.8,-0.30000000000000004,0.6,0.0,1.0,1.6,3.2,0.0,0.0,0.0,2.0,-2.0,20.0,1458.4914947689454,1485.009899854388,-26.518405085442737,0.5480352831210785,0.0,0.0,1.0,0.7999999999999999,0.09999999999999998,0.8,1.4,0.4,1.0,4.0
laliga_102572,2026/27,33,2027-04-21,,,getafe,Getafe CF,Getafe CF,betis,Real Betis,Real Betis,scheduled,0.0,0.0,,,1.0,1.0,1.0,1.0,249.0,247.0,0.0,0.0,1.4,0.4,0.2,0.8,0.6,0.20000000000000007,2.6,3.6,1.3,0.7,0.8,-0.10000000000000009,1.8,0.6,1.2,1.0,3.2,0.0,0.0,0.0,1.0,-1.0,17.0,1.6,0.4,0.4,1.6,1.6,0.0,5.4,5.6,1.7,1.6,1.2,0.40000000000000013,1.2,0.2,1.6,1.8,3.6,1.0,0.0,1.0,1.0,0.0,10.0,1484.1941859972617,1555.7914399878646,-71.5972539906029,0.48331640570753054,-1.0,0.0,-1.0,-0.20000000000000018,-0.3999999999999999,0.20000000000000007,-2.8000000000000003,0.6000000000000001,2.0,-7.0
laliga_102573,2026/27,33,2027-04-21,,,osasuna,CA Osasuna,CA Osasuna,alaves,Deportivo Alavés,Deportivo Alavés,scheduled,0.0,0.0,,,1.0,1.0,1.0,1.0,248.0,249.0,0.0,0.0,0.2,0.0,0.2,1.0,1.8,-0.8,4.8,5.0,0.6,1.1,1.6,-0.5,0.8,0.2,1.2,1.6,5.6,1.0,0.0,1.0,1.0,0.0,7.0,2.0,0.6,0.2,1.0,0.6,0.4,4.6,2.8,1.5,1.5,1.5,0.0,1.6,0.4,2.0,1.8,3.6,3.0,1.0,1.0,0.0,1.0,5.0,1475.1776147281585,1489.7769840697529,-14.59936934159441,0.5649673948039966,-2.0,-1.0,-1.0,-1.8,-0.9,-1.2000000000000002,0.20000000000000018,-0.8,-1.0,-2.0
laliga_102574,2026/27,33,2027-04-21,,,racing_santander,Racing de Santander,R. Racing Club,malaga,Málaga CF,Málaga CF,scheduled,1.0,1.0,1.0,4.0,1.0,1.0,1.0,1.0,248.0,249.0,1.0,1.0,2.2,0.6,0.4,2.4,1.0,1.4,6.6,3.8,2.1,2.6,1.5,1.1,2.6,0.8,3.6,1.2,9.6,1.0,0.0,1.0,1.0,0.0,9.0,2.0,0.6,0.2,1.8,1.0,0.8,6.0,4.8,1.7,2.0,1.4,0.6000000000000001,1.8,0.6,2.4,1.6,5.8,0.0,0.0,0.0,2.0,-2.0,19.0,1472.0458122501277,1444.6929235788177,27.352888671309984,0.6231273660069461,1.0,0.0,2.0,0.20000000000000018,0.40000000000000013,0.5999999999999999,0.5999999999999996,0.8,-1.0,10.0
laliga_102575,2026/27,33,2027-04-21,,,real_madrid,Real Madrid,Real Madrid,elche,Elche CF,Elche CF,scheduled,0.0,0.0,,,1.0,1.0,1.0,1.0,247.0,248.0,0.0,0.0,2.4,0.8,0.0,1.8,0.8,1.0,4.6,3.6,2.0,1.6,0.9,0.7000000000000001,2.6,0.8,2.2,0.8,7.6,3.0,1.0,2.0,0.0,2.0,2.0,1.2,0.2,0.6,0.8,0.8,0.0,2.6,4.0,1.5,1.1,1.1,0.0,1.0,0.2,1.0,1.4,2.6,1.0,0.0,0.0,0.0,0.0,13.0,1648.3965579081134,1476.5295389929652,171.86701891514826,0.7916225915682733,2.0,1.0,2.0,1.2,0.5,1.0,1.9999999999999996,1.6,-1.0,11.0
laliga_102576,2026/27,33,2027-04-21,,,sevilla,Sevilla FC,Sevilla FC,levante,Levante UD,Levante UD,scheduled,0.0,0.0,,,1.0,1.0,1.0,1.0,247.0,248.0,0.0,0.0,1.8,0.6,0.0,1.2,1.0,0.19999999999999996,4.8,3.0,1.5,1.0,1.1,-0.10000000000000009,2.4,0.8,1.2,0.6,4.8,3.0,1.0,1.0,0.0,1.0,6.0,2.4,0.8,0.0,2.2,1.4,0.8000000000000003,6.6,4.6,1.9,1.5,1.4,0.10000000000000009,1.4,0.4,1.4,2.0,5.0,3.0,1.0,2.0,1.0,1.0,4.0,1476.9765509889498,1495.6660200246226,-18.6894690356728,0.5591720469610988,0.0,0.0,0.0,-0.5999999999999999,-0.3999999999999999,-0.6000000000000003,-1.7999999999999998,1.0,-1.0,-2.0
laliga_102577,2026/27,33,2027-04-21,,,valencia,Valencia CF,Valencia CF,vallecano,Rayo Vallecano,Rayo Vallecano,scheduled,0.0,0.0,,,1.0,1.0,1.0,1.0,247.0,247.0,0.0,0.0,2.2,0.6,0.4,2.0,1.2,0.8,4.4,3.6,1.5,1.5,1.4,0.10000000000000009,1.6,0.4,1.4,1.2,3.2,1.0,0.0,1.0,1.0,0.0,11.0,1.6,0.4,0.4,1.2,0.8,0.3999999999999999,4.8,5.2,1.8,1.3,1.0,0.30000000000000004,1.4,0.4,1.0,1.2,4.2,0.0,0.0,0.0,1.0,-1.0,18.0,1512.288071947149,1509.2179749726135,3.070096974535545,0.5897811317723275,1.0,0.0,1.0,0.6000000000000001,-0.30000000000000004,0.40000000000000013,-0.39999999999999947,0.20000000000000018,0.0,7.0
laliga_102578,2026/27,33,2027-04-21,,,villarreal,Villarreal CF,Villarreal CF,atletico_madrid,Atlético de Madrid,Atlético de Madrid,scheduled,0.0,0.0,,,1.0,1.0,1.0,1.0,248.0,249.0,0.0,0.0,1.0,0.2,0.4,1.8,1.6,0.19999999999999996,4.0,5.6,1.5,1.9,1.3,0.5999999999999999,2.4,0.8,3.4,1.4,6.8,1.0,0.0,1.0,1.0,0.0,12.0,1.8,0.6,0.0,1.2,1.4,-0.19999999999999996,4.4,5.4,1.5,1.5,1.6,-0.10000000000000009,1.2,0.4,1.6,2.2,3.6,3.0,1.0,2.0,0.0,2.0,1.0,1576.0674602752981,1577.3708957161211,-1.3034354408230229,0.5836765723409885,-2.0,-1.0,-2.0,-0.8,0.0,0.3999999999999999,-0.40000000000000036,1.2,-1.0,-11.0
laliga_102579,2026/27,34,2027-05-02,,,atletico_madrid,Atlético de Madrid,Atlético de Madrid,alaves,Deportivo Alavés,Deportivo Alavés,scheduled,0.0,0.0,,,1.0,1.0,1.0,1.0,260.0,260.0,0.0,0.0,1.8,0.6,0.0,1.2,1.4,-0.19999999999999996,4.4,5.4,1.5,1.5,1.6,-0.10000000000000009,1.8,0.6,1.4,1.0,4.0,3.0,1.0,2.0,0.0,2.0,1.0,2.0,0.6,0.2,1.0,0.6,0.4,4.6,2.8,1.5,1.5,1.5,0.0,1.6,0.4,2.0,1.8,3.6,3.0,1.0,1.0,0.0,1.0,5.0,1577.3708957161211,1489.7769840697529,87.59391164636827,0.7004871818571328,0.0,0.0,1.0,-0.19999999999999996,0.0,-0.6,-0.1999999999999993,0.19999999999999996,0.0,4.0
laliga_102580,2026/27,34,2027-05-02,,,betis,Real Betis,Real Betis,valencia,Valencia CF,Valencia CF,scheduled,0.0,0.0,,,1.0,1.0,1.0,1.0,258.0,258.0,0.0,0.0,1.6,0.4,0.4,1.6,1.6,0.0,5.4,5.6,1.7,1.6,1.2,0.40000000000000013,2.2,0.6,1.6,0.6,6.0,1.0,0.0,1.0,1.0,0.0,10.0,2.2,0.6,0.4,2.0,1.2,0.8,4.4,3.6,1.5,1.5,1.4,0.10000000000000009,2.0,0.6,1.6,1.0,4.8,1.0,0.0,1.0,1.0,0.0,11.0,1555.7914399878646,1512.288071947149,43.503368040715486,0.6446978677797165,0.0,0.0,0.0,-0.6000000000000001,0.19999999999999996,-0.8,1.0,0.20000000000000018,0.0,1.0
laliga_102581,2026/27,34,2027-05-02,,,celta,RC Celta,RC Celta,sevilla,Sevilla FC,Sevilla FC,scheduled,0.0,0.0,,,1.0,1.0,1.0,1.0,259.0,258.0,0.0,0.0,1.6,0.4,0.4,1.2,1.0,0.19999999999999996,3.0,4.8,1.4,1.3,1.4,-0.09999999999999987,1.4,0.4,1.4,1.6,4.4,1.0,0.0,1.0,1.0,0.0,8.0,1.8,0.6,0.0,1.2,1.0,0.19999999999999996,4.8,3.0,1.5,1.0,1.1,-0.10000000000000009,0.6,0.2,0.8,1.6,1.8,3.0,1.0,1.0,0.0,1.0,6.0,1517.6410813362293,1476.9765509889498,40.664530347279424,0.6409458164515762,-2.0,-1.0,-1.0,-0.19999999999999996,-0.10000000000000009,0.0,-1.7999999999999998,0.7999999999999999,1.0,-2.0
laliga_102582,2026/27,34,2027-05-02,,,deportivo,RC Deportivo,RC Deportivo,racing_santander,Racing de Santander,R. Racing Club,scheduled,1.0,1.0,2.0,1.0,1.0,1.0,1.0,1.0,259.0,259.0,1.0,1.0,2.0,0.6,0.2,1.2,0.6,0.6,4.6,2.2,1.9,1.4,0.8,0.5999999999999999,2.0,0.6,1.6,1.0,4.4,1.0,0.0,0.0,0.0,0.0,14.0,2.2,0.6,0.4,2.4,1.0,1.4,6.6,3.8,2.1,2.6,1.5,1.1,1.6,0.4,1.6,1.8,6.4,1.0,0.0,1.0,1.0,0.0,9.0,1454.018319934787,1472.0458122501277,-18.027492315340623,0.5601111528241709,0.0,0.0,0.0,-0.20000000000000018,-0.20000000000000018,-0.7999999999999999,-2.0,0.3999999999999999,0.0,-5.0
laliga_102583,2026/27,34,2027-05-02,,,elche,Elche CF,Elche CF,espanyol,RCD Espanyol,RCD Espanyol de Barcelona,scheduled,0.0,0.0,,,1.0,1.0,1.0,1.0,259.0,259.0,0.0,0.0,1.2,0.2,0.6,0.8,0.8,0.0,2.6,4.0,1.5,1.1,1.1,0.0,2.6,0.8,1.6,0.8,4.0,1.0,0.0,0.0,0.0,0.0,13.0,1.4,0.4,0.2,1.4,1.2,0.19999999999999996,4.8,5.4,0.9,0.8,1.3,-0.5,0.8,0.2,0.8,1.6,3.0,0.0,0.0,1.0,2.0,-1.0,16.0,1476.5295389929652,1458.4914947689454,18.038044224019814,0.6104545015486501,1.0,0.0,1.0,-0.19999999999999996,0.6,-0.19999999999999996,-2.1999999999999997,1.8,0.0,3.0
laliga_102584,2026/27,34,2027-05-02,,,barcelona,FC Barcelona,FC Barcelona,osasuna,CA Osasuna,CA Osasuna,scheduled,0.0,0.0,,,1.0,1.0,1.0,1.0,259.0,259.0,0.0,0.0,1.8,0.6,0.0,1.6,1.2,0.40000000000000013,5.4,3.0,2.4,1.9,0.9,0.9999999999999999,3.0,1.0,2.4,0.6,7.2,3.0,1.0,2.0,1.0,1.0,3.0,0.2,0.0,0.2,1.0,1.8,-0.8,4.8,5.0,0.6,1.1,1.6,-0.5,0.4,0.0,1.0,1.6,3.8,1.0,0.0,1.0,1.0,0.0,7.0,1674.1910013311833,1475.1776147281585,199.01338660302486,0.8162284557458745,2.0,1.0,1.0,1.6,1.7999999999999998,1.2000000000000002,0.6000000000000005,2.6,0.0,4.0
laliga_102585,2026/27,34,2027-05-02,,,levante,Levante UD,Levante UD,real_madrid,Real Madrid,Real Madrid,scheduled,0.0,0.0,,,1.0,1.0,1.0,1.0,259.0,258.0,0.0,0.0,2.4,0.8,0.0,2.2,1.4,0.8000000000000003,6.6,4.6,1.9,1.5,1.4,0.10000000000000009,3.0,1.0,2.4,0.8,6.0,3.0,1.0,2.0,1.0,1.0,4.0,2.4,0.8,0.0,1.8,0.8,1.0,4.6,3.6,2.0,1.6,0.9,0.7000000000000001,1.4,0.4,1.0,1.0,4.2,3.0,1.0,2.0,0.0,2.0,2.0,1495.6660200246226,1648.3965579081134,-152.7305378834908,0.3696310619811145,0.0,0.0,-1.0,0.0,-0.10000000000000009,-0.19999999999999973,2.0,1.6,1.0,-2.0
laliga_102586,2026/27,34,2027-05-02,,,malaga,Málaga CF,Málaga CF,getafe,Getafe CF,Getafe CF,scheduled,1.0,0.0,4.0,,1.0,1.0,1.0,1.0,260.0,260.0,1.0,0.0,2.0,0.6,0.2,1.8,1.0,0.8,6.0,4.8,1.7,2.0,1.4,0.6000000000000001,1.6,0.4,1.4,1.0,6.2,0.0,0.0,0.0,2.0,-2.0,19.0,1.4,0.4,0.2,0.8,0.6,0.20000000000000007,2.6,3.6,1.3,0.7,0.8,-0.10000000000000009,0.8,0.2,0.2,0.6,1.4,0.0,0.0,0.0,1.0,-1.0,17.0,1444.6929235788177,1484.1941859972617,-39.50126241844396,0.5294658723089306,0.0,0.0,-1.0,0.6000000000000001,0.3999999999999999,0.6,3.4,0.8,0.0,-2.0
laliga_102587,2026/27,34,2027-05-02,,,vallecano,Rayo Vallecano,Rayo Vallecano,villarreal,Villarreal CF,Villarreal CF,scheduled,0.0,0.0,,,1.0,1.0,1.0,1.0,258.0,259.0,0.0,0.0,1.6,0.4,0.4,1.2,0.8,0.3999999999999999,4.8,5.2,1.8,1.3,1.0,0.30000000000000004,2.2,0.6,1.6,0.8,6.4,0.0,0.0,0.0,1.0,-1.0,18.0,1.0,0.2,0.4,1.8,1.6,0.19999999999999996,4.0,5.6,1.5,1.9,1.3,0.5999999999999999,1.2,0.2,1.0,1.2,3.4,1.0,0.0,1.0,1.0,0.0,12.0,1509.2179749726135,1576.0674602752981,-66.84948530268457,0.4901440751068918,-1.0,0.0,-1.0,0.6000000000000001,0.30000000000000004,0.19999999999999996,0.7999999999999998,1.0000000000000002,-1.0,-6.0
laliga_102588,2026/27,34,2027-05-02,,,real_sociedad,Real Sociedad,Real Sociedad,athletic_bilbao,Athletic Club,Athletic Club,scheduled,0.0,0.0,,,1.0,1.0,1.0,1.0,258.0,259.0,0.0,0.0,0.6,0.0,0.6,1.4,2.0,-0.6000000000000001,3.4,6.0,0.8,1.5,1.8,-0.30000000000000004,1.0,0.2,2.0,2.0,4.4,0.0,0.0,0.0,2.0,-2.0,20.0,0.2,0.0,0.2,0.8,2.0,-1.2,4.4,5.0,0.7,1.2,1.9,-0.7,0.6,0.2,1.8,2.6,3.4,0.0,0.0,1.0,2.0,-1.0,15.0,1485.009899854388,1491.6715194353978,-6.661619581009745,0.5761626922296316,0.0,0.0,-1.0,0.39999999999999997,0.10000000000000009,0.5999999999999999,-1.0000000000000004,0.4,-1.0,-5.0
laliga_102589,2026/27,35,2027-05-09,,,alaves,Deportivo Alavés,Deportivo Alavés,levante,Levante UD,Levante UD,scheduled,0.0,0.0,,,1.0,1.0,1.0,1.0,267.0,266.0,0.0,0.0,2.0,0.6,0.2,1.0,0.6,0.4,4.6,2.8,1.5,1.5,1.5,0.0,1.8,0.6,1.4,1.4,5.2,3.0,1.0,1.0,0.0,1.0,5.0,2.4,0.8,0.0,2.2,1.4,0.8000000000000003,6.6,4.6,1.9,1.5,1.4,0.10000000000000009,1.4,0.4,1.4,2.0,5.0,3.0,1.0,2.0,1.0,1.0,4.0,1489.7769840697529,1495.6660200246226,-5.889035954869769,0.5772483619286609,0.0,0.0,0.0,-0.3999999999999999,-0.3999999999999999,-0.40000000000000024,-2.0,0.40000000000000013,1.0,-1.0
laliga_102590,2026/27,35,2027-05-09,,,athletic_bilbao,Athletic Club,Athletic Club,malaga,Málaga CF,Málaga CF,scheduled,0.0,1.0,,4.0,1.0,1.0,1.0,1.0,266.0,267.0,0.0,1.0,0.2,0.0,0.2,0.8,2.0,-1.2,4.4,5.0,0.7,1.2,1.9,-0.7,1.4,0.4,1.0,1.0,5.4,0.0,0.0,1.0,2.0,-1.0,15.0,2.0,0.6,0.2,1.8,1.0,0.8,6.0,4.8,1.7,2.0,1.4,0.6000000000000001,1.8,0.6,2.4,1.6,5.8,0.0,0.0,0.0,2.0,-2.0,19.0,1491.6715194353978,1444.6929235788177,46.978595856580114,0.6492668898297936,0.0,0.0,1.0,-1.8,-1.0,-2.0,-1.5999999999999996,-0.40000000000000013,-1.0,4.0
laliga_102591,2026/27,35,2027-05-09,,,betis,Real Betis,Real Betis,espanyol,RCD Espanyol,RCD Espanyol de Barcelona,scheduled,0.0,0.0,,,1.0,1.0,1.0,1.0,265.0,266.0,0.0,0.0,1.6,0.4,0.4,1.6,1.6,0.0,5.4,5.6,1.7,1.6,1.2,0.40000000000000013,2.2,0.6,1.6,0.6,6.0,1.0,0.0,1.0,1.0,0.0,10.0,1.4,0.4,0.2,1.4,1.2,0.19999999999999996,4.8,5.4,0.9,0.8,1.3,-0.5,0.8,0.2,0.8,1.6,3.0,0.0,0.0,1.0,2.0,-1.0,16.0,1555.7914399878646,1458.4914947689454,97.29994521891922,0.7120766523049058,1.0,0.0,1.0,0.20000000000000018,0.7999999999999999,-0.19999999999999996,0.6000000000000005,1.4000000000000001,-1.0,6.0
laliga_102592,2026/27,35,2027-05-09,,,getafe,Getafe CF,Getafe CF,elche,Elche CF,Elche CF,scheduled,0.0,0.0,,,1.0,1.0,1.0,1.0,267.0,266.0,0.0,0.0,1.4,0.4,0.2,0.8,0.6,0.20000000000000007,2.6,3.6,1.3,0.7,0.8,-0.10000000000000009,1.8,0.6,1.2,1.0,3.2,0.0,0.0,0.0,1.0,-1.0,17.0,1.2,0.2,0.6,0.8,0.8,0.0,2.6,4.0,1.5,1.1,1.1,0.0,1.0,0.2,1.0,1.4,2.6,1.0,0.0,0.0,0.0,0.0,13.0,1484.1941859972617,1476.5295389929652,7.664647004296512,0.5961644999799809,-1.0,0.0,-1.0,0.19999999999999996,-0.19999999999999996,0.20000000000000007,0.0,0.8,1.0,-4.0
laliga_102593,2026/27,35,2027-05-09,,,osasuna,CA Osasuna,CA Osasuna,real_sociedad,Real Sociedad,Real Sociedad,scheduled,0.0,0.0,,,1.0,1.0,1.0,1.0,266.0,265.0,0.0,0.0,0.2,0.0,0.2,1.0,1.8,-0.8,4.8,5.0,0.6,1.1,1.6,-0.5,0.8,0.2,1.2,1.6,5.6,1.0,0.0,1.0,1.0,0.0,7.0,0.6,0.0,0.6,1.4,2.0,-0.6000000000000001,3.4,6.0,0.8,1.5,1.8,-0.30000000000000004,0.6,0.0,1.0,1.6,3.2,0.0,0.0,0.0,2.0,-2.0,20.0,1475.1776147281585,1485.009899854388,-9.832285126229635,0.571699531681471,1.0,0.0,2.0,-0.39999999999999997,-0.20000000000000007,-0.19999999999999996,1.4,0.20000000000000007,1.0,13.0
laliga_102594,2026/27,35,2027-05-09,,,racing_santander,Racing de Santander,R. Racing Club,sevilla,Sevilla FC,Sevilla FC,scheduled,1.0,0.0,1.0,,1.0,1.0,1.0,1.0,266.0,265.0,1.0,0.0,2.2,0.6,0.4,2.4,1.0,1.4,6.6,3.8,2.1,2.6,1.5,1.1,2.6,0.8,3.6,1.2,9.6,1.0,0.0,1.0,1.0,0.0,9.0,1.8,0.6,0.0,1.2,1.0,0.19999999999999996,4.8,3.0,1.5,1.0,1.1,-0.10000000000000009,0.6,0.2,0.8,1.6,1.8,3.0,1.0,1.0,0.0,1.0,6.0,1472.0458122501277,1476.9765509889498,-4.930738738822129,0.5785939675831573,-2.0,-1.0,-1.0,0.40000000000000013,0.6000000000000001,1.2,1.7999999999999998,2.0,1.0,-3.0
laliga_102595,2026/27,35,2027-05-09,,,vallecano,Rayo Vallecano,Rayo Vallecano,deportivo,RC Deportivo,RC Deportivo,scheduled,0.0,1.0,,2.0,1.0,1.0,1.0,1.0,265.0,266.0,0.0,1.0,1.6,0.4,0.4,1.2,0.8,0.3999999999999999,4.8,5.2,1.8,1.3,1.0,0.30000000000000004,2.2,0.6,1.6,0.8,6.4,0.0,0.0,0.0,1.0,-1.0,18.0,2.0,0.6,0.2,1.2,0.6,0.6,4.6,2.2,1.9,1.4,0.8,0.5999999999999999,1.8,0.4,1.2,0.6,4.0,1.0,0.0,0.0,0.0,0.0,14.0,1509.2179749726135,1454.018319934787,55.19965503782646,0.6599659585039418,-1.0,0.0,-1.0,-0.3999999999999999,-0.09999999999999987,-0.20000000000000007,0.20000000000000018,0.40000000000000013,-1.0,-4.0
laliga_102596,2026/27,35,2027-05-09,,,real_madrid,Real Madrid,Real Madrid,barcelona,FC Barcelona,FC Barcelona,scheduled,0.0,0.0,,,1.0,1.0,1.0,1.0,265.0,266.0,0.0,0.0,2.4,0.8,0.0,1.8,0.8,1.0,4.6,3.6,2.0,1.6,0.9,0.7000000000000001,2.6,0.8,2.2,0.8,7.6,3.0,1.0,2.0,0.0,2.0,2.0,1.8,0.6,0.0,1.6,1.2,0.40000000000000013,5.4,3.0,2.4,1.9,0.9,0.9999999999999999,1.8,0.6,1.4,1.2,4.0,3.0,1.0,2.0,1.0,1.0,3.0,1648.3965579081134,1674.1910013311833,-25.79444342306988,0.5490673236655098,0.0,0.0,1.0,0.5999999999999999,-0.3999999999999999,0.5999999999999999,-0.8000000000000007,0.8,-1.0,1.0
laliga_102597,2026/27,35,2027-05-09,,,valencia,Valencia CF,Valencia CF,atletico_madrid,Atlético de Madrid,Atlético de Madrid,scheduled,0.0,0.0,,,1.0,1.0,1.0,1.0,265.0,267.0,0.0,0.0,2.2,0.6,0.4,2.0,1.2,0.8,4.4,3.6,1.5,1.5,1.4,0.10000000000000009,1.6,0.4,1.4,1.2,3.2,1.0,0.0,1.0,1.0,0.0,11.0,1.8,0.6,0.0,1.2,1.4,-0.19999999999999996,4.4,5.4,1.5,1.5,1.6,-0.10000000000000009,1.2,0.4,1.6,2.2,3.6,3.0,1.0,2.0,0.0,2.0,1.0,1512.288071947149,1577.3708957161211,-65.08282376897205,0.49268575039924034,-2.0,-1.0,-2.0,0.40000000000000013,0.0,1.0,0.0,0.40000000000000013,-2.0,-10.0
laliga_102598,2026/27,35,2027-05-09,,,villarreal,Villarreal CF,Villarreal CF,celta,RC Celta,RC Celta,scheduled,0.0,0.0,,,1.0,1.0,1.0,1.0,266.0,266.0,0.0,0.0,1.0,0.2,0.4,1.8,1.6,0.19999999999999996,4.0,5.6,1.5,1.9,1.3,0.5999999999999999,2.4,0.8,3.4,1.4,6.8,1.0,0.0,1.0,1.0,0.0,12.0,1.6,0.4,0.4,1.2,1.0,0.19999999999999996,3.0,4.8,1.4,1.3,1.4,-0.09999999999999987,1.4,0.4,1.2,1.2,2.8,1.0,0.0,1.0,1.0,0.0,8.0,1576.0674602752981,1517.6410813362293,58.426378939068854,0.6641218144457702,0.0,0.0,0.0,-0.6000000000000001,0.10000000000000009,0.0,1.0,1.0,0.0,-4.0
laliga_102599,2026/27,36,2027-05-16,,,atletico_madrid,Atlético de Madrid,Atlético de Madrid,vallecano,Rayo Vallecano,Rayo Vallecano,scheduled,0.0,0.0,,,1.0,1.0,1.0,1.0,274.0,272.0,0.0,0.0,1.8,0.6,0.0,1.2,1.4,-0.19999999999999996,4.4,5.4,1.5,1.5,1.6,-0.10000000000000009,1.8,0.6,1.4,1.0,4.0,3.0,1.0,2.0,0.0,2.0,1.0,1.6,0.4,0.4,1.2,0.8,0.3999999999999999,4.8,5.2,1.8,1.3,1.0,0.30000000000000004,1.4,0.4,1.0,1.2,4.2,0.0,0.0,0.0,1.0,-1.0,18.0,1577.3708957161211,1509.2179749726135,68.1529207435076,0.6764943490297288,3.0,1.0,3.0,0.19999999999999996,-0.30000000000000004,-0.5999999999999999,-0.39999999999999947,0.40000000000000013,2.0,17.0
laliga_102600,2026/27,36,2027-05-16,,,deportivo,RC Deportivo,RC Deportivo,alaves,Deportivo Alavés,Deportivo Alavés,scheduled,1.0,0.0,2.0,,1.0,1.0,1.0,1.0,273.0,274.0,1.0,0.0,2.0,0.6,0.2,1.2,0.6,0.6,4.6,2.2,1.9,1.4,0.8,0.5999999999999999,2.0,0.6,1.6,1.0,4.4,1.0,0.0,0.0,0.0,0.0,14.0,2.0,0.6,0.2,1.0,0.6,0.4,4.6,2.8,1.5,1.5,1.5,0.0,1.6,0.4,2.0,1.8,3.6,3.0,1.0,1.0,0.0,1.0,5.0,1454.018319934787,1489.7769840697529,-35.758664134965784,0.5348295863356948,-2.0,-1.0,-1.0,0.0,0.3999999999999999,0.19999999999999996,0.0,0.3999999999999999,-1.0,-9.0
laliga_102601,2026/27,36,2027-05-16,,,elche,Elche CF,Elche CF,athletic_bilbao,Athletic Club,Athletic Club,scheduled,0.0,0.0,,,1.0,1.0,1.0,1.0,273.0,273.0,0.0,0.0,1.2,0.2,0.6,0.8,0.8,0.0,2.6,4.0,1.5,1.1,1.1,0.0,2.6,0.8,1.6,0.8,4.0,1.0,0.0,0.0,0.0,0.0,13.0,0.2,0.0,0.2,0.8,2.0,-1.2,4.4,5.0,0.7,1.2,1.9,-0.7,0.6,0.2,1.8,2.6,3.4,0.0,0.0,1.0,2.0,-1.0,15.0,1476.5295389929652,1491.6715194353978,-15.141980442432668,0.5641995431035762,1.0,0.0,1.0,1.0,0.8,1.2,-1.8000000000000003,2.0,0.0,2.0
laliga_102602,2026/27,36,2027-05-16,,,espanyol,RCD Espanyol,RCD Espanyol de Barcelona,valencia,Valencia CF,Valencia CF,scheduled,0.0,0.0,,,1.0,1.0,1.0,1.0,273.0,272.0,0.0,0.0,1.4,0.4,0.2,1.4,1.2,0.19999999999999996,4.8,5.4,0.9,0.8,1.3,-0.5,1.0,0.2,0.8,1.0,4.4,0.0,0.0,1.0,2.0,-1.0,16.0,2.2,0.6,0.4,2.0,1.2,0.8,4.4,3.6,1.5,1.5,1.4,0.10000000000000009,2.0,0.6,1.6,1.0,4.8,1.0,0.0,1.0,1.0,0.0,11.0,1458.4914947689454,1512.288071947149,-53.796577178203734,0.5089264945122702,-1.0,0.0,-1.0,-0.8000000000000003,-0.6,-0.6000000000000001,0.39999999999999947,-1.0,1.0,-5.0
laliga_102603,2026/27,36,2027-05-16,,,levante,Levante UD,Levante UD,getafe,Getafe CF,Getafe CF,scheduled,0.0,0.0,,,1.0,1.0,1.0,1.0,273.0,274.0,0.0,0.0,2.4,0.8,0.0,2.2,1.4,0.8000000000000003,6.6,4.6,1.9,1.5,1.4,0.10000000000000009,3.0,1.0,2.4,0.8,6.0,3.0,1.0,2.0,1.0,1.0,4.0,1.4,0.4,0.2,0.8,0.6,0.20000000000000007,2.6,3.6,1.3,0.7,0.8,-0.10000000000000009,0.8,0.2,0.2,0.6,1.4,0.0,0.0,0.0,1.0,-1.0,17.0,1495.6660200246226,1484.1941859972617,11.471834027360956,0.601429505620344,3.0,1.0,2.0,1.0,0.5999999999999999,0.6000000000000002,3.9999999999999996,2.2,-1.0,13.0
laliga_102604,2026/27,36,2027-05-16,,,malaga,Málaga CF,Málaga CF,celta,RC Celta,RC Celta,scheduled,1.0,0.0,4.0,,1.0,1.0,1.0,1.0,274.0,273.0,1.0,0.0,2.0,0.6,0.2,1.8,1.0,0.8,6.0,4.8,1.7,2.0,1.4,0.6000000000000001,1.6,0.4,1.4,1.0,6.2,0.0,0.0,0.0,2.0,-2.0,19.0,1.6,0.4,0.4,1.2,1.0,0.19999999999999996,3.0,4.8,1.4,1.3,1.4,-0.09999999999999987,1.4,0.4,1.2,1.2,2.8,1.0,0.0,1.0,1.0,0.0,8.0,1444.6929235788177,1517.6410813362293,-72.94815775741154,0.4813747251152258,-1.0,0.0,-2.0,0.3999999999999999,0.30000000000000004,0.6000000000000001,3.0,0.20000000000000018,1.0,-11.0
laliga_102605,2026/27,36,2027-05-16,,,osasuna,CA Osasuna,CA Osasuna,betis,Real Betis,Real Betis,scheduled,0.0,0.0,,,1.0,1.0,1.0,1.0,273.0,272.0,0.0,0.0,0.2,0.0,0.2,1.0,1.8,-0.8,4.8,5.0,0.6,1.1,1.6,-0.5,0.8,0.2,1.2,1.6,5.6,1.0,0.0,1.0,1.0,0.0,7.0,1.6,0.4,0.4,1.6,1.6,0.0,5.4,5.6,1.7,1.6,1.2,0.40000000000000013,1.2,0.2,1.6,1.8,3.6,1.0,0.0,1.0,1.0,0.0,10.0,1475.1776147281585,1555.7914399878646,-80.61382525970612,0.4703690816420567,0.0,0.0,0.0,-1.4000000000000001,-1.1,-0.8,-0.6000000000000005,-0.3999999999999999,1.0,3.0
laliga_102606,2026/27,36,2027-05-16,,,real_madrid,Real Madrid,Real Madrid,racing_santander,Racing de Santander,R. Racing Club,scheduled,0.0,1.0,,1.0,1.0,1.0,1.0,1.0,272.0,273.0,0.0,1.0,2.4,0.8,0.0,1.8,0.8,1.0,4.6,3.6,2.0,1.6,0.9,0.7000000000000001,2.6,0.8,2.2,0.8,7.6,3.0,1.0,2.0,0.0,2.0,2.0,2.2,0.6,0.4,2.4,1.0,1.4,6.6,3.8,2.1,2.6,1.5,1.1,1.6,0.4,1.6,1.8,6.4,1.0,0.0,1.0,1.0,0.0,9.0,1648.3965579081134,1472.0458122501277,176.35074565798573,0.795848139853428,2.0,1.0,2.0,0.19999999999999973,-0.10000000000000009,-0.3999999999999999,-2.0,1.0,-1.0,7.0
laliga_102607,2026/27,36,2027-05-16,,,real_sociedad,Real Sociedad,Real Sociedad,barcelona,FC Barcelona,FC Barcelona,scheduled,0.0,0.0,,,1.0,1.0,1.0,1.0,272.0,273.0,0.0,0.0,0.6,0.0,0.6,1.4,2.0,-0.6000000000000001,3.4,6.0,0.8,1.5,1.8,-0.30000000000000004,1.0,0.2,2.0,2.0,4.4,0.0,0.0,0.0,2.0,-2.0,20.0,1.8,0.6,0.0,1.6,1.2,0.40000000000000013,5.4,3.0,2.4,1.9,0.9,0.9999999999999999,1.8,0.6,1.4,1.2,4.0,3.0,1.0,2.0,1.0,1.0,3.0,1485.009899854388,1674.1910013311833,-189.18110147679522,0.32221170392439424,-3.0,-1.0,-3.0,-1.2000000000000002,-1.5999999999999999,-1.0000000000000002,-2.0000000000000004,-0.8,-1.0,-17.0
laliga_102608,2026/27,36,2027-05-16,,,sevilla,Sevilla FC,Sevilla FC,villarreal,Villarreal CF,Villarreal CF,scheduled,0.0,0.0,,,1.0,1.0,1.0,1.0,272.0,273.0,0.0,0.0,1.8,0.6,0.0,1.2,1.0,0.19999999999999996,4.8,3.0,1.5,1.0,1.1,-0.10000000000000009,2.4,0.8,1.2,0.6,4.8,3.0,1.0,1.0,0.0,1.0,6.0,1.0,0.2,0.4,1.8,1.6,0.19999999999999996,4.0,5.6,1.5,1.9,1.3,0.5999999999999999,1.2,0.2,1.0,1.2,3.4,1.0,0.0,1.0,1.0,0.0,12.0,1476.9765509889498,1576.0674602752981,-99.09090928634828,0.443979848419038,2.0,1.0,1.0,0.8,0.0,0.0,0.7999999999999998,1.2,-1.0,6.0
laliga_102609,2026/27,37,2027-05-23,,,alaves,Deportivo Alavés,Deportivo Alavés,real_madrid,Real Madrid,Real Madrid,scheduled,0.0,0.0,,,1.0,1.0,1.0,1.0,281.0,279.0,0.0,0.0,2.0,0.6,0.2,1.0,0.6,0.4,4.6,2.8,1.5,1.5,1.5,0.0,1.8,0.6,1.4,1.4,5.2,3.0,1.0,1.0,0.0,1.0,5.0,2.4,0.8,0.0,1.8,0.8,1.0,4.6,3.6,2.0,1.6,0.9,0.7000000000000001,1.4,0.4,1.0,1.0,4.2,3.0,1.0,2.0,0.0,2.0,2.0,1489.7769840697529,1648.3965579081134,-158.61957383836057,0.36176772979201904,0.0,0.0,-1.0,-0.3999999999999999,-0.5,-0.6,0.0,0.40000000000000013,2.0,-3.0
laliga_102610,2026/27,37,2027-05-23,,,atletico_madrid,Atlético de Madrid,Atlético de Madrid,athletic_bilbao,Athletic Club,Athletic Club,scheduled,0.0,0.0,,,1.0,1.0,1.0,1.0,281.0,280.0,0.0,0.0,1.8,0.6,0.0,1.2,1.4,-0.19999999999999996,4.4,5.4,1.5,1.5,1.6,-0.10000000000000009,1.8,0.6,1.4,1.0,4.0,3.0,1.0,2.0,0.0,2.0,1.0,0.2,0.0,0.2,0.8,2.0,-1.2,4.4,5.0,0.7,1.2,1.9,-0.7,0.6,0.2,1.8,2.6,3.4,0.0,0.0,1.0,2.0,-1.0,15.0,1577.3708957161211,1491.6715194353978,85.6993762807233,0.6981940959720954,3.0,1.0,3.0,1.6,0.8,1.0,0.0,1.2000000000000002,1.0,14.0
laliga_102611,2026/27,37,2027-05-23,,,celta,RC Celta,RC Celta,real_sociedad,Real Sociedad,Real Sociedad,scheduled,0.0,0.0,,,1.0,1.0,1.0,1.0,280.0,279.0,0.0,0.0,1.6,0.4,0.4,1.2,1.0,0.19999999999999996,3.0,4.8,1.4,1.3,1.4,-0.09999999999999987,1.4,0.4,1.4,1.6,4.4,1.0,0.0,1.0,1.0,0.0,8.0,0.6,0.0,0.6,1.4,2.0,-0.6000000000000001,3.4,6.0,0.8,1.5,1.8,-0.30000000000000004,0.6,0.0,1.0,1.6,3.2,0.0,0.0,0.0,2.0,-2.0,20.0,1517.6410813362293,1485.009899854388,32.63118148184117,0.6302356634800313,1.0,0.0,2.0,1.0,0.5999999999999999,0.8,-0.3999999999999999,0.7999999999999999,1.0,12.0
laliga_102612,2026/27,37,2027-05-23,,,deportivo,RC Deportivo,RC Deportivo,espanyol,RCD Espanyol,RCD Espanyol de Barcelona,scheduled,1.0,0.0,2.0,,1.0,1.0,1.0,1.0,280.0,280.0,1.0,0.0,2.0,0.6,0.2,1.2,0.6,0.6,4.6,2.2,1.9,1.4,0.8,0.5999999999999999,2.0,0.6,1.6,1.0,4.4,1.0,0.0,0.0,0.0,0.0,14.0,1.4,0.4,0.2,1.4,1.2,0.19999999999999996,4.8,5.4,0.9,0.8,1.3,-0.5,0.8,0.2,0.8,1.6,3.0,0.0,0.0,1.0,2.0,-1.0,16.0,1454.018319934787,1458.4914947689454,-4.4731748341582716,0.57923605174631,1.0,0.0,1.0,0.6000000000000001,0.9999999999999999,0.4,-0.20000000000000018,1.2,0.0,2.0
laliga_102613,2026/27,37,2027-05-23,,,barcelona,FC Barcelona,FC Barcelona,malaga,Málaga CF,Málaga CF,scheduled,0.0,1.0,,4.0,1.0,1.0,1.0,1.0,280.0,281.0,0.0,1.0,1.8,0.6,0.0,1.6,1.2,0.40000000000000013,5.4,3.0,2.4,1.9,0.9,0.9999999999999999,3.0,1.0,2.4,0.6,7.2,3.0,1.0,2.0,1.0,1.0,3.0,2.0,0.6,0.2,1.8,1.0,0.8,6.0,4.8,1.7,2.0,1.4,0.6000000000000001,1.8,0.6,2.4,1.6,5.8,0.0,0.0,0.0,2.0,-2.0,19.0,1674.1910013311833,1444.6929235788177,229.4980777523656,0.8411066036119057,3.0,1.0,3.0,-0.19999999999999996,0.7,-0.3999999999999999,-0.5999999999999996,1.2,-1.0,16.0
laliga_102614,2026/27,37,2027-05-23,,,racing_santander,Racing de Santander,R. Racing Club,levante,Levante UD,Levante UD,scheduled,1.0,0.0,1.0,,1.0,1.0,1.0,1.0,280.0,280.0,1.0,0.0,2.2,0.6,0.4,2.4,1.0,1.4,6.6,3.8,2.1,2.6,1.5,1.1,2.6,0.8,3.6,1.2,9.6,1.0,0.0,1.0,1.0,0.0,9.0,2.4,0.8,0.0,2.2,1.4,0.8000000000000003,6.6,4.6,1.9,1.5,1.4,0.10000000000000009,1.4,0.4,1.4,2.0,5.0,3.0,1.0,2.0,1.0,1.0,4.0,1472.0458122501277,1495.6660200246226,-23.62020777449493,0.5521642246595889,-2.0,-1.0,-1.0,-0.19999999999999973,0.20000000000000018,0.5999999999999996,0.0,1.2000000000000002,0.0,-5.0
laliga_102615,2026/27,37,2027-05-23,,,vallecano,Rayo Vallecano,Rayo Vallecano,betis,Real Betis,Real Betis,scheduled,0.0,0.0,,,1.0,1.0,1.0,1.0,279.0,279.0,0.0,0.0,1.6,0.4,0.4,1.2,0.8,0.3999999999999999,4.8,5.2,1.8,1.3,1.0,0.30000000000000004,2.2,0.6,1.6,0.8,6.4,0.0,0.0,0.0,1.0,-1.0,18.0,1.6,0.4,0.4,1.6,1.6,0.0,5.4,5.6,1.7,1.6,1.2,0.40000000000000013,1.2,0.2,1.6,1.8,3.6,1.0,0.0,1.0,1.0,0.0,10.0,1509.2179749726135,1555.7914399878646,-46.57346501525103,0.519312724079741,-1.0,0.0,-1.0,0.0,0.10000000000000009,0.3999999999999999,-0.6000000000000005,1.0000000000000002,0.0,-8.0
laliga_102616,2026/27,37,2027-05-23,,,sevilla,Sevilla FC,Sevilla FC,getafe,Getafe CF,Getafe CF,scheduled,0.0,0.0,,,1.0,1.0,1.0,1.0,279.0,281.0,0.0,0.0,1.8,0.6,0.0,1.2,1.0,0.19999999999999996,4.8,3.0,1.5,1.0,1.1,-0.10000000000000009,2.4,0.8,1.2,0.6,4.8,3.0,1.0,1.0,0.0,1.0,6.0,1.4,0.4,0.2,0.8,0.6,0.20000000000000007,2.6,3.6,1.3,0.7,0.8,-0.10000000000000009,0.8,0.2,0.2,0.6,1.4,0.0,0.0,0.0,1.0,-1.0,17.0,1476.9765509889498,1484.1941859972617,-7.217635008311845,0.5753808981704307,3.0,1.0,2.0,0.40000000000000013,0.19999999999999996,-1.1102230246251565e-16,2.1999999999999997,1.5999999999999999,-2.0,11.0
laliga_102617,2026/27,37,2027-05-23,,,valencia,Valencia CF,Valencia CF,elche,Elche CF,Elche CF,scheduled,0.0,0.0,,,1.0,1.0,1.0,1.0,279.0,280.0,0.0,0.0,2.2,0.6,0.4,2.0,1.2,0.8,4.4,3.6,1.5,1.5,1.4,0.10000000000000009,1.6,0.4,1.4,1.2,3.2,1.0,0.0,1.0,1.0,0.0,11.0,1.2,0.2,0.6,0.8,0.8,0.0,2.6,4.0,1.5,1.1,1.1,0.0,1.0,0.2,1.0,1.4,2.6,1.0,0.0,0.0,0.0,0.0,13.0,1512.288071947149,1476.5295389929652,35.75853295418392,0.6344210121664029,0.0,0.0,0.0,1.0000000000000002,0.0,0.8,1.8000000000000003,0.6000000000000001,-1.0,2.0
laliga_102618,2026/27,37,2027-05-23,,,villarreal,Villarreal CF,Villarreal CF,osasuna,CA Osasuna,CA Osasuna,scheduled,0.0,0.0,,,1.0,1.0,1.0,1.0,280.0,280.0,0.0,0.0,1.0,0.2,0.4,1.8,1.6,0.19999999999999996,4.0,5.6,1.5,1.9,1.3,0.5999999999999999,2.4,0.8,3.4,1.4,6.8,1.0,0.0,1.0,1.0,0.0,12.0,0.2,0.0,0.2,1.0,1.8,-0.8,4.8,5.0,0.6,1.1,1.6,-0.5,0.4,0.0,1.0,1.6,3.8,1.0,0.0,1.0,1.0,0.0,7.0,1576.0674602752981,1475.1776147281585,100.88984554713966,0.7162948521716436,0.0,0.0,0.0,0.8,0.9,1.0,-0.7999999999999998,2.0,0.0,-5.0
laliga_102619,2026/27,38,2027-05-30,,,athletic_bilbao,Athletic Club,Athletic Club,vallecano,Rayo Vallecano,Rayo Vallecano,scheduled,0.0,0.0,,,1.0,1.0,1.0,1.0,287.0,286.0,0.0,0.0,0.2,0.0,0.2,0.8,2.0,-1.2,4.4,5.0,0.7,1.2,1.9,-0.7,1.4,0.4,1.0,1.0,5.4,0.0,0.0,1.0,2.0,-1.0,15.0,1.6,0.4,0.4,1.2,0.8,0.3999999999999999,4.8,5.2,1.8,1.3,1.0,0.30000000000000004,1.4,0.4,1.0,1.2,4.2,0.0,0.0,0.0,1.0,-1.0,18.0,1491.6715194353978,1509.2179749726135,-17.546455537215706,0.5607933007929116,0.0,0.0,0.0,-1.4000000000000001,-1.1,-1.5999999999999999,-0.39999999999999947,0.0,1.0,3.0
laliga_102620,2026/27,38,2027-05-30,,,betis,Real Betis,Real Betis,atletico_madrid,Atlético de Madrid,Atlético de Madrid,scheduled,0.0,0.0,,,1.0,1.0,1.0,1.0,286.0,288.0,0.0,0.0,1.6,0.4,0.4,1.6,1.6,0.0,5.4,5.6,1.7,1.6,1.2,0.40000000000000013,2.2,0.6,1.6,0.6,6.0,1.0,0.0,1.0,1.0,0.0,10.0,1.8,0.6,0.0,1.2,1.4,-0.19999999999999996,4.4,5.4,1.5,1.5,1.6,-0.10000000000000009,1.2,0.4,1.6,2.2,3.6,3.0,1.0,2.0,0.0,2.0,1.0,1555.7914399878646,1577.3708957161211,-21.579455728256562,0.5550673242966262,-2.0,-1.0,-2.0,-0.19999999999999996,0.19999999999999996,0.19999999999999996,1.0,1.0000000000000002,-2.0,-9.0
laliga_102621,2026/27,38,2027-05-30,,,elche,Elche CF,Elche CF,racing_santander,Racing de Santander,R. Racing Club,scheduled,0.0,1.0,,1.0,1.0,1.0,1.0,1.0,287.0,287.0,0.0,1.0,1.2,0.2,0.6,0.8,0.8,0.0,2.6,4.0,1.5,1.1,1.1,0.0,2.6,0.8,1.6,0.8,4.0,1.0,0.0,0.0,0.0,0.0,13.0,2.2,0.6,0.4,2.4,1.0,1.4,6.6,3.8,2.1,2.6,1.5,1.1,1.6,0.4,1.6,1.8,6.4,1.0,0.0,1.0,1.0,0.0,9.0,1476.5295389929652,1472.0458122501277,4.483726742837462,0.5917484667518407,0.0,0.0,0.0,-1.0000000000000002,-0.6000000000000001,-1.4,-3.9999999999999996,1.0,0.0,-4.0
laliga_102622,2026/27,38,2027-05-30,,,espanyol,RCD Espanyol,RCD Espanyol de Barcelona,alaves,Deportivo Alavés,Deportivo Alavés,scheduled,0.0,0.0,,,1.0,1.0,1.0,1.0,287.0,288.0,0.0,0.0,1.4,0.4,0.2,1.4,1.2,0.19999999999999996,4.8,5.4,0.9,0.8,1.3,-0.5,1.0,0.2,0.8,1.0,4.4,0.0,0.0,1.0,2.0,-1.0,16.0,2.0,0.6,0.2,1.0,0.6,0.4,4.6,2.8,1.5,1.5,1.5,0.0,1.6,0.4,2.0,1.8,3.6,3.0,1.0,1.0,0.0,1.0,5.0,1458.4914947689454,1489.7769840697529,-31.285489300807512,0.5412296719303488,-3.0,-1.0,-2.0,-0.6000000000000001,-0.6,-0.20000000000000007,0.20000000000000018,-0.6000000000000001,-1.0,-11.0
laliga_102623,2026/27,38,2027-05-30,,,getafe,Getafe CF,Getafe CF,barcelona,FC Barcelona,FC Barcelona,scheduled,0.0,0.0,,,1.0,1.0,1.0,1.0,288.0,287.0,0.0,0.0,1.4,0.4,0.2,0.8,0.6,0.20000000000000007,2.6,3.6,1.3,0.7,0.8,-0.10000000000000009,1.8,0.6,1.2,1.0,3.2,0.0,0.0,0.0,1.0,-1.0,17.0,1.8,0.6,0.0,1.6,1.2,0.40000000000000013,5.4,3.0,2.4,1.9,0.9,0.9999999999999999,1.8,0.6,1.4,1.2,4.0,3.0,1.0,2.0,1.0,1.0,3.0,1484.1941859972617,1674.1910013311833,-189.99681533392163,0.3211870771333863,-3.0,-1.0,-2.0,-0.40000000000000013,-1.0999999999999999,-0.20000000000000007,-2.8000000000000003,0.0,1.0,-14.0
laliga_102624,2026/27,38,2027-05-30,,,levante,Levante UD,Levante UD,celta,RC Celta,RC Celta,scheduled,0.0,0.0,,,1.0,1.0,1.0,1.0,287.0,287.0,0.0,0.0,2.4,0.8,0.0,2.2,1.4,0.8000000000000003,6.6,4.6,1.9,1.5,1.4,0.10000000000000009,3.0,1.0,2.4,0.8,6.0,3.0,1.0,2.0,1.0,1.0,4.0,1.6,0.4,0.4,1.2,1.0,0.19999999999999996,3.0,4.8,1.4,1.3,1.4,-0.09999999999999987,1.4,0.4,1.2,1.2,2.8,1.0,0.0,1.0,1.0,0.0,8.0,1495.6660200246226,1517.6410813362293,-21.975061311606623,0.5545048374759659,2.0,1.0,1.0,0.7999999999999998,0.5,0.6000000000000003,3.5999999999999996,1.6,0.0,4.0
laliga_102625,2026/27,38,2027-05-30,,,malaga,Málaga CF,Málaga CF,sevilla,Sevilla FC,Sevilla FC,scheduled,1.0,0.0,4.0,,1.0,1.0,1.0,1.0,288.0,286.0,1.0,0.0,2.0,0.6,0.2,1.8,1.0,0.8,6.0,4.8,1.7,2.0,1.4,0.6000000000000001,1.6,0.4,1.4,1.0,6.2,0.0,0.0,0.0,2.0,-2.0,19.0,1.8,0.6,0.0,1.2,1.0,0.19999999999999996,4.8,3.0,1.5,1.0,1.1,-0.10000000000000009,0.6,0.2,0.8,1.6,1.8,3.0,1.0,1.0,0.0,1.0,6.0,1444.6929235788177,1476.9765509889498,-32.28362741013211,0.5398026687093107,-3.0,-1.0,-3.0,0.19999999999999996,0.19999999999999996,0.6000000000000001,1.2000000000000002,1.0,2.0,-13.0
laliga_102626,2026/27,38,2027-05-30,,,osasuna,CA Osasuna,CA Osasuna,valencia,Valencia CF,Valencia CF,scheduled,0.0,0.0,,,1.0,1.0,1.0,1.0,287.0,286.0,0.0,0.0,0.2,0.0,0.2,1.0,1.8,-0.8,4.8,5.0,0.6,1.1,1.6,-0.5,0.8,0.2,1.2,1.6,5.6,1.0,0.0,1.0,1.0,0.0,7.0,2.2,0.6,0.4,2.0,1.2,0.8,4.4,3.6,1.5,1.5,1.4,0.10000000000000009,2.0,0.6,1.6,1.0,4.8,1.0,0.0,1.0,1.0,0.0,11.0,1475.1776147281585,1512.288071947149,-37.11045721899063,0.5328931244388354,0.0,0.0,0.0,-2.0,-0.9,-1.6,0.39999999999999947,-1.2,1.0,4.0
laliga_102627,2026/27,38,2027-05-30,,,real_madrid,Real Madrid,Real Madrid,deportivo,RC Deportivo,RC Deportivo,scheduled,0.0,1.0,,2.0,1.0,1.0,1.0,1.0,286.0,287.0,0.0,1.0,2.4,0.8,0.0,1.8,0.8,1.0,4.6,3.6,2.0,1.6,0.9,0.7000000000000001,2.6,0.8,2.2,0.8,7.6,3.0,1.0,2.0,0.0,2.0,2.0,2.0,0.6,0.2,1.2,0.6,0.6,4.6,2.2,1.9,1.4,0.8,0.5999999999999999,1.8,0.4,1.2,0.6,4.0,1.0,0.0,0.0,0.0,0.0,14.0,1648.3965579081134,1454.018319934787,194.37823797332635,0.8121923425672282,2.0,1.0,2.0,0.3999999999999999,0.10000000000000009,0.4,0.0,0.8,-1.0,12.0
laliga_102628,2026/27,38,2027-05-30,,,real_sociedad,Real Sociedad,Real Sociedad,villarreal,Villarreal CF,Villarreal CF,scheduled,0.0,0.0,,,1.0,1.0,1.0,1.0,286.0,287.0,0.0,0.0,0.6,0.0,0.6,1.4,2.0,-0.6000000000000001,3.4,6.0,0.8,1.5,1.8,-0.30000000000000004,1.0,0.2,2.0,2.0,4.4,0.0,0.0,0.0,2.0,-2.0,20.0,1.0,0.2,0.4,1.8,1.6,0.19999999999999996,4.0,5.6,1.5,1.9,1.3,0.5999999999999999,1.2,0.2,1.0,1.2,3.4,1.0,0.0,1.0,1.0,0.0,12.0,1485.009899854388,1576.0674602752981,-91.05756042091002,0.45542324800960643,-1.0,0.0,-2.0,-0.4,-0.7,-0.8,-0.6000000000000001,-0.19999999999999996,-1.0,-8.0
